# This file uses centimeters as units for non-parametric coordinates.

mtllib Sword_second_low.mtl
g default
v 0.169505 0.397735 -0.008465
v 0.166220 0.392890 -0.010683
v 0.166135 0.390029 -0.004269
v 0.164685 0.384742 -0.004269
v 0.175350 0.491225 -0.019764
v 0.177773 0.492896 -0.004280
v 0.165197 0.586453 -0.033342
v 0.167345 0.588800 -0.004381
v 0.160895 0.614451 -0.037134
v 0.166321 0.611992 -0.004049
v 0.152265 0.654858 -0.043090
v 0.161420 0.650812 -0.001614
v 0.127955 0.782090 -0.043916
v 0.138694 0.792124 -0.000001
v 0.091228 0.843725 -0.051415
v 0.097646 0.859412 -0.000001
v 0.046133 0.880227 -0.057521
v 0.048393 0.891442 -0.000001
v -0.083930 0.878417 -0.051432
v -0.075826 0.897377 -0.000001
v -0.129441 0.858304 -0.048155
v -0.123215 0.877982 -0.000089
v -0.166913 0.825898 -0.034069
v -0.167667 0.848043 -0.000001
v -0.194436 0.777734 -0.023006
v -0.198398 0.794309 -0.000001
v -0.206510 0.720042 -0.011167
v -0.208297 0.681616 -0.000001
v -0.202049 0.712710 -0.016337
v -0.207226 0.673541 -0.000001
v -0.199216 0.709605 -0.017633
v -0.206223 0.671502 -0.000001
v -0.195561 0.705982 -0.018152
v -0.203047 0.670521 -0.000001
v -0.191765 0.702907 -0.017776
v -0.202083 0.670545 -0.000001
v -0.188743 0.700679 -0.016225
v -0.201252 0.670844 -0.000001
v -0.185145 0.699234 -0.013397
v -0.200034 0.671282 -0.000001
v -0.181415 0.699228 -0.008371
v -0.198008 0.673591 -0.000001
v -0.154837 0.722165 -0.016733
v -0.150444 0.726587 -0.000001
v -0.126119 0.735947 -0.026453
v -0.118469 0.742457 -0.000001
v -0.096879 0.747897 -0.036965
v -0.089575 0.756516 -0.000087
v -0.071293 0.750727 -0.041899
v -0.061670 0.778577 -0.000001
v 0.001569 0.731836 -0.059470
v 0.010579 0.766787 -0.000001
v 0.028300 0.701893 -0.055630
v 0.036061 0.722299 -0.000001
v 0.049195 0.666100 -0.045845
v 0.059147 0.675772 -0.000136
v 0.061113 0.628757 -0.038860
v 0.068541 0.636826 -0.002443
v 0.071745 0.590288 -0.032689
v 0.073433 0.595858 -0.004369
v 0.085862 0.562839 -0.029351
v 0.086497 0.567078 -0.004380
v 0.121572 0.481580 -0.017952
v 0.120836 0.484148 -0.004284
v 0.143726 0.397470 -0.008615
v 0.141167 0.398901 -0.004269
v 0.147676 0.387456 -0.004269
v 0.147261 0.396273 -0.011282
v 0.149351 0.386210 -0.004269
v 0.151340 0.395676 -0.012621
v 0.151027 0.385026 -0.004269
v 0.154879 0.395135 -0.013396
v 0.153254 0.383453 -0.004269
v 0.158599 0.394288 -0.013318
v 0.157772 0.382120 -0.004269
v 0.162812 0.393356 -0.012780
v 0.163284 0.382606 -0.004269
v 0.139624 0.481541 -0.035497
v 0.150761 0.483742 -0.036346
v 0.130385 0.479718 -0.033023
v 0.124034 0.479498 -0.027046
v 0.094033 0.556744 -0.057128
v 0.106578 0.559582 -0.062556
v 0.087283 0.557715 -0.046638
v 0.071942 0.583463 -0.050912
v 0.078008 0.581552 -0.062613
v 0.092090 0.583728 -0.068681
v 0.055693 0.619122 -0.061001
v 0.059343 0.615893 -0.075920
v 0.073946 0.619006 -0.084255
v 0.039447 0.655278 -0.070465
v 0.039432 0.652978 -0.085784
v 0.018771 0.684498 -0.102554
v 0.029495 0.693249 -0.114881
v 0.051810 0.658645 -0.096053
v 0.019384 0.687481 -0.085323
v -0.005642 0.713144 -0.089181
v -0.006982 0.710894 -0.107291
v 0.001471 0.726475 -0.121528
v -0.088067 0.741174 -0.083513
v -0.093447 0.755952 -0.095314
v -0.080842 0.741788 -0.066177
v -0.107259 0.743240 -0.059958
v -0.116076 0.744880 -0.075654
v -0.141920 0.737328 -0.054951
v -0.149621 0.746700 -0.062057
v -0.123667 0.755851 -0.085466
v -0.134279 0.732752 -0.043731
v -0.160451 0.719922 -0.028047
v -0.166393 0.722476 -0.035483
v -0.172901 0.728531 -0.039885
v -0.179304 0.736623 -0.041579
v -0.156732 0.761192 -0.064512
v -0.185257 0.746861 -0.039859
v -0.162704 0.779171 -0.061372
v -0.133655 0.800087 -0.084183
v -0.129528 0.775168 -0.088227
v -0.095434 0.812475 -0.092028
v -0.095970 0.781401 -0.097987
v 0.028014 0.800470 -0.123237
v 0.015946 0.757936 -0.127903
v 0.066068 0.745919 -0.118251
v 0.047655 0.711875 -0.121824
v 0.094622 0.695308 -0.097457
v 0.073500 0.671037 -0.102232
v 0.118317 0.635755 -0.083059
v 0.095857 0.625912 -0.085893
v 0.131213 0.595445 -0.066960
v 0.110957 0.588606 -0.070144
v 0.140166 0.570328 -0.059945
v 0.123112 0.564559 -0.063364
v 0.161795 0.486562 -0.034711
v 0.169744 0.489072 -0.029147
v 0.155318 0.578292 -0.050260
v 0.148964 0.604807 -0.056431
v 0.137215 0.644779 -0.070009
v 0.112419 0.736704 -0.078105
v 0.081005 0.797413 -0.094527
v 0.038504 0.847916 -0.101294
v -0.091353 0.844644 -0.077520
v -0.134110 0.827504 -0.071988
v -0.166145 0.799835 -0.051780
v -0.190096 0.759945 -0.033595
v 0.169505 0.397735 -0.000073
v 0.166220 0.392890 0.002145
v 0.175346 0.491309 0.011202
v 0.165212 0.586547 0.024612
v 0.160786 0.615171 0.028358
v 0.152167 0.655363 0.038878
v 0.127955 0.782069 0.043915
v 0.091228 0.843725 0.051414
v 0.046133 0.880227 0.057520
v -0.083930 0.878417 0.051430
v -0.129441 0.858324 0.047977
v -0.166913 0.825898 0.034068
v -0.194436 0.777734 0.023004
v -0.154837 0.722165 0.016731
v -0.126119 0.735947 0.026451
v -0.096879 0.747859 0.036789
v -0.071293 0.750701 0.041897
v 0.001569 0.731704 0.059468
v 0.028300 0.701727 0.055628
v 0.049195 0.665931 0.045585
v 0.061118 0.628721 0.034010
v 0.071767 0.590404 0.023992
v 0.085886 0.563024 0.020614
v 0.121582 0.481704 0.009383
v 0.143726 0.397470 0.000077
v 0.147261 0.396273 0.002744
v 0.151340 0.395676 0.004083
v 0.154879 0.395135 0.004858
v 0.158599 0.394288 0.004780
v 0.162812 0.393356 0.004242
v 0.139635 0.481662 0.026929
v 0.150776 0.483824 0.027782
v 0.130397 0.479866 0.024455
v 0.124055 0.479635 0.018479
v 0.094051 0.556783 0.048409
v 0.106587 0.559597 0.053832
v 0.087320 0.557901 0.037917
v 0.071971 0.583590 0.042232
v 0.078016 0.581491 0.053938
v 0.092102 0.584131 0.059934
v 0.055697 0.619062 0.056242
v 0.059348 0.615834 0.071270
v 0.073951 0.618915 0.079676
v 0.039447 0.655066 0.070253
v 0.039432 0.652745 0.085646
v 0.018771 0.684181 0.102552
v 0.029495 0.692920 0.114879
v 0.051810 0.658270 0.095977
v 0.019384 0.687270 0.085321
v -0.005642 0.712912 0.089180
v -0.006982 0.710597 0.107289
v 0.001471 0.726226 0.121526
v -0.088058 0.741103 0.083507
v -0.093433 0.755934 0.095305
v -0.080836 0.741731 0.066173
v -0.107270 0.743233 0.059786
v -0.116076 0.744848 0.075478
v -0.141920 0.737328 0.054949
v -0.149621 0.746700 0.062055
v -0.123654 0.755902 0.085285
v -0.134276 0.732756 0.043729
v -0.160451 0.719922 0.028045
v -0.166393 0.722476 0.035481
v -0.172901 0.728531 0.039883
v -0.179304 0.736623 0.041577
v -0.156732 0.761192 0.064511
v -0.185257 0.746861 0.039857
v -0.162704 0.779171 0.061371
v -0.133654 0.800112 0.084006
v -0.129524 0.775180 0.088049
v -0.095419 0.812494 0.092019
v -0.095971 0.781418 0.097989
v 0.028017 0.800433 0.123228
v 0.015948 0.757754 0.127897
v 0.066068 0.745749 0.118249
v 0.047655 0.711593 0.121823
v 0.094622 0.695035 0.097456
v 0.073500 0.670684 0.102235
v 0.118334 0.635688 0.078877
v 0.095860 0.625899 0.081462
v 0.131244 0.595831 0.058190
v 0.110979 0.588985 0.061391
v 0.140089 0.571137 0.051099
v 0.123068 0.565229 0.054544
v 0.161806 0.486585 0.026150
v 0.169749 0.489098 0.020587
v 0.155118 0.579513 0.041386
v 0.148924 0.605549 0.047617
v 0.137253 0.644728 0.065987
v 0.112419 0.736563 0.078104
v 0.081005 0.797356 0.094525
v 0.038504 0.847916 0.101292
v -0.091344 0.844654 0.077515
v -0.134110 0.827522 0.071810
v -0.166119 0.799861 0.051773
v -0.190096 0.759945 0.033593
v -0.025682 0.881452 -0.052531
v -0.020098 0.896864 -0.000001
v -0.025682 0.881452 0.052529
v -0.032992 0.849124 0.084949
v -0.039501 0.811720 0.102025
v -0.044597 0.776843 0.107328
v -0.048857 0.749617 0.103253
v -0.049092 0.734848 0.090791
v -0.044381 0.736128 0.073592
v -0.036004 0.748757 0.047784
v -0.026869 0.778774 -0.000001
v -0.036004 0.748824 -0.047785
v -0.044385 0.736253 -0.073595
v -0.049097 0.735007 -0.090795
v -0.048865 0.749726 -0.103259
v -0.044597 0.776906 -0.107329
v -0.039511 0.811723 -0.102034
v -0.032998 0.849118 -0.084954
v 0.011201 0.506795 -0.022041
v -0.015725 0.506795 -0.031170
v -0.042651 0.506795 -0.022041
v -0.053804 0.506795 -0.000001
v -0.042651 0.506795 0.022039
v -0.015725 0.506795 0.031168
v 0.011201 0.506795 0.022039
v 0.022354 0.506795 -0.000001
v 0.012379 0.583897 -0.023006
v -0.015725 0.583897 -0.032534
v -0.043830 0.583897 -0.023006
v -0.055471 0.583897 -0.000001
v -0.043830 0.583897 0.023004
v -0.015725 0.583897 0.032533
v 0.012379 0.583897 0.023004
v 0.024020 0.583897 -0.000001
v 0.021218 0.699453 -0.030240
v -0.015725 0.699453 -0.042766
v -0.052668 0.699453 -0.030240
v -0.067970 0.699453 -0.000001
v -0.052668 0.699453 0.030239
v -0.015725 0.699453 0.042764
v 0.021218 0.699453 0.030239
v 0.036521 0.699453 -0.000001
v 0.033152 0.776417 -0.037068
v -0.015725 0.776547 -0.048018
v -0.064603 0.776417 -0.037068
v -0.084872 0.776288 -0.000001
v -0.064603 0.776417 0.037066
v -0.015725 0.776547 0.048017
v 0.033152 0.776417 0.037066
v 0.053422 0.776288 -0.000001
v 0.051952 0.862180 -0.042194
v -0.015725 0.862180 -0.040762
v -0.015725 0.862180 -0.000001
v -0.083402 0.862180 -0.042194
v -0.111434 0.862180 -0.000001
v -0.083402 0.862180 0.042193
v -0.015725 0.862180 0.040760
v 0.051952 0.862180 0.042193
v 0.079984 0.862180 -0.000001
v 0.013609 0.303422 -0.024012
v -0.015725 0.303422 -0.033957
v -0.045059 0.303422 -0.024012
v -0.057209 0.303422 -0.000001
v -0.045059 0.303422 0.024010
v -0.015725 0.303422 0.033956
v 0.013609 0.303422 0.024010
v 0.025759 0.303422 -0.000001
v 0.021613 0.177592 -0.030564
v -0.015725 0.177592 -0.043223
v -0.053063 0.177592 -0.030564
v -0.068529 0.177592 -0.000001
v -0.053063 0.177592 0.030562
v -0.015725 0.177592 0.043222
v 0.021613 0.177592 0.030562
v 0.037079 0.177592 -0.000001
v 0.033728 0.183408 -0.040480
v -0.015725 0.183408 -0.057248
v -0.065178 0.183408 -0.040480
v -0.085663 0.183408 -0.000001
v -0.065178 0.183408 0.040479
v -0.015725 0.183408 0.057246
v 0.033728 0.183408 0.040479
v 0.054212 0.183408 -0.000001
v 0.028196 0.160617 -0.035952
v -0.015725 0.160617 -0.050844
v -0.059646 0.160617 -0.035952
v -0.077839 0.160617 -0.000001
v -0.059646 0.160617 0.035951
v -0.015725 0.160617 0.050842
v 0.028196 0.160617 0.035951
v 0.046389 0.160617 -0.000001
v 0.039869 0.105461 -0.045507
v -0.015725 0.105461 -0.064356
v -0.071319 0.105461 -0.045507
v -0.094347 0.105461 -0.000001
v -0.071319 0.105461 0.045505
v -0.015725 0.105461 0.064354
v 0.039869 0.105461 0.045505
v 0.062897 0.105461 -0.000001
v 0.033060 0.054054 -0.039933
v -0.015725 0.054054 -0.056474
v -0.064510 0.054054 -0.039933
v -0.084717 0.054054 -0.000001
v -0.064510 0.054054 0.039932
v -0.015725 0.054054 0.056472
v 0.033060 0.054054 0.039932
v 0.053267 0.054054 -0.000001
v 0.016199 0.020318 -0.026132
v -0.015725 0.020318 -0.036956
v -0.047649 0.020318 -0.026132
v -0.060873 0.020318 -0.000001
v -0.047649 0.020318 0.026130
v -0.015725 0.020318 0.036955
v 0.016199 0.020318 0.026130
v 0.029423 0.020318 -0.000001
v -0.001958 0.001040 -0.011269
v -0.015725 0.001040 -0.015937
v -0.015725 0.001040 -0.000001
v -0.029492 0.001040 -0.011269
v -0.035194 0.001040 -0.000001
v -0.029492 0.001040 0.011268
v -0.015725 0.001040 0.015935
v -0.001958 0.001040 0.011268
v 0.003744 0.001040 -0.000001
v 0.028643 0.186669 -0.036318
v -0.015725 0.186669 -0.051361
v -0.060093 0.186669 -0.036318
v -0.078470 0.186669 -0.000001
v -0.060093 0.186669 0.036316
v -0.015725 0.186669 0.051359
v 0.028643 0.186669 0.036316
v 0.047020 0.186669 -0.000001
v 0.109388 2.378178 0.032697
v 0.136402 2.156197 0.032697
v 0.189259 1.984402 0.032697
v 0.051585 1.708373 0.032697
v 0.019738 1.467088 0.032697
v 0.019738 1.266340 0.032697
v 0.019419 1.139517 0.024666
v 0.051493 0.860146 0.027094
v 0.038827 0.778880 0.010593
v 0.022744 0.791218 0.011086
v -0.001531 0.745306 0.009620
v -0.062836 0.850794 0.020984
v -0.110606 1.029491 0.034500
v -0.142475 1.266340 0.035077
v -0.156357 1.469019 0.034273
v -0.154660 1.764351 0.032697
v -0.110677 2.026868 0.032697
v -0.024471 2.241315 0.032697
v 0.010844 1.232660 0.030219
v -0.138228 1.219615 0.036096
v -0.073317 2.141074 0.032697
v 0.130546 1.870121 0.032697
v -0.157600 1.598335 0.035077
v 0.025434 1.579073 0.032697
v -0.133290 1.915772 0.032697
v 0.088855 1.788971 0.032697
v -0.017713 0.855756 0.026491
v -0.054643 1.079543 0.028703
v -0.070440 1.225085 0.037149
v -0.072806 1.266340 0.054041
v -0.085053 1.468317 0.064530
v -0.088129 1.591300 0.073651
v -0.078011 1.743121 0.080055
v -0.060400 1.874166 0.080055
v -0.028915 1.973739 0.080055
v 0.006760 2.093294 0.080055
v 0.043564 2.193163 0.080055
v 0.039972 2.332067 0.032697
v 0.079899 2.295291 0.078294
v 0.120094 2.281476 0.032697
v 0.020391 1.241325 -0.003849
v 0.011678 1.197958 -0.002852
v 0.019232 0.765468 0.008637
v 0.055333 0.833445 -0.004866
v 0.039527 0.747603 0.000333
v 0.057562 1.712642 -0.005364
v 0.027039 1.574777 -0.001123
v 0.218251 2.006958 -0.009583
v 0.149723 1.885106 -0.000180
v 0.137524 2.323714 -0.007173
v 0.156558 2.190135 -0.009239
v 0.101063 1.798580 0.000288
v 0.020391 1.455373 -0.002823
v 0.021687 1.098644 -0.002321
v -0.073550 0.820492 -0.000996
v -0.003213 0.708015 0.000518
v -0.130074 0.981330 -0.007643
v -0.162314 1.184049 -0.001521
v -0.168939 1.241325 -0.001585
v -0.185141 1.457431 -0.004326
v -0.186592 1.595315 0.000194
v -0.183160 1.772329 -0.005042
v -0.158218 1.933783 -0.004775
v -0.131824 2.052238 -0.002579
v -0.088220 2.174010 0.001186
v -0.031208 2.280892 -0.004299
v 0.044008 2.377656 -0.012044
v 0.125028 2.426822 -0.008858
v 0.109388 2.378178 -0.036479
v 0.136402 2.156197 -0.036479
v 0.189259 1.984402 -0.036479
v 0.051585 1.708373 -0.036479
v 0.019738 1.467088 -0.036479
v 0.019738 1.266340 -0.036479
v 0.019419 1.139517 -0.028447
v 0.047590 0.863551 -0.030876
v 0.039112 0.779484 -0.014375
v 0.022023 0.792036 -0.014868
v -0.001536 0.745306 -0.013402
v -0.062962 0.850794 -0.024765
v -0.110606 1.029491 -0.038282
v -0.142475 1.266340 -0.038859
v -0.156357 1.469019 -0.038055
v -0.154660 1.764351 -0.036479
v -0.110677 2.026868 -0.036479
v -0.024471 2.241315 -0.036479
v 0.010844 1.232660 -0.034001
v -0.138228 1.219615 -0.039878
v -0.073317 2.141074 -0.036479
v 0.130546 1.870121 -0.036479
v -0.157600 1.598335 -0.038859
v 0.025434 1.579073 -0.036479
v -0.133290 1.915772 -0.036479
v 0.088855 1.788971 -0.036479
v -0.019560 0.857266 -0.030273
v -0.054643 1.079543 -0.032485
v -0.070440 1.225085 -0.040931
v -0.072806 1.266340 -0.057823
v -0.085053 1.468317 -0.068312
v -0.088129 1.591300 -0.077433
v -0.078011 1.743121 -0.083836
v -0.060400 1.874166 -0.083836
v -0.028915 1.973739 -0.083836
v 0.006760 2.093294 -0.083836
v 0.043564 2.193163 -0.083836
v 0.039972 2.332067 -0.036479
v 0.079899 2.295291 -0.082076
v 0.120094 2.281476 -0.036479
v 0.034854 0.778048 -0.002713
vt 0.907133 0.459997
vt 0.909514 0.459333
vt 0.909628 0.461267
vt 0.904965 0.461546
vt 0.898098 0.442993
vt 0.909805 0.438622
vt 0.878862 0.411695
vt 0.910432 0.404266
vt 0.867943 0.393560
vt 0.911186 0.385622
vt 0.743054 0.649186
vt 0.778892 0.653836
vt 0.779405 0.684347
vt 0.741099 0.676612
vt 0.772931 0.762665
vt 0.741717 0.763527
vt 0.773866 0.805702
vt 0.742219 0.809121
vt 0.775883 0.840555
vt 0.742476 0.842864
vt 0.780289 0.882343
vt 0.742771 0.883055
vt 0.743018 0.915116
vt 0.782606 0.917162
vt 0.787381 0.947552
vt 0.743402 0.946609
vt 0.794497 0.981154
vt 0.743867 0.983815
vt 0.861643 0.562082
vt 0.850042 0.600618
vt 0.808708 0.593552
vt 0.817029 0.570976
vt 0.777809 0.586948
vt 0.763837 0.580905
vt 0.800390 0.553391
vt 0.772059 0.591554
vt 0.761607 0.580927
vt 0.769069 0.592761
vt 0.760593 0.580890
vt 0.765413 0.593480
vt 0.758698 0.581232
vt 0.761887 0.593561
vt 0.758241 0.581411
vt 0.759036 0.592962
vt 0.757904 0.581513
vt 0.755697 0.591896
vt 0.757435 0.581652
vt 0.751516 0.589975
vt 0.756967 0.581756
vt 0.730327 0.588413
vt 0.734113 0.573094
vt 0.738967 0.601567
vt 0.720675 0.617265
vt 0.704797 0.592979
vt 0.949604 0.932013
vt 0.927990 0.933546
vt 0.929209 0.906020
vt 0.958568 0.907521
vt 0.932800 0.882554
vt 0.972178 0.881336
vt 0.978927 0.852716
vt 0.935501 0.849955
vt 0.930720 0.811384
vt 0.981938 0.819337
vt 0.927803 0.774453
vt 0.972308 0.775568
vt 0.924537 0.736687
vt 0.959997 0.730750
vt 0.917170 0.703034
vt 0.945951 0.698452
vt 0.908487 0.671039
vt 0.930793 0.667693
vt 0.909195 0.553653
vt 0.875317 0.545104
vt 0.882900 0.522586
vt 0.909310 0.529747
vt 0.899150 0.491115
vt 0.909628 0.494912
vt 0.907047 0.475641
vt 0.909835 0.476951
vt 0.909825 0.471747
vt 0.912598 0.475543
vt 0.905153 0.473691
vt 0.909818 0.470727
vt 0.903993 0.471293
vt 0.909810 0.469709
vt 0.903670 0.469026
vt 0.909799 0.468279
vt 0.904022 0.466667
vt 0.909752 0.465509
vt 0.904185 0.463986
vt 0.909663 0.462276
vt 0.886502 0.464824
vt 0.888953 0.456319
vt 0.886759 0.473565
vt 0.889392 0.480634
vt 0.893393 0.486167
vt 0.867708 0.510429
vt 0.859666 0.499559
vt 0.853552 0.485747
vt 0.855849 0.530460
vt 0.845018 0.517348
vt 0.866765 0.664678
vt 0.880693 0.667916
vt 0.885137 0.700633
vt 0.871147 0.698106
vt 0.836208 0.499241
vt 0.892239 0.669441
vt 0.897634 0.701745
vt 0.891239 0.736889
vt 0.878222 0.735998
vt 0.902895 0.736354
vt 0.891708 0.772459
vt 0.879741 0.772521
vt 0.903432 0.772620
vt 0.905868 0.807165
vt 0.893887 0.806505
vt 0.879742 0.808534
vt 0.912722 0.851846
vt 0.899214 0.854126
vt 0.885358 0.858411
vt 0.911671 0.887168
vt 0.909078 0.912090
vt 0.894722 0.917899
vt 0.897728 0.891751
vt 0.900981 0.943020
vt 0.888895 0.949224
vt 0.881637 0.923989
vt 0.883269 0.898043
vt 0.912767 0.938534
vt 0.737833 0.629453
vt 0.748373 0.607963
vt 0.756348 0.611429
vt 0.752385 0.635676
vt 0.764877 0.613204
vt 0.767425 0.639052
vt 0.773973 0.613184
vt 0.785121 0.639419
vt 0.784021 0.610825
vt 0.805228 0.634711
vt 0.874019 0.957224
vt 0.855377 0.966371
vt 0.844855 0.939178
vt 0.865418 0.931277
vt 0.840150 0.912162
vt 0.863829 0.905267
vt 0.866529 0.865017
vt 0.841138 0.872463
vt 0.835024 0.823628
vt 0.858617 0.813704
vt 0.840136 0.779214
vt 0.862524 0.772811
vt 0.835343 0.736301
vt 0.858525 0.733570
vt 0.830535 0.690438
vt 0.851701 0.693670
vt 0.827678 0.656833
vt 0.848571 0.660492
vt 0.830764 0.473615
vt 0.833241 0.444122
vt 0.853977 0.447748
vt 0.850762 0.467261
vt 0.892014 0.449199
vt 0.862811 0.428382
vt 0.845946 0.416429
vt 0.804867 0.655043
vt 0.808681 0.686721
vt 0.805905 0.747977
vt 0.809010 0.792791
vt 0.806915 0.834529
vt 0.811838 0.878319
vt 0.813757 0.916403
vt 0.819908 0.945363
vt 0.831073 0.975062
vt 0.826776 0.623076
vt 0.795626 0.604948
vt 0.912243 0.459454
vt 0.914268 0.461218
vt 0.921510 0.443099
vt 0.941769 0.412385
vt 0.953421 0.394125
vt 0.707346 0.654525
vt 0.703916 0.684547
vt 0.710782 0.764649
vt 0.710543 0.806843
vt 0.709033 0.841507
vt 0.705225 0.883231
vt 0.699426 0.948508
vt 0.703441 0.918025
vt 0.693130 0.982190
vt 0.836017 0.530972
vt 0.784201 0.548551
vt 0.771667 0.547758
vt 0.761911 0.549555
vt 0.753891 0.553063
vt 0.746921 0.557881
vt 0.740818 0.563996
vt 0.711269 0.564893
vt 0.535978 0.934933
vt 0.526467 0.910394
vt 0.555934 0.908786
vt 0.557743 0.936339
vt 0.512579 0.883852
vt 0.552079 0.885165
vt 0.549038 0.852309
vt 0.505645 0.854801
vt 0.502599 0.820859
vt 0.553782 0.813438
vt 0.512635 0.776341
vt 0.556949 0.776198
vt 0.525937 0.730523
vt 0.561023 0.737959
vt 0.538772 0.696938
vt 0.566963 0.703071
vt 0.553107 0.665626
vt 0.575024 0.670478
vt 0.935838 0.523003
vt 0.943194 0.545564
vt 0.920140 0.491215
vt 0.914447 0.473505
vt 0.915544 0.471039
vt 0.915810 0.468735
vt 0.915409 0.466356
vt 0.915143 0.463649
vt 0.930540 0.456522
vt 0.932929 0.465022
vt 0.932624 0.473754
vt 0.929955 0.480796
vt 0.925927 0.486298
vt 0.959316 0.500221
vt 0.951201 0.511028
vt 0.965572 0.486496
vt 0.973766 0.518064
vt 0.962840 0.531157
vt 0.602885 0.668744
vt 0.617098 0.665892
vt 0.612678 0.700269
vt 0.598833 0.702550
vt 0.983041 0.500120
vt 0.591282 0.669851
vt 0.586386 0.702802
vt 0.606155 0.738800
vt 0.593473 0.739505
vt 0.582221 0.738441
vt 0.604519 0.775193
vt 0.592717 0.774990
vt 0.581128 0.774966
vt 0.590718 0.808960
vt 0.578663 0.809539
vt 0.605061 0.811061
vt 0.585213 0.856724
vt 0.571772 0.854349
vt 0.598946 0.861183
vt 0.573341 0.889789
vt 0.587418 0.894325
vt 0.590881 0.920500
vt 0.576302 0.914791
vt 0.604244 0.926473
vt 0.597519 0.951788
vt 0.585192 0.945680
vt 0.602134 0.900490
vt 0.573202 0.941256
vt 0.722777 0.547759
vt 0.733548 0.536808
vt 0.745725 0.528039
vt 0.761488 0.520816
vt 0.781522 0.517198
vt 0.612686 0.959617
vt 0.620710 0.933564
vt 0.641571 0.941190
vt 0.631654 0.968503
vt 0.621848 0.907473
vt 0.645709 0.914059
vt 0.644217 0.874434
vt 0.618810 0.867115
vt 0.625415 0.816287
vt 0.649464 0.825899
vt 0.621530 0.775497
vt 0.643800 0.781784
vt 0.625248 0.736479
vt 0.647966 0.738989
vt 0.632074 0.695819
vt 0.653072 0.692337
vt 0.635708 0.661502
vt 0.657134 0.657501
vt 0.988740 0.474676
vt 0.968954 0.467948
vt 0.966076 0.448350
vt 0.986671 0.445194
vt 0.927541 0.449390
vt 0.957697 0.428721
vt 0.974631 0.417181
vt 0.680739 0.655297
vt 0.674651 0.688062
vt 0.677410 0.750145
vt 0.675122 0.794854
vt 0.677861 0.836245
vt 0.673592 0.879843
vt 0.672235 0.917870
vt 0.666759 0.946958
vt 0.656314 0.976776
vt 0.805733 0.519290
vt 0.519219 0.332991
vt 0.542272 0.327370
vt 0.555893 0.391337
vt 0.530933 0.395069
vt 0.565485 0.321655
vt 0.580898 0.386609
vt 0.585571 0.316550
vt 0.602483 0.381589
vt 0.605600 0.311224
vt 0.623779 0.375458
vt 0.628657 0.304908
vt 0.647921 0.367407
vt 0.651527 0.298587
vt 0.671537 0.358508
vt 0.671408 0.293143
vt 0.691477 0.349891
vt 0.499205 0.337921
vt 0.509320 0.397256
vt 0.846262 0.218780
vt 0.837714 0.228558
vt 0.834247 0.212775
vt 0.848947 0.206062
vt 0.842482 0.196286
vt 0.830778 0.196994
vt 0.822226 0.206778
vt 0.819547 0.219487
vt 0.826010 0.229269
vt 0.721242 0.066690
vt 0.699601 0.072008
vt 0.701177 0.051565
vt 0.679067 0.063459
vt 0.679148 0.049860
vt 0.681165 0.036419
vt 0.702808 0.031130
vt 0.723339 0.039706
vt 0.723185 0.053273
vt 0.567056 0.488515
vt 0.534252 0.491447
vt 0.599663 0.484429
vt 0.627751 0.478764
vt 0.655042 0.470029
vt 0.685509 0.457714
vt 0.715586 0.444295
vt 0.740527 0.430346
vt 0.505675 0.491414
vt 0.571791 0.553025
vt 0.531099 0.557118
vt 0.611662 0.549671
vt 0.644726 0.544042
vt 0.676343 0.532852
vt 0.712798 0.516360
vt 0.750329 0.500112
vt 0.780628 0.482085
vt 0.495856 0.556134
vt 0.735215 0.084591
vt 0.698163 0.092407
vt 0.662679 0.079278
vt 0.650084 0.047836
vt 0.667119 0.018553
vt 0.704139 0.010719
vt 0.739649 0.023823
vt 0.752302 0.055285
vt 0.469991 0.170987
vt 0.494852 0.162660
vt 0.519943 0.154944
vt 0.541957 0.148820
vt 0.564165 0.143445
vt 0.589837 0.137961
vt 0.615605 0.133123
vt 0.638010 0.129590
vt 0.448703 0.178815
vt 0.427134 0.074362
vt 0.457703 0.063031
vt 0.488147 0.052587
vt 0.514865 0.044634
vt 0.542073 0.038565
vt 0.573748 0.032856
vt 0.605965 0.027860
vt 0.634534 0.025188
vt 0.400881 0.085944
vt 0.975917 0.283278
vt 0.881387 0.369350
vt 0.874255 0.361600
vt 0.967251 0.278958
vt 0.987533 0.155940
vt 0.977047 0.154912
vt 0.909282 0.061994
vt 0.904701 0.071162
vt 0.787115 0.056232
vt 0.794251 0.063973
vt 0.692559 0.142404
vt 0.701237 0.146693
vt 0.681018 0.269762
vt 0.691495 0.270752
vt 0.759302 0.363633
vt 0.763856 0.354447
vt 0.963568 0.277122
vt 0.870818 0.358983
vt 0.866887 0.338541
vt 0.948593 0.269658
vt 0.972885 0.153743
vt 0.954210 0.162926
vt 0.903153 0.074265
vt 0.892594 0.095468
vt 0.797689 0.066587
vt 0.801622 0.087026
vt 0.704924 0.148516
vt 0.719921 0.155921
vt 0.695653 0.271904
vt 0.714300 0.262649
vt 0.765396 0.351336
vt 0.775916 0.330109
vt 0.864111 0.315011
vt 0.941169 0.265984
vt 0.933772 0.174974
vt 0.877127 0.126699
vt 0.804425 0.110582
vt 0.727394 0.159561
vt 0.734705 0.250573
vt 0.791380 0.298906
vt 0.855696 0.283093
vt 0.897607 0.244469
vt 0.903376 0.187800
vt 0.867821 0.145627
vt 0.812816 0.142533
vt 0.770863 0.181196
vt 0.765209 0.237951
vt 0.800713 0.280053
vt 0.845333 0.253137
vt 0.867631 0.229477
vt 0.873160 0.197405
vt 0.854506 0.172247
vt 0.823166 0.172438
vt 0.800843 0.196122
vt 0.795338 0.228179
vt 0.814012 0.253330
vt 0.160739 0.280771
vt 0.203760 0.288955
vt 0.194457 0.366672
vt 0.144412 0.361673
vt 0.230448 0.054880
vt 0.240740 0.050063
vt 0.237713 0.093345
vt 0.203164 0.087065
vt 0.114923 0.532012
vt 0.179521 0.534315
vt 0.182850 0.606253
vt 0.106441 0.611540
vt 0.105055 0.736185
vt 0.203833 0.700763
vt 0.217531 0.766506
vt 0.110558 0.802786
vt 0.124041 0.911462
vt 0.118846 0.857849
vt 0.177917 0.850822
vt 0.155309 0.913965
vt 0.100893 0.681080
vt 0.192524 0.653375
vt 0.125209 0.467621
vt 0.183154 0.473585
vt 0.175982 0.204479
vt 0.213612 0.239322
vt 0.180003 0.081774
vt 0.220060 0.029252
vt 0.148338 0.175403
vt 0.124943 0.274062
vt 0.106453 0.356467
vt 0.084367 0.461477
vt 0.072501 0.528299
vt 0.057079 0.614205
vt 0.051242 0.695080
vt 0.050612 0.755785
vt 0.057094 0.819982
vt 0.070774 0.877973
vt 0.096032 0.931949
vt 0.130077 0.959158
vt 0.223460 0.272546
vt 0.215128 0.355357
vt 0.247942 0.048193
vt 0.255684 0.080168
vt 0.230284 0.041164
vt 0.242613 0.032381
vt 0.197458 0.532168
vt 0.203594 0.607076
vt 0.224673 0.708796
vt 0.242510 0.782529
vt 0.196722 0.875820
vt 0.167464 0.944798
vt 0.211473 0.657310
vt 0.202567 0.468859
vt 0.231746 0.219682
vt 0.222029 0.008703
vt 0.172750 0.062404
vt 0.129788 0.144802
vt 0.104371 0.251436
vt 0.084894 0.339467
vt 0.060139 0.451125
vt 0.048987 0.522623
vt 0.031532 0.614432
vt 0.026176 0.701607
vt 0.027537 0.767547
vt 0.037844 0.837463
vt 0.053871 0.902924
vt 0.086843 0.965356
vt 0.134051 0.993827
vt 0.362322 0.284533
vt 0.375863 0.365237
vt 0.326127 0.368560
vt 0.319456 0.291247
vt 0.301558 0.056669
vt 0.327619 0.091674
vt 0.294204 0.097400
vt 0.290247 0.052695
vt 0.399506 0.534985
vt 0.405317 0.615444
vt 0.329937 0.606300
vt 0.335443 0.535144
vt 0.402323 0.738984
vt 0.395098 0.803237
vt 0.288933 0.764300
vt 0.305815 0.699320
vt 0.379399 0.911367
vt 0.348497 0.912499
vt 0.327831 0.849048
vt 0.385828 0.857804
vt 0.408366 0.684532
vt 0.318720 0.652670
vt 0.391440 0.470845
vt 0.333844 0.474855
vt 0.349687 0.208447
vt 0.311467 0.241761
vt 0.349873 0.087245
vt 0.316165 0.032579
vt 0.378006 0.180719
vt 0.397937 0.279072
vt 0.413633 0.361320
vt 0.432104 0.466093
vt 0.441626 0.532698
vt 0.454103 0.619654
vt 0.457072 0.699886
vt 0.455766 0.759844
vt 0.447563 0.821610
vt 0.432824 0.878654
vt 0.406718 0.932340
vt 0.371197 0.959784
vt 0.308069 0.356537
vt 0.301501 0.274248
vt 0.283848 0.050959
vt 0.284228 0.034964
vt 0.298383 0.037387
vt 0.312977 0.606955
vt 0.316923 0.532408
vt 0.269924 0.778930
vt 0.283315 0.705906
vt 0.339234 0.940094
vt 0.314471 0.871062
vt 0.297623 0.655263
vt 0.315745 0.469492
vt 0.294886 0.221681
vt 0.279305 0.082142
vt 0.317711 0.011887
vt 0.358999 0.068522
vt 0.393049 0.152714
vt 0.419327 0.257344
vt 0.435791 0.345131
vt 0.454481 0.456948
vt 0.466810 0.527607
vt 0.476858 0.619543
vt 0.479319 0.705750
vt 0.477740 0.770712
vt 0.468718 0.839850
vt 0.447277 0.902474
vt 0.409995 0.959902
vt 0.366817 0.990360
vn 0.967918 -0.111121 -0.225360
vn 0.990269 -0.139167 0.000237
vn 0.753129 -0.657873 0.000001
vn 0.690932 -0.190381 -0.697401
vn 0.990269 -0.139167 0.000237
vn 0.967918 -0.111121 -0.225360
vn 0.963845 0.014994 -0.266042
vn 0.998885 0.047212 -0.000247
vn 0.998885 0.047212 -0.000247
vn 0.963845 0.014994 -0.266042
vn 0.954794 0.073510 -0.288035
vn 0.995178 0.098084 -0.000309
vn 0.995178 0.098084 -0.000309
vn 0.954794 0.073510 -0.288035
vn 0.936886 0.116076 -0.329804
vn 0.991579 0.129419 -0.004769
vn 0.991579 0.129419 -0.004769
vn 0.936886 0.116076 -0.329804
vn 0.914173 0.160252 -0.372300
vn 0.986244 0.165295 -0.000930
vn 0.986244 0.165295 -0.000930
vn 0.914173 0.160252 -0.372300
vn 0.873138 0.280135 -0.398942
vn 0.948674 0.316254 0.001037
vn 0.948674 0.316254 0.001037
vn 0.873138 0.280135 -0.398942
vn 0.713318 0.546391 -0.438901
vn 0.743241 0.669024 0.000033
vn 0.743241 0.669024 0.000033
vn 0.713318 0.546391 -0.438901
vn 0.288777 0.840881 -0.457741
vn 0.300198 0.953877 0.000000
vn 0.300198 0.953877 0.000000
vn 0.288777 0.840881 -0.457741
vn -0.036288 0.881976 -0.469895
vn 0.012698 0.999919 0.000000
vn -0.176068 0.984378 0.000121
vn -0.201338 0.841517 -0.501310
vn -0.496614 0.725618 -0.476291
vn -0.496219 0.868197 -0.000416
vn -0.496219 0.868197 -0.000416
vn -0.496614 0.725618 -0.476291
vn -0.729304 0.524925 -0.438828
vn -0.731568 0.681769 0.000118
vn -0.731568 0.681769 0.000118
vn -0.729304 0.524925 -0.438828
vn -0.854238 0.284989 -0.434810
vn -0.929829 0.367003 0.026970
vn -0.929829 0.367003 0.026970
vn -0.854238 0.284989 -0.434810
vn -0.997023 0.076731 0.007524
vn -0.929829 0.367003 0.026970
vn -0.997023 0.076731 0.007524
vn -0.964916 0.005449 0.262501
vn -0.902324 0.222479 0.369207
vn -0.964916 0.005449 0.262501
vn -0.997023 0.076731 0.007524
vn -0.803601 -0.047265 -0.593289
vn -0.913259 -0.091397 0.396994
vn -0.913259 -0.091397 0.396994
vn -0.803601 -0.047265 -0.593289
vn -0.623379 -0.209323 -0.753381
vn -0.777731 -0.317418 0.542568
vn -0.777731 -0.317418 0.542568
vn -0.623379 -0.209323 -0.753381
vn -0.400789 -0.375594 -0.835642
vn -0.570636 -0.509002 0.644431
vn -0.570636 -0.509002 0.644431
vn -0.400789 -0.375594 -0.835642
vn -0.174669 -0.527006 -0.831718
vn -0.247771 -0.670490 0.699323
vn -0.247771 -0.670490 0.699323
vn -0.174669 -0.527006 -0.831718
vn 0.147084 -0.671901 -0.725890
vn 0.185602 -0.781856 0.595192
vn 0.185602 -0.781856 0.595192
vn 0.147084 -0.671901 -0.725890
vn 0.473049 -0.748443 -0.464820
vn 0.535867 -0.781764 0.318891
vn 0.535867 -0.781764 0.318891
vn 0.473049 -0.748443 -0.464820
vn 0.700799 -0.686779 -0.192914
vn 0.726017 -0.687657 0.005255
vn 0.726017 -0.687657 0.005255
vn 0.700799 -0.686779 -0.192914
vn 0.555646 -0.830005 -0.048471
vn 0.597569 -0.799972 -0.054362
vn 0.700799 -0.686779 -0.192914
vn 0.501671 -0.865058 0.001060
vn 0.555646 -0.830005 -0.048471
vn 0.555646 -0.830005 -0.048471
vn 0.501671 -0.865058 0.001060
vn 0.418109 -0.906324 0.061331
vn 0.433758 -0.901029 -0.000337
vn 0.433758 -0.901029 -0.000337
vn 0.418109 -0.906324 0.061331
vn 0.346556 -0.918807 0.188927
vn 0.438435 -0.898763 -0.000011
vn 0.438435 -0.898763 -0.000011
vn 0.346556 -0.918807 0.188927
vn 0.130647 -0.899181 0.417618
vn 0.162499 -0.986709 -0.000712
vn -0.153994 -0.988072 -0.000768
vn -0.138290 -0.843263 0.519407
vn -0.537837 -0.692827 0.480335
vn -0.573609 -0.819129 -0.000853
vn -0.573609 -0.819129 -0.000853
vn -0.537837 -0.692827 0.480335
vn -0.798274 -0.471925 0.374226
vn -0.857095 -0.515158 -0.001029
vn -0.857095 -0.515158 -0.001029
vn -0.798274 -0.471925 0.374226
vn -0.882962 -0.341480 0.322134
vn -0.928883 -0.370350 -0.004072
vn -0.928883 -0.370350 -0.004072
vn -0.882962 -0.341480 0.322134
vn -0.935414 -0.236265 0.263021
vn -0.976641 -0.214858 0.002872
vn -0.976641 -0.214858 0.002872
vn -0.935414 -0.236265 0.263021
vn -0.936071 -0.307203 0.171457
vn -0.964744 -0.263161 0.004022
vn -0.964744 -0.263161 0.004022
vn -0.936071 -0.307203 0.171457
vn -0.907700 -0.415039 0.061837
vn -0.914874 -0.403735 0.001880
vn -0.914874 -0.403735 0.001880
vn -0.907700 -0.415039 0.061837
vn -0.930570 -0.362935 -0.048146
vn -0.935791 -0.352549 0.001937
vn -0.935791 -0.352549 0.001937
vn -0.930570 -0.362935 -0.048146
vn -0.923026 -0.290726 -0.251996
vn -0.966057 -0.258326 0.001143
vn -0.966057 -0.258326 0.001143
vn -0.923026 -0.290726 -0.251996
vn -0.770264 -0.637725 0.000001
vn -0.922718 -0.290281 0.253630
vn -0.770264 -0.637725 0.000001
vn -0.923026 -0.290726 -0.251996
vn -0.695097 -0.332266 -0.637526
vn -0.587554 -0.809185 0.000000
vn -0.587554 -0.809185 0.000000
vn -0.695097 -0.332266 -0.637526
vn -0.349776 -0.316189 -0.881862
vn -0.493131 -0.869955 0.000000
vn -0.493131 -0.869955 0.000000
vn -0.349776 -0.316189 -0.881862
vn -0.103821 -0.286298 -0.952499
vn -0.327166 -0.944967 0.000000
vn -0.327166 -0.944967 0.000000
vn -0.103821 -0.286298 -0.952499
vn 0.078429 -0.270615 -0.959488
vn -0.100699 -0.994917 0.000001
vn -0.100699 -0.994917 0.000001
vn 0.078429 -0.270615 -0.959488
vn 0.385048 -0.236217 -0.892155
vn 0.185443 -0.982655 0.000001
vn 0.185443 -0.982655 0.000001
vn 0.385048 -0.236217 -0.892155
vn 0.690932 -0.190381 -0.697401
vn 0.753129 -0.657873 0.000001
vn 0.385048 -0.236217 -0.892155
vn 0.078429 -0.270615 -0.959488
vn 0.121036 -0.258606 -0.958370
vn 0.414278 -0.176646 -0.892844
vn 0.078429 -0.270615 -0.959488
vn -0.103821 -0.286298 -0.952499
vn -0.091922 -0.321699 -0.942369
vn 0.121036 -0.258606 -0.958370
vn -0.091922 -0.321699 -0.942369
vn -0.103821 -0.286298 -0.952499
vn -0.349776 -0.316189 -0.881862
vn -0.430427 -0.398257 -0.810015
vn -0.824113 -0.417155 -0.383170
vn -0.430427 -0.398257 -0.810015
vn -0.349776 -0.316189 -0.881862
vn -0.695097 -0.332266 -0.637526
vn -0.430427 -0.398257 -0.810015
vn -0.824113 -0.417155 -0.383170
vn -0.855673 -0.478425 -0.197313
vn -0.495003 -0.465227 -0.733850
vn -0.824113 -0.417155 -0.383170
vn -0.930570 -0.362935 -0.048146
vn -0.907700 -0.415039 0.061837
vn -0.855673 -0.478425 -0.197313
vn -0.430427 -0.398257 -0.810015
vn -0.495003 -0.465227 -0.733850
vn -0.103108 -0.344043 -0.933276
vn -0.091922 -0.321699 -0.942369
vn -0.855673 -0.478425 -0.197313
vn -0.900234 -0.435326 0.008323
vn -0.591142 -0.528214 -0.609542
vn -0.495003 -0.465227 -0.733850
vn -0.855673 -0.478425 -0.197313
vn -0.907700 -0.415039 0.061837
vn -0.936071 -0.307203 0.171457
vn -0.900234 -0.435326 0.008323
vn -0.119485 -0.398927 -0.909165
vn -0.591142 -0.528214 -0.609542
vn -0.655237 -0.520682 -0.547316
vn -0.143542 -0.405032 -0.902965
vn -0.591142 -0.528214 -0.609542
vn -0.119485 -0.398927 -0.909165
vn -0.103108 -0.344043 -0.933276
vn -0.495003 -0.465227 -0.733850
vn -0.591142 -0.528214 -0.609542
vn -0.900234 -0.435326 0.008323
vn -0.920881 -0.356955 0.156721
vn -0.655237 -0.520682 -0.547316
vn -0.920881 -0.356955 0.156721
vn -0.900234 -0.435326 0.008323
vn -0.936071 -0.307203 0.171457
vn -0.935414 -0.236265 0.263021
vn -0.143542 -0.405032 -0.902965
vn -0.655237 -0.520682 -0.547316
vn -0.701201 -0.570077 -0.428170
vn -0.139243 -0.448399 -0.882921
vn -0.655237 -0.520682 -0.547316
vn -0.920881 -0.356955 0.156721
vn -0.881073 -0.365769 0.299871
vn -0.701201 -0.570077 -0.428170
vn -0.881073 -0.365769 0.299871
vn -0.920881 -0.356955 0.156721
vn -0.935414 -0.236265 0.263021
vn -0.882962 -0.341480 0.322134
vn -0.701201 -0.570077 -0.428170
vn -0.612565 -0.657560 -0.438611
vn -0.138956 -0.415819 -0.898769
vn -0.139243 -0.448399 -0.882921
vn -0.701201 -0.570077 -0.428170
vn -0.881073 -0.365769 0.299871
vn -0.783895 -0.511917 0.351354
vn -0.612565 -0.657560 -0.438611
vn -0.783895 -0.511917 0.351354
vn -0.536526 -0.753373 0.380221
vn -0.573259 -0.679201 -0.458322
vn -0.612565 -0.657560 -0.438611
vn -0.783895 -0.511917 0.351354
vn -0.881073 -0.365769 0.299871
vn -0.882962 -0.341480 0.322134
vn -0.798274 -0.471925 0.374226
vn -0.783895 -0.511917 0.351354
vn -0.798274 -0.471925 0.374226
vn -0.537837 -0.692827 0.480335
vn -0.536526 -0.753373 0.380221
vn -0.573259 -0.679201 -0.458322
vn -0.300731 -0.242562 -0.922347
vn -0.138956 -0.415819 -0.898769
vn -0.612565 -0.657560 -0.438611
vn -0.573259 -0.679201 -0.458322
vn -0.536526 -0.753373 0.380221
vn -0.212161 -0.905529 0.367429
vn -0.413306 -0.824318 -0.386883
vn -0.536526 -0.753373 0.380221
vn -0.537837 -0.692827 0.480335
vn -0.138290 -0.843263 0.519407
vn -0.212161 -0.905529 0.367429
vn -0.573259 -0.679201 -0.458322
vn -0.413306 -0.824318 -0.386883
vn -0.337211 -0.251813 -0.907127
vn -0.300731 -0.242562 -0.922347
vn -0.037237 -0.973706 0.224743
vn 0.136677 -0.990615 0.001111
vn -0.156413 -0.871063 -0.465602
vn -0.199664 -0.891459 -0.406737
vn -0.037237 -0.973706 0.224743
vn 0.130647 -0.899181 0.417618
vn 0.346556 -0.918807 0.188927
vn 0.136677 -0.990615 0.001111
vn -0.156413 -0.871063 -0.465602
vn -0.051585 -0.843998 -0.533860
vn -0.394435 -0.523722 -0.755074
vn -0.367069 -0.428734 -0.825499
vn -0.156413 -0.871063 -0.465602
vn -0.367069 -0.428734 -0.825499
vn -0.234592 -0.339305 -0.910955
vn -0.199664 -0.891459 -0.406737
vn -0.156413 -0.871063 -0.465602
vn 0.136677 -0.990615 0.001111
vn 0.294045 -0.941739 -0.163295
vn -0.051585 -0.843998 -0.533860
vn 0.294045 -0.941739 -0.163295
vn 0.377818 -0.880008 -0.287820
vn 0.043017 -0.768301 -0.638642
vn -0.051585 -0.843998 -0.533860
vn 0.294045 -0.941739 -0.163295
vn 0.136677 -0.990615 0.001111
vn 0.346556 -0.918807 0.188927
vn 0.418109 -0.906324 0.061331
vn 0.294045 -0.941739 -0.163295
vn 0.418109 -0.906324 0.061331
vn 0.501671 -0.865058 0.001060
vn 0.377818 -0.880008 -0.287820
vn 0.043017 -0.768301 -0.638642
vn 0.147084 -0.671901 -0.725890
vn -0.174669 -0.527006 -0.831718
vn -0.274654 -0.541586 -0.794513
vn 0.043017 -0.768301 -0.638642
vn -0.274654 -0.541586 -0.794513
vn -0.394435 -0.523722 -0.755074
vn -0.051585 -0.843998 -0.533860
vn 0.043017 -0.768301 -0.638642
vn 0.377818 -0.880008 -0.287820
vn 0.473049 -0.748443 -0.464820
vn 0.147084 -0.671901 -0.725890
vn -0.274654 -0.541586 -0.794513
vn -0.174669 -0.527006 -0.831718
vn -0.400789 -0.375594 -0.835642
vn -0.514721 -0.292641 -0.805868
vn -0.274654 -0.541586 -0.794513
vn -0.514721 -0.292641 -0.805868
vn -0.581678 -0.184758 -0.792159
vn -0.394435 -0.523722 -0.755074
vn -0.581678 -0.184758 -0.792159
vn -0.514721 -0.292641 -0.805868
vn -0.696551 -0.048305 -0.715879
vn -0.686695 0.092904 -0.720985
vn -0.581678 -0.184758 -0.792159
vn -0.686695 0.092904 -0.720985
vn -0.475850 0.231834 -0.848422
vn -0.436588 -0.050210 -0.898259
vn -0.581678 -0.184758 -0.792159
vn -0.436588 -0.050210 -0.898259
vn -0.367069 -0.428734 -0.825499
vn -0.394435 -0.523722 -0.755074
vn -0.436588 -0.050210 -0.898259
vn -0.475850 0.231834 -0.848422
vn -0.208726 0.319355 -0.924362
vn -0.214476 0.054991 -0.975180
vn -0.436588 -0.050210 -0.898259
vn -0.214476 0.054991 -0.975180
vn -0.234592 -0.339305 -0.910955
vn -0.367069 -0.428734 -0.825499
vn -0.252646 0.081865 -0.964089
vn -0.200855 0.332013 -0.921642
vn 0.091257 0.290620 -0.952477
vn -0.096599 0.033599 -0.994756
vn -0.300731 -0.242562 -0.922347
vn -0.337211 -0.251813 -0.907127
vn -0.252646 0.081865 -0.964089
vn -0.096599 0.033599 -0.994756
vn -0.096599 0.033599 -0.994756
vn 0.091257 0.290620 -0.952477
vn 0.480237 0.087679 -0.872746
vn 0.190612 -0.173050 -0.966292
vn -0.096599 0.033599 -0.994756
vn 0.190612 -0.173050 -0.966292
vn -0.138956 -0.415819 -0.898769
vn -0.300731 -0.242562 -0.922347
vn 0.190612 -0.173050 -0.966292
vn 0.480237 0.087679 -0.872746
vn 0.540215 -0.000607 -0.841527
vn 0.214697 -0.250312 -0.944060
vn 0.190612 -0.173050 -0.966292
vn 0.214697 -0.250312 -0.944060
vn -0.139243 -0.448399 -0.882921
vn -0.138956 -0.415819 -0.898769
vn 0.214697 -0.250312 -0.944060
vn 0.540215 -0.000607 -0.841527
vn 0.469900 -0.076228 -0.879422
vn 0.157881 -0.271054 -0.949528
vn -0.143542 -0.405032 -0.902965
vn -0.139243 -0.448399 -0.882921
vn 0.214697 -0.250312 -0.944060
vn 0.157881 -0.271054 -0.949528
vn 0.157881 -0.271054 -0.949528
vn 0.469900 -0.076228 -0.879422
vn 0.414858 -0.173483 -0.893194
vn 0.139880 -0.292564 -0.945960
vn -0.119485 -0.398927 -0.909165
vn -0.143542 -0.405032 -0.902965
vn 0.157881 -0.271054 -0.949528
vn 0.139880 -0.292564 -0.945960
vn 0.139880 -0.292564 -0.945960
vn 0.414858 -0.173483 -0.893194
vn 0.415564 -0.148152 -0.897417
vn 0.133402 -0.253912 -0.957984
vn 0.139880 -0.292564 -0.945960
vn 0.133402 -0.253912 -0.957984
vn -0.103108 -0.344043 -0.933276
vn -0.119485 -0.398927 -0.909165
vn 0.133402 -0.253912 -0.957984
vn 0.415564 -0.148152 -0.897417
vn 0.414278 -0.176646 -0.892844
vn 0.121036 -0.258606 -0.958370
vn -0.091922 -0.321699 -0.942369
vn -0.103108 -0.344043 -0.933276
vn 0.133402 -0.253912 -0.957984
vn 0.121036 -0.258606 -0.958370
vn 0.741076 -0.072280 -0.667520
vn 0.414278 -0.176646 -0.892844
vn 0.415564 -0.148152 -0.897417
vn 0.741462 -0.020355 -0.670686
vn 0.385048 -0.236217 -0.892155
vn 0.414278 -0.176646 -0.892844
vn 0.741076 -0.072280 -0.667520
vn 0.690932 -0.190381 -0.697401
vn 0.741076 -0.072280 -0.667520
vn 0.963845 0.014994 -0.266042
vn 0.967918 -0.111121 -0.225360
vn 0.690932 -0.190381 -0.697401
vn 0.954794 0.073510 -0.288035
vn 0.963845 0.014994 -0.266042
vn 0.741076 -0.072280 -0.667520
vn 0.741462 -0.020355 -0.670686
vn 0.741462 -0.020355 -0.670686
vn 0.733813 -0.002379 -0.679348
vn 0.936886 0.116076 -0.329804
vn 0.954794 0.073510 -0.288035
vn 0.741462 -0.020355 -0.670686
vn 0.415564 -0.148152 -0.897417
vn 0.414858 -0.173483 -0.893194
vn 0.733813 -0.002379 -0.679348
vn 0.914173 0.160252 -0.372300
vn 0.936886 0.116076 -0.329804
vn 0.733813 -0.002379 -0.679348
vn 0.739252 0.092180 -0.667091
vn 0.733813 -0.002379 -0.679348
vn 0.414858 -0.173483 -0.893194
vn 0.469900 -0.076228 -0.879422
vn 0.739252 0.092180 -0.667091
vn 0.873138 0.280135 -0.398942
vn 0.914173 0.160252 -0.372300
vn 0.739252 0.092180 -0.667091
vn 0.745832 0.166908 -0.644885
vn 0.739252 0.092180 -0.667091
vn 0.469900 -0.076228 -0.879422
vn 0.540215 -0.000607 -0.841527
vn 0.745832 0.166908 -0.644885
vn 0.745832 0.166908 -0.644885
vn 0.635748 0.311079 -0.706438
vn 0.713318 0.546391 -0.438901
vn 0.873138 0.280135 -0.398942
vn 0.745832 0.166908 -0.644885
vn 0.540215 -0.000607 -0.841527
vn 0.480237 0.087679 -0.872746
vn 0.635748 0.311079 -0.706438
vn 0.635748 0.311079 -0.706438
vn 0.217446 0.579485 -0.785439
vn 0.288777 0.840881 -0.457741
vn 0.713318 0.546391 -0.438901
vn 0.635748 0.311079 -0.706438
vn 0.480237 0.087679 -0.872746
vn 0.091257 0.290620 -0.952477
vn 0.217446 0.579485 -0.785439
vn -0.132787 0.604347 -0.785578
vn -0.036288 0.881976 -0.469895
vn 0.288777 0.840881 -0.457741
vn 0.217446 0.579485 -0.785439
vn 0.217446 0.579485 -0.785439
vn 0.091257 0.290620 -0.952477
vn -0.200855 0.332013 -0.921642
vn -0.132787 0.604347 -0.785578
vn -0.206798 0.557115 -0.804274
vn -0.503849 0.467828 -0.726136
vn -0.496614 0.725618 -0.476291
vn -0.201338 0.841517 -0.501310
vn -0.206798 0.557115 -0.804274
vn -0.208726 0.319355 -0.924362
vn -0.475850 0.231834 -0.848422
vn -0.503849 0.467828 -0.726136
vn -0.503849 0.467828 -0.726136
vn -0.728193 0.307118 -0.612710
vn -0.729304 0.524925 -0.438828
vn -0.496614 0.725618 -0.476291
vn -0.503849 0.467828 -0.726136
vn -0.475850 0.231834 -0.848422
vn -0.686695 0.092904 -0.720985
vn -0.728193 0.307118 -0.612710
vn -0.728193 0.307118 -0.612710
vn -0.793772 0.126284 -0.594960
vn -0.854238 0.284989 -0.434810
vn -0.729304 0.524925 -0.438828
vn -0.728193 0.307118 -0.612710
vn -0.686695 0.092904 -0.720985
vn -0.696551 -0.048305 -0.715879
vn -0.793772 0.126284 -0.594960
vn -0.793772 0.126284 -0.594960
vn -0.803601 -0.047265 -0.593289
vn -0.997023 0.076731 0.007524
vn -0.854238 0.284989 -0.434810
vn -0.793772 0.126284 -0.594960
vn -0.696551 -0.048305 -0.715879
vn -0.623379 -0.209323 -0.753381
vn -0.803601 -0.047265 -0.593289
vn -0.696551 -0.048305 -0.715879
vn -0.514721 -0.292641 -0.805868
vn -0.400789 -0.375594 -0.835642
vn -0.623379 -0.209323 -0.753381
vn 0.377818 -0.880008 -0.287820
vn 0.501671 -0.865058 0.001060
vn 0.700799 -0.686779 -0.192914
vn 0.473049 -0.748443 -0.464820
vn -0.923026 -0.290726 -0.251996
vn -0.930570 -0.362935 -0.048146
vn -0.824113 -0.417155 -0.383170
vn -0.695097 -0.332266 -0.637526
vn 0.967927 -0.110963 0.225399
vn 0.691276 -0.190165 0.697119
vn 0.753129 -0.657873 0.000001
vn 0.990269 -0.139167 0.000237
vn 0.967927 -0.110963 0.225399
vn 0.990269 -0.139167 0.000237
vn 0.998885 0.047212 -0.000247
vn 0.963339 0.015422 0.267842
vn 0.963339 0.015422 0.267842
vn 0.998885 0.047212 -0.000247
vn 0.995178 0.098084 -0.000309
vn 0.953857 0.072970 0.291259
vn 0.995178 0.098084 -0.000309
vn 0.991579 0.129419 -0.004769
vn 0.941775 0.091537 0.323544
vn 0.953857 0.072970 0.291259
vn 0.941775 0.091537 0.323544
vn 0.991579 0.129419 -0.004769
vn 0.986244 0.165295 -0.000930
vn 0.917486 0.143925 0.370817
vn 0.917486 0.143925 0.370817
vn 0.986244 0.165295 -0.000930
vn 0.948674 0.316254 0.001037
vn 0.873361 0.275820 0.401452
vn 0.948674 0.316254 0.001037
vn 0.743241 0.669024 0.000033
vn 0.713350 0.546208 0.439076
vn 0.873361 0.275820 0.401452
vn 0.743241 0.669024 0.000033
vn 0.300198 0.953877 0.000000
vn 0.288869 0.840818 0.457800
vn 0.713350 0.546208 0.439076
vn 0.288869 0.840818 0.457800
vn 0.300198 0.953877 0.000000
vn 0.012698 0.999919 0.000000
vn -0.036276 0.881992 0.469866
vn -0.176068 0.984378 0.000121
vn -0.496219 0.868197 -0.000416
vn -0.496732 0.725908 0.475726
vn -0.201941 0.841390 0.501282
vn -0.496219 0.868197 -0.000416
vn -0.731568 0.681769 0.000118
vn -0.728848 0.525114 0.439359
vn -0.496732 0.725908 0.475726
vn -0.731568 0.681769 0.000118
vn -0.929829 0.367003 0.026970
vn -0.902324 0.222479 0.369207
vn -0.728848 0.525114 0.439359
vn -0.902324 0.222479 0.369207
vn -0.964916 0.005449 0.262501
vn -0.913259 -0.091397 0.396994
vn -0.821953 0.096965 0.561240
vn -0.913259 -0.091397 0.396994
vn -0.777731 -0.317418 0.542568
vn -0.712936 -0.067177 0.698004
vn -0.821953 0.096965 0.561240
vn -0.777731 -0.317418 0.542568
vn -0.570636 -0.509002 0.644431
vn -0.495534 -0.300480 0.814959
vn -0.712936 -0.067177 0.698004
vn -0.570636 -0.509002 0.644431
vn -0.247771 -0.670490 0.699323
vn -0.244724 -0.525741 0.814682
vn -0.495534 -0.300480 0.814959
vn -0.247771 -0.670490 0.699323
vn 0.185602 -0.781856 0.595192
vn 0.097434 -0.733166 0.673034
vn -0.244724 -0.525741 0.814682
vn 0.185602 -0.781856 0.595192
vn 0.535867 -0.781764 0.318891
vn 0.456953 -0.833736 0.309966
vn 0.097434 -0.733166 0.673034
vn 0.535867 -0.781764 0.318891
vn 0.726017 -0.687657 0.005255
vn 0.597569 -0.799972 -0.054362
vn 0.456953 -0.833736 0.309966
vn 0.555646 -0.830005 -0.048471
vn 0.433758 -0.901029 -0.000337
vn 0.417569 -0.906568 -0.061405
vn 0.597569 -0.799972 -0.054362
vn 0.433758 -0.901029 -0.000337
vn 0.438435 -0.898763 -0.000011
vn 0.347093 -0.918509 -0.189388
vn 0.417569 -0.906568 -0.061405
vn 0.438435 -0.898763 -0.000011
vn 0.162499 -0.986709 -0.000712
vn 0.130690 -0.898887 -0.418237
vn 0.347093 -0.918509 -0.189388
vn -0.138782 -0.842461 -0.520576
vn -0.153994 -0.988072 -0.000768
vn -0.573609 -0.819129 -0.000853
vn -0.537852 -0.691992 -0.481521
vn -0.573609 -0.819129 -0.000853
vn -0.857095 -0.515158 -0.001029
vn -0.798549 -0.470721 -0.375155
vn -0.537852 -0.691992 -0.481521
vn -0.857095 -0.515158 -0.001029
vn -0.928883 -0.370350 -0.004072
vn -0.888121 -0.328094 -0.321864
vn -0.798549 -0.470721 -0.375155
vn -0.888121 -0.328094 -0.321864
vn -0.928883 -0.370350 -0.004072
vn -0.976641 -0.214858 0.002872
vn -0.943042 -0.212569 -0.255902
vn -0.943042 -0.212569 -0.255902
vn -0.976641 -0.214858 0.002872
vn -0.964744 -0.263161 0.004022
vn -0.941137 -0.293724 -0.167294
vn -0.964744 -0.263161 0.004022
vn -0.914874 -0.403735 0.001880
vn -0.907715 -0.415372 -0.059333
vn -0.941137 -0.293724 -0.167294
vn -0.907715 -0.415372 -0.059333
vn -0.914874 -0.403735 0.001880
vn -0.935791 -0.352549 0.001937
vn -0.930450 -0.362934 0.050414
vn -0.930450 -0.362934 0.050414
vn -0.935791 -0.352549 0.001937
vn -0.966057 -0.258326 0.001143
vn -0.922718 -0.290281 0.253630
vn -0.770264 -0.637725 0.000001
vn -0.587554 -0.809185 0.000000
vn -0.695098 -0.331475 0.637937
vn -0.922718 -0.290281 0.253630
vn -0.587554 -0.809185 0.000000
vn -0.493131 -0.869955 0.000000
vn -0.350250 -0.315484 0.881927
vn -0.695098 -0.331475 0.637937
vn -0.493131 -0.869955 0.000000
vn -0.327166 -0.944967 0.000000
vn -0.104623 -0.285791 0.952564
vn -0.350250 -0.315484 0.881927
vn -0.327166 -0.944967 0.000000
vn -0.100699 -0.994917 0.000001
vn 0.077473 -0.270301 0.959654
vn -0.104623 -0.285791 0.952564
vn -0.100699 -0.994917 0.000001
vn 0.185443 -0.982655 0.000001
vn 0.384732 -0.236034 0.892339
vn 0.077473 -0.270301 0.959654
vn 0.185443 -0.982655 0.000001
vn 0.753129 -0.657873 0.000001
vn 0.691276 -0.190165 0.697119
vn 0.384732 -0.236034 0.892339
vn 0.077473 -0.270301 0.959654
vn 0.384732 -0.236034 0.892339
vn 0.415463 -0.172854 0.893035
vn 0.123390 -0.254871 0.959070
vn -0.104623 -0.285791 0.952564
vn 0.077473 -0.270301 0.959654
vn 0.123390 -0.254871 0.959070
vn -0.088654 -0.318948 0.943617
vn -0.104623 -0.285791 0.952564
vn -0.088654 -0.318948 0.943617
vn -0.431777 -0.397626 0.809606
vn -0.350250 -0.315484 0.881927
vn -0.431777 -0.397626 0.809606
vn -0.824704 -0.416376 0.382746
vn -0.695098 -0.331475 0.637937
vn -0.350250 -0.315484 0.881927
vn -0.824704 -0.416376 0.382746
vn -0.431777 -0.397626 0.809606
vn -0.496177 -0.464622 0.733440
vn -0.856441 -0.478211 0.194483
vn -0.907715 -0.415372 -0.059333
vn -0.930450 -0.362934 0.050414
vn -0.824704 -0.416376 0.382746
vn -0.856441 -0.478211 0.194483
vn -0.097519 -0.340560 0.935152
vn -0.496177 -0.464622 0.733440
vn -0.431777 -0.397626 0.809606
vn -0.088654 -0.318948 0.943617
vn -0.856441 -0.478211 0.194483
vn -0.496177 -0.464622 0.733440
vn -0.583220 -0.559423 0.588983
vn -0.903357 -0.428506 -0.018148
vn -0.856441 -0.478211 0.194483
vn -0.903357 -0.428506 -0.018148
vn -0.941137 -0.293724 -0.167294
vn -0.907715 -0.415372 -0.059333
vn -0.583220 -0.559423 0.588983
vn -0.100241 -0.450019 0.887375
vn -0.112185 -0.478703 0.870780
vn -0.634458 -0.567463 0.524832
vn -0.583220 -0.559423 0.588983
vn -0.496177 -0.464622 0.733440
vn -0.097519 -0.340560 0.935152
vn -0.100241 -0.450019 0.887375
vn -0.903357 -0.428506 -0.018148
vn -0.583220 -0.559423 0.588983
vn -0.634458 -0.567463 0.524832
vn -0.926687 -0.342168 -0.155472
vn -0.943042 -0.212569 -0.255902
vn -0.941137 -0.293724 -0.167294
vn -0.903357 -0.428506 -0.018148
vn -0.926687 -0.342168 -0.155472
vn -0.634458 -0.567463 0.524832
vn -0.112185 -0.478703 0.870780
vn -0.120641 -0.483004 0.867268
vn -0.682138 -0.592910 0.427956
vn -0.926687 -0.342168 -0.155472
vn -0.634458 -0.567463 0.524832
vn -0.682138 -0.592910 0.427956
vn -0.887164 -0.357986 -0.291182
vn -0.888121 -0.328094 -0.321864
vn -0.943042 -0.212569 -0.255902
vn -0.926687 -0.342168 -0.155472
vn -0.887164 -0.357986 -0.291182
vn -0.682138 -0.592910 0.427956
vn -0.120641 -0.483004 0.867268
vn -0.139366 -0.416098 0.898576
vn -0.613512 -0.657931 0.436726
vn -0.682138 -0.592910 0.427956
vn -0.613512 -0.657931 0.436726
vn -0.784188 -0.510907 -0.352169
vn -0.887164 -0.357986 -0.291182
vn -0.784188 -0.510907 -0.352169
vn -0.613512 -0.657931 0.436726
vn -0.574445 -0.678517 0.457852
vn -0.536745 -0.752255 -0.382123
vn -0.784188 -0.510907 -0.352169
vn -0.798549 -0.470721 -0.375155
vn -0.888121 -0.328094 -0.321864
vn -0.887164 -0.357986 -0.291182
vn -0.784188 -0.510907 -0.352169
vn -0.536745 -0.752255 -0.382123
vn -0.537852 -0.691992 -0.481521
vn -0.798549 -0.470721 -0.375155
vn -0.574445 -0.678517 0.457852
vn -0.613512 -0.657931 0.436726
vn -0.139366 -0.416098 0.898576
vn -0.300932 -0.242141 0.922392
vn -0.536745 -0.752255 -0.382123
vn -0.574445 -0.678517 0.457852
vn -0.415322 -0.823291 0.386911
vn -0.213159 -0.904454 -0.369496
vn -0.213159 -0.904454 -0.369496
vn -0.138782 -0.842461 -0.520576
vn -0.537852 -0.691992 -0.481521
vn -0.536745 -0.752255 -0.382123
vn -0.337687 -0.251150 0.907134
vn -0.415322 -0.823291 0.386911
vn -0.574445 -0.678517 0.457852
vn -0.300932 -0.242141 0.922392
vn -0.038045 -0.973418 -0.225852
vn -0.202196 -0.890650 0.407259
vn -0.157622 -0.870791 0.465702
vn 0.136599 -0.990624 -0.002186
vn -0.038045 -0.973418 -0.225852
vn 0.136599 -0.990624 -0.002186
vn 0.347093 -0.918509 -0.189388
vn 0.130690 -0.898887 -0.418237
vn -0.157622 -0.870791 0.465702
vn -0.367751 -0.428224 0.825460
vn -0.392706 -0.523023 0.756458
vn -0.051093 -0.843272 0.535053
vn -0.157622 -0.870791 0.465702
vn -0.202196 -0.890650 0.407259
vn -0.236817 -0.339001 0.910492
vn -0.367751 -0.428224 0.825460
vn -0.157622 -0.870791 0.465702
vn -0.051093 -0.843272 0.535053
vn 0.293912 -0.941717 0.163662
vn 0.136599 -0.990624 -0.002186
vn 0.293912 -0.941717 0.163662
vn -0.051093 -0.843272 0.535053
vn 0.097434 -0.733166 0.673034
vn 0.456953 -0.833736 0.309966
vn 0.293912 -0.941717 0.163662
vn 0.417569 -0.906568 -0.061405
vn 0.347093 -0.918509 -0.189388
vn 0.136599 -0.990624 -0.002186
vn 0.293912 -0.941717 0.163662
vn 0.456953 -0.833736 0.309966
vn 0.597569 -0.799972 -0.054362
vn 0.417569 -0.906568 -0.061405
vn 0.097434 -0.733166 0.673034
vn -0.051093 -0.843272 0.535053
vn -0.392706 -0.523023 0.756458
vn -0.244724 -0.525741 0.814682
vn -0.244724 -0.525741 0.814682
vn -0.392706 -0.523023 0.756458
vn -0.579897 -0.184392 0.793548
vn -0.495534 -0.300480 0.814959
vn -0.579897 -0.184392 0.793548
vn -0.685558 0.093445 0.721996
vn -0.712936 -0.067177 0.698004
vn -0.495534 -0.300480 0.814959
vn -0.579897 -0.184392 0.793548
vn -0.437052 -0.049964 0.898048
vn -0.476222 0.232273 0.848093
vn -0.685558 0.093445 0.721996
vn -0.579897 -0.184392 0.793548
vn -0.392706 -0.523023 0.756458
vn -0.367751 -0.428224 0.825460
vn -0.437052 -0.049964 0.898048
vn -0.437052 -0.049964 0.898048
vn -0.216171 0.054834 0.974815
vn -0.210074 0.319214 0.924106
vn -0.476222 0.232273 0.848093
vn -0.437052 -0.049964 0.898048
vn -0.367751 -0.428224 0.825460
vn -0.236817 -0.339001 0.910492
vn -0.216171 0.054834 0.974815
vn -0.200807 0.331707 0.921763
vn -0.252621 0.081788 0.964102
vn -0.096478 0.033511 0.994771
vn 0.091349 0.290174 0.952604
vn -0.252621 0.081788 0.964102
vn -0.337687 -0.251150 0.907134
vn -0.300932 -0.242141 0.922392
vn -0.096478 0.033511 0.994771
vn -0.096478 0.033511 0.994771
vn 0.190647 -0.172844 0.966322
vn 0.480140 0.087478 0.872819
vn 0.091349 0.290174 0.952604
vn -0.096478 0.033511 0.994771
vn -0.300932 -0.242141 0.922392
vn -0.139366 -0.416098 0.898576
vn 0.190647 -0.172844 0.966322
vn 0.190647 -0.172844 0.966322
vn 0.231786 -0.282624 0.930806
vn 0.553167 -0.020884 0.832808
vn 0.480140 0.087478 0.872819
vn 0.190647 -0.172844 0.966322
vn -0.139366 -0.416098 0.898576
vn -0.120641 -0.483004 0.867268
vn 0.231786 -0.282624 0.930806
vn 0.553167 -0.020884 0.832808
vn 0.231786 -0.282624 0.930806
vn 0.187553 -0.342987 0.920426
vn 0.497981 -0.130039 0.857383
vn 0.231786 -0.282624 0.930806
vn -0.120641 -0.483004 0.867268
vn -0.112185 -0.478703 0.870780
vn 0.187553 -0.342987 0.920426
vn 0.497981 -0.130039 0.857383
vn 0.187553 -0.342987 0.920426
vn 0.157225 -0.349513 0.923645
vn 0.433384 -0.228643 0.871723
vn 0.187553 -0.342987 0.920426
vn -0.112185 -0.478703 0.870780
vn -0.100241 -0.450019 0.887375
vn 0.157225 -0.349513 0.923645
vn 0.157225 -0.349513 0.923645
vn 0.138137 -0.249987 0.958345
vn 0.419396 -0.145251 0.896108
vn 0.433384 -0.228643 0.871723
vn 0.157225 -0.349513 0.923645
vn -0.100241 -0.450019 0.887375
vn -0.097519 -0.340560 0.935152
vn 0.138137 -0.249987 0.958345
vn 0.419396 -0.145251 0.896108
vn 0.138137 -0.249987 0.958345
vn 0.123390 -0.254871 0.959070
vn 0.415463 -0.172854 0.893035
vn 0.138137 -0.249987 0.958345
vn -0.097519 -0.340560 0.935152
vn -0.088654 -0.318948 0.943617
vn 0.123390 -0.254871 0.959070
vn 0.419396 -0.145251 0.896108
vn 0.415463 -0.172854 0.893035
vn 0.738973 -0.070625 0.670023
vn 0.739648 -0.019143 0.672722
vn 0.738973 -0.070625 0.670023
vn 0.415463 -0.172854 0.893035
vn 0.384732 -0.236034 0.892339
vn 0.691276 -0.190165 0.697119
vn 0.967927 -0.110963 0.225399
vn 0.963339 0.015422 0.267842
vn 0.738973 -0.070625 0.670023
vn 0.691276 -0.190165 0.697119
vn 0.738973 -0.070625 0.670023
vn 0.963339 0.015422 0.267842
vn 0.953857 0.072970 0.291259
vn 0.739648 -0.019143 0.672722
vn 0.739648 -0.019143 0.672722
vn 0.953857 0.072970 0.291259
vn 0.941775 0.091537 0.323544
vn 0.750530 -0.043623 0.659395
vn 0.739648 -0.019143 0.672722
vn 0.750530 -0.043623 0.659395
vn 0.433384 -0.228643 0.871723
vn 0.419396 -0.145251 0.896108
vn 0.750530 -0.043623 0.659395
vn 0.941775 0.091537 0.323544
vn 0.917486 0.143925 0.370817
vn 0.756485 0.057768 0.651455
vn 0.497981 -0.130039 0.857383
vn 0.433384 -0.228643 0.871723
vn 0.750530 -0.043623 0.659395
vn 0.756485 0.057768 0.651455
vn 0.756485 0.057768 0.651455
vn 0.917486 0.143925 0.370817
vn 0.873361 0.275820 0.401452
vn 0.752894 0.155987 0.639390
vn 0.553167 -0.020884 0.832808
vn 0.497981 -0.130039 0.857383
vn 0.756485 0.057768 0.651455
vn 0.752894 0.155987 0.639390
vn 0.752894 0.155987 0.639390
vn 0.873361 0.275820 0.401452
vn 0.713350 0.546208 0.439076
vn 0.635723 0.310679 0.706636
vn 0.752894 0.155987 0.639390
vn 0.635723 0.310679 0.706636
vn 0.480140 0.087478 0.872819
vn 0.553167 -0.020884 0.832808
vn 0.635723 0.310679 0.706636
vn 0.713350 0.546208 0.439076
vn 0.288869 0.840818 0.457800
vn 0.217605 0.579221 0.785590
vn 0.635723 0.310679 0.706636
vn 0.217605 0.579221 0.785590
vn 0.091349 0.290174 0.952604
vn 0.480140 0.087478 0.872819
vn 0.217605 0.579221 0.785590
vn 0.288869 0.840818 0.457800
vn -0.036276 0.881992 0.469866
vn -0.132771 0.604250 0.785655
vn -0.132771 0.604250 0.785655
vn -0.200807 0.331707 0.921763
vn 0.091349 0.290174 0.952604
vn 0.217605 0.579221 0.785590
vn -0.207942 0.557020 0.804045
vn -0.201941 0.841390 0.501282
vn -0.496732 0.725908 0.475726
vn -0.503989 0.468064 0.725887
vn -0.207942 0.557020 0.804045
vn -0.503989 0.468064 0.725887
vn -0.476222 0.232273 0.848093
vn -0.210074 0.319214 0.924106
vn -0.503989 0.468064 0.725887
vn -0.496732 0.725908 0.475726
vn -0.728848 0.525114 0.439359
vn -0.727314 0.307477 0.613573
vn -0.503989 0.468064 0.725887
vn -0.727314 0.307477 0.613573
vn -0.685558 0.093445 0.721996
vn -0.476222 0.232273 0.848093
vn -0.727314 0.307477 0.613573
vn -0.728848 0.525114 0.439359
vn -0.902324 0.222479 0.369207
vn -0.821953 0.096965 0.561240
vn -0.727314 0.307477 0.613573
vn -0.821953 0.096965 0.561240
vn -0.712936 -0.067177 0.698004
vn -0.685558 0.093445 0.721996
vn -0.824704 -0.416376 0.382746
vn -0.930450 -0.362934 0.050414
vn -0.922718 -0.290281 0.253630
vn -0.695098 -0.331475 0.637937
vn 0.012698 0.999919 0.000000
vn -0.036288 0.881976 -0.469895
vn -0.201338 0.841517 -0.501310
vn -0.176068 0.984378 0.000121
vn -0.036276 0.881992 0.469866
vn 0.012698 0.999919 0.000000
vn -0.176068 0.984378 0.000121
vn -0.201941 0.841390 0.501282
vn -0.132771 0.604250 0.785655
vn -0.036276 0.881992 0.469866
vn -0.201941 0.841390 0.501282
vn -0.207942 0.557020 0.804045
vn -0.210074 0.319214 0.924106
vn -0.200807 0.331707 0.921763
vn -0.132771 0.604250 0.785655
vn -0.207942 0.557020 0.804045
vn -0.210074 0.319214 0.924106
vn -0.216171 0.054834 0.974815
vn -0.252621 0.081788 0.964102
vn -0.200807 0.331707 0.921763
vn -0.216171 0.054834 0.974815
vn -0.236817 -0.339001 0.910492
vn -0.337687 -0.251150 0.907134
vn -0.252621 0.081788 0.964102
vn -0.236817 -0.339001 0.910492
vn -0.202196 -0.890650 0.407259
vn -0.415322 -0.823291 0.386911
vn -0.337687 -0.251150 0.907134
vn -0.213159 -0.904454 -0.369496
vn -0.415322 -0.823291 0.386911
vn -0.202196 -0.890650 0.407259
vn -0.038045 -0.973418 -0.225852
vn 0.130690 -0.898887 -0.418237
vn -0.138782 -0.842461 -0.520576
vn -0.213159 -0.904454 -0.369496
vn -0.038045 -0.973418 -0.225852
vn 0.130690 -0.898887 -0.418237
vn 0.162499 -0.986709 -0.000712
vn -0.153994 -0.988072 -0.000768
vn -0.138782 -0.842461 -0.520576
vn 0.162499 -0.986709 -0.000712
vn 0.130647 -0.899181 0.417618
vn -0.138290 -0.843263 0.519407
vn -0.153994 -0.988072 -0.000768
vn -0.212161 -0.905529 0.367429
vn -0.138290 -0.843263 0.519407
vn 0.130647 -0.899181 0.417618
vn -0.037237 -0.973706 0.224743
vn -0.413306 -0.824318 -0.386883
vn -0.212161 -0.905529 0.367429
vn -0.037237 -0.973706 0.224743
vn -0.199664 -0.891459 -0.406737
vn -0.337211 -0.251813 -0.907127
vn -0.413306 -0.824318 -0.386883
vn -0.199664 -0.891459 -0.406737
vn -0.234592 -0.339305 -0.910955
vn -0.252646 0.081865 -0.964089
vn -0.337211 -0.251813 -0.907127
vn -0.234592 -0.339305 -0.910955
vn -0.214476 0.054991 -0.975180
vn -0.214476 0.054991 -0.975180
vn -0.208726 0.319355 -0.924362
vn -0.200855 0.332013 -0.921642
vn -0.252646 0.081865 -0.964089
vn -0.132787 0.604347 -0.785578
vn -0.200855 0.332013 -0.921642
vn -0.208726 0.319355 -0.924362
vn -0.206798 0.557115 -0.804274
vn -0.201338 0.841517 -0.501310
vn -0.036288 0.881976 -0.469895
vn -0.132787 0.604347 -0.785578
vn -0.206798 0.557115 -0.804274
vn 0.632879 0.005695 -0.774230
vn 0.000000 0.005206 -0.999987
vn 0.000000 -0.063204 -0.998001
vn 0.630162 -0.069220 -0.773372
vn 0.000000 0.005206 -0.999987
vn -0.632879 0.005695 -0.774230
vn -0.630162 -0.069220 -0.773372
vn 0.000000 -0.063204 -0.998001
vn -0.632879 0.005695 -0.774230
vn -0.999980 0.006355 0.000000
vn -0.996997 -0.077438 0.000000
vn -0.630162 -0.069220 -0.773372
vn -0.999980 0.006355 0.000000
vn -0.632879 0.005695 0.774230
vn -0.630162 -0.069220 0.773372
vn -0.996997 -0.077438 0.000000
vn -0.632879 0.005695 0.774230
vn 0.000000 0.005206 0.999987
vn 0.000000 -0.063204 0.998001
vn -0.630162 -0.069220 0.773372
vn 0.000000 0.005206 0.999987
vn 0.632879 0.005695 0.774230
vn 0.630162 -0.069220 0.773372
vn 0.000000 -0.063204 0.998001
vn 0.632879 0.005695 0.774230
vn 0.999980 0.006355 0.000000
vn 0.996997 -0.077438 0.000000
vn 0.630162 -0.069220 0.773372
vn 0.999980 0.006355 0.000000
vn 0.632879 0.005695 -0.774230
vn 0.630162 -0.069220 -0.773372
vn 0.996997 -0.077438 0.000000
vn 0.000000 -0.783657 -0.621194
vn 0.362831 -0.805235 -0.468989
vn 0.000000 -1.000000 0.000000
vn -0.362832 -0.805234 -0.468989
vn 0.000000 -0.783657 -0.621194
vn 0.000000 -1.000000 0.000000
vn -0.553443 -0.832887 0.000000
vn -0.362832 -0.805234 -0.468989
vn 0.000000 -1.000000 0.000000
vn -0.362832 -0.805234 0.468989
vn -0.553443 -0.832887 0.000000
vn 0.000000 -1.000000 0.000000
vn 0.000000 -0.783657 0.621194
vn -0.362832 -0.805234 0.468989
vn 0.000000 -1.000000 0.000000
vn 0.362831 -0.805235 0.468989
vn 0.000000 -0.783657 0.621194
vn 0.000000 -1.000000 0.000000
vn 0.553443 -0.832887 0.000000
vn 0.362831 -0.805235 0.468989
vn 0.000000 -1.000000 0.000000
vn 0.362831 -0.805235 -0.468989
vn 0.553443 -0.832887 0.000000
vn 0.000000 -1.000000 0.000000
vn 0.506107 0.199489 -0.839083
vn 0.000000 0.272887 -0.962046
vn 0.000000 1.000000 0.000000
vn 0.000000 0.272887 -0.962046
vn -0.506107 0.199488 -0.839083
vn 0.000000 1.000000 0.000000
vn -0.506107 0.199488 -0.839083
vn -0.991271 0.131837 0.000000
vn 0.000000 1.000000 0.000000
vn -0.991271 0.131837 0.000000
vn -0.506107 0.199489 0.839083
vn 0.000000 1.000000 0.000000
vn -0.506107 0.199489 0.839083
vn 0.000000 0.272887 0.962046
vn 0.000000 1.000000 0.000000
vn 0.000000 0.272887 0.962046
vn 0.506106 0.199489 0.839083
vn 0.000000 1.000000 0.000000
vn 0.506106 0.199489 0.839083
vn 0.991271 0.131838 0.000001
vn 0.000000 1.000000 0.000000
vn 0.991271 0.131838 0.000001
vn 0.506107 0.199489 -0.839083
vn 0.000000 1.000000 0.000000
vn 0.630162 -0.069220 -0.773372
vn 0.000000 -0.063204 -0.998001
vn 0.000000 -0.093390 -0.995630
vn 0.608820 -0.120575 -0.784092
vn 0.000000 -0.063204 -0.998001
vn -0.630162 -0.069220 -0.773372
vn -0.608821 -0.120575 -0.784091
vn 0.000000 -0.093390 -0.995630
vn -0.630162 -0.069220 -0.773372
vn -0.996997 -0.077438 0.000000
vn -0.987827 -0.155558 0.000000
vn -0.608821 -0.120575 -0.784091
vn -0.996997 -0.077438 0.000000
vn -0.630162 -0.069220 0.773372
vn -0.608821 -0.120575 0.784091
vn -0.987827 -0.155558 0.000000
vn -0.630162 -0.069220 0.773372
vn 0.000000 -0.063204 0.998001
vn 0.000000 -0.093390 0.995630
vn -0.608821 -0.120575 0.784091
vn 0.000000 -0.063204 0.998001
vn 0.630162 -0.069220 0.773372
vn 0.608820 -0.120575 0.784092
vn 0.000000 -0.093390 0.995630
vn 0.630162 -0.069220 0.773372
vn 0.996997 -0.077438 0.000000
vn 0.987827 -0.155558 0.000000
vn 0.608820 -0.120575 0.784092
vn 0.996997 -0.077438 0.000000
vn 0.630162 -0.069220 -0.773372
vn 0.608820 -0.120575 -0.784092
vn 0.987827 -0.155558 0.000000
vn 0.608820 -0.120575 -0.784092
vn 0.000000 -0.093390 -0.995630
vn 0.000000 -0.037523 -0.999296
vn 0.507767 -0.124620 -0.852434
vn 0.000000 -0.093390 -0.995630
vn -0.608821 -0.120575 -0.784091
vn -0.507766 -0.124620 -0.852434
vn 0.000000 -0.037523 -0.999296
vn -0.608821 -0.120575 -0.784091
vn -0.987827 -0.155558 0.000000
vn -0.969178 -0.246361 0.000000
vn -0.507766 -0.124620 -0.852434
vn -0.987827 -0.155558 0.000000
vn -0.608821 -0.120575 0.784091
vn -0.507766 -0.124620 0.852434
vn -0.969178 -0.246361 0.000000
vn -0.608821 -0.120575 0.784091
vn 0.000000 -0.093390 0.995630
vn 0.000000 -0.037523 0.999296
vn -0.507766 -0.124620 0.852434
vn 0.000000 -0.093390 0.995630
vn 0.608820 -0.120575 0.784092
vn 0.507767 -0.124620 0.852434
vn 0.000000 -0.037523 0.999296
vn 0.608820 -0.120575 0.784092
vn 0.987827 -0.155558 0.000000
vn 0.969178 -0.246361 0.000000
vn 0.507767 -0.124620 0.852434
vn 0.987827 -0.155558 0.000000
vn 0.608820 -0.120575 -0.784092
vn 0.507767 -0.124620 -0.852434
vn 0.969178 -0.246361 0.000000
vn 0.507767 -0.124620 -0.852434
vn 0.000000 -0.037523 -0.999296
vn 0.000000 0.272887 -0.962046
vn 0.506107 0.199489 -0.839083
vn 0.000000 -0.037523 -0.999296
vn -0.507766 -0.124620 -0.852434
vn -0.506107 0.199488 -0.839083
vn 0.000000 0.272887 -0.962046
vn -0.507766 -0.124620 -0.852434
vn -0.969178 -0.246361 0.000000
vn -0.991271 0.131837 0.000000
vn -0.506107 0.199488 -0.839083
vn -0.969178 -0.246361 0.000000
vn -0.507766 -0.124620 0.852434
vn -0.506107 0.199489 0.839083
vn -0.991271 0.131837 0.000000
vn -0.507766 -0.124620 0.852434
vn 0.000000 -0.037523 0.999296
vn 0.000000 0.272887 0.962046
vn -0.506107 0.199489 0.839083
vn 0.000000 -0.037523 0.999296
vn 0.507767 -0.124620 0.852434
vn 0.506106 0.199489 0.839083
vn 0.000000 0.272887 0.962046
vn 0.507767 -0.124620 0.852434
vn 0.969178 -0.246361 0.000000
vn 0.991271 0.131838 0.000001
vn 0.506106 0.199489 0.839083
vn 0.969178 -0.246361 0.000000
vn 0.507767 -0.124620 -0.852434
vn 0.506107 0.199489 -0.839083
vn 0.991271 0.131838 0.000001
vn 0.000000 0.005206 -0.999987
vn 0.632879 0.005695 -0.774230
vn 0.632012 0.043063 -0.773761
vn 0.000000 0.039288 -0.999228
vn -0.632879 0.005695 -0.774230
vn 0.000000 0.005206 -0.999987
vn 0.000000 0.039288 -0.999228
vn -0.632012 0.043062 -0.773761
vn -0.999980 0.006355 0.000000
vn -0.632879 0.005695 -0.774230
vn -0.632012 0.043062 -0.773761
vn -0.998838 0.048204 0.000000
vn -0.632879 0.005695 0.774230
vn -0.999980 0.006355 0.000000
vn -0.998838 0.048204 0.000000
vn -0.632012 0.043062 0.773761
vn 0.000000 0.005206 0.999987
vn -0.632879 0.005695 0.774230
vn -0.632012 0.043062 0.773761
vn 0.000000 0.039288 0.999228
vn 0.632879 0.005695 0.774230
vn 0.000000 0.005206 0.999987
vn 0.000000 0.039288 0.999228
vn 0.632012 0.043063 0.773761
vn 0.999980 0.006355 0.000000
vn 0.632879 0.005695 0.774230
vn 0.632012 0.043063 0.773761
vn 0.998838 0.048204 0.000000
vn 0.632879 0.005695 -0.774230
vn 0.999980 0.006355 0.000000
vn 0.998838 0.048204 0.000000
vn 0.632012 0.043063 -0.773761
vn 0.000000 0.039288 -0.999228
vn 0.632012 0.043063 -0.773761
vn 0.625499 0.201926 -0.753642
vn 0.000000 0.180909 -0.983500
vn -0.632012 0.043062 -0.773761
vn 0.000000 0.039288 -0.999228
vn 0.000000 0.180909 -0.983500
vn -0.625500 0.201925 -0.753642
vn -0.998838 0.048204 0.000000
vn -0.632012 0.043062 -0.773761
vn -0.625500 0.201925 -0.753642
vn -0.973043 0.230625 0.000000
vn -0.632012 0.043062 0.773761
vn -0.998838 0.048204 0.000000
vn -0.973043 0.230625 0.000000
vn -0.625500 0.201925 0.753642
vn 0.000000 0.039288 0.999228
vn -0.632012 0.043062 0.773761
vn -0.625500 0.201925 0.753642
vn 0.000000 0.180909 0.983500
vn 0.632012 0.043063 0.773761
vn 0.000000 0.039288 0.999228
vn 0.000000 0.180909 0.983500
vn 0.625500 0.201926 0.753642
vn 0.998838 0.048204 0.000000
vn 0.632012 0.043063 0.773761
vn 0.625500 0.201926 0.753642
vn 0.973043 0.230626 0.000000
vn 0.632012 0.043063 -0.773761
vn 0.998838 0.048204 0.000000
vn 0.973043 0.230626 0.000000
vn 0.625499 0.201926 -0.753642
vn 0.000000 0.180909 -0.983500
vn 0.625499 0.201926 -0.753642
vn -0.128653 0.984671 0.117777
vn 0.000000 0.975200 0.221325
vn -0.625500 0.201925 -0.753642
vn 0.000000 0.180909 -0.983500
vn 0.000000 0.975200 0.221325
vn 0.128653 0.984671 0.117777
vn -0.973043 0.230625 0.000000
vn -0.625500 0.201925 -0.753642
vn 0.128653 0.984671 0.117777
vn 0.127920 0.991785 0.000000
vn -0.625500 0.201925 0.753642
vn -0.973043 0.230625 0.000000
vn 0.127920 0.991785 0.000000
vn 0.128653 0.984671 -0.117777
vn 0.000000 0.180909 0.983500
vn -0.625500 0.201925 0.753642
vn 0.128653 0.984671 -0.117777
vn 0.000000 0.975200 -0.221325
vn 0.625500 0.201926 0.753642
vn 0.000000 0.180909 0.983500
vn 0.000000 0.975200 -0.221325
vn -0.128653 0.984671 -0.117777
vn 0.973043 0.230626 0.000000
vn 0.625500 0.201926 0.753642
vn -0.128653 0.984671 -0.117777
vn -0.127920 0.991785 0.000000
vn 0.625499 0.201926 -0.753642
vn 0.973043 0.230626 0.000000
vn -0.127920 0.991785 0.000000
vn -0.128653 0.984671 0.117777
vn 0.000000 0.243244 -0.969965
vn 0.608903 0.259687 -0.749533
vn 0.612353 0.232528 -0.755616
vn 0.000000 0.213243 -0.976999
vn -0.608903 0.259688 -0.749533
vn 0.000000 0.243244 -0.969965
vn 0.000000 0.213243 -0.976999
vn -0.612353 0.232528 -0.755616
vn -0.959774 0.280774 0.000000
vn -0.608903 0.259688 -0.749533
vn -0.612353 0.232528 -0.755616
vn -0.965940 0.258768 0.000000
vn -0.608903 0.259688 0.749533
vn -0.959774 0.280774 0.000000
vn -0.965940 0.258768 0.000000
vn -0.612353 0.232528 0.755616
vn 0.000000 0.243244 0.969965
vn -0.608903 0.259688 0.749533
vn -0.612353 0.232528 0.755616
vn 0.000000 0.213243 0.976999
vn 0.608903 0.259687 0.749533
vn 0.000000 0.243244 0.969965
vn 0.000000 0.213243 0.976999
vn 0.612353 0.232528 0.755616
vn 0.959774 0.280774 0.000000
vn 0.608903 0.259687 0.749533
vn 0.612353 0.232528 0.755616
vn 0.965940 0.258768 0.000000
vn 0.608903 0.259687 -0.749533
vn 0.959774 0.280774 0.000000
vn 0.965940 0.258768 0.000000
vn 0.612353 0.232528 -0.755616
vn 0.000000 0.213243 -0.976999
vn 0.612353 0.232528 -0.755616
vn 0.639788 0.050046 -0.766920
vn 0.000000 0.046200 -0.998932
vn -0.612353 0.232528 -0.755616
vn 0.000000 0.213243 -0.976999
vn 0.000000 0.046200 -0.998932
vn -0.639788 0.050046 -0.766920
vn -0.965940 0.258768 0.000000
vn -0.612353 0.232528 -0.755616
vn -0.639788 0.050046 -0.766920
vn -0.998498 0.054790 0.000000
vn -0.612353 0.232528 0.755616
vn -0.965940 0.258768 0.000000
vn -0.998498 0.054790 0.000000
vn -0.639788 0.050046 0.766920
vn 0.000000 0.213243 0.976999
vn -0.612353 0.232528 0.755616
vn -0.639788 0.050046 0.766920
vn 0.000000 0.046200 0.998932
vn 0.612353 0.232528 0.755616
vn 0.000000 0.213243 0.976999
vn 0.000000 0.046200 0.998932
vn 0.639788 0.050046 0.766920
vn 0.965940 0.258768 0.000000
vn 0.612353 0.232528 0.755616
vn 0.639788 0.050046 0.766920
vn 0.998498 0.054791 0.000000
vn 0.612353 0.232528 -0.755616
vn 0.965940 0.258768 0.000000
vn 0.998498 0.054791 0.000000
vn 0.639788 0.050046 -0.766920
vn 0.000000 0.046200 -0.998932
vn 0.639788 0.050046 -0.766920
vn 0.607850 -0.293160 -0.737953
vn 0.000000 -0.272820 -0.962065
vn -0.639788 0.050046 -0.766920
vn 0.000000 0.046200 -0.998932
vn 0.000000 -0.272820 -0.962065
vn -0.607851 -0.293160 -0.737953
vn -0.998498 0.054790 0.000000
vn -0.639788 0.050046 -0.766920
vn -0.607851 -0.293160 -0.737953
vn -0.947920 -0.318510 0.000000
vn -0.639788 0.050046 0.766920
vn -0.998498 0.054790 0.000000
vn -0.947920 -0.318510 0.000000
vn -0.607851 -0.293160 0.737953
vn 0.000000 0.046200 0.998932
vn -0.639788 0.050046 0.766920
vn -0.607851 -0.293160 0.737953
vn 0.000000 -0.272820 0.962065
vn 0.639788 0.050046 0.766920
vn 0.000000 0.046200 0.998932
vn 0.000000 -0.272820 0.962065
vn 0.607850 -0.293160 0.737953
vn 0.998498 0.054791 0.000000
vn 0.639788 0.050046 0.766920
vn 0.607850 -0.293160 0.737953
vn 0.947920 -0.318510 0.000000
vn 0.639788 0.050046 -0.766920
vn 0.998498 0.054791 0.000000
vn 0.947920 -0.318510 0.000000
vn 0.607850 -0.293160 -0.737953
vn 0.000000 -0.272820 -0.962065
vn 0.607850 -0.293160 -0.737953
vn 0.504444 -0.593552 -0.627083
vn 0.000000 -0.562582 -0.826742
vn -0.607851 -0.293160 -0.737953
vn 0.000000 -0.272820 -0.962065
vn 0.000000 -0.562582 -0.826742
vn -0.504444 -0.593552 -0.627083
vn -0.947920 -0.318510 0.000000
vn -0.607851 -0.293160 -0.737953
vn -0.504444 -0.593552 -0.627083
vn -0.774748 -0.632271 0.000000
vn -0.607851 -0.293160 0.737953
vn -0.947920 -0.318510 0.000000
vn -0.774748 -0.632271 0.000000
vn -0.504444 -0.593552 0.627083
vn 0.000000 -0.272820 0.962065
vn -0.607851 -0.293160 0.737953
vn -0.504444 -0.593552 0.627083
vn 0.000000 -0.562582 0.826742
vn 0.607850 -0.293160 0.737953
vn 0.000000 -0.272820 0.962065
vn 0.000000 -0.562582 0.826742
vn 0.504444 -0.593552 0.627083
vn 0.947920 -0.318510 0.000000
vn 0.607850 -0.293160 0.737953
vn 0.504444 -0.593552 0.627083
vn 0.774747 -0.632271 0.000000
vn 0.607850 -0.293160 -0.737953
vn 0.947920 -0.318510 0.000000
vn 0.774747 -0.632271 0.000000
vn 0.504444 -0.593552 -0.627083
vn 0.000000 -0.562582 -0.826742
vn 0.504444 -0.593552 -0.627083
vn 0.362831 -0.805235 -0.468989
vn 0.000000 -0.783657 -0.621194
vn -0.504444 -0.593552 -0.627083
vn 0.000000 -0.562582 -0.826742
vn 0.000000 -0.783657 -0.621194
vn -0.362832 -0.805234 -0.468989
vn -0.774748 -0.632271 0.000000
vn -0.504444 -0.593552 -0.627083
vn -0.362832 -0.805234 -0.468989
vn -0.553443 -0.832887 0.000000
vn -0.504444 -0.593552 0.627083
vn -0.774748 -0.632271 0.000000
vn -0.553443 -0.832887 0.000000
vn -0.362832 -0.805234 0.468989
vn 0.000000 -0.562582 0.826742
vn -0.504444 -0.593552 0.627083
vn -0.362832 -0.805234 0.468989
vn 0.000000 -0.783657 0.621194
vn 0.504444 -0.593552 0.627083
vn 0.000000 -0.562582 0.826742
vn 0.000000 -0.783657 0.621194
vn 0.362831 -0.805235 0.468989
vn 0.774747 -0.632271 0.000000
vn 0.504444 -0.593552 0.627083
vn 0.362831 -0.805235 0.468989
vn 0.553443 -0.832887 0.000000
vn 0.504444 -0.593552 -0.627083
vn 0.774747 -0.632271 0.000000
vn 0.553443 -0.832887 0.000000
vn 0.362831 -0.805235 -0.468989
vn 0.000000 0.975200 0.221325
vn -0.128653 0.984671 0.117777
vn 0.608903 0.259687 -0.749533
vn 0.000000 0.243244 -0.969965
vn 0.128653 0.984671 0.117777
vn 0.000000 0.975200 0.221325
vn 0.000000 0.243244 -0.969965
vn -0.608903 0.259688 -0.749533
vn 0.127920 0.991785 0.000000
vn 0.128653 0.984671 0.117777
vn -0.608903 0.259688 -0.749533
vn -0.959774 0.280774 0.000000
vn 0.128653 0.984671 -0.117777
vn 0.127920 0.991785 0.000000
vn -0.959774 0.280774 0.000000
vn -0.608903 0.259688 0.749533
vn 0.000000 0.975200 -0.221325
vn 0.128653 0.984671 -0.117777
vn -0.608903 0.259688 0.749533
vn 0.000000 0.243244 0.969965
vn -0.128653 0.984671 -0.117777
vn 0.000000 0.975200 -0.221325
vn 0.000000 0.243244 0.969965
vn 0.608903 0.259687 0.749533
vn -0.127920 0.991785 0.000000
vn -0.128653 0.984671 -0.117777
vn 0.608903 0.259687 0.749533
vn 0.959774 0.280774 0.000000
vn -0.128653 0.984671 0.117777
vn -0.127920 0.991785 0.000000
vn 0.959774 0.280774 0.000000
vn 0.608903 0.259687 -0.749533
vn 0.045477 -0.048328 0.997796
vn 0.466684 -0.040620 0.883491
vn 0.534073 -0.027517 0.844990
vn 0.020286 -0.041582 0.998929
vn -0.000519 -0.184360 0.982859
vn 0.498887 -0.283623 0.818944
vn 0.516280 0.028804 0.855935
vn 0.018087 -0.040914 0.998999
vn -0.023718 -0.040133 0.998913
vn 0.517044 -0.081415 0.852078
vn 0.465347 -0.119271 0.877056
vn -0.052576 -0.025582 0.998289
vn -0.004772 -0.017872 0.999829
vn 0.341800 -0.155637 0.926796
vn 0.450515 -0.069504 0.890059
vn 0.020734 0.036976 0.999101
vn 0.055016 0.182209 0.981719
vn 0.059342 0.099692 0.993247
vn 0.536957 0.079558 0.839850
vn 0.736597 0.040637 0.675110
vn 0.020734 0.036976 0.999101
vn 0.450515 -0.069504 0.890059
vn 0.536957 0.079558 0.839850
vn 0.059342 0.099692 0.993247
vn -0.070909 -0.012955 0.997399
vn 0.389589 -0.153095 0.908175
vn 0.341800 -0.155637 0.926796
vn -0.004772 -0.017872 0.999829
vn -0.052576 -0.025582 0.998289
vn 0.465347 -0.119271 0.877056
vn 0.389589 -0.153095 0.908175
vn -0.070909 -0.012955 0.997399
vn -0.000221 -0.036036 0.999350
vn 0.522020 -0.029908 0.852409
vn 0.517044 -0.081415 0.852078
vn -0.023718 -0.040133 0.998913
vn 0.020286 -0.041582 0.998929
vn 0.534073 -0.027517 0.844990
vn 0.522020 -0.029908 0.852409
vn -0.000221 -0.036036 0.999350
vn 0.037697 -0.015256 0.999173
vn 0.343990 0.007983 0.938939
vn 0.466684 -0.040620 0.883491
vn 0.045477 -0.048328 0.997796
vn 0.018087 -0.040914 0.998999
vn 0.516280 0.028804 0.855935
vn 0.343990 0.007983 0.938939
vn 0.037697 -0.015256 0.999173
vn -0.331709 -0.159075 0.929873
vn -0.243770 -0.257722 0.934963
vn -0.000519 -0.184360 0.982859
vn 0.018087 -0.040914 0.998999
vn -0.384743 -0.099122 0.917686
vn -0.331709 -0.159075 0.929873
vn 0.018087 -0.040914 0.998999
vn 0.037697 -0.015256 0.999173
vn -0.415582 -0.072539 0.906659
vn -0.384743 -0.099122 0.917686
vn 0.037697 -0.015256 0.999173
vn 0.045477 -0.048328 0.997796
vn -0.505749 -0.057068 0.860791
vn -0.415582 -0.072539 0.906659
vn 0.045477 -0.048328 0.997796
vn 0.020286 -0.041582 0.998929
vn -0.557304 -0.042566 0.829217
vn -0.505749 -0.057068 0.860791
vn 0.020286 -0.041582 0.998929
vn -0.000221 -0.036036 0.999350
vn -0.606064 -0.003895 0.795406
vn -0.557304 -0.042566 0.829217
vn -0.000221 -0.036036 0.999350
vn -0.023718 -0.040133 0.998913
vn -0.625797 0.053353 0.778159
vn -0.606064 -0.003895 0.795406
vn -0.023718 -0.040133 0.998913
vn -0.052576 -0.025582 0.998289
vn -0.609340 0.112238 0.784925
vn -0.625797 0.053353 0.778159
vn -0.052576 -0.025582 0.998289
vn -0.070909 -0.012955 0.997399
vn -0.563004 0.153752 0.812027
vn -0.609340 0.112238 0.784925
vn -0.070909 -0.012955 0.997399
vn -0.004772 -0.017872 0.999829
vn -0.543516 0.206486 0.813605
vn -0.563004 0.153752 0.812027
vn -0.004772 -0.017872 0.999829
vn 0.020734 0.036976 0.999101
vn -0.556425 0.302296 0.773957
vn -0.543516 0.206486 0.813605
vn 0.020734 0.036976 0.999101
vn 0.059342 0.099692 0.993247
vn -0.540951 0.458052 0.705380
vn -0.556425 0.302296 0.773957
vn 0.059342 0.099692 0.993247
vn 0.055016 0.182209 0.981719
vn 0.288355 0.525832 0.800220
vn -0.540951 0.458052 0.705380
vn 0.055016 0.182209 0.981719
vn 0.288355 0.525832 0.800220
vn 0.055016 0.182209 0.981719
vn 0.736597 0.040637 0.675110
vn 0.534073 -0.027517 0.844990
vn 0.466684 -0.040620 0.883491
vn 0.997865 0.065310 0.000557
vn 0.999989 0.004712 0.000024
vn 0.516280 0.028804 0.855935
vn 0.498887 -0.283623 0.818944
vn 0.981179 -0.191441 -0.025257
vn 0.999122 -0.002404 -0.041832
vn 0.498887 -0.283623 0.818944
vn -0.000519 -0.184360 0.982859
vn 0.692468 -0.703589 0.159533
vn -0.473579 -0.809996 -0.345874
vn 0.465347 -0.119271 0.877056
vn 0.517044 -0.081415 0.852078
vn 0.991319 -0.131472 0.001245
vn 0.949310 -0.314320 -0.003592
vn 0.450515 -0.069504 0.890059
vn 0.341800 -0.155637 0.926796
vn 0.880468 -0.474016 0.009202
vn 0.992620 0.121044 -0.007289
vn 0.736597 0.040637 0.675110
vn 0.536957 0.079558 0.839850
vn 0.978380 0.206770 0.004311
vn 0.992555 0.121417 0.009661
vn 0.536957 0.079558 0.839850
vn 0.450515 -0.069504 0.890059
vn 0.992620 0.121044 -0.007289
vn 0.978380 0.206770 0.004311
vn 0.341800 -0.155637 0.926796
vn 0.389589 -0.153095 0.908175
vn 0.887702 -0.460404 0.003636
vn 0.880468 -0.474016 0.009202
vn 0.389589 -0.153095 0.908175
vn 0.465347 -0.119271 0.877056
vn 0.949310 -0.314320 -0.003592
vn 0.887702 -0.460404 0.003636
vn 0.517044 -0.081415 0.852078
vn 0.522020 -0.029908 0.852409
vn 0.999898 -0.014298 -0.000083
vn 0.991319 -0.131472 0.001245
vn 0.522020 -0.029908 0.852409
vn 0.534073 -0.027517 0.844990
vn 0.999989 0.004712 0.000024
vn 0.999898 -0.014298 -0.000083
vn 0.466684 -0.040620 0.883491
vn 0.343990 0.007983 0.938939
vn 0.992769 0.115536 -0.032591
vn 0.997865 0.065310 0.000557
vn 0.343990 0.007983 0.938939
vn 0.516280 0.028804 0.855935
vn 0.999122 -0.002404 -0.041832
vn 0.992769 0.115536 -0.032591
vn -0.000519 -0.184360 0.982859
vn -0.243770 -0.257722 0.934963
vn -0.640764 -0.760582 -0.104583
vn 0.692468 -0.703589 0.159533
vn -0.243770 -0.257722 0.934963
vn -0.331709 -0.159075 0.929873
vn -0.892831 -0.450252 0.011225
vn -0.640764 -0.760582 -0.104583
vn -0.331709 -0.159075 0.929873
vn -0.384743 -0.099122 0.917686
vn -0.963147 -0.268831 -0.008795
vn -0.892831 -0.450252 0.011225
vn -0.384743 -0.099122 0.917686
vn -0.415582 -0.072539 0.906659
vn -0.990596 -0.136680 0.006128
vn -0.963147 -0.268831 -0.008795
vn -0.415582 -0.072539 0.906659
vn -0.505749 -0.057068 0.860791
vn -0.996587 -0.082501 0.002670
vn -0.990596 -0.136680 0.006128
vn -0.505749 -0.057068 0.860791
vn -0.557304 -0.042566 0.829217
vn -0.998638 -0.051486 -0.008409
vn -0.996587 -0.082501 0.002670
vn -0.557304 -0.042566 0.829217
vn -0.606064 -0.003895 0.795406
vn -0.999900 0.007134 0.012218
vn -0.998638 -0.051486 -0.008409
vn -0.606064 -0.003895 0.795406
vn -0.625797 0.053353 0.778159
vn -0.996216 0.086748 -0.005288
vn -0.999900 0.007134 0.012218
vn -0.625797 0.053353 0.778159
vn -0.609340 0.112238 0.784925
vn -0.983867 0.178898 -0.000887
vn -0.996216 0.086748 -0.005288
vn -0.609340 0.112238 0.784925
vn -0.563004 0.153752 0.812027
vn -0.958889 0.283774 -0.002011
vn -0.983867 0.178898 -0.000887
vn -0.563004 0.153752 0.812027
vn -0.543516 0.206486 0.813605
vn -0.911816 0.410397 0.012861
vn -0.958889 0.283774 -0.002011
vn -0.543516 0.206486 0.813605
vn -0.556425 0.302296 0.773957
vn -0.831253 0.555880 0.004013
vn -0.911816 0.410397 0.012861
vn -0.556425 0.302296 0.773957
vn -0.540951 0.458052 0.705380
vn -0.637147 0.770669 -0.010632
vn -0.831253 0.555880 0.004013
vn -0.540951 0.458052 0.705380
vn 0.288355 0.525832 0.800220
vn 0.346102 0.930056 0.123324
vn -0.637147 0.770669 -0.010632
vn 0.288355 0.525832 0.800220
vn 0.736597 0.040637 0.675110
vn 0.992555 0.121417 0.009661
vn 0.346102 0.930056 0.123324
vn 0.045477 -0.048328 -0.997796
vn 0.020287 -0.041582 -0.998929
vn 0.515220 -0.027966 -0.856602
vn 0.444194 -0.041776 -0.894956
vn 0.017564 -0.206819 -0.978222
vn 0.019131 -0.041468 -0.998957
vn 0.477167 0.025169 -0.878452
vn 0.262353 -0.352497 -0.898285
vn -0.023718 -0.040133 -0.998913
vn -0.052576 -0.025582 -0.998289
vn 0.456194 -0.115933 -0.882296
vn 0.509514 -0.080017 -0.856734
vn -0.004772 -0.017872 -0.999829
vn 0.020734 0.036976 -0.999101
vn 0.402089 -0.088757 -0.911288
vn 0.343959 -0.158770 -0.925464
vn 0.055016 0.182209 -0.981719
vn 0.669808 0.029027 -0.741967
vn 0.463602 0.057968 -0.884145
vn 0.059342 0.099692 -0.993247
vn 0.020734 0.036976 -0.999101
vn 0.059342 0.099692 -0.993247
vn 0.463602 0.057968 -0.884145
vn 0.402089 -0.088757 -0.911288
vn -0.070909 -0.012955 -0.997399
vn -0.004772 -0.017872 -0.999829
vn 0.343959 -0.158770 -0.925464
vn 0.391045 -0.153343 -0.907507
vn -0.052576 -0.025582 -0.998289
vn -0.070909 -0.012955 -0.997399
vn 0.391045 -0.153343 -0.907507
vn 0.456194 -0.115933 -0.882296
vn -0.000221 -0.036036 -0.999350
vn -0.023718 -0.040133 -0.998913
vn 0.509514 -0.080017 -0.856734
vn 0.512669 -0.030058 -0.858060
vn 0.020287 -0.041582 -0.998929
vn -0.000221 -0.036036 -0.999350
vn 0.512669 -0.030058 -0.858060
vn 0.515220 -0.027966 -0.856602
vn 0.038207 -0.015481 -0.999150
vn 0.045477 -0.048328 -0.997796
vn 0.444194 -0.041776 -0.894956
vn 0.325649 0.004731 -0.945479
vn 0.019131 -0.041468 -0.998957
vn 0.038207 -0.015481 -0.999150
vn 0.325649 0.004731 -0.945479
vn 0.477167 0.025169 -0.878452
vn -0.284016 -0.160159 -0.945349
vn 0.019131 -0.041468 -0.998957
vn 0.017564 -0.206819 -0.978222
vn -0.123895 -0.353385 -0.927237
vn -0.348283 -0.085474 -0.933484
vn 0.038207 -0.015481 -0.999150
vn 0.019131 -0.041468 -0.998957
vn -0.284016 -0.160159 -0.945349
vn -0.407384 -0.068063 -0.910717
vn 0.045477 -0.048328 -0.997796
vn 0.038207 -0.015481 -0.999150
vn -0.348283 -0.085474 -0.933484
vn -0.495610 -0.059014 -0.866538
vn 0.020287 -0.041582 -0.998929
vn 0.045477 -0.048328 -0.997796
vn -0.407384 -0.068063 -0.910717
vn -0.549177 -0.039819 -0.834757
vn -0.000221 -0.036036 -0.999350
vn 0.020287 -0.041582 -0.998929
vn -0.495610 -0.059014 -0.866538
vn -0.602732 -0.004858 -0.797929
vn -0.023718 -0.040133 -0.998913
vn -0.000221 -0.036036 -0.999350
vn -0.549177 -0.039819 -0.834757
vn -0.609637 0.046741 -0.791301
vn -0.052576 -0.025582 -0.998289
vn -0.023718 -0.040133 -0.998913
vn -0.602732 -0.004858 -0.797929
vn -0.582111 0.109634 -0.805684
vn -0.070909 -0.012955 -0.997399
vn -0.052576 -0.025582 -0.998289
vn -0.609637 0.046741 -0.791301
vn -0.553352 0.157164 -0.817986
vn -0.004772 -0.017872 -0.999829
vn -0.070909 -0.012955 -0.997399
vn -0.582111 0.109634 -0.805684
vn -0.551353 0.211473 -0.807025
vn 0.020734 0.036976 -0.999101
vn -0.004772 -0.017872 -0.999829
vn -0.553352 0.157164 -0.817986
vn -0.556428 0.283580 -0.781006
vn 0.059342 0.099692 -0.993247
vn 0.020734 0.036976 -0.999101
vn -0.551353 0.211473 -0.807025
vn -0.504304 0.391366 -0.769747
vn 0.055016 0.182209 -0.981719
vn 0.059342 0.099692 -0.993247
vn -0.556428 0.283580 -0.781006
vn 0.288685 0.379449 -0.879022
vn 0.055016 0.182209 -0.981719
vn -0.504304 0.391366 -0.769747
vn 0.288685 0.379449 -0.879022
vn 0.669808 0.029027 -0.741967
vn 0.055016 0.182209 -0.981719
vn 0.515220 -0.027966 -0.856602
vn 0.999989 0.004712 0.000024
vn 0.997865 0.065310 0.000557
vn 0.444194 -0.041776 -0.894956
vn 0.262353 -0.352497 -0.898285
vn 0.981179 -0.191441 -0.025257
vn -0.473579 -0.809996 -0.345874
vn 0.262353 -0.352497 -0.898285
vn -0.473579 -0.809996 -0.345874
vn 0.692468 -0.703589 0.159533
vn 0.017564 -0.206819 -0.978222
vn 0.456194 -0.115933 -0.882296
vn 0.949310 -0.314320 -0.003592
vn 0.991319 -0.131472 0.001245
vn 0.509514 -0.080017 -0.856734
vn 0.402089 -0.088757 -0.911288
vn 0.992620 0.121044 -0.007289
vn 0.880468 -0.474016 0.009202
vn 0.343959 -0.158770 -0.925464
vn 0.669808 0.029027 -0.741967
vn 0.992555 0.121417 0.009661
vn 0.978380 0.206770 0.004311
vn 0.463602 0.057968 -0.884145
vn 0.463602 0.057968 -0.884145
vn 0.978380 0.206770 0.004311
vn 0.992620 0.121044 -0.007289
vn 0.402089 -0.088757 -0.911288
vn 0.343959 -0.158770 -0.925464
vn 0.880468 -0.474016 0.009202
vn 0.887702 -0.460404 0.003636
vn 0.391045 -0.153343 -0.907507
vn 0.391045 -0.153343 -0.907507
vn 0.887702 -0.460404 0.003636
vn 0.949310 -0.314320 -0.003592
vn 0.456194 -0.115933 -0.882296
vn 0.509514 -0.080017 -0.856734
vn 0.991319 -0.131472 0.001245
vn 0.999898 -0.014298 -0.000083
vn 0.512669 -0.030058 -0.858060
vn 0.512669 -0.030058 -0.858060
vn 0.999898 -0.014298 -0.000083
vn 0.999989 0.004712 0.000024
vn 0.515220 -0.027966 -0.856602
vn 0.444194 -0.041776 -0.894956
vn 0.997865 0.065310 0.000557
vn 0.992769 0.115536 -0.032591
vn 0.325649 0.004731 -0.945479
vn 0.325649 0.004731 -0.945479
vn 0.992769 0.115536 -0.032591
vn 0.999122 -0.002404 -0.041832
vn 0.477167 0.025169 -0.878452
vn 0.017564 -0.206819 -0.978222
vn 0.692468 -0.703589 0.159533
vn -0.640764 -0.760582 -0.104583
vn -0.123895 -0.353385 -0.927237
vn -0.123895 -0.353385 -0.927237
vn -0.640764 -0.760582 -0.104583
vn -0.892831 -0.450252 0.011225
vn -0.284016 -0.160159 -0.945349
vn -0.284016 -0.160159 -0.945349
vn -0.892831 -0.450252 0.011225
vn -0.963147 -0.268831 -0.008795
vn -0.348283 -0.085474 -0.933484
vn -0.348283 -0.085474 -0.933484
vn -0.963147 -0.268831 -0.008795
vn -0.990596 -0.136680 0.006128
vn -0.407384 -0.068063 -0.910717
vn -0.407384 -0.068063 -0.910717
vn -0.990596 -0.136680 0.006128
vn -0.996587 -0.082501 0.002670
vn -0.495610 -0.059014 -0.866538
vn -0.495610 -0.059014 -0.866538
vn -0.996587 -0.082501 0.002670
vn -0.998638 -0.051486 -0.008409
vn -0.549177 -0.039819 -0.834757
vn -0.549177 -0.039819 -0.834757
vn -0.998638 -0.051486 -0.008409
vn -0.999900 0.007134 0.012218
vn -0.602732 -0.004858 -0.797929
vn -0.602732 -0.004858 -0.797929
vn -0.999900 0.007134 0.012218
vn -0.996216 0.086748 -0.005288
vn -0.609637 0.046741 -0.791301
vn -0.609637 0.046741 -0.791301
vn -0.996216 0.086748 -0.005288
vn -0.983867 0.178898 -0.000887
vn -0.582111 0.109634 -0.805684
vn -0.582111 0.109634 -0.805684
vn -0.983867 0.178898 -0.000887
vn -0.958889 0.283774 -0.002011
vn -0.553352 0.157164 -0.817986
vn -0.553352 0.157164 -0.817986
vn -0.958889 0.283774 -0.002011
vn -0.911816 0.410397 0.012861
vn -0.551353 0.211473 -0.807025
vn -0.551353 0.211473 -0.807025
vn -0.911816 0.410397 0.012861
vn -0.831253 0.555880 0.004013
vn -0.556428 0.283580 -0.781006
vn -0.556428 0.283580 -0.781006
vn -0.831253 0.555880 0.004013
vn -0.637147 0.770669 -0.010632
vn -0.504304 0.391366 -0.769747
vn -0.504304 0.391366 -0.769747
vn -0.637147 0.770669 -0.010632
vn 0.346102 0.930056 0.123324
vn 0.288685 0.379449 -0.879022
vn 0.288685 0.379449 -0.879022
vn 0.346102 0.930056 0.123324
vn 0.992555 0.121417 0.009661
vn 0.669808 0.029027 -0.741967
vn 0.981179 -0.191441 -0.025257
vn 0.498887 -0.283623 0.818944
vn -0.473579 -0.809996 -0.345874
vn 0.477167 0.025169 -0.878452
vn 0.999122 -0.002404 -0.041832
vn 0.981179 -0.191441 -0.025257
vn 0.262353 -0.352497 -0.898285
s off
g sword_scnd_low:Group60185
usemtl initialShadingGroup
f 1/1/1 3/2/2 4/3/3 2/4/4
f 3/2/5 1/1/6 5/5/7 6/6/8
f 6/6/9 5/5/10 7/7/11 8/8/12
f 8/8/13 7/7/14 9/9/15 10/10/16
f 10/11/17 9/12/18 11/13/19 12/14/20
f 12/14/21 11/13/22 13/15/23 14/16/24
f 14/16/25 13/15/26 15/17/27 16/18/28
f 16/18/29 15/17/30 17/19/31 18/20/32
f 18/20/33 17/19/34 240/21/35 241/22/36
f 20/23/37 19/24/38 21/25/39 22/26/40
f 22/26/41 21/25/42 23/27/43 24/28/44
f 24/29/45 23/30/46 25/31/47 26/32/48
f 26/32/49 25/31/50 27/33/51
f 26/32/52 27/33/53 28/34/54 156/35/55
f 28/34/56 27/33/57 29/36/58 30/37/59
f 30/37/60 29/36/61 31/38/62 32/39/63
f 32/39/64 31/38/65 33/40/66 34/41/67
f 34/41/68 33/40/69 35/42/70 36/43/71
f 36/43/72 35/42/73 37/44/74 38/45/75
f 38/45/76 37/44/77 39/46/78 40/47/79
f 40/47/80 39/46/81 41/48/82 42/49/83
f 42/49/84 41/48/85 44/50/86 157/51/87
f 41/48/88 43/52/89 44/50/90
f 44/50/91 43/52/92 45/53/93 46/54/94
f 46/55/95 45/56/96 47/57/97 48/58/98
f 48/58/99 47/57/100 49/59/101 50/60/102
f 250/61/103 251/62/104 51/63/105 52/64/106
f 52/64/107 51/63/108 53/65/109 54/66/110
f 54/66/111 53/65/112 55/67/113 56/68/114
f 56/68/115 55/67/116 57/69/117 58/70/118
f 58/70/119 57/69/120 59/71/121 60/72/122
f 60/73/123 59/74/124 61/75/125 62/76/126
f 62/76/127 61/75/128 63/77/129 64/78/130
f 64/78/131 63/77/132 65/79/133 66/80/134
f 66/80/135 65/79/136 67/81/137 168/82/138
f 67/81/139 65/79/140 68/83/141 69/84/142
f 69/84/143 68/83/144 70/85/145 71/86/146
f 71/86/147 70/85/148 72/87/149 73/88/150
f 73/88/151 72/87/152 74/89/153 75/90/154
f 75/90/155 74/89/156 76/91/157 77/92/158
f 77/92/159 76/91/160 2/4/161 4/3/162
f 76/91/163 74/89/164 79/93/165 132/94/166
f 74/89/167 72/87/168 78/95/169 79/93/170
f 78/95/171 72/87/172 70/85/173 80/96/174
f 81/97/175 80/96/176 70/85/177 68/83/178
f 80/96/179 81/97/180 84/98/181 82/99/182
f 81/97/183 63/77/184 61/75/185 84/98/186
f 80/96/187 82/99/188 83/100/189 78/95/190
f 84/98/191 85/101/192 86/102/193 82/99/194
f 84/98/195 61/75/196 59/74/197 85/101/198
f 87/103/199 86/104/200 89/105/201 90/106/202
f 86/102/203 87/107/204 83/100/205 82/99/206
f 86/104/207 85/108/208 88/109/209 89/105/210
f 88/109/211 85/108/212 59/71/213 57/69/214
f 90/106/215 89/105/216 92/110/217 95/111/218
f 89/105/219 88/109/220 91/112/221 92/110/222
f 91/112/223 88/109/224 57/69/225 55/67/226
f 92/110/227 93/113/228 94/114/229 95/111/230
f 92/110/231 91/112/232 96/115/233 93/113/234
f 96/115/235 97/116/236 98/117/237 93/113/238
f 96/115/239 91/112/240 55/67/241 53/65/242
f 96/115/243 53/65/244 51/63/245 97/116/246
f 98/117/247 99/118/248 94/114/249 93/113/250
f 98/117/251 97/116/252 252/119/253 253/120/254
f 97/116/255 51/63/256 251/62/257 252/119/258
f 98/117/259 253/120/260 254/121/261 99/118/262
f 102/122/263 103/123/264 104/124/265 100/125/266
f 102/122/267 49/59/268 47/57/269 103/123/270
f 104/124/271 105/126/272 106/127/273 107/128/274
f 104/124/275 107/128/276 101/129/277 100/125/278
f 104/124/279 103/123/280 108/130/281 105/126/282
f 108/131/283 109/132/284 110/133/285 105/134/286
f 108/130/287 103/123/288 47/57/289 45/56/290
f 108/131/291 45/53/292 43/52/293 109/132/294
f 110/133/295 37/44/296 35/42/297 111/135/298
f 110/133/299 111/135/300 106/136/301 105/134/302
f 110/133/303 109/132/304 39/46/305 37/44/306
f 111/135/307 35/42/308 33/40/309 112/137/310
f 111/135/311 112/137/312 113/138/313 106/136/314
f 113/138/315 112/137/316 114/139/317 115/140/318
f 113/141/319 115/142/320 116/143/321 117/144/322
f 113/141/323 117/144/324 107/128/325 106/127/326
f 117/144/327 116/143/328 118/145/329 119/146/330
f 117/144/331 119/146/332 101/129/333 107/128/334
f 255/147/335 256/148/336 120/149/337 121/150/338
f 99/118/339 254/121/340 255/147/341 121/150/342
f 121/150/343 120/149/344 122/151/345 123/152/346
f 121/150/347 123/152/348 94/114/349 99/118/350
f 123/152/351 122/151/352 124/153/353 125/154/354
f 123/152/355 125/154/356 95/111/357 94/114/358
f 125/154/359 124/153/360 126/155/361 127/156/362
f 90/106/363 95/111/364 125/154/365 127/156/366
f 127/156/367 126/155/368 128/157/369 129/158/370
f 87/103/371 90/106/372 127/156/373 129/158/374
f 129/159/375 128/160/376 130/161/377 131/162/378
f 129/159/379 131/162/380 83/100/381 87/107/382
f 131/162/383 130/161/384 132/94/385 79/93/386
f 78/95/387 83/100/388 131/162/389 79/93/390
f 133/163/391 132/94/392 130/161/393 134/164/394
f 76/91/395 132/94/396 133/163/397 2/4/398
f 133/163/399 5/5/400 1/1/401 2/4/402
f 7/7/403 5/5/404 133/163/405 134/164/406
f 134/164/407 135/165/408 9/9/409 7/7/410
f 134/164/411 130/161/412 128/160/413 135/165/414
f 11/13/415 9/12/416 135/166/417 136/167/418
f 135/166/419 128/157/420 126/155/421 136/167/422
f 13/15/423 11/13/424 136/167/425 137/168/426
f 136/167/427 126/155/428 124/153/429 137/168/430
f 137/168/431 138/169/432 15/17/433 13/15/434
f 137/168/435 124/153/436 122/151/437 138/169/438
f 138/169/439 139/170/440 17/19/441 15/17/442
f 138/169/443 122/151/444 120/149/445 139/170/446
f 257/171/447 240/21/448 17/19/449 139/170/450
f 139/170/451 120/149/452 256/148/453 257/171/454
f 140/172/455 141/173/456 21/25/457 19/24/458
f 140/172/459 118/145/460 116/143/461 141/173/462
f 141/173/463 142/174/464 23/27/465 21/25/466
f 141/173/467 116/143/468 115/142/469 142/174/470
f 142/175/471 143/176/472 25/31/473 23/30/474
f 142/175/475 115/140/476 114/139/477 143/176/478
f 143/176/479 29/36/480 27/33/481 25/31/482
f 143/176/483 114/139/484 31/38/485 29/36/486
f 114/139/487 112/137/488 33/40/489 31/38/490
f 109/132/491 43/52/492 41/48/493 39/46/494
f 65/79/495 63/77/496 81/97/497 68/83/498
f 144/177/499 145/178/500 4/3/501 3/2/502
f 144/177/503 3/2/504 6/6/505 146/179/506
f 146/179/507 6/6/508 8/8/509 147/180/510
f 8/8/511 10/10/512 148/181/513 147/180/514
f 148/182/515 10/11/516 12/14/517 149/183/518
f 149/183/519 12/14/520 14/16/521 150/184/522
f 14/16/523 16/18/524 151/185/525 150/184/526
f 16/18/527 18/20/528 152/186/529 151/185/530
f 152/186/531 18/20/532 241/22/533 242/187/534
f 20/23/535 22/26/536 154/188/537 153/189/538
f 22/26/539 24/28/540 155/190/541 154/188/542
f 24/29/543 26/32/544 156/35/545 155/191/546
f 156/35/547 28/34/548 30/37/549 239/192/550
f 30/37/551 32/39/552 210/193/553 239/192/554
f 32/39/555 34/41/556 208/194/557 210/193/558
f 34/41/559 36/43/560 207/195/561 208/194/562
f 36/43/563 38/45/564 206/196/565 207/195/566
f 38/45/567 40/47/568 205/197/569 206/196/570
f 40/47/571 42/49/572 157/51/573 205/197/574
f 44/50/575 46/54/576 158/198/577 157/51/578
f 46/199/579 48/200/580 159/201/581 158/202/582
f 48/200/583 50/203/584 160/204/585 159/201/586
f 249/205/587 250/206/588 52/207/589 161/208/590
f 52/207/591 54/209/592 162/210/593 161/208/594
f 54/209/595 56/211/596 163/212/597 162/210/598
f 163/212/599 56/211/600 58/213/601 164/214/602
f 164/214/603 58/213/604 60/215/605 165/216/606
f 60/73/607 62/76/608 166/217/609 165/218/610
f 166/217/611 62/76/612 64/78/613 167/219/614
f 167/219/615 64/78/616 66/80/617 168/82/618
f 67/81/619 69/84/620 169/220/621 168/82/622
f 69/84/623 71/86/624 170/221/625 169/220/626
f 71/86/627 73/88/628 171/222/629 170/221/630
f 73/88/631 75/90/632 172/223/633 171/222/634
f 75/90/635 77/92/636 173/224/637 172/223/638
f 77/92/639 4/3/640 145/178/641 173/224/642
f 172/223/643 173/224/644 228/225/645 175/226/646
f 171/222/647 172/223/648 175/226/649 174/227/650
f 171/222/651 174/227/652 176/228/653 170/221/654
f 176/228/655 177/229/656 169/220/657 170/221/658
f 177/229/659 176/228/660 178/230/661 180/231/662
f 166/217/663 167/219/664 177/229/665 180/231/666
f 179/232/667 178/230/668 176/228/669 174/227/670
f 180/231/671 178/230/672 182/233/673 181/234/674
f 180/231/675 181/234/676 165/218/677 166/217/678
f 182/235/679 183/236/680 186/237/681 185/238/682
f 182/233/683 178/230/684 179/232/685 183/239/686
f 181/240/687 182/235/688 185/238/689 184/241/690
f 164/214/691 165/216/692 181/240/693 184/241/694
f 185/238/695 186/237/696 191/242/697 188/243/698
f 184/241/699 185/238/700 188/243/701 187/244/702
f 163/212/703 164/214/704 184/241/705 187/244/706
f 188/243/707 191/242/708 190/245/709 189/246/710
f 188/243/711 189/246/712 192/247/713 187/244/714
f 192/247/715 189/246/716 194/248/717 193/249/718
f 192/247/719 162/210/720 163/212/721 187/244/722
f 192/247/723 193/249/724 161/208/725 162/210/726
f 194/248/727 189/246/728 190/245/729 195/250/730
f 193/249/731 194/248/732 247/251/733 248/252/734
f 248/252/735 249/205/736 161/208/737 193/249/738
f 246/253/739 247/251/740 194/248/741 195/250/742
f 198/254/743 196/255/744 200/256/745 199/257/746
f 198/254/747 199/257/748 159/201/749 160/204/750
f 200/256/751 203/258/752 202/259/753 201/260/754
f 200/256/755 196/255/756 197/261/757 203/258/758
f 200/256/759 201/260/760 204/262/761 199/257/762
f 204/263/763 201/264/764 206/196/765 205/197/766
f 204/262/767 158/202/768 159/201/769 199/257/770
f 204/263/771 205/197/772 157/51/773 158/198/774
f 206/196/775 201/264/776 202/265/777 207/195/778
f 207/195/779 202/265/780 209/266/781 208/194/782
f 209/266/783 211/267/784 210/193/785 208/194/786
f 209/268/787 213/269/788 212/270/789 211/271/790
f 209/268/791 202/259/792 203/258/793 213/269/794
f 213/269/795 215/272/796 214/273/797 212/270/798
f 213/269/799 203/258/800 197/261/801 215/272/802
f 244/274/803 245/275/804 217/276/805 216/277/806
f 245/275/807 246/253/808 195/250/809 217/276/810
f 217/276/811 219/278/812 218/279/813 216/277/814
f 217/276/815 195/250/816 190/245/817 219/278/818
f 219/278/819 221/280/820 220/281/821 218/279/822
f 219/278/823 190/245/824 191/242/825 221/280/826
f 220/281/827 221/280/828 223/282/829 222/283/830
f 221/280/831 191/242/832 186/237/833 223/282/834
f 222/283/835 223/282/836 225/284/837 224/285/838
f 223/282/839 186/237/840 183/236/841 225/284/842
f 225/286/843 227/287/844 226/288/845 224/289/846
f 225/286/847 183/239/848 179/232/849 227/287/850
f 226/288/851 227/287/852 175/226/853 228/225/854
f 227/287/855 179/232/856 174/227/857 175/226/858
f 226/288/859 228/225/860 229/290/861 230/291/862
f 229/290/863 228/225/864 173/224/865 145/178/866
f 144/177/867 146/179/868 229/290/869 145/178/870
f 229/290/871 146/179/872 147/180/873 230/291/874
f 230/291/875 147/180/876 148/181/877 231/292/878
f 230/291/879 231/292/880 224/289/881 226/288/882
f 231/293/883 148/182/884 149/183/885 232/294/886
f 222/283/887 224/285/888 231/293/889 232/294/890
f 232/294/891 149/183/892 150/184/893 233/295/894
f 220/281/895 222/283/896 232/294/897 233/295/898
f 233/295/899 150/184/900 151/185/901 234/296/902
f 233/295/903 234/296/904 218/279/905 220/281/906
f 234/296/907 151/185/908 152/186/909 235/297/910
f 234/296/911 235/297/912 216/277/913 218/279/914
f 235/297/915 152/186/916 242/187/917 243/298/918
f 243/298/919 244/274/920 216/277/921 235/297/922
f 236/299/923 153/189/924 154/188/925 237/300/926
f 236/299/927 237/300/928 212/270/929 214/273/930
f 237/300/931 154/188/932 155/190/933 238/301/934
f 237/300/935 238/301/936 211/271/937 212/270/938
f 238/302/939 155/191/940 156/35/941 239/192/942
f 238/302/943 239/192/944 210/193/945 211/267/946
f 177/229/947 167/219/948 168/82/949 169/220/950
f 241/22/951 240/21/952 19/24/953 20/23/954
f 242/187/955 241/22/956 20/23/957 153/189/958
f 243/298/959 242/187/960 153/189/961 236/299/962
f 214/273/963 244/274/964 243/298/965 236/299/966
f 214/273/967 215/272/968 245/275/969 244/274/970
f 215/272/971 197/261/972 246/253/973 245/275/974
f 197/261/975 196/255/976 247/251/977 246/253/978
f 248/252/979 247/251/980 196/255/981 198/254/982
f 160/204/983 249/205/984 248/252/985 198/254/986
f 160/204/987 50/203/988 250/206/989 249/205/990
f 50/60/991 49/59/992 251/62/993 250/61/994
f 252/119/995 251/62/996 49/59/997 102/122/998
f 253/120/999 252/119/1000 102/122/1001 100/125/1002
f 254/121/1003 253/120/1004 100/125/1005 101/129/1006
f 255/147/1007 254/121/1008 101/129/1009 119/146/1010
f 119/146/1011 118/145/1012 256/148/1013 255/147/1014
f 257/171/1015 256/148/1016 118/145/1017 140/172/1018
f 19/24/1019 240/21/1020 257/171/1021 140/172/1022
f 258/303/1023 259/304/1024 267/305/1025 266/306/1026
f 259/304/1027 260/307/1028 268/308/1029 267/305/1030
f 260/307/1031 261/309/1032 269/310/1033 268/308/1034
f 261/309/1035 262/311/1036 270/312/1037 269/310/1038
f 262/311/1039 263/313/1040 271/314/1041 270/312/1042
f 263/313/1043 264/315/1044 272/316/1045 271/314/1046
f 264/315/1047 265/317/1048 273/318/1049 272/316/1050
f 265/319/1051 258/303/1052 266/306/1053 273/320/1054
f 356/321/1055 355/322/1056 357/323/1057
f 358/324/1058 356/321/1059 357/323/1060
f 359/325/1061 358/324/1062 357/323/1063
f 360/326/1064 359/325/1065 357/323/1066
f 361/327/1067 360/326/1068 357/323/1069
f 362/328/1070 361/327/1071 357/323/1072
f 363/329/1073 362/328/1074 357/323/1075
f 355/322/1076 363/329/1077 357/323/1078
f 290/330/1079 291/331/1080 292/332/1081
f 291/331/1082 293/333/1083 292/332/1084
f 293/333/1085 294/334/1086 292/332/1087
f 294/334/1088 295/335/1089 292/332/1090
f 295/335/1091 296/336/1092 292/332/1093
f 296/336/1094 297/337/1095 292/332/1096
f 297/337/1097 298/338/1098 292/332/1099
f 298/338/1100 290/330/1101 292/332/1102
f 266/306/1103 267/305/1104 275/339/1105 274/340/1106
f 267/305/1107 268/308/1108 276/341/1109 275/339/1110
f 268/308/1111 269/310/1112 277/342/1113 276/341/1114
f 269/310/1115 270/312/1116 278/343/1117 277/342/1118
f 270/312/1119 271/314/1120 279/344/1121 278/343/1122
f 271/314/1123 272/316/1124 280/345/1125 279/344/1126
f 272/316/1127 273/318/1128 281/346/1129 280/345/1130
f 273/320/1131 266/306/1132 274/340/1133 281/347/1134
f 274/340/1135 275/339/1136 283/348/1137 282/349/1138
f 275/339/1139 276/341/1140 284/350/1141 283/348/1142
f 276/341/1143 277/342/1144 285/351/1145 284/350/1146
f 277/342/1147 278/343/1148 286/352/1149 285/351/1150
f 278/343/1151 279/344/1152 287/353/1153 286/352/1154
f 279/344/1155 280/345/1156 288/354/1157 287/353/1158
f 280/345/1159 281/346/1160 289/355/1161 288/354/1162
f 281/347/1163 274/340/1164 282/349/1165 289/356/1166
f 282/357/1167 283/358/1168 291/331/1169 290/330/1170
f 283/358/1171 284/359/1172 293/333/1173 291/331/1174
f 284/359/1175 285/360/1176 294/334/1177 293/333/1178
f 285/360/1179 286/361/1180 295/335/1181 294/334/1182
f 286/361/1183 287/362/1184 296/336/1185 295/335/1186
f 287/362/1187 288/363/1188 297/337/1189 296/336/1190
f 288/363/1191 289/364/1192 298/338/1193 297/337/1194
f 289/364/1195 282/357/1196 290/330/1197 298/338/1198
f 259/304/1199 258/303/1200 299/365/1201 300/366/1202
f 260/307/1203 259/304/1204 300/366/1205 301/367/1206
f 261/309/1207 260/307/1208 301/367/1209 302/368/1210
f 262/311/1211 261/309/1212 302/368/1213 303/369/1214
f 263/313/1215 262/311/1216 303/369/1217 304/370/1218
f 264/315/1219 263/313/1220 304/370/1221 305/371/1222
f 265/317/1223 264/315/1224 305/371/1225 306/372/1226
f 258/303/1227 265/319/1228 306/373/1229 299/365/1230
f 300/366/1231 299/365/1232 307/374/1233 308/375/1234
f 301/367/1235 300/366/1236 308/375/1237 309/376/1238
f 302/368/1239 301/367/1240 309/376/1241 310/377/1242
f 303/369/1243 302/368/1244 310/377/1245 311/378/1246
f 304/370/1247 303/369/1248 311/378/1249 312/379/1250
f 305/371/1251 304/370/1252 312/379/1253 313/380/1254
f 306/372/1255 305/371/1256 313/380/1257 314/381/1258
f 299/365/1259 306/373/1260 314/382/1261 307/374/1262
f 308/383/1263 307/384/1264 364/385/1265 365/386/1266
f 309/387/1267 308/383/1268 365/386/1269 366/388/1270
f 310/389/1271 309/387/1272 366/388/1273 367/390/1274
f 311/391/1275 310/389/1276 367/390/1277 368/392/1278
f 312/393/1279 311/391/1280 368/392/1281 369/394/1282
f 313/395/1283 312/393/1284 369/394/1285 370/396/1286
f 314/397/1287 313/395/1288 370/396/1289 371/398/1290
f 307/384/1291 314/397/1292 371/398/1293 364/385/1294
f 316/399/1295 315/400/1296 323/401/1297 324/402/1298
f 317/403/1299 316/399/1300 324/402/1301 325/404/1302
f 318/405/1303 317/403/1304 325/404/1305 326/406/1306
f 319/407/1307 318/405/1308 326/406/1309 327/408/1310
f 320/409/1311 319/407/1312 327/408/1313 328/410/1314
f 321/411/1315 320/409/1316 328/410/1317 329/412/1318
f 322/413/1319 321/411/1320 329/412/1321 330/414/1322
f 315/400/1323 322/413/1324 330/414/1325 323/401/1326
f 324/402/1327 323/401/1328 331/415/1329 332/416/1330
f 325/404/1331 324/402/1332 332/416/1333 333/417/1334
f 326/406/1335 325/404/1336 333/417/1337 334/418/1338
f 327/408/1339 326/406/1340 334/418/1341 335/419/1342
f 328/410/1343 327/408/1344 335/419/1345 336/420/1346
f 329/412/1347 328/410/1348 336/420/1349 337/421/1350
f 330/414/1351 329/412/1352 337/421/1353 338/422/1354
f 323/401/1355 330/414/1356 338/422/1357 331/415/1358
f 332/416/1359 331/415/1360 339/423/1361 340/424/1362
f 333/417/1363 332/416/1364 340/424/1365 341/425/1366
f 334/418/1367 333/417/1368 341/425/1369 342/426/1370
f 335/419/1371 334/418/1372 342/426/1373 343/427/1374
f 336/420/1375 335/419/1376 343/427/1377 344/428/1378
f 337/421/1379 336/420/1380 344/428/1381 345/429/1382
f 338/422/1383 337/421/1384 345/429/1385 346/430/1386
f 331/415/1387 338/422/1388 346/430/1389 339/423/1390
f 340/424/1391 339/423/1392 347/431/1393 348/432/1394
f 341/425/1395 340/424/1396 348/432/1397 349/433/1398
f 342/426/1399 341/425/1400 349/433/1401 350/434/1402
f 343/427/1403 342/426/1404 350/434/1405 351/435/1406
f 344/428/1407 343/427/1408 351/435/1409 352/436/1410
f 345/429/1411 344/428/1412 352/436/1413 353/437/1414
f 346/430/1415 345/429/1416 353/437/1417 354/438/1418
f 339/423/1419 346/430/1420 354/438/1421 347/431/1422
f 348/432/1423 347/431/1424 355/322/1425 356/321/1426
f 349/433/1427 348/432/1428 356/321/1429 358/324/1430
f 350/434/1431 349/433/1432 358/324/1433 359/325/1434
f 351/435/1435 350/434/1436 359/325/1437 360/326/1438
f 352/436/1439 351/435/1440 360/326/1441 361/327/1442
f 353/437/1443 352/436/1444 361/327/1445 362/328/1446
f 354/438/1447 353/437/1448 362/328/1449 363/329/1450
f 347/431/1451 354/438/1452 363/329/1453 355/322/1454
f 365/386/1455 364/385/1456 315/400/1457 316/399/1458
f 366/388/1459 365/386/1460 316/399/1461 317/403/1462
f 367/390/1463 366/388/1464 317/403/1465 318/405/1466
f 368/392/1467 367/390/1468 318/405/1469 319/407/1470
f 369/394/1471 368/392/1472 319/407/1473 320/409/1474
f 370/396/1475 369/394/1476 320/409/1477 321/411/1478
f 371/398/1479 370/396/1480 321/411/1481 322/413/1482
f 364/385/1483 371/398/1484 322/413/1485 315/400/1486
f 400/439/1487 390/440/1488 377/441/1489 401/442/1490
f 381/443/1491 380/444/1492 379/445/1493 398/446/1494
f 403/447/1495 395/448/1496 375/449/1497 404/450/1498
f 406/451/1499 393/452/1500 374/453/1501 407/454/1502
f 410/455/1503 408/456/1504 373/457/1505 411/458/1506
f 407/454/1507 374/453/1508 373/457/1509 408/456/1510
f 405/459/1511 397/460/1512 393/452/1513 406/451/1514
f 404/450/1515 375/449/1516 397/460/1517 405/459/1518
f 402/461/1519 376/462/1520 395/448/1521 403/447/1522
f 401/442/1523 377/441/1524 376/462/1525 402/461/1526
f 399/463/1527 378/464/1528 390/440/1529 400/439/1530
f 398/446/1531 379/445/1532 378/464/1533 399/463/1534
f 383/465/1535 382/466/1536 381/443/1537 398/446/1538
f 384/467/1539 383/465/1540 398/446/1541 399/463/1542
f 391/468/1543 384/467/1544 399/463/1545 400/439/1546
f 385/469/1547 391/468/1548 400/439/1549 401/442/1550
f 386/470/1551 385/469/1552 401/442/1553 402/461/1554
f 394/471/1555 386/470/1556 402/461/1557 403/447/1558
f 387/472/1559 394/471/1560 403/447/1561 404/450/1562
f 396/473/1563 387/472/1564 404/450/1565 405/459/1566
f 388/474/1567 396/473/1568 405/459/1569 406/451/1570
f 392/475/1571 388/474/1572 406/451/1573 407/454/1574
f 389/476/1575 392/475/1576 407/454/1577 408/456/1578
f 409/477/1579 389/476/1580 408/456/1581 410/455/1582
f 372/478/1583 409/477/1584 410/455/1585
f 372/478/1586 410/455/1587 411/458/1588
f 377/441/1589 390/440/1590 413/479/1591 412/480/1592
f 379/445/1593 380/444/1594 480/481/1595 415/482/1596
f 380/444/1597 381/443/1598 414/483/1599 416/484/1600
f 375/449/1601 395/448/1602 418/485/1603 417/486/1604
f 374/453/1605 393/452/1606 420/487/1607 419/488/1608
f 411/458/1609 373/457/1610 422/489/1611 421/490/1612
f 373/457/1613 374/453/1614 419/488/1615 422/489/1616
f 393/452/1617 397/460/1618 423/491/1619 420/487/1620
f 397/460/1621 375/449/1622 417/486/1623 423/491/1624
f 395/448/1625 376/462/1626 424/492/1627 418/485/1628
f 376/462/1629 377/441/1630 412/480/1631 424/492/1632
f 390/440/1633 378/464/1634 425/493/1635 413/479/1636
f 378/464/1637 379/445/1638 415/482/1639 425/493/1640
f 381/443/1641 382/466/1642 427/494/1643 414/483/1644
f 382/466/1645 383/465/1646 426/495/1647 427/494/1648
f 383/465/1649 384/467/1650 428/496/1651 426/495/1652
f 384/467/1653 391/468/1654 429/497/1655 428/496/1656
f 391/468/1657 385/469/1658 430/498/1659 429/497/1660
f 385/469/1661 386/470/1662 431/499/1663 430/498/1664
f 386/470/1665 394/471/1666 432/500/1667 431/499/1668
f 394/471/1669 387/472/1670 433/501/1671 432/500/1672
f 387/472/1673 396/473/1674 434/502/1675 433/501/1676
f 396/473/1677 388/474/1678 435/503/1679 434/502/1680
f 388/474/1681 392/475/1682 436/504/1683 435/503/1684
f 392/475/1685 389/476/1686 437/505/1687 436/504/1688
f 389/476/1689 409/477/1690 438/506/1691 437/505/1692
f 409/477/1693 372/478/1694 439/507/1695 438/506/1696
f 372/478/1697 411/458/1698 421/490/1699 439/507/1700
f 468/508/1701 469/509/1702 445/510/1703 458/511/1704
f 449/512/1705 466/513/1706 447/514/1707 448/515/1708
f 471/516/1709 472/517/1710 443/518/1711 463/519/1712
f 474/520/1713 475/521/1714 442/522/1715 461/523/1716
f 478/524/1717 479/525/1718 441/526/1719 476/527/1720
f 475/521/1721 476/527/1722 441/526/1723 442/522/1724
f 473/528/1725 474/520/1726 461/523/1727 465/529/1728
f 472/517/1729 473/528/1730 465/529/1731 443/518/1732
f 470/530/1733 471/516/1734 463/519/1735 444/531/1736
f 469/509/1737 470/530/1738 444/531/1739 445/510/1740
f 467/532/1741 468/508/1742 458/511/1743 446/533/1744
f 466/513/1745 467/532/1746 446/533/1747 447/514/1748
f 451/534/1749 466/513/1750 449/512/1751 450/535/1752
f 452/536/1753 467/532/1754 466/513/1755 451/534/1756
f 459/537/1757 468/508/1758 467/532/1759 452/536/1760
f 453/538/1761 469/509/1762 468/508/1763 459/537/1764
f 454/539/1765 470/530/1766 469/509/1767 453/538/1768
f 462/540/1769 471/516/1770 470/530/1771 454/539/1772
f 455/541/1773 472/517/1774 471/516/1775 462/540/1776
f 464/542/1777 473/528/1778 472/517/1779 455/541/1780
f 456/543/1781 474/520/1782 473/528/1783 464/542/1784
f 460/544/1785 475/521/1786 474/520/1787 456/543/1788
f 457/545/1789 476/527/1790 475/521/1791 460/544/1792
f 477/546/1793 478/524/1794 476/527/1795 457/545/1796
f 440/547/1797 478/524/1798 477/546/1799
f 440/547/1800 479/525/1801 478/524/1802
f 445/510/1803 412/548/1804 413/549/1805 458/511/1806
f 448/515/1807 480/550/1808 416/551/1809
f 448/515/1810 416/551/1811 414/552/1812 449/512/1813
f 443/518/1814 417/553/1815 418/554/1816 463/519/1817
f 442/522/1818 419/555/1819 420/556/1820 461/523/1821
f 479/525/1822 421/557/1823 422/558/1824 441/526/1825
f 441/526/1826 422/558/1827 419/555/1828 442/522/1829
f 461/523/1830 420/556/1831 423/559/1832 465/529/1833
f 465/529/1834 423/559/1835 417/553/1836 443/518/1837
f 463/519/1838 418/554/1839 424/560/1840 444/531/1841
f 444/531/1842 424/560/1843 412/548/1844 445/510/1845
f 458/511/1846 413/549/1847 425/561/1848 446/533/1849
f 446/533/1850 425/561/1851 415/562/1852 447/514/1853
f 449/512/1854 414/552/1855 427/563/1856 450/535/1857
f 450/535/1858 427/563/1859 426/564/1860 451/534/1861
f 451/534/1862 426/564/1863 428/565/1864 452/536/1865
f 452/536/1866 428/565/1867 429/566/1868 459/537/1869
f 459/537/1870 429/566/1871 430/567/1872 453/538/1873
f 453/538/1874 430/567/1875 431/568/1876 454/539/1877
f 454/539/1878 431/568/1879 432/569/1880 462/540/1881
f 462/540/1882 432/569/1883 433/570/1884 455/541/1885
f 455/541/1886 433/570/1887 434/571/1888 464/542/1889
f 464/542/1890 434/571/1891 435/572/1892 456/543/1893
f 456/543/1894 435/572/1895 436/573/1896 460/544/1897
f 460/544/1898 436/573/1899 437/574/1900 457/545/1901
f 457/545/1902 437/574/1903 438/575/1904 477/546/1905
f 477/546/1906 438/575/1907 439/576/1908 440/547/1909
f 440/547/1910 439/576/1911 421/557/1912 479/525/1913
f 480/481/1914 380/444/1915 416/484/1916
f 447/514/1917 415/562/1918 480/550/1919 448/515/1920
