# This file uses centimeters as units for non-parametric coordinates.

mtllib Anvil_low.mtl
g default
v 0.410556 0.025303 0.546246
v 0.354824 0.025075 0.456650
v 0.268006 0.024719 0.385521
v 0.158581 0.024271 0.339828
v 0.037249 0.023774 0.324047
v -0.084121 0.023278 0.339737
v -0.193642 0.022829 0.385372
v -0.280578 0.022473 0.456501
v -0.336405 0.022245 0.546154
v 0.030540 0.465768 0.326088
v 0.034849 0.558432 0.284519
v 0.038009 0.628712 0.282173
v 0.040681 0.691192 0.317177
v 0.043169 0.749784 0.354607
v 0.044767 0.786794 0.371250
v 0.049790 0.899176 0.375431
v 0.057395 0.965980 0.379013
v 0.069403 0.993197 0.370430
v -0.493613 0.897057 0.357670
v -0.477621 0.897251 0.375439
v -0.472053 0.784354 0.371250
v -0.489740 0.784271 0.351608
v 0.693045 0.916726 0.376385
v 0.698133 0.901704 0.358150
v 0.494400 0.788918 0.353718
v 0.468128 0.788794 0.371250
v -0.492915 0.964024 0.360744
v -0.476928 0.965980 0.378590
v -0.364222 0.752300 0.357651
v -0.384459 0.747380 0.339645
v 0.445310 0.754211 0.340256
v 0.421740 0.751912 0.354607
v 1.015367 0.965980 0.357838
v 1.005009 0.965980 0.379841
v 1.016130 0.996536 0.370430
v 1.027358 0.996592 0.350689
v -0.492895 0.989729 0.352509
v -0.476911 0.991529 0.370430
v -0.270914 0.688978 0.317177
v -0.288201 0.688855 0.299702
v 0.365762 0.693501 0.300194
v 0.347984 0.693375 0.317177
v 1.032021 1.106028 0.384090
v 1.042510 1.105873 0.365685
v 0.143973 1.106038 0.384117
v -0.514433 1.106008 0.365829
v -0.498038 1.106044 0.384129
v -0.225712 0.626503 0.282173
v -0.241627 0.626370 0.264175
v 0.313189 0.631017 0.264271
v 0.296588 0.630877 0.282173
v -0.219300 0.556188 0.284519
v -0.235177 0.553959 0.266823
v 0.291281 0.558638 0.267097
v 0.274901 0.560550 0.284519
v -0.260964 0.463456 0.309647
v -0.247341 0.458606 0.330257
v 0.324953 0.468103 0.309460
v 0.311253 0.463327 0.330059
v 0.412652 0.337549 0.416164
v 0.397342 0.340119 0.434475
v -0.354925 0.335098 0.434845
v -0.375237 0.326684 0.422409
v 0.426512 0.307200 0.466908
v 0.442576 0.307198 0.449223
v -0.486120 0.197564 0.555115
v -0.468936 0.197642 0.571720
v -0.402788 0.277304 0.492176
v -0.419611 0.275012 0.475460
v -0.517794 0.132301 0.600212
v -0.533930 0.132235 0.582291
v -0.338473 0.198229 0.571720
v -0.321931 0.180203 0.569092
v -0.330970 0.129626 0.584511
v -0.348500 0.132991 0.600212
v 0.396208 0.183457 0.569107
v 0.412702 0.201610 0.571720
v 0.422720 0.136135 0.600212
v 0.405217 0.132659 0.584515
v 0.528769 0.202133 0.571720
v 0.549840 0.198099 0.558189
v 0.605711 0.136881 0.582142
v 0.589447 0.136815 0.600212
v -0.513777 0.021519 0.587471
v -0.513827 0.037917 0.604206
v -0.530111 0.037249 0.586788
v -0.360419 0.038802 0.604195
v -0.344486 0.022212 0.587898
v 0.434350 0.041806 0.604206
v 0.418660 0.025336 0.588158
v 0.605602 0.042152 0.586510
v 0.589619 0.042118 0.604221
v 0.589643 0.026036 0.587200
v 0.329781 0.286149 0.471626
v 0.340002 0.307575 0.466301
v 0.145081 0.396009 0.374332
v 0.148595 0.417933 0.367603
v 0.261529 0.362919 0.414936
v 0.245664 0.345963 0.410885
v 0.037449 0.409529 0.361694
v 0.037364 0.431664 0.354630
v -0.070281 0.393749 0.374123
v -0.074101 0.416139 0.367085
v -0.171062 0.342707 0.410629
v -0.186727 0.359758 0.414261
v -0.255379 0.282355 0.471409
v -0.267007 0.304552 0.465317
v -0.530760 0.053389 0.586025
v -0.514501 0.053954 0.603527
v -0.358394 0.054806 0.603519
v -0.342189 0.040463 0.587326
v -0.333946 0.049084 0.550049
v -0.276296 0.066630 0.459034
v -0.189805 0.077180 0.389664
v -0.081769 0.086225 0.345577
v 0.037282 0.089319 0.330444
v 0.156287 0.087434 0.345692
v 0.264210 0.079302 0.389832
v 0.350569 0.069434 0.459194
v 0.408118 0.052175 0.550129
v 0.416376 0.043571 0.587540
v 0.432374 0.057833 0.603527
v 0.589590 0.058208 0.603539
v 0.605620 0.058248 0.585766
v -0.532871 0.105891 0.583538
v -0.516694 0.106124 0.601318
v -0.351806 0.106868 0.601318
v -0.334718 0.099835 0.585449
v -0.325945 0.136394 0.562729
v -0.262368 0.210278 0.467274
v -0.177325 0.253990 0.403625
v -0.074120 0.291000 0.364586
v 0.037393 0.302541 0.351254
v 0.148825 0.292909 0.364761
v 0.251861 0.256867 0.403851
v 0.336727 0.213741 0.467472
v 0.400187 0.139593 0.562767
v 0.408946 0.102893 0.585526
v 0.425946 0.109973 0.601318
v 0.589495 0.110551 0.601322
v 0.605680 0.110608 0.583351
v 1.059711 1.143222 0.419750
v 1.075773 1.142983 0.399178
v 1.070428 1.154100 0.401020
v 1.056170 1.151663 0.421635
v 1.071783 1.119007 0.416084
v 0.150540 1.143228 0.419750
v 0.141639 1.119018 0.416111
v 1.084451 1.118844 0.396057
v -0.534933 1.143246 0.419754
v -0.534970 1.119023 0.416122
v -0.552106 1.143394 0.399654
v -0.535202 1.150664 0.421413
v -0.552106 1.151619 0.401016
v -0.552106 1.118986 0.396214
v 1.051694 1.169241 0.403133
v 0.155802 1.169241 0.403515
v 0.152073 1.150408 0.421356
v -0.535202 1.169241 0.403835
v 1.042509 1.105930 0.072224
v -0.514433 1.106027 0.072224
v -0.530111 0.037249 0.072224
v -0.513777 0.021519 0.072224
v 0.589643 0.026036 0.072224
v 0.605602 0.042152 0.072224
v -0.492899 0.965540 0.072224
v -0.493613 0.897057 0.072224
v 0.494400 0.788918 0.072224
v 0.698133 0.901704 0.072224
v -0.489740 0.784271 0.072224
v 1.015172 0.965980 0.072224
v -0.492895 0.991077 0.072224
v 0.442955 0.752546 0.072224
v -0.384459 0.747380 0.072224
v 1.027358 0.996592 0.072224
v 0.365762 0.693501 0.072224
v -0.288201 0.688855 0.072224
v 0.313189 0.631017 0.072224
v -0.241627 0.626370 0.072224
v 0.412652 0.337549 0.072224
v 0.324953 0.468103 0.072224
v -0.260964 0.463456 0.072224
v -0.370926 0.331704 0.072224
v 0.462917 0.286567 0.072224
v -0.419925 0.274647 0.072224
v -0.486120 0.197564 0.072224
v 0.605711 0.136881 0.072224
v 0.546639 0.201607 0.072224
v -0.533930 0.132235 0.072224
v 0.291281 0.535625 0.072224
v -0.235177 0.530979 0.072224
v -0.530760 0.053389 0.072224
v 0.605620 0.058248 0.072224
v 0.080120 0.023950 0.072224
v -0.532871 0.105891 0.072224
v 0.605680 0.110608 0.072224
v 1.080437 1.118906 0.072224
v 1.075616 1.143061 0.072224
v -0.552106 1.143421 0.072224
v -0.552106 1.119006 0.072224
v 1.070259 1.154360 0.072224
v 1.051864 1.169241 0.072224
v -0.535012 1.169241 0.072224
v -0.552106 1.151896 0.072224
v 0.162406 1.169241 0.072224
v 0.410556 0.025303 -0.401798
v 0.354824 0.025075 -0.312202
v 0.268006 0.024719 -0.241076
v 0.158581 0.024271 -0.195381
v 0.037249 0.023774 -0.179600
v -0.084121 0.023278 -0.195290
v -0.193642 0.022829 -0.240927
v -0.280578 0.022473 -0.312054
v -0.336405 0.022245 -0.401707
v 0.030540 0.465768 -0.181643
v 0.034849 0.558432 -0.140072
v 0.038009 0.628712 -0.137726
v 0.040681 0.691192 -0.172731
v 0.043169 0.749784 -0.210161
v 0.044767 0.786794 -0.226805
v 0.049790 0.899176 -0.230986
v 0.052773 0.965980 -0.234568
v 0.054025 0.993197 -0.225983
v -0.493613 0.897057 -0.213223
v -0.477621 0.897251 -0.230991
v -0.472053 0.784354 -0.226805
v -0.489740 0.784271 -0.207163
v 0.693045 0.916726 -0.231939
v 0.698133 0.901704 -0.213703
v 0.494400 0.788918 -0.209272
v 0.468128 0.788794 -0.226805
v -0.492915 0.964024 -0.216299
v -0.476928 0.965980 -0.234146
v -0.364222 0.752300 -0.213205
v -0.384459 0.747380 -0.195202
v 0.445310 0.754211 -0.195810
v 0.421740 0.751912 -0.210161
v 1.015367 0.965980 -0.213390
v 1.005009 0.965980 -0.235394
v 1.016130 0.996536 -0.225983
v 1.027358 0.996592 -0.206244
v -0.492895 0.989729 -0.208063
v -0.476911 0.991529 -0.225983
v -0.270914 0.688978 -0.172731
v -0.288201 0.688855 -0.155254
v 0.365762 0.693501 -0.155746
v 0.347984 0.693375 -0.172731
v 1.032021 1.106028 -0.239645
v 1.042510 1.105873 -0.221239
v 0.052175 1.106038 -0.239672
v -0.514433 1.106008 -0.221384
v -0.498038 1.106044 -0.239683
v -0.225712 0.626503 -0.137726
v -0.241627 0.626370 -0.119728
v 0.313189 0.631017 -0.119825
v 0.296588 0.630877 -0.137726
v -0.219300 0.556188 -0.140072
v -0.235177 0.553959 -0.122379
v 0.291281 0.558638 -0.122652
v 0.274901 0.560550 -0.140072
v -0.260964 0.463456 -0.165203
v -0.247341 0.458606 -0.185812
v 0.324953 0.468103 -0.165014
v 0.311253 0.463327 -0.185614
v 0.412652 0.337549 -0.271721
v 0.397342 0.340119 -0.290030
v -0.354925 0.335098 -0.290401
v -0.375237 0.326684 -0.277962
v 0.426512 0.307200 -0.322462
v 0.442576 0.307198 -0.304779
v -0.486120 0.197564 -0.410669
v -0.468936 0.197642 -0.427275
v -0.402788 0.277304 -0.347733
v -0.419611 0.275012 -0.331015
v -0.517794 0.132301 -0.455765
v -0.533930 0.132235 -0.437847
v -0.338473 0.198229 -0.427275
v -0.321931 0.180203 -0.424644
v -0.330970 0.129626 -0.440065
v -0.348500 0.132991 -0.455765
v 0.396208 0.183457 -0.424662
v 0.412702 0.201610 -0.427275
v 0.422720 0.136135 -0.455765
v 0.405217 0.132659 -0.440067
v 0.528769 0.202133 -0.427275
v 0.549840 0.198099 -0.413744
v 0.605711 0.136881 -0.437695
v 0.589447 0.136815 -0.455765
v -0.513777 0.021519 -0.443024
v -0.513827 0.037917 -0.459761
v -0.530111 0.037249 -0.442343
v -0.360419 0.038802 -0.459749
v -0.344486 0.022212 -0.443455
v 0.434350 0.041806 -0.459761
v 0.418660 0.025336 -0.443712
v 0.605602 0.042152 -0.442062
v 0.589619 0.042118 -0.459774
v 0.589643 0.026036 -0.442755
v 0.329781 0.286149 -0.327179
v 0.340002 0.307575 -0.321856
v 0.145081 0.396009 -0.229885
v 0.148595 0.417933 -0.223156
v 0.261529 0.362919 -0.270489
v 0.245664 0.345963 -0.266441
v 0.037449 0.409529 -0.217247
v 0.037364 0.431664 -0.210182
v -0.070281 0.393749 -0.229675
v -0.074101 0.416139 -0.222639
v -0.171062 0.342707 -0.266184
v -0.186727 0.359758 -0.269814
v -0.255379 0.282355 -0.326962
v -0.267007 0.304552 -0.320869
v -0.530760 0.053389 -0.441578
v -0.514501 0.053954 -0.459082
v -0.358394 0.054806 -0.459072
v -0.342189 0.040463 -0.442879
v -0.333946 0.049084 -0.405603
v -0.276296 0.066630 -0.314587
v -0.189805 0.077180 -0.245218
v -0.081769 0.086225 -0.201132
v 0.037282 0.089319 -0.185997
v 0.156287 0.087434 -0.201244
v 0.264210 0.079302 -0.245386
v 0.350569 0.069434 -0.314747
v 0.408118 0.052175 -0.405684
v 0.416376 0.043571 -0.443092
v 0.432374 0.057833 -0.459082
v 0.589590 0.058208 -0.459093
v 0.605620 0.058248 -0.441320
v -0.532871 0.105891 -0.439093
v -0.516694 0.106124 -0.456873
v -0.351806 0.106868 -0.456871
v -0.334718 0.099835 -0.441004
v -0.325945 0.136394 -0.418283
v -0.262368 0.210278 -0.322826
v -0.177325 0.253990 -0.259178
v -0.074120 0.291000 -0.220139
v 0.037393 0.302541 -0.206806
v 0.148825 0.292909 -0.220316
v 0.251861 0.256867 -0.259405
v 0.336727 0.213741 -0.323025
v 0.400187 0.139593 -0.418320
v 0.408946 0.102893 -0.441078
v 0.425946 0.109973 -0.456873
v 0.589495 0.110551 -0.456877
v 0.605680 0.110608 -0.438906
v 1.074931 1.143222 -0.275305
v 1.086830 1.142983 -0.254730
v 1.088182 1.154100 -0.256575
v 1.076317 1.151663 -0.277189
v 1.072534 1.119007 -0.271637
v 0.041168 1.143228 -0.275305
v 0.040095 1.119018 -0.271664
v 1.084451 1.118844 -0.251610
v -0.534933 1.143246 -0.275311
v -0.534970 1.119023 -0.271677
v -0.552106 1.143394 -0.255211
v -0.535202 1.150664 -0.276966
v -0.552106 1.151619 -0.256573
v -0.552106 1.118986 -0.251768
v 1.075930 1.169241 -0.258686
v 0.042313 1.169241 -0.259069
v 0.041484 1.150408 -0.276909
v -0.535202 1.169241 -0.259390
v -0.609631 0.811024 0.313782
v -0.609631 0.833702 0.342140
v -0.624794 0.833702 0.313782
v -0.473146 0.833702 0.313782
v -0.488310 0.833702 0.342140
v -0.488310 0.811024 0.313782
v -0.624794 1.074524 0.313782
v -0.609631 1.074524 0.342140
v -0.609631 1.097202 0.313782
v -0.488310 1.097202 0.313782
v -0.488310 1.074524 0.342140
v -0.473146 1.074524 0.313782
v -0.624794 1.074524 -0.181599
v -0.609631 1.097202 -0.181599
v -0.609631 1.074524 -0.209957
v -0.488310 1.074524 -0.209957
v -0.488310 1.097202 -0.181599
v -0.473146 1.074524 -0.181599
v -0.624794 0.833702 -0.181599
v -0.609631 0.833702 -0.209957
v -0.609631 0.811024 -0.181599
v -0.488310 0.811024 -0.181599
v -0.488310 0.833702 -0.209957
v -0.473146 0.833702 -0.181599
v -0.598406 1.062428 -0.162115
v -0.598406 0.977026 -0.175831
v -0.598406 0.904288 -0.172205
v -0.598406 0.855687 -0.126541
v -0.598406 0.846478 0.071028
v -0.598406 0.855687 0.268597
v -0.598406 0.904288 0.314262
v -0.598406 0.977026 0.317886
v -0.598406 1.062428 0.304173
v -0.705360 1.062428 -0.162115
v -0.705360 0.977026 -0.175831
v -0.705360 0.904288 -0.172205
v -0.705360 0.855687 -0.126541
v -0.705360 0.846478 0.071028
v -0.705360 0.855687 0.268597
v -0.705360 0.904288 0.314262
v -0.705360 0.977026 0.317886
v -0.705360 1.062428 0.304173
v -0.598406 1.062855 0.071028
v -0.705360 1.062855 0.071028
v -0.598406 0.846488 -0.009287
v -0.705360 0.846488 -0.009287
v -0.598406 0.847133 0.157921
v -0.705360 0.847133 0.157921
v -0.848562 1.058602 -0.150499
v -0.848562 0.977454 -0.163532
v -0.848562 1.059008 0.071028
v -0.848562 0.908341 -0.160088
v -0.848562 0.862161 -0.116697
v -0.848562 0.853421 -0.005285
v -0.848562 0.853411 0.071028
v -0.848562 0.854033 0.153591
v -0.848562 0.862161 0.258755
v -0.848562 0.908341 0.302143
v -0.848562 0.977454 0.305588
v -0.848562 1.058602 0.292557
v -1.015522 1.055325 -0.087179
v -1.015522 0.987802 -0.096487
v -1.015522 1.055614 0.071028
v -1.015522 0.938444 -0.094027
v -1.015522 0.905463 -0.063040
v -1.015522 0.899221 0.016527
v -1.015522 0.899214 0.071028
v -1.015522 0.899658 0.129993
v -1.015522 0.905463 0.205097
v -1.015522 0.938444 0.236084
v -1.015522 0.987802 0.238544
v -1.015522 1.055324 0.229237
v -1.195841 1.052104 0.006111
v -1.195841 1.028324 0.002291
v -1.195841 1.052223 0.071028
v -1.195841 1.008070 0.003302
v -1.195841 0.994538 0.016016
v -1.195841 0.991976 0.048664
v -1.195841 0.991974 0.071028
v -1.195841 0.992156 0.095222
v -1.195841 0.994538 0.126041
v -1.195841 1.008070 0.138756
v -1.195841 1.028324 0.139767
v -1.195841 1.052104 0.135944
v -1.271625 1.048311 0.047474
v -1.271625 1.039682 0.046087
v -1.271625 1.048354 0.071028
v -1.271625 1.032334 0.046453
v -1.271625 1.027423 0.051067
v -1.271625 1.026494 0.062914
v -1.271625 1.026493 0.071028
v -1.271625 1.026559 0.079807
v -1.271625 1.027423 0.090988
v -1.271625 1.032334 0.095602
v -1.271625 1.039682 0.095968
v -1.271625 1.048311 0.094584
v -1.103251 1.053758 -0.041792
v -1.103251 1.053964 0.071028
v -1.103251 1.053757 0.183849
v -1.103251 1.012431 0.190487
v -1.103251 0.970246 0.188732
v -1.103251 0.946727 0.166634
v -1.103251 0.942588 0.113075
v -1.103251 0.942271 0.071028
v -1.103251 0.942276 0.032164
v -1.103251 0.946727 -0.024578
v -1.103251 0.970246 -0.046675
v -1.103251 1.012431 -0.048429
v -0.920146 1.057467 -0.128582
v -0.920146 1.057833 0.071028
v -0.920146 1.057467 0.270638
v -0.920146 0.984348 0.282383
v -0.920146 0.915861 0.279278
v -0.920146 0.874250 0.240181
v -0.920146 0.866926 0.145424
v -0.920146 0.866365 0.071028
v -0.920146 0.866374 0.002266
v -0.920146 0.874250 -0.098125
v -0.920146 0.915861 -0.137220
v -0.920146 0.984348 -0.140326
v 0.885908 1.176833 -0.208994
v 0.885750 1.162616 -0.263254
v 0.867969 1.094193 -0.273954
v 0.829920 0.953952 -0.253078
v 0.819824 0.913589 -0.223684
v 0.820766 0.916928 0.381557
v 0.838936 0.985905 0.407246
v 0.872045 1.108640 0.420216
v 0.882991 1.152838 0.432896
v 0.885363 1.165828 0.367069
v 0.778176 1.198108 -0.208994
v 0.777960 1.183667 -0.263254
v 0.759356 1.112097 -0.273954
v 0.719618 0.965384 -0.253078
v 0.709038 0.923168 -0.223684
v 0.710020 0.926662 0.381557
v 0.729021 0.998816 0.407246
v 0.763607 1.127212 0.420216
v 0.775083 1.173437 0.432896
v 0.777607 1.187014 0.367069
v 0.893344 1.178530 -0.229071
v 0.776888 1.209364 -0.229071
v 0.891905 1.159406 -0.289488
v 0.775448 1.190240 -0.289488
v 0.871858 1.082310 -0.302347
v 0.755402 1.113144 -0.302347
v 0.830678 0.930072 -0.279310
v 0.714221 0.960906 -0.279310
v 0.818874 0.883172 -0.243761
v 0.702417 0.914006 -0.243761
v 0.819857 0.886666 0.401634
v 0.703401 0.917500 0.401634
v 0.840080 0.963503 0.433479
v 0.723623 0.994338 0.433479
v 0.876110 1.097425 0.448608
v 0.759653 1.128259 0.448608
v 0.889028 1.149175 0.459129
v 0.772571 1.180009 0.459129
v 0.894252 1.175036 0.387146
v 0.774842 1.190668 0.387146
v 0.800004 1.171671 -0.171879
v 0.801474 1.166809 -0.256857
v 0.802630 1.097946 -0.257769
v 0.803121 0.956374 -0.237816
v 0.804264 0.915856 -0.209726
v 0.804295 0.919237 0.368710
v 0.803417 0.988723 0.393261
v 0.802763 1.112572 0.405655
v 0.801383 1.156909 0.417774
v 0.799986 1.169714 0.354862
v 0.663484 1.169550 -0.171879
v 0.664953 1.164688 -0.256857
v 0.666110 1.095825 -0.257769
v 0.666601 0.954253 -0.237816
v 0.667744 0.913735 -0.209726
v 0.667775 0.917116 0.368710
v 0.666896 0.986602 0.393261
v 0.666244 1.110451 0.405655
v 0.664863 1.154789 0.417774
v 0.663466 1.167593 0.354862
v 0.804827 1.181574 -0.191067
v 0.658360 1.179298 -0.191067
v 0.806365 1.172204 -0.281927
v 0.659899 1.169929 -0.281927
v 0.807603 1.098023 -0.284904
v 0.661137 1.095748 -0.284904
v 0.808176 0.951133 -0.262888
v 0.661709 0.948858 -0.262888
v 0.809388 0.906107 -0.228914
v 0.662922 0.903832 -0.228914
v 0.809419 0.909489 0.387897
v 0.662952 0.907213 0.387897
v 0.808471 0.983482 0.418331
v 0.662005 0.981207 0.418331
v 0.807736 1.112649 0.432793
v 0.661270 1.110373 0.432793
v 0.806274 1.162304 0.442844
v 0.659808 1.160028 0.442844
v 0.804809 1.179617 0.374050
v 0.658342 1.177342 0.374050
v 0.688370 1.182797 -0.184696
v 0.689086 1.177404 -0.273811
v 0.690300 1.101214 -0.274767
v 0.691937 0.944595 -0.253843
v 0.692862 0.899761 -0.224384
v 0.692842 0.903501 0.382202
v 0.691748 0.980378 0.407948
v 0.690214 1.117392 0.420944
v 0.689144 1.166454 0.433655
v 0.688382 1.180634 0.367680
v 0.626375 1.181835 -0.184696
v 0.627091 1.176441 -0.273811
v 0.628304 1.100250 -0.274767
v 0.629942 0.943632 -0.253843
v 0.630867 0.898798 -0.224384
v 0.630847 0.902537 0.382202
v 0.629753 0.979415 0.407948
v 0.628219 1.116428 0.420944
v 0.627149 1.165491 0.433655
v 0.626386 1.179670 0.367680
v 0.690462 1.193704 -0.204817
v 0.623950 1.192671 -0.204817
v 0.691255 1.183323 -0.300100
v 0.624743 1.182289 -0.300100
v 0.692558 1.101249 -0.303223
v 0.626046 1.100215 -0.303223
v 0.694285 0.938746 -0.280132
v 0.627774 0.937713 -0.280132
v 0.695286 0.888925 -0.244507
v 0.628775 0.887891 -0.244507
v 0.695266 0.892664 0.402325
v 0.628755 0.891631 0.402325
v 0.694097 0.974530 0.434238
v 0.627585 0.973496 0.434238
v 0.692472 1.117427 0.449402
v 0.625960 1.116394 0.449402
v 0.691312 1.172373 0.459946
v 0.624800 1.171339 0.459946
v 0.690473 1.191540 0.387802
v 0.623961 1.190506 0.387802
v 0.642788 1.165095 -0.171879
v 0.645185 1.161872 -0.256857
v 0.668371 1.098408 -0.257769
v 0.715810 0.953250 -0.237816
v 0.730267 0.907269 -0.209726
v 0.729136 0.911128 0.368710
v 0.704985 0.990161 0.393261
v 0.662481 1.131179 0.405655
v 0.648118 1.156702 0.417774
v 0.642686 1.175084 0.354862
v 0.560479 1.173075 -0.171879
v 0.563004 1.167777 -0.256857
v 0.587108 1.089499 -0.257769
v 0.635543 0.928258 -0.237816
v 0.650000 0.882277 -0.209726
v 0.648869 0.886135 0.368710
v 0.624718 0.965169 0.393261
v 0.582213 1.106187 0.405655
v 0.566317 1.156482 0.417774
v 0.561134 1.170842 0.354862
v 0.642282 1.177177 -0.191067
v 0.554125 1.183335 -0.191067
v 0.645257 1.184911 -0.281927
v 0.558224 1.172913 -0.281927
v 0.670299 1.115402 -0.284904
v 0.584184 1.088589 -0.284904
v 0.720591 0.948115 -0.262888
v 0.634476 0.921302 -0.262888
v 0.736622 0.897008 -0.228914
v 0.650507 0.870195 -0.228914
v 0.735490 0.900867 0.387897
v 0.649375 0.874053 0.387897
v 0.709766 0.985026 0.418331
v 0.623651 0.958213 0.418331
v 0.665405 1.132090 0.432793
v 0.579290 1.105277 0.432793
v 0.649186 1.163658 0.442844
v 0.561537 1.161617 0.442844
v 0.642179 1.187166 0.374050
v 0.554780 1.181103 0.374050
v -0.609631 0.811024 0.313782
v -0.624794 0.833702 0.313782
v -0.624794 0.833702 -0.181599
v -0.609631 0.811024 -0.181599
v -0.609631 0.833702 0.342140
v -0.488310 0.811024 0.313782
v -0.488310 0.833702 0.342140
v -0.609631 1.074524 0.342140
v -0.624794 1.074524 0.313782
v -0.473146 0.833702 0.313782
v -0.488310 0.811024 -0.181599
v -0.473146 0.833702 -0.181599
v -0.473146 1.074524 0.313782
v -0.488310 1.074524 0.342140
v -0.609631 1.097202 0.313782
v -0.609631 1.097202 -0.181599
v -0.624794 1.074524 -0.181599
v -0.488310 1.097202 0.313782
v -0.473146 1.074524 -0.181599
v -0.488310 1.097202 -0.181599
v -0.609631 1.074524 -0.209957
v -0.609631 0.833702 -0.209957
v -0.488310 1.074524 -0.209957
v -0.488310 0.833702 -0.209957
v -0.598406 1.062428 -0.162115
v -0.598406 0.977026 -0.175831
v -0.705360 0.977026 -0.175831
v -0.705360 1.062428 -0.162115
v -0.598406 0.904288 -0.172205
v -0.705360 0.904288 -0.172205
v -0.598406 0.855687 -0.126541
v -0.705360 0.855687 -0.126541
v -0.598406 0.846488 -0.009287
v -0.705360 0.846488 -0.009287
v -0.598406 0.846478 0.071028
v -0.598406 0.847133 0.157921
v -0.705360 0.847133 0.157921
v -0.705360 0.846478 0.071028
v -0.598406 0.855687 0.268597
v -0.598406 0.904288 0.314262
v -0.705360 0.904288 0.314262
v -0.705360 0.855687 0.268597
v -0.598406 0.977026 0.317886
v -0.705360 0.977026 0.317886
v -0.598406 1.062428 0.304173
v -0.705360 1.062428 0.304173
v -0.598406 1.062855 0.071028
v -1.271625 1.048311 0.047474
v -1.271625 1.039682 0.046087
v -1.271625 1.048354 0.071028
v -1.271625 1.032334 0.046453
v -1.271625 1.027423 0.051067
v -1.271625 1.026494 0.062914
v -1.271625 1.026493 0.071028
v -1.271625 1.026559 0.079807
v -1.271625 1.027423 0.090988
v -1.271625 1.032334 0.095602
v -1.271625 1.039682 0.095968
v -1.271625 1.048311 0.094584
v -0.848562 1.058602 -0.150499
v -0.848562 0.977454 -0.163532
v -0.705360 1.062855 0.071028
v -0.848562 1.059008 0.071028
v -0.848562 0.908341 -0.160088
v -0.848562 0.862161 -0.116697
v -0.848562 0.853421 -0.005285
v -0.848562 0.854033 0.153591
v -0.848562 0.853411 0.071028
v -0.848562 0.908341 0.302143
v -0.848562 0.862161 0.258755
v -0.848562 0.977454 0.305588
v -0.848562 1.058602 0.292557
v -0.920146 0.984348 -0.140326
v -0.920146 1.057467 -0.128582
v -0.920146 1.057833 0.071028
v -0.920146 0.915861 -0.137220
v -0.920146 0.874250 -0.098125
v -0.920146 0.866374 0.002266
v -0.920146 0.866926 0.145424
v -0.920146 0.866365 0.071028
v -0.920146 0.915861 0.279278
v -0.920146 0.874250 0.240181
v -0.920146 0.984348 0.282383
v -0.920146 1.057467 0.270638
v -1.015522 1.055325 -0.087179
v -1.015522 0.987802 -0.096487
v -1.103251 1.012431 -0.048429
v -1.103251 1.053758 -0.041792
v -1.015522 1.055614 0.071028
v -1.103251 1.053964 0.071028
v -1.015522 0.938444 -0.094027
v -1.103251 0.970246 -0.046675
v -1.015522 0.905463 -0.063040
v -1.103251 0.946727 -0.024578
v -1.015522 0.899221 0.016527
v -1.103251 0.942276 0.032164
v -1.015522 0.899214 0.071028
v -1.015522 0.899658 0.129993
v -1.103251 0.942588 0.113075
v -1.103251 0.942271 0.071028
v -1.015522 0.905463 0.205097
v -1.015522 0.938444 0.236084
v -1.103251 0.970246 0.188732
v -1.103251 0.946727 0.166634
v -1.015522 0.987802 0.238544
v -1.103251 1.012431 0.190487
v -1.015522 1.055324 0.229237
v -1.103251 1.053757 0.183849
v -1.195841 1.052104 0.006111
v -1.195841 1.028324 0.002291
v -1.195841 1.052223 0.071028
v -1.195841 1.008070 0.003302
v -1.195841 0.994538 0.016016
v -1.195841 0.991976 0.048664
v -1.195841 0.991974 0.071028
v -1.195841 0.992156 0.095222
v -1.195841 0.994538 0.126041
v -1.195841 1.008070 0.138756
v -1.195841 1.028324 0.139767
v -1.195841 1.052104 0.135944
v 0.893344 1.178530 -0.229071
v 0.891905 1.159406 -0.289488
v 0.775448 1.190240 -0.289488
v 0.776888 1.209364 -0.229071
v 0.871858 1.082310 -0.302347
v 0.755402 1.113144 -0.302347
v 0.830678 0.930072 -0.279310
v 0.714221 0.960906 -0.279310
v 0.818874 0.883172 -0.243761
v 0.702417 0.914006 -0.243761
v 0.819857 0.886666 0.401634
v 0.703401 0.917500 0.401634
v 0.840080 0.963503 0.433479
v 0.723623 0.994338 0.433479
v 0.876110 1.097425 0.448608
v 0.759653 1.128259 0.448608
v 0.889028 1.149175 0.459129
v 0.772571 1.180009 0.459129
v 0.894252 1.175036 0.387146
v 0.774842 1.190668 0.387146
v 0.778176 1.198108 -0.208994
v 0.777607 1.187014 0.367069
v 0.885908 1.176833 -0.208994
v 0.885750 1.162616 -0.263254
v 0.777960 1.183667 -0.263254
v 0.867969 1.094193 -0.273954
v 0.759356 1.112097 -0.273954
v 0.829920 0.953952 -0.253078
v 0.719618 0.965384 -0.253078
v 0.819824 0.913589 -0.223684
v 0.709038 0.923168 -0.223684
v 0.820766 0.916928 0.381557
v 0.710020 0.926662 0.381557
v 0.838936 0.985905 0.407246
v 0.729021 0.998816 0.407246
v 0.872045 1.108640 0.420216
v 0.763607 1.127212 0.420216
v 0.882991 1.152838 0.432896
v 0.775083 1.173437 0.432896
v 0.885363 1.165828 0.367069
v 0.804827 1.181574 -0.191067
v 0.806365 1.172204 -0.281927
v 0.659899 1.169929 -0.281927
v 0.658360 1.179298 -0.191067
v 0.807603 1.098023 -0.284904
v 0.661137 1.095748 -0.284904
v 0.808176 0.951133 -0.262888
v 0.661709 0.948858 -0.262888
v 0.809388 0.906107 -0.228914
v 0.662922 0.903832 -0.228914
v 0.809419 0.909489 0.387897
v 0.662952 0.907213 0.387897
v 0.808471 0.983482 0.418331
v 0.662005 0.981207 0.418331
v 0.807736 1.112649 0.432793
v 0.661270 1.110373 0.432793
v 0.806274 1.162304 0.442844
v 0.659808 1.160028 0.442844
v 0.804809 1.179617 0.374050
v 0.658342 1.177342 0.374050
v 0.663484 1.169550 -0.171879
v 0.663466 1.167593 0.354862
v 0.800004 1.171671 -0.171879
v 0.801474 1.166809 -0.256857
v 0.664953 1.164688 -0.256857
v 0.802630 1.097946 -0.257769
v 0.666110 1.095825 -0.257769
v 0.803121 0.956374 -0.237816
v 0.666601 0.954253 -0.237816
v 0.804264 0.915856 -0.209726
v 0.667744 0.913735 -0.209726
v 0.804295 0.919237 0.368710
v 0.667775 0.917116 0.368710
v 0.803417 0.988723 0.393261
v 0.666896 0.986602 0.393261
v 0.802763 1.112572 0.405655
v 0.666244 1.110451 0.405655
v 0.801383 1.156909 0.417774
v 0.664863 1.154789 0.417774
v 0.799986 1.169714 0.354862
v 0.690462 1.193704 -0.204817
v 0.691255 1.183323 -0.300100
v 0.624743 1.182289 -0.300100
v 0.623950 1.192671 -0.204817
v 0.692558 1.101249 -0.303223
v 0.626046 1.100215 -0.303223
v 0.694285 0.938746 -0.280132
v 0.627774 0.937713 -0.280132
v 0.695286 0.888925 -0.244507
v 0.628775 0.887891 -0.244507
v 0.695266 0.892664 0.402325
v 0.628755 0.891631 0.402325
v 0.694097 0.974530 0.434238
v 0.627585 0.973496 0.434238
v 0.692472 1.117427 0.449402
v 0.625960 1.116394 0.449402
v 0.691312 1.172373 0.459946
v 0.624800 1.171339 0.459946
v 0.690473 1.191540 0.387802
v 0.623961 1.190506 0.387802
v 0.626375 1.181835 -0.184696
v 0.626386 1.179670 0.367680
v 0.688370 1.182797 -0.184696
v 0.689086 1.177404 -0.273811
v 0.627091 1.176441 -0.273811
v 0.690300 1.101214 -0.274767
v 0.628304 1.100250 -0.274767
v 0.691937 0.944595 -0.253843
v 0.629942 0.943632 -0.253843
v 0.692862 0.899761 -0.224384
v 0.630867 0.898798 -0.224384
v 0.692842 0.903501 0.382202
v 0.630847 0.902537 0.382202
v 0.691748 0.980378 0.407948
v 0.629753 0.979415 0.407948
v 0.690214 1.117392 0.420944
v 0.628219 1.116428 0.420944
v 0.689144 1.166454 0.433655
v 0.627149 1.165491 0.433655
v 0.688382 1.180634 0.367680
v 0.642282 1.177177 -0.191067
v 0.645257 1.184911 -0.281927
v 0.558224 1.172913 -0.281927
v 0.554125 1.183335 -0.191067
v 0.670299 1.115402 -0.284904
v 0.584184 1.088589 -0.284904
v 0.720591 0.948115 -0.262888
v 0.634476 0.921302 -0.262888
v 0.736622 0.897008 -0.228914
v 0.650507 0.870195 -0.228914
v 0.735490 0.900867 0.387897
v 0.649375 0.874053 0.387897
v 0.709766 0.985026 0.418331
v 0.623651 0.958213 0.418331
v 0.665405 1.132090 0.432793
v 0.579290 1.105277 0.432793
v 0.649186 1.163658 0.442844
v 0.561537 1.161617 0.442844
v 0.642179 1.187166 0.374050
v 0.554780 1.181103 0.374050
v 0.560479 1.173075 -0.171879
v 0.561134 1.170842 0.354862
v 0.642788 1.165095 -0.171879
v 0.645185 1.161872 -0.256857
v 0.563004 1.167777 -0.256857
v 0.668371 1.098408 -0.257769
v 0.587108 1.089499 -0.257769
v 0.715810 0.953250 -0.237816
v 0.635543 0.928258 -0.237816
v 0.730267 0.907269 -0.209726
v 0.650000 0.882277 -0.209726
v 0.729136 0.911128 0.368710
v 0.648869 0.886135 0.368710
v 0.704985 0.990161 0.393261
v 0.624718 0.965169 0.393261
v 0.662481 1.131179 0.405655
v 0.582213 1.106187 0.405655
v 0.648118 1.156702 0.417774
v 0.566317 1.156482 0.417774
v 0.642686 1.175084 0.354862
vt 0.065666 0.372134
vt 0.074258 0.373235
vt 0.074418 0.397557
vt 0.066076 0.396835
vt 0.070178 0.329904
vt 0.078702 0.333600
vt 0.106202 0.315015
vt 0.114383 0.320674
vt 0.489112 0.383101
vt 0.491998 0.374862
vt 0.599828 0.396959
vt 0.592901 0.402566
vt 0.409238 0.336043
vt 0.419975 0.333221
vt 0.393387 0.321344
vt 0.403036 0.318956
vt 0.073637 0.407069
vt 0.064983 0.406149
vt 0.138245 0.289500
vt 0.146164 0.293374
vt 0.368428 0.295884
vt 0.376513 0.292329
vt 0.606707 0.411259
vt 0.598900 0.413455
vt 0.612874 0.450831
vt 0.605477 0.452535
vt 0.067899 0.448012
vt 0.059235 0.447431
vt 0.152311 0.265393
vt 0.160728 0.267259
vt 0.351712 0.269529
vt 0.360249 0.267521
vt 0.224578 0.937192
vt 0.221325 0.941346
vt 0.219572 0.938704
vt 0.222557 0.935481
vt 0.230156 0.942966
vt 0.240407 0.694738
vt 0.247547 0.691944
vt 0.225919 0.946229
vt 0.133680 0.975125
vt 0.133790 0.968058
vt 0.226865 0.507158
vt 0.231590 0.502887
vt 0.222522 0.503494
vt 0.225281 0.508219
vt 0.221689 0.505253
vt 0.226409 0.498897
vt 0.130645 0.486328
vt 0.130614 0.479173
vt 0.154594 0.242962
vt 0.162967 0.242105
vt 0.344372 0.244066
vt 0.352919 0.244948
vt 0.216190 0.933339
vt 0.133894 0.964393
vt 0.134150 0.957402
vt 0.230603 0.696606
vt 0.238252 0.695253
vt 0.219389 0.510619
vt 0.130652 0.496296
vt 0.130651 0.488880
vt 0.146015 0.210416
vt 0.152163 0.204327
vt 0.357799 0.206386
vt 0.363996 0.212416
vt 0.097709 0.156238
vt 0.106569 0.153545
vt 0.395685 0.155596
vt 0.402365 0.160842
vt 0.409745 0.142622
vt 0.415748 0.148549
vt 0.076484 0.134377
vt 0.083381 0.129439
vt 0.458281 0.099057
vt 0.466867 0.102414
vt 0.045596 0.097479
vt 0.052799 0.093152
vt 0.026215 0.071385
vt 0.034086 0.068806
vt 0.024811 0.060763
vt 0.033336 0.059764
vt 0.098660 0.089382
vt 0.104240 0.083278
vt 0.139959 0.125769
vt 0.136565 0.134453
vt 0.091805 0.066438
vt 0.099395 0.065620
vt 0.090409 0.057647
vt 0.098174 0.055302
vt 0.411934 0.086760
vt 0.417327 0.093020
vt 0.377780 0.136676
vt 0.374973 0.128401
vt 0.417418 0.069311
vt 0.425074 0.070475
vt 0.418975 0.059082
vt 0.426727 0.061745
vt 0.482158 0.075915
vt 0.489950 0.079049
vt 0.483615 0.066874
vt 0.492120 0.068462
vt 0.744862 0.381714
vt 0.744877 0.379505
vt 0.794971 0.378342
vt 0.795022 0.380550
vt 0.033742 0.035717
vt 0.032361 0.027449
vt 0.093038 0.027142
vt 0.086515 0.034810
vt 0.431283 0.039051
vt 0.425065 0.031177
vt 0.486776 0.034552
vt 0.484993 0.042735
vt 0.747500 0.491342
vt 0.747381 0.489136
vt 0.797516 0.487972
vt 0.797567 0.490180
vt 0.344215 0.159329
vt 0.337882 0.153594
vt 0.298339 0.174375
vt 0.299366 0.182737
vt 0.257241 0.188189
vt 0.257292 0.179719
vt 0.214934 0.181889
vt 0.216160 0.173322
vt 0.170444 0.157522
vt 0.176750 0.151782
vt 0.259166 0.330922
vt 0.260507 0.371255
vt 0.736881 0.508285
vt 0.737227 0.522508
vt 0.676005 0.521517
vt 0.676319 0.506989
vt 0.855377 0.466545
vt 0.856418 0.427640
vt 0.903453 0.428025
vt 0.903152 0.466928
vt 0.676836 0.483051
vt 0.736113 0.484312
vt 0.258648 0.316291
vt 0.263150 0.395087
vt 0.267463 0.405359
vt 0.902732 0.520974
vt 0.855009 0.520626
vt 0.735362 0.527924
vt 0.675888 0.526934
vt 0.858746 0.417610
vt 0.903535 0.417502
vt 0.677347 0.459390
vt 0.734087 0.460585
vt 0.257889 0.291330
vt 0.902690 0.526480
vt 0.856161 0.526127
vt 0.293585 0.446166
vt 0.737649 0.553073
vt 0.675353 0.551744
vt 0.865572 0.400939
vt 0.903661 0.401274
vt 0.677862 0.435504
vt 0.726123 0.436495
vt 0.257082 0.265904
vt 0.902547 0.544922
vt 0.853515 0.544541
vt 0.871686 0.387336
vt 0.903767 0.387645
vt 0.678219 0.418989
vt 0.718934 0.419792
vt 0.256038 0.240841
vt 0.134380 0.694402
vt 0.254582 0.204221
vt 0.864357 0.358472
vt 0.846728 0.332053
vt 0.904195 0.332472
vt 0.903991 0.358731
vt 0.729349 0.384576
vt 0.678987 0.383424
vt 0.679773 0.347041
vt 0.754096 0.347275
vt 0.841259 0.324888
vt 0.904287 0.320514
vt 0.765666 0.333070
vt 0.680117 0.331090
vt 0.680583 0.309538
vt 0.783036 0.311779
vt 0.823247 0.299186
vt 0.819351 0.285308
vt 0.904555 0.285948
vt 0.904442 0.300588
vt 0.680953 0.292364
vt 0.789175 0.294729
vt 0.819182 0.280917
vt 0.904589 0.281558
vt 0.681074 0.286771
vt 0.789561 0.289142
vt 0.372744 0.101968
vt 0.409905 0.071583
vt 0.297845 0.136722
vt 0.336715 0.121204
vt 0.257437 0.140840
vt 0.217070 0.135747
vt 0.178432 0.119466
vt 0.106749 0.068119
vt 0.142853 0.099407
vt 0.871325 0.374677
vt 0.903893 0.371322
vt 0.750964 0.471609
vt 0.746902 0.472492
vt 0.025798 0.034393
vt 0.492989 0.041960
vt 0.744915 0.377931
vt 0.794935 0.376770
vt 0.033377 0.041350
vt 0.024899 0.040781
vt 0.087499 0.040128
vt 0.094812 0.034214
vt 0.108457 0.036981
vt 0.108878 0.027329
vt 0.144938 0.046639
vt 0.145203 0.030713
vt 0.180974 0.054831
vt 0.181813 0.035259
vt 0.218766 0.061412
vt 0.219490 0.038839
vt 0.257944 0.064047
vt 0.258070 0.040696
vt 0.297239 0.062167
vt 0.296778 0.039516
vt 0.335344 0.056355
vt 0.334791 0.036703
vt 0.371878 0.049048
vt 0.371917 0.033065
vt 0.409051 0.040471
vt 0.408848 0.030807
vt 0.423028 0.038179
vt 0.430142 0.044337
vt 0.484951 0.048392
vt 0.493470 0.048427
vt 0.769950 0.422983
vt 0.796365 0.438368
vt 0.771752 0.434764
vt 0.770490 0.446612
vt 0.766289 0.457368
vt 0.759560 0.465980
vt 0.765260 0.412424
vt 0.758139 0.404121
vt 0.749285 0.398889
vt 0.745202 0.398197
vt 0.681315 0.275624
vt 0.790331 0.278005
vt 0.257305 0.692253
vt 0.238732 0.938233
vt 0.230789 0.951841
vt 0.133559 0.985924
vt 0.239340 0.506148
vt 0.229253 0.492324
vt 0.678656 0.398740
vt 0.719809 0.404356
vt 0.797604 0.491747
vt 0.747609 0.492908
vt 0.904657 0.272810
vt 0.818845 0.272165
vt 0.130528 0.468241
vt 0.941620 0.912776
vt 0.940585 0.937485
vt 0.932238 0.937965
vt 0.933019 0.913649
vt 0.929570 0.873928
vt 0.938170 0.870463
vt 0.894263 0.860038
vt 0.902573 0.854608
vt 0.518808 0.913204
vt 0.414801 0.930362
vt 0.408024 0.924608
vt 0.516126 0.904914
vt 0.588977 0.864926
vt 0.599620 0.867985
vt 0.606225 0.851058
vt 0.615794 0.853668
vt 0.941419 0.946876
vt 0.932760 0.947501
vt 0.863208 0.831908
vt 0.871209 0.828248
vt 0.633345 0.825079
vt 0.641323 0.828823
vt 0.408551 0.941100
vt 0.400816 0.938715
vt 0.401032 0.979954
vt 0.393692 0.978071
vt 0.945611 0.988642
vt 0.936945 0.988928
vt 0.849315 0.805440
vt 0.857762 0.803794
vt 0.650189 0.800690
vt 0.658657 0.802904
vt 0.044582 0.940539
vt 0.046584 0.939751
vt 0.050156 0.941907
vt 0.048491 0.944018
vt 0.039132 0.943688
vt 0.019670 0.665845
vt 0.026781 0.666182
vt 0.043617 0.947828
vt 0.030934 0.504385
vt 0.035690 0.508520
vt 0.039817 0.504710
vt 0.040716 0.506432
vt 0.037304 0.509493
vt 0.035851 0.500211
vt 0.847704 0.780268
vt 0.856036 0.781335
vt 0.658069 0.778328
vt 0.666618 0.777661
vt 0.052934 0.937945
vt 0.028935 0.666256
vt 0.036612 0.666502
vt 0.043123 0.511758
vt 0.859427 0.742838
vt 0.865407 0.749068
vt 0.647834 0.745580
vt 0.654169 0.739718
vt 0.906190 0.693312
vt 0.914962 0.696222
vt 0.610850 0.693138
vt 0.617648 0.688072
vt 0.597806 0.680532
vt 0.603946 0.674770
vt 0.929934 0.669843
vt 0.936690 0.674945
vt 0.547968 0.633202
vt 0.556619 0.630069
vt 0.968440 0.638907
vt 0.961363 0.634408
vt 0.980648 0.610588
vt 0.988436 0.613360
vt 0.981624 0.601585
vt 0.990105 0.602796
vt 0.915698 0.629489
vt 0.876741 0.673505
vt 0.873573 0.664754
vt 0.910284 0.623258
vt 0.915563 0.605762
vt 0.923116 0.606770
vt 0.917043 0.595497
vt 0.924731 0.598033
vt 0.603176 0.618974
vt 0.639001 0.661459
vt 0.635991 0.669645
vt 0.597636 0.625084
vt 0.590476 0.602392
vt 0.598146 0.601425
vt 0.589049 0.593639
vt 0.596851 0.591179
vt 0.525528 0.609303
vt 0.533382 0.606373
vt 0.523630 0.598685
vt 0.532157 0.597316
vt 0.845183 0.379386
vt 0.845066 0.377180
vt 0.981826 0.577581
vt 0.929192 0.575344
vt 0.922877 0.567529
vt 0.983413 0.569366
vt 0.585078 0.570880
vt 0.531394 0.573195
vt 0.529822 0.564986
vt 0.591482 0.563181
vt 0.847635 0.489018
vt 0.847651 0.486809
vt 0.675375 0.687533
vt 0.668911 0.693097
vt 0.714308 0.709259
vt 0.755131 0.715618
vt 0.754969 0.724068
vt 0.713072 0.717577
vt 0.796338 0.710275
vt 0.797347 0.718854
vt 0.836208 0.689781
vt 0.842356 0.695668
vt 0.747112 0.906465
vt 0.749459 0.866317
vt 0.615757 0.505669
vt 0.614797 0.519864
vt 0.950926 0.467287
vt 0.950489 0.428369
vt 0.617559 0.481752
vt 0.750340 0.851751
vt 0.744835 0.940355
vt 0.745529 0.930166
vt 0.950456 0.521366
vt 0.616427 0.525356
vt 0.948317 0.418305
vt 0.620608 0.458134
vt 0.751725 0.826898
vt 0.949218 0.526849
vt 0.744615 0.980696
vt 0.613056 0.550383
vt 0.941750 0.401530
vt 0.629604 0.434411
vt 0.753170 0.801577
vt 0.951578 0.545302
vt 0.935849 0.387834
vt 0.637508 0.418033
vt 0.754843 0.776614
vt 0.757218 0.740126
vt 0.943623 0.359087
vt 0.961661 0.332944
vt 0.628622 0.382401
vt 0.605509 0.344067
vt 0.967240 0.325866
vt 0.594563 0.329375
vt 0.578128 0.307354
vt 0.985648 0.300446
vt 0.989759 0.286630
vt 0.572730 0.290056
vt 0.989996 0.282242
vt 0.572586 0.284456
vt 0.605585 0.603881
vt 0.641894 0.635140
vt 0.677357 0.655243
vt 0.715751 0.671703
vt 0.755968 0.676828
vt 0.796377 0.672764
vt 0.835342 0.657494
vt 0.871349 0.638377
vt 0.908163 0.608069
vt 0.936405 0.375182
vt 0.843259 0.469466
vt 0.847358 0.470161
vt 0.989785 0.576461
vt 0.523436 0.572219
vt 0.844955 0.375609
vt 0.982048 0.583211
vt 0.990521 0.582857
vt 0.928076 0.580626
vt 0.920928 0.574541
vt 0.907244 0.576957
vt 0.907067 0.567316
vt 0.870599 0.585674
vt 0.870736 0.569777
vt 0.834435 0.592938
vt 0.834091 0.573390
vt 0.796559 0.598553
vt 0.796406 0.576011
vt 0.757399 0.600195
vt 0.757862 0.576893
vt 0.718238 0.597331
vt 0.719269 0.574742
vt 0.680364 0.590571
vt 0.681413 0.570977
vt 0.644096 0.582358
vt 0.644463 0.566410
vt 0.607224 0.572860
vt 0.607671 0.563222
vt 0.593337 0.570219
vt 0.586082 0.576183
vt 0.531292 0.578841
vt 0.522791 0.578659
vt 0.822037 0.421774
vt 0.820783 0.433626
vt 0.822594 0.445402
vt 0.827290 0.455952
vt 0.834410 0.464243
vt 0.826232 0.411009
vt 0.832960 0.402385
vt 0.845608 0.395866
vt 0.841562 0.396747
vt 0.572298 0.273298
vt 0.009961 0.669303
vt 0.030581 0.938879
vt 0.038442 0.952915
vt 0.023322 0.507621
vt 0.032880 0.493716
vt 0.637299 0.402574
vt 0.847599 0.490587
vt 0.990469 0.273497
vt 0.449154 0.181865
vt 0.455922 0.182590
vt 0.457329 0.304091
vt 0.450993 0.304382
vt 0.455780 0.176242
vt 0.426582 0.164533
vt 0.439343 0.151397
vt 0.516335 0.174347
vt 0.515381 0.181935
vt 0.515881 0.853375
vt 0.511409 0.853662
vt 0.510626 0.771958
vt 0.515079 0.772165
vt 0.515649 0.858604
vt 0.555353 0.852972
vt 0.555696 0.858252
vt 0.521715 0.181619
vt 0.523581 0.304236
vt 0.516818 0.303511
vt 0.532759 0.153682
vt 0.548086 0.164167
vt 0.559806 0.853179
vt 0.554551 0.771762
vt 0.559023 0.771476
vt 0.516943 0.309857
vt 0.456372 0.311667
vt 0.546099 0.321626
vt 0.533285 0.334745
vt 0.554783 0.766533
vt 0.514736 0.766885
vt 0.439890 0.332291
vt 0.424598 0.321816
vt 0.284045 0.600725
vt 0.299005 0.566074
vt 0.331946 0.580742
vt 0.318817 0.610266
vt 0.314988 0.539431
vt 0.346113 0.557622
vt 0.331835 0.517183
vt 0.361385 0.538200
vt 0.364004 0.483615
vt 0.392529 0.508528
vt 0.380914 0.932548
vt 0.358626 0.910712
vt 0.387382 0.886513
vt 0.410044 0.907347
vt 0.329393 0.878294
vt 0.312873 0.856276
vt 0.343603 0.838283
vt 0.358558 0.858004
vt 0.297027 0.829692
vt 0.329749 0.815001
vt 0.281754 0.795012
vt 0.317289 0.785299
vt 0.601838 0.764429
vt 0.587012 0.772100
vt 0.560195 0.735972
vt 0.612709 0.755521
vt 0.615011 0.742858
vt 0.593770 0.711145
vt 0.602984 0.723608
vt 0.569672 0.681544
vt 0.583698 0.697737
vt 0.556891 0.680035
vt 0.545188 0.687819
vt 0.533509 0.699746
vt 0.485581 0.694472
vt 0.487417 0.693392
vt 0.487324 0.699510
vt 0.489217 0.692857
vt 0.491106 0.693437
vt 0.493602 0.696902
vt 0.495211 0.699632
vt 0.493402 0.702507
vt 0.490949 0.705689
vt 0.489046 0.706213
vt 0.487261 0.705626
vt 0.485453 0.704495
vt 0.385150 0.463932
vt 0.413900 0.489796
vt 0.362307 0.624444
vt 0.373763 0.599954
vt 0.304768 0.697739
vt 0.354291 0.698075
vt 0.385522 0.580562
vt 0.400027 0.565422
vt 0.430925 0.544045
vt 0.426212 0.852266
vt 0.449492 0.868154
vt 0.383304 0.815965
vt 0.397533 0.831361
vt 0.371883 0.796397
vt 0.360900 0.771732
vt 0.452832 0.529916
vt 0.394546 0.612057
vt 0.384188 0.633560
vt 0.378293 0.698264
vt 0.405849 0.593153
vt 0.419436 0.580387
vt 0.448972 0.564410
vt 0.444656 0.832621
vt 0.467270 0.843956
vt 0.403822 0.803791
vt 0.417157 0.816856
vt 0.392872 0.784682
vt 0.382928 0.763004
vt 0.470205 0.554606
vt 0.413617 0.647455
vt 0.424259 0.627715
vt 0.448005 0.649735
vt 0.440599 0.661825
vt 0.409562 0.698560
vt 0.437057 0.698861
vt 0.432958 0.614089
vt 0.456577 0.638362
vt 0.444705 0.604660
vt 0.465831 0.632594
vt 0.470153 0.596150
vt 0.485201 0.629877
vt 0.485935 0.807397
vt 0.466656 0.801873
vt 0.482698 0.768904
vt 0.497065 0.769958
vt 0.442826 0.793197
vt 0.431279 0.783482
vt 0.455338 0.759810
vt 0.464469 0.765822
vt 0.422849 0.769667
vt 0.446998 0.748226
vt 0.412598 0.749710
vt 0.439838 0.735963
vt 0.488151 0.591642
vt 0.498517 0.629364
vt 0.467279 0.678428
vt 0.472433 0.672391
vt 0.464479 0.699200
vt 0.477455 0.667983
vt 0.483451 0.665977
vt 0.494700 0.667555
vt 0.501518 0.729956
vt 0.493416 0.731754
vt 0.482748 0.732925
vt 0.476791 0.730755
vt 0.471858 0.726212
vt 0.466830 0.720040
vt 0.502129 0.669487
vt 0.269626 0.697458
vt 0.868095 0.077380
vt 0.878941 0.077020
vt 0.876229 0.098044
vt 0.866566 0.099054
vt 0.892490 0.078149
vt 0.888891 0.098999
vt 0.919563 0.080822
vt 0.916010 0.101244
vt 0.930053 0.082690
vt 0.926003 0.103197
vt 0.589379 0.103325
vt 0.586271 0.081995
vt 0.700391 0.068125
vt 0.701804 0.089390
vt 0.714899 0.068451
vt 0.714563 0.089063
vt 0.737764 0.068079
vt 0.738648 0.089113
vt 0.746816 0.067917
vt 0.746442 0.088246
vt 0.759757 0.069042
vt 0.758111 0.090685
vt 0.863084 0.100762
vt 0.761465 0.091878
vt 0.861881 0.120562
vt 0.872120 0.122673
vt 0.875837 0.126163
vt 0.865115 0.122208
vt 0.873614 0.101699
vt 0.885182 0.122131
vt 0.887291 0.127307
vt 0.888085 0.103949
vt 0.912111 0.124379
vt 0.914457 0.130258
vt 0.915944 0.105676
vt 0.921237 0.123983
vt 0.924437 0.129470
vt 0.925503 0.106878
vt 0.593505 0.129864
vt 0.596403 0.124124
vt 0.702082 0.112187
vt 0.704642 0.117240
vt 0.699068 0.091899
vt 0.593371 0.104821
vt 0.716739 0.110540
vt 0.714771 0.115682
vt 0.713883 0.093329
vt 0.740256 0.110441
vt 0.737951 0.115211
vt 0.738800 0.093362
vt 0.747942 0.112997
vt 0.744717 0.115922
vt 0.749033 0.091426
vt 0.759719 0.111536
vt 0.756365 0.113612
vt 0.909850 0.169686
vt 0.926497 0.171451
vt 0.924223 0.194976
vt 0.909532 0.196240
vt 0.938026 0.169678
vt 0.936784 0.199644
vt 0.609726 0.160682
vt 0.634951 0.164468
vt 0.634269 0.190693
vt 0.607103 0.190012
vt 0.644002 0.164658
vt 0.643399 0.190727
vt 0.755049 0.171965
vt 0.752737 0.197553
vt 0.767392 0.172528
vt 0.766366 0.199794
vt 0.789126 0.172323
vt 0.789443 0.199739
vt 0.796152 0.173163
vt 0.797618 0.196887
vt 0.807952 0.171020
vt 0.808639 0.197753
vt 0.906324 0.198290
vt 0.811801 0.199731
vt 0.906524 0.167739
vt 0.922810 0.168856
vt 0.920892 0.197357
vt 0.935646 0.165167
vt 0.933337 0.203764
vt 0.611620 0.155484
vt 0.637053 0.160244
vt 0.635655 0.195132
vt 0.608375 0.195168
vt 0.647230 0.162864
vt 0.646556 0.192932
vt 0.752321 0.169775
vt 0.749690 0.199387
vt 0.766851 0.167772
vt 0.765363 0.204524
vt 0.789390 0.167830
vt 0.789835 0.204518
vt 0.798565 0.169802
vt 0.799951 0.199817
vt 0.811098 0.168935
vt 0.810566 0.144142
vt 0.905729 0.143230
vt 0.798470 0.144217
vt 0.789935 0.143761
vt 0.765734 0.144236
vt 0.752458 0.145421
vt 0.651106 0.138285
vt 0.642739 0.136275
vt 0.617699 0.130911
vt 0.920723 0.143458
vt 0.932189 0.142032
vt 0.876855 0.025269
vt 0.894231 0.025845
vt 0.893723 0.037031
vt 0.876985 0.038367
vt 0.906631 0.023638
vt 0.907169 0.036882
vt 0.937099 0.022877
vt 0.937675 0.035536
vt 0.948206 0.021583
vt 0.949099 0.035483
vt 0.576917 0.038575
vt 0.576837 0.025592
vt 0.701124 0.027030
vt 0.700851 0.039646
vt 0.715258 0.025936
vt 0.715405 0.039338
vt 0.741988 0.026011
vt 0.741714 0.039472
vt 0.749879 0.027936
vt 0.750684 0.038909
vt 0.762902 0.027012
vt 0.762942 0.040053
vt 0.873415 0.040583
vt 0.766541 0.042213
vt 0.873183 0.023169
vt 0.890426 0.023474
vt 0.890336 0.039677
vt 0.906072 0.018257
vt 0.906987 0.042090
vt 0.937297 0.017857
vt 0.938360 0.040508
vt 0.947932 0.017049
vt 0.949163 0.040135
vt 0.580984 0.023516
vt 0.697788 0.024759
vt 0.697491 0.041878
vt 0.581030 0.040732
vt 0.714656 0.020827
vt 0.714818 0.044363
vt 0.742251 0.020636
vt 0.741870 0.044672
vt 0.752731 0.024858
vt 0.752865 0.042199
vt 0.766503 0.024755
vt 0.873984 0.052558
vt 0.766536 0.054224
vt 0.753402 0.054574
vt 0.742732 0.056264
vt 0.714067 0.056300
vt 0.697038 0.053953
vt 0.581213 0.052703
vt 0.949164 0.052339
vt 0.938665 0.052576
vt 0.906663 0.053747
vt 0.890744 0.051908
vt 0.893856 0.222477
vt 0.911642 0.225481
vt 0.908644 0.240248
vt 0.892814 0.241153
vt 0.923569 0.223050
vt 0.924226 0.241960
vt 0.959186 0.223988
vt 0.958949 0.242768
vt 0.971727 0.223405
vt 0.971751 0.243766
vt 0.582338 0.235400
vt 0.582565 0.216481
vt 0.709729 0.220778
vt 0.708731 0.238993
vt 0.726015 0.219710
vt 0.725511 0.239397
vt 0.757071 0.221314
vt 0.755341 0.240363
vt 0.762515 0.224103
vt 0.765452 0.239508
vt 0.776904 0.222817
vt 0.777395 0.241215
vt 0.889204 0.243701
vt 0.780914 0.243795
vt 0.890027 0.219889
vt 0.909862 0.220516
vt 0.905709 0.242975
vt 0.926507 0.217544
vt 0.923497 0.247184
vt 0.959276 0.218770
vt 0.958961 0.248178
vt 0.971185 0.218597
vt 0.970876 0.248800
vt 0.586919 0.214153
vt 0.706566 0.218101
vt 0.705479 0.241508
vt 0.586526 0.238000
vt 0.725928 0.214382
vt 0.725014 0.244648
vt 0.757922 0.215922
vt 0.755535 0.245762
vt 0.765292 0.220366
vt 0.767298 0.243141
vt 0.780618 0.220320
vt 0.890393 0.260830
vt 0.779776 0.260828
vt 0.764607 0.260187
vt 0.757332 0.262424
vt 0.723854 0.262073
vt 0.704562 0.259069
vt 0.586559 0.255368
vt 0.969028 0.266536
vt 0.957393 0.265635
vt 0.924298 0.263576
vt 0.908871 0.259766
vn -0.998292 -0.019596 0.055031
vn -0.034928 -0.042805 0.998473
vn -0.030113 0.054135 0.998079
vn -0.998088 0.011403 0.060741
vn -0.034928 -0.042805 0.998473
vn -0.998292 -0.019596 0.055031
vn -0.833972 -0.549909 0.045729
vn -0.043568 -0.102416 0.993787
vn -0.043568 -0.102416 0.993787
vn -0.833972 -0.549909 0.045729
vn -0.399457 -0.915867 0.040283
vn -0.030026 -0.489110 0.871705
vn 0.026180 -0.136527 0.990290
vn 0.319141 -0.946858 0.040122
vn 0.268514 -0.962983 0.023751
vn 0.045152 0.046113 0.997915
vn 0.319141 -0.946858 0.040122
vn 0.026180 -0.136527 0.990290
vn 0.015754 -0.091202 0.995708
vn 0.498063 -0.864698 0.065047
vn 0.498063 -0.864698 0.065047
vn 0.015754 -0.091202 0.995708
vn 0.044096 -0.498240 0.865917
vn 0.580410 -0.812933 0.047595
vn -0.998088 0.011403 0.060741
vn -0.030113 0.054135 0.998079
vn -0.028802 -0.054336 0.998107
vn -0.987632 -0.149731 0.046523
vn -0.030026 -0.489110 0.871705
vn -0.399457 -0.915867 0.040283
vn -0.587745 -0.807294 0.053227
vn -0.030505 -0.550242 0.834448
vn 0.580410 -0.812933 0.047595
vn 0.044096 -0.498240 0.865917
vn 0.041927 -0.554742 0.830966
vn 0.642593 -0.764643 0.048939
vn 0.045152 0.046113 0.997915
vn 0.268514 -0.962983 0.023751
vn 0.980633 -0.193592 0.029684
vn 0.021844 -0.056984 0.998136
vn 0.021844 -0.056984 0.998136
vn 0.980633 -0.193592 0.029684
vn 0.850622 -0.524854 0.031167
vn 0.018357 -0.459384 0.888048
vn -0.987632 -0.149731 0.046523
vn -0.028802 -0.054336 0.998107
vn -0.027528 -0.481191 0.876184
vn -0.848768 -0.526847 0.045010
vn -0.030505 -0.550242 0.834448
vn -0.587745 -0.807294 0.053227
vn -0.918136 -0.392066 0.057532
vn -0.050094 -0.313487 0.948270
vn 0.642593 -0.764643 0.048939
vn 0.041927 -0.554742 0.830966
vn 0.058490 -0.346227 0.936326
vn 0.867328 -0.494206 0.059173
vn 0.017842 -0.152483 0.988145
vn 0.943508 0.329184 0.037831
vn 0.733383 0.679441 0.022581
vn 0.009511 0.474949 0.879962
vn 0.030461 -0.604352 0.796135
vn 0.017842 -0.152483 0.988145
vn 0.000010 -0.164945 0.986303
vn 0.000006 -0.693106 0.720836
vn 0.943508 0.329184 0.037831
vn 0.881491 -0.471338 0.028537
vn 0.732018 -0.681273 0.004123
vn 0.976887 0.213388 0.012564
vn 0.000006 -0.693106 0.720836
vn 0.000010 -0.164945 0.986303
vn -0.027847 -0.165022 0.985897
vn -0.030279 -0.546449 0.836945
vn -0.998624 -0.008262 0.051787
vn -0.027847 -0.165022 0.985897
vn -0.012050 0.527279 0.849607
vn -0.826142 0.563003 0.022755
vn -0.822258 -0.567536 0.042364
vn -0.998624 -0.008262 0.051787
vn -1.000000 0.000000 0.000000
vn -0.716820 -0.697258 0.000000
vn -0.050094 -0.313487 0.948270
vn -0.918136 -0.392066 0.057532
vn -0.986393 0.155326 0.053883
vn -0.057909 0.285515 0.956623
vn 0.867328 -0.494206 0.059173
vn 0.058490 -0.346227 0.936326
vn 0.047715 0.276398 0.959858
vn 0.990085 0.125864 0.062369
vn 0.014886 0.998259 0.057067
vn 0.733383 0.679441 0.022581
vn 0.783108 0.621501 0.021852
vn 0.015206 0.999884 0.000476
vn 0.009511 0.474949 0.879962
vn 0.014886 0.998259 0.057067
vn -0.000011 0.998575 0.053364
vn -0.000065 0.523809 0.851836
vn -0.000065 0.523809 0.851836
vn -0.000011 0.998575 0.053364
vn -0.022087 0.998378 0.052467
vn -0.012050 0.527279 0.849607
vn -0.826142 0.563003 0.022755
vn -0.022087 0.998378 0.052467
vn -0.025486 0.999675 0.000000
vn -0.834773 0.550594 0.000000
vn -0.057909 0.285515 0.956623
vn -0.986393 0.155326 0.053883
vn -0.796442 0.603620 0.036376
vn -0.074390 0.582615 0.809337
vn 0.990085 0.125864 0.062369
vn 0.047715 0.276398 0.959858
vn 0.080506 0.577295 0.812557
vn 0.839140 0.542701 0.036334
vn -0.074390 0.582615 0.809337
vn -0.796442 0.603620 0.036376
vn -0.748040 0.662895 0.031717
vn -0.124820 0.721420 0.681156
vn 0.839140 0.542701 0.036334
vn 0.080506 0.577295 0.812557
vn 0.121514 0.709685 0.693960
vn 0.757863 0.651245 0.039035
vn 0.757863 0.651245 0.039035
vn 0.121514 0.709685 0.693960
vn 0.083757 0.741336 0.665887
vn 0.701206 0.712597 0.022706
vn -0.124820 0.721420 0.681156
vn -0.748040 0.662895 0.031717
vn -0.746543 0.664905 0.023974
vn -0.077197 0.735166 0.673477
vn 0.701206 0.712597 0.022706
vn 0.083757 0.741336 0.665887
vn 0.098791 0.607050 0.788499
vn 0.716073 0.697299 0.031847
vn -0.778495 0.626847 0.031764
vn -0.083322 0.588169 0.804435
vn -0.077197 0.735166 0.673477
vn -0.746543 0.664905 0.023974
vn -0.083322 0.588169 0.804435
vn -0.778495 0.626847 0.031764
vn -0.903268 0.427977 0.030698
vn -0.135503 0.331208 0.933778
vn -0.135503 0.331208 0.933778
vn -0.903268 0.427977 0.030698
vn -0.998799 -0.038853 0.029858
vn -0.100663 0.038177 0.994188
vn 0.070898 0.597816 0.798492
vn 0.794558 0.039391 0.605909
vn 0.643838 0.053338 0.763301
vn 0.075640 0.654277 0.752463
vn 0.794558 0.039391 0.605909
vn 0.070898 0.597816 0.798492
vn 0.063330 0.298165 0.952411
vn 0.812175 0.029316 0.582677
vn 0.812175 0.029316 0.582677
vn 0.063330 0.298165 0.952411
vn 0.093991 0.029642 0.995132
vn 0.915496 -0.101701 0.389260
vn -0.797538 0.032595 0.602388
vn -0.079276 0.591334 0.802521
vn -0.098210 0.640712 0.761474
vn -0.648694 0.044608 0.759741
vn -0.079276 0.591334 0.802521
vn -0.797538 0.032595 0.602388
vn -0.812635 0.029595 0.582021
vn -0.068527 0.292642 0.953763
vn -0.068527 0.292642 0.953763
vn -0.812635 0.029595 0.582021
vn -0.916239 -0.100379 0.387853
vn -0.093760 0.030024 0.995142
vn 0.716073 0.697299 0.031847
vn 0.098791 0.607050 0.788499
vn 0.139558 0.337944 0.930762
vn 0.855766 0.516616 0.027782
vn 0.855766 0.516616 0.027782
vn 0.139558 0.337944 0.930762
vn 0.100671 0.042280 0.994021
vn 0.999551 0.000230 0.029954
vn -0.057821 -0.998103 0.021126
vn -0.880242 -0.474151 0.018860
vn -0.882389 -0.470521 0.000000
vn -0.040420 -0.999183 0.000000
vn -0.057476 -0.430178 0.900913
vn -0.057821 -0.998103 0.021126
vn 0.175022 -0.928145 0.328504
vn 0.051307 -0.468465 0.881991
vn -0.046253 -0.474050 0.879282
vn -0.165888 -0.931634 0.323325
vn 0.072335 -0.997121 0.022766
vn 0.063116 -0.436082 0.897691
vn 0.893748 -0.448187 0.018526
vn 0.072335 -0.997121 0.022766
vn 0.053594 -0.998563 0.000000
vn 0.895735 -0.444588 0.000000
vn -0.648694 0.044608 0.759741
vn -0.098210 0.640712 0.761474
vn -0.045904 0.609561 0.791409
vn -0.433030 -0.023972 0.901061
vn -0.218392 -0.020082 0.975655
vn -0.026876 0.601344 0.798538
vn -0.005444 0.596930 0.802275
vn -0.001677 -0.012348 0.999922
vn -0.026876 0.601344 0.798538
vn -0.218392 -0.020082 0.975655
vn -0.433030 -0.023972 0.901061
vn -0.045904 0.609561 0.791409
vn -0.001677 -0.012348 0.999922
vn -0.005444 0.596930 0.802275
vn 0.017284 0.601180 0.798927
vn 0.215460 -0.017936 0.976348
vn 0.215460 -0.017936 0.976348
vn 0.017284 0.601180 0.798927
vn 0.035524 0.616103 0.786864
vn 0.429925 -0.019141 0.902662
vn 0.429925 -0.019141 0.902662
vn 0.035524 0.616103 0.786864
vn 0.075640 0.654277 0.752463
vn 0.643838 0.053338 0.763301
vn -0.034928 -0.042805 0.998473
vn -0.043568 -0.102416 0.993787
vn 0.000550 -0.118510 0.992953
vn -0.000166 -0.044446 0.999012
vn -0.998292 -0.019596 0.055031
vn -0.998088 0.011403 0.060741
vn -0.999970 0.007696 0.000000
vn -0.999849 -0.017374 0.000000
vn 0.319141 -0.946858 0.040122
vn 0.498063 -0.864698 0.065047
vn 0.503764 -0.863841 0.000000
vn 0.321336 -0.946965 0.000000
vn -0.998292 -0.019596 0.055031
vn -0.999849 -0.017374 0.000000
vn -0.814451 -0.580233 0.000000
vn -0.833972 -0.549909 0.045729
vn -0.043568 -0.102416 0.993787
vn -0.030026 -0.489110 0.871705
vn 0.003063 -0.485818 0.874055
vn 0.000550 -0.118510 0.992953
vn -0.030113 0.054135 0.998079
vn -0.000569 0.062842 0.998023
vn -0.000057 -0.024619 0.999697
vn -0.028802 -0.054336 0.998107
vn 0.319141 -0.946858 0.040122
vn 0.321336 -0.946965 0.000000
vn 0.275945 -0.961174 0.000000
vn 0.268514 -0.962983 0.023751
vn -0.998088 0.011403 0.060741
vn -0.987632 -0.149731 0.046523
vn -0.988522 -0.151079 0.000000
vn -0.999970 0.007696 0.000000
vn 0.498063 -0.864698 0.065047
vn 0.580410 -0.812933 0.047595
vn 0.595133 -0.803627 0.000000
vn 0.503764 -0.863841 0.000000
vn -0.833972 -0.549909 0.045729
vn -0.814451 -0.580233 0.000000
vn -0.423166 -0.906052 0.000000
vn -0.399457 -0.915867 0.040283
vn -0.030026 -0.489110 0.871705
vn -0.030505 -0.550242 0.834448
vn 0.003547 -0.516233 0.856441
vn 0.003063 -0.485818 0.874055
vn 0.268514 -0.962983 0.023751
vn 0.275945 -0.961174 0.000000
vn 0.981681 -0.190531 0.000000
vn 0.980633 -0.193592 0.029684
vn -0.000057 -0.024619 0.999697
vn 0.000189 -0.338254 0.941055
vn -0.027528 -0.481191 0.876184
vn -0.028802 -0.054336 0.998107
vn -0.987632 -0.149731 0.046523
vn -0.848768 -0.526847 0.045010
vn -0.901863 -0.432023 0.000000
vn -0.988522 -0.151079 0.000000
vn 0.580410 -0.812933 0.047595
vn 0.642593 -0.764643 0.048939
vn 0.676251 -0.736671 0.000000
vn 0.595133 -0.803627 0.000000
vn -0.399457 -0.915867 0.040283
vn -0.423166 -0.906052 0.000000
vn -0.634702 -0.772757 0.000000
vn -0.587745 -0.807294 0.053227
vn -0.030505 -0.550242 0.834448
vn -0.050094 -0.313487 0.948270
vn 0.001943 -0.254685 0.967022
vn 0.003547 -0.516233 0.856441
vn 0.980633 -0.193592 0.029684
vn 0.981681 -0.190531 0.000000
vn 0.904475 -0.426528 0.000000
vn 0.850622 -0.524854 0.031167
vn 0.000010 -0.164945 0.986303
vn -0.000065 0.523809 0.851836
vn -0.012050 0.527279 0.849607
vn -0.027847 -0.165022 0.985897
vn -0.998624 -0.008262 0.051787
vn -0.826142 0.563003 0.022755
vn -0.834773 0.550594 0.000000
vn -1.000000 0.000000 0.000000
vn 0.642593 -0.764643 0.048939
vn 0.867328 -0.494206 0.059173
vn 0.887115 -0.461548 0.000000
vn 0.676251 -0.736671 0.000000
vn -0.587745 -0.807294 0.053227
vn -0.634702 -0.772757 0.000000
vn -0.936191 -0.351491 0.000000
vn -0.918136 -0.392066 0.057532
vn -0.050094 -0.313487 0.948270
vn -0.057909 0.285515 0.956623
vn -0.002297 0.270541 0.962706
vn 0.001943 -0.254685 0.967022
vn 0.943508 0.329184 0.037831
vn 0.976887 0.213388 0.012564
vn 0.783108 0.621501 0.021852
vn 0.733383 0.679441 0.022581
vn -0.000011 0.998575 0.053364
vn 0.000000 1.000000 0.000000
vn -0.025486 0.999675 0.000000
vn -0.022087 0.998378 0.052467
vn -0.057909 0.285515 0.956623
vn -0.074390 0.582615 0.809337
vn -0.003955 0.484238 0.874928
vn -0.002297 0.270541 0.962706
vn 0.839140 0.542701 0.036334
vn 0.757863 0.651245 0.039035
vn 0.796144 0.605107 0.000000
vn 0.860189 0.509976 0.000000
vn -0.796442 0.603620 0.036376
vn -0.827684 0.561194 0.000000
vn -0.764582 0.644527 0.000000
vn -0.748040 0.662895 0.031717
vn 0.757863 0.651245 0.039035
vn 0.701206 0.712597 0.022706
vn 0.712524 0.701648 0.000000
vn 0.796144 0.605107 0.000000
vn -0.746543 0.664905 0.023974
vn -0.758648 0.651501 0.000000
vn -0.782006 0.623271 0.000000
vn -0.778495 0.626847 0.031764
vn -0.083322 0.588169 0.804435
vn -0.135503 0.331208 0.933778
vn 0.063330 0.298165 0.952411
vn 0.070898 0.597816 0.798492
vn -0.079276 0.591334 0.802521
vn -0.068527 0.292642 0.953763
vn 0.139558 0.337944 0.930762
vn 0.098791 0.607050 0.788499
vn 0.716073 0.697299 0.031847
vn 0.855766 0.516616 0.027782
vn 0.842751 0.538303 0.000000
vn 0.723528 0.690295 0.000000
vn -0.778495 0.626847 0.031764
vn -0.782006 0.623271 0.000000
vn -0.892462 0.451122 0.000000
vn -0.903268 0.427977 0.030698
vn -0.135503 0.331208 0.933778
vn -0.100663 0.038177 0.994188
vn 0.093991 0.029642 0.995132
vn 0.063330 0.298165 0.952411
vn -0.068527 0.292642 0.953763
vn -0.093760 0.030024 0.995142
vn 0.100671 0.042280 0.994021
vn 0.139558 0.337944 0.930762
vn 0.855766 0.516616 0.027782
vn 0.999551 0.000230 0.029954
vn 0.999999 -0.001144 0.000000
vn 0.842751 0.538303 0.000000
vn -0.903268 0.427977 0.030698
vn -0.892462 0.451122 0.000000
vn -0.999193 -0.040178 0.000000
vn -0.998799 -0.038853 0.029858
vn -0.648694 0.044608 0.759741
vn -0.733175 -0.114367 0.670355
vn -0.876846 -0.124984 0.464241
vn -0.797538 0.032595 0.602388
vn -0.218392 -0.020082 0.975655
vn -0.244225 -0.098412 0.964712
vn -0.488004 -0.102381 0.866816
vn -0.433030 -0.023972 0.901061
vn -0.001677 -0.012348 0.999922
vn -0.000354 -0.097133 0.995271
vn -0.244225 -0.098412 0.964712
vn -0.218392 -0.020082 0.975655
vn 0.215460 -0.017936 0.976348
vn 0.243730 -0.098657 0.964812
vn -0.000354 -0.097133 0.995271
vn -0.001677 -0.012348 0.999922
vn 0.429925 -0.019141 0.902662
vn 0.487776 -0.102878 0.866886
vn 0.243730 -0.098657 0.964812
vn 0.215460 -0.017936 0.976348
vn 0.794558 0.039391 0.605909
vn 0.876832 -0.125973 0.464000
vn 0.733198 -0.115165 0.670193
vn 0.643838 0.053338 0.763301
vn -0.000166 -0.044446 0.999012
vn -0.000569 0.062842 0.998023
vn -0.030113 0.054135 0.998079
vn -0.034928 -0.042805 0.998473
vn 0.867328 -0.494206 0.059173
vn 0.990085 0.125864 0.062369
vn 0.993533 0.113541 0.000000
vn 0.887115 -0.461548 0.000000
vn 0.839140 0.542701 0.036334
vn 0.860189 0.509976 0.000000
vn 0.993533 0.113541 0.000000
vn 0.990085 0.125864 0.062369
vn -0.074390 0.582615 0.809337
vn -0.124820 0.721420 0.681156
vn 0.035524 0.616103 0.786864
vn 0.017284 0.601180 0.798927
vn 0.075640 0.654277 0.752463
vn -0.077197 0.735166 0.673477
vn -0.083322 0.588169 0.804435
vn 0.070898 0.597816 0.798492
vn -0.045904 0.609561 0.791409
vn -0.098210 0.640712 0.761474
vn 0.083757 0.741336 0.665887
vn 0.121514 0.709685 0.693960
vn -0.290965 -0.943856 0.156447
vn 0.072335 -0.997121 0.022766
vn -0.165888 -0.931634 0.323325
vn -0.433030 -0.023972 0.901061
vn -0.488004 -0.102381 0.866816
vn -0.733175 -0.114367 0.670355
vn -0.648694 0.044608 0.759741
vn -0.797538 0.032595 0.602388
vn -0.876846 -0.124984 0.464241
vn -0.916239 -0.100379 0.387853
vn -0.812635 0.029595 0.582021
vn 0.429925 -0.019141 0.902662
vn 0.643838 0.053338 0.763301
vn 0.733198 -0.115165 0.670193
vn 0.487776 -0.102878 0.866886
vn 0.794558 0.039391 0.605909
vn 0.812175 0.029316 0.582677
vn 0.915496 -0.101701 0.389260
vn 0.876832 -0.125973 0.464000
vn 0.083757 0.741336 0.665887
vn -0.098210 0.640712 0.761474
vn -0.079276 0.591334 0.802521
vn 0.098791 0.607050 0.788499
vn -0.124820 0.721420 0.681156
vn -0.077197 0.735166 0.673477
vn 0.075640 0.654277 0.752463
vn 0.035524 0.616103 0.786864
vn -0.748040 0.662895 0.031717
vn -0.764582 0.644527 0.000000
vn -0.758648 0.651501 0.000000
vn -0.746543 0.664905 0.023974
vn -0.003955 0.484238 0.874928
vn -0.005444 0.596930 0.802275
vn -0.026876 0.601344 0.798538
vn 0.080506 0.577295 0.812557
vn -0.002297 0.270541 0.962706
vn -0.003955 0.484238 0.874928
vn 0.080506 0.577295 0.812557
vn 0.047715 0.276398 0.959858
vn 0.001943 -0.254685 0.967022
vn -0.002297 0.270541 0.962706
vn 0.047715 0.276398 0.959858
vn 0.058490 -0.346227 0.936326
vn 0.003547 -0.516233 0.856441
vn 0.001943 -0.254685 0.967022
vn 0.058490 -0.346227 0.936326
vn 0.041927 -0.554742 0.830966
vn 0.003063 -0.485818 0.874055
vn 0.003547 -0.516233 0.856441
vn 0.041927 -0.554742 0.830966
vn 0.044096 -0.498240 0.865917
vn 0.000550 -0.118510 0.992953
vn 0.003063 -0.485818 0.874055
vn 0.044096 -0.498240 0.865917
vn 0.015754 -0.091202 0.995708
vn -0.000166 -0.044446 0.999012
vn 0.000550 -0.118510 0.992953
vn 0.015754 -0.091202 0.995708
vn 0.026180 -0.136527 0.990290
vn 0.026180 -0.136527 0.990290
vn 0.045152 0.046113 0.997915
vn -0.000569 0.062842 0.998023
vn -0.000166 -0.044446 0.999012
vn -0.000057 -0.024619 0.999697
vn -0.000569 0.062842 0.998023
vn 0.045152 0.046113 0.997915
vn 0.021844 -0.056984 0.998136
vn 0.021844 -0.056984 0.998136
vn 0.018357 -0.459384 0.888048
vn 0.000189 -0.338254 0.941055
vn -0.000057 -0.024619 0.999697
vn 0.017842 -0.152483 0.988145
vn 0.009511 0.474949 0.879962
vn -0.000065 0.523809 0.851836
vn 0.000010 -0.164945 0.986303
vn -0.074390 0.582615 0.809337
vn 0.017284 0.601180 0.798927
vn -0.005444 0.596930 0.802275
vn -0.003955 0.484238 0.874928
vn 0.080506 0.577295 0.812557
vn -0.026876 0.601344 0.798538
vn -0.045904 0.609561 0.791409
vn 0.121514 0.709685 0.693960
vn 0.017842 -0.152483 0.988145
vn 0.030461 -0.604352 0.796135
vn 0.881491 -0.471338 0.028537
vn 0.943508 0.329184 0.037831
vn -0.027847 -0.165022 0.985897
vn -0.998624 -0.008262 0.051787
vn -0.822258 -0.567536 0.042364
vn -0.030279 -0.546449 0.836945
vn 0.014886 0.998259 0.057067
vn 0.009511 0.474949 0.879962
vn 0.733383 0.679441 0.022581
vn -0.022087 0.998378 0.052467
vn -0.826142 0.563003 0.022755
vn -0.012050 0.527279 0.849607
vn -0.057821 -0.998103 0.021126
vn -0.057476 -0.430178 0.900913
vn -0.880242 -0.474151 0.018860
vn 0.893748 -0.448187 0.018526
vn 0.063116 -0.436082 0.897691
vn 0.072335 -0.997121 0.022766
vn -0.998756 -0.038785 0.031356
vn -0.999193 -0.040178 0.000000
vn -0.882389 -0.470521 0.000000
vn -0.880242 -0.474151 0.018860
vn -0.098221 0.038283 0.994428
vn -0.998756 -0.038785 0.031356
vn -0.880242 -0.474151 0.018860
vn -0.057476 -0.430178 0.900913
vn 0.106560 0.027933 0.993914
vn -0.098221 0.038283 0.994428
vn -0.057476 -0.430178 0.900913
vn 0.051307 -0.468465 0.881991
vn 0.916280 -0.101869 0.387367
vn 0.106560 0.027933 0.993914
vn 0.051307 -0.468465 0.881991
vn 0.175022 -0.928145 0.328504
vn 0.883203 -0.125999 0.451748
vn 0.916280 -0.101869 0.387367
vn 0.175022 -0.928145 0.328504
vn 0.299472 -0.941100 0.156994
vn 0.743216 -0.116658 0.658803
vn 0.883203 -0.125999 0.451748
vn 0.299472 -0.941100 0.156994
vn 0.024916 -0.999504 0.019251
vn 0.502356 -0.103242 0.858475
vn 0.743216 -0.116658 0.658803
vn 0.024916 -0.999504 0.019251
vn 0.362418 -0.696188 0.619657
vn 0.252889 -0.098778 0.962440
vn 0.502356 -0.103242 0.858475
vn 0.362418 -0.696188 0.619657
vn 0.121087 -0.884397 0.450754
vn 0.000142 -0.097133 0.995271
vn 0.252889 -0.098778 0.962440
vn 0.121087 -0.884397 0.450754
vn 0.003694 -0.913808 0.406130
vn -0.252590 -0.098515 0.962545
vn 0.000142 -0.097133 0.995271
vn 0.003694 -0.913808 0.406130
vn -0.102049 -0.908328 0.405619
vn -0.502083 -0.102719 0.858697
vn -0.252590 -0.098515 0.962545
vn -0.102049 -0.908328 0.405619
vn -0.269960 -0.839738 0.471128
vn -0.742965 -0.115821 0.659233
vn -0.502083 -0.102719 0.858697
vn -0.269960 -0.839738 0.471128
vn -0.019981 -0.999553 0.022261
vn -0.883270 -0.125007 0.451894
vn -0.742965 -0.115821 0.659233
vn -0.019981 -0.999553 0.022261
vn -0.290965 -0.943856 0.156447
vn -0.917277 -0.100604 0.385333
vn -0.883270 -0.125007 0.451894
vn -0.290965 -0.943856 0.156447
vn -0.165888 -0.931634 0.323325
vn -0.106227 0.028367 0.993937
vn -0.917277 -0.100604 0.385333
vn -0.165888 -0.931634 0.323325
vn -0.046253 -0.474050 0.879282
vn 0.100061 0.042279 0.994083
vn -0.106227 0.028367 0.993937
vn -0.046253 -0.474050 0.879282
vn 0.063116 -0.436082 0.897691
vn 0.999516 0.000282 0.031126
vn 0.100061 0.042279 0.994083
vn 0.063116 -0.436082 0.897691
vn 0.893748 -0.448187 0.018526
vn 0.014886 0.998259 0.057067
vn 0.015206 0.999884 0.000476
vn 0.000000 1.000000 0.000000
vn -0.000011 0.998575 0.053364
vn 0.121087 -0.884397 0.450754
vn 0.004094 -0.999992 0.000000
vn 0.003694 -0.913808 0.406130
vn 0.003694 -0.913808 0.406130
vn 0.004094 -0.999992 0.000000
vn -0.102049 -0.908328 0.405619
vn -0.102049 -0.908328 0.405619
vn 0.004094 -0.999992 0.000000
vn -0.269960 -0.839738 0.471128
vn -0.269960 -0.839738 0.471128
vn 0.004094 -0.999992 0.000000
vn -0.019981 -0.999553 0.022261
vn 0.362418 -0.696188 0.619657
vn 0.004094 -0.999992 0.000000
vn 0.121087 -0.884397 0.450754
vn 0.024916 -0.999504 0.019251
vn 0.004094 -0.999992 0.000000
vn 0.362418 -0.696188 0.619657
vn -0.057821 -0.998103 0.021126
vn -0.040420 -0.999183 0.000000
vn 0.004094 -0.999992 0.000000
vn 0.024916 -0.999504 0.019251
vn -0.019981 -0.999553 0.022261
vn 0.004094 -0.999992 0.000000
vn 0.053594 -0.998563 0.000000
vn 0.072335 -0.997121 0.022766
vn -0.057821 -0.998103 0.021126
vn 0.299472 -0.941100 0.156994
vn 0.175022 -0.928145 0.328504
vn -0.057821 -0.998103 0.021126
vn 0.024916 -0.999504 0.019251
vn 0.299472 -0.941100 0.156994
vn -0.019981 -0.999553 0.022261
vn 0.072335 -0.997121 0.022766
vn -0.290965 -0.943856 0.156447
vn -0.998799 -0.038853 0.029858
vn -0.999193 -0.040178 0.000000
vn -0.999193 -0.040178 0.000000
vn -0.998756 -0.038785 0.031356
vn -0.100663 0.038177 0.994188
vn -0.998799 -0.038853 0.029858
vn -0.998756 -0.038785 0.031356
vn -0.098221 0.038283 0.994428
vn 0.093991 0.029642 0.995132
vn -0.100663 0.038177 0.994188
vn -0.098221 0.038283 0.994428
vn 0.106560 0.027933 0.993914
vn 0.915496 -0.101701 0.389260
vn 0.093991 0.029642 0.995132
vn 0.106560 0.027933 0.993914
vn 0.916280 -0.101869 0.387367
vn 0.876832 -0.125973 0.464000
vn 0.915496 -0.101701 0.389260
vn 0.916280 -0.101869 0.387367
vn 0.883203 -0.125999 0.451748
vn 0.733198 -0.115165 0.670193
vn 0.876832 -0.125973 0.464000
vn 0.883203 -0.125999 0.451748
vn 0.743216 -0.116658 0.658803
vn 0.487776 -0.102878 0.866886
vn 0.733198 -0.115165 0.670193
vn 0.743216 -0.116658 0.658803
vn 0.502356 -0.103242 0.858475
vn 0.243730 -0.098657 0.964812
vn 0.487776 -0.102878 0.866886
vn 0.502356 -0.103242 0.858475
vn 0.252889 -0.098778 0.962440
vn -0.000354 -0.097133 0.995271
vn 0.243730 -0.098657 0.964812
vn 0.252889 -0.098778 0.962440
vn 0.000142 -0.097133 0.995271
vn -0.244225 -0.098412 0.964712
vn -0.000354 -0.097133 0.995271
vn 0.000142 -0.097133 0.995271
vn -0.252590 -0.098515 0.962545
vn -0.488004 -0.102381 0.866816
vn -0.244225 -0.098412 0.964712
vn -0.252590 -0.098515 0.962545
vn -0.502083 -0.102719 0.858697
vn -0.733175 -0.114367 0.670355
vn -0.488004 -0.102381 0.866816
vn -0.502083 -0.102719 0.858697
vn -0.742965 -0.115821 0.659233
vn -0.876846 -0.124984 0.464241
vn -0.733175 -0.114367 0.670355
vn -0.742965 -0.115821 0.659233
vn -0.883270 -0.125007 0.451894
vn -0.916239 -0.100379 0.387853
vn -0.876846 -0.124984 0.464241
vn -0.883270 -0.125007 0.451894
vn -0.917277 -0.100604 0.385333
vn -0.093760 0.030024 0.995142
vn -0.916239 -0.100379 0.387853
vn -0.917277 -0.100604 0.385333
vn -0.106227 0.028367 0.993937
vn 0.100671 0.042280 0.994021
vn -0.093760 0.030024 0.995142
vn -0.106227 0.028367 0.993937
vn 0.100061 0.042279 0.994083
vn 0.999551 0.000230 0.029954
vn 0.100671 0.042280 0.994021
vn 0.100061 0.042279 0.994083
vn 0.999516 0.000282 0.031126
vn 0.000189 -0.338254 0.941055
vn 0.018357 -0.459384 0.888048
vn 0.030461 -0.604352 0.796135
vn 0.000006 -0.693106 0.720836
vn 0.850622 -0.524854 0.031167
vn 0.904475 -0.426528 0.000000
vn 0.732018 -0.681273 0.004123
vn 0.881491 -0.471338 0.028537
vn -0.027528 -0.481191 0.876184
vn 0.000189 -0.338254 0.941055
vn 0.000006 -0.693106 0.720836
vn -0.030279 -0.546449 0.836945
vn 0.018357 -0.459384 0.888048
vn 0.850622 -0.524854 0.031167
vn 0.881491 -0.471338 0.028537
vn 0.030461 -0.604352 0.796135
vn -0.848768 -0.526847 0.045010
vn -0.027528 -0.481191 0.876184
vn -0.030279 -0.546449 0.836945
vn -0.822258 -0.567536 0.042364
vn -0.936191 -0.351491 0.000000
vn -0.989890 0.141835 0.000000
vn -0.986393 0.155326 0.053883
vn -0.918136 -0.392066 0.057532
vn -0.989890 0.141835 0.000000
vn -0.827684 0.561194 0.000000
vn -0.796442 0.603620 0.036376
vn -0.986393 0.155326 0.053883
vn 0.723528 0.690295 0.000000
vn 0.712524 0.701648 0.000000
vn 0.701206 0.712597 0.022706
vn 0.716073 0.697299 0.031847
vn 0.895735 -0.444588 0.000000
vn 0.999999 -0.001146 0.000000
vn 0.999516 0.000282 0.031126
vn 0.893748 -0.448187 0.018526
vn 0.999999 -0.001146 0.000000
vn 0.999999 -0.001144 0.000000
vn 0.999551 0.000230 0.029954
vn 0.999516 0.000282 0.031126
vn -0.716820 -0.697258 0.000000
vn -0.901863 -0.432023 0.000000
vn -0.848768 -0.526847 0.045010
vn -0.822258 -0.567536 0.042364
vn -0.998292 -0.019596 -0.055031
vn -0.998088 0.011402 -0.060741
vn -0.030357 0.053070 -0.998129
vn -0.034984 -0.042796 -0.998471
vn -0.034984 -0.042796 -0.998471
vn -0.043568 -0.102415 -0.993787
vn -0.833972 -0.549909 -0.045729
vn -0.998292 -0.019596 -0.055031
vn -0.043568 -0.102415 -0.993787
vn -0.030027 -0.489113 -0.871703
vn -0.399457 -0.915866 -0.040283
vn -0.833972 -0.549909 -0.045729
vn 0.026111 -0.136340 -0.990318
vn 0.044741 0.048204 -0.997835
vn 0.268514 -0.962983 -0.023751
vn 0.319141 -0.946858 -0.040122
vn 0.319141 -0.946858 -0.040122
vn 0.498063 -0.864698 -0.065047
vn 0.015754 -0.091199 -0.995708
vn 0.026111 -0.136340 -0.990318
vn 0.498063 -0.864698 -0.065047
vn 0.580410 -0.812933 -0.047595
vn 0.044097 -0.498241 -0.865916
vn 0.015754 -0.091199 -0.995708
vn -0.998088 0.011402 -0.060741
vn -0.987632 -0.149731 -0.046523
vn -0.031186 -0.050209 -0.998252
vn -0.030357 0.053070 -0.998129
vn -0.030027 -0.489113 -0.871703
vn -0.030506 -0.550243 -0.834447
vn -0.587745 -0.807294 -0.053227
vn -0.399457 -0.915866 -0.040283
vn 0.580410 -0.812933 -0.047595
vn 0.642593 -0.764643 -0.048939
vn 0.041927 -0.554743 -0.830965
vn 0.044097 -0.498241 -0.865916
vn 0.044741 0.048204 -0.997835
vn 0.020788 -0.059395 -0.998018
vn 0.980633 -0.193591 -0.029684
vn 0.268514 -0.962983 -0.023751
vn 0.020788 -0.059395 -0.998018
vn 0.017094 -0.469639 -0.882693
vn 0.850668 -0.524784 -0.031064
vn 0.980633 -0.193591 -0.029684
vn -0.987632 -0.149731 -0.046523
vn -0.848768 -0.526847 -0.045010
vn -0.030742 -0.467411 -0.883506
vn -0.031186 -0.050209 -0.998252
vn -0.030506 -0.550243 -0.834447
vn -0.050095 -0.313487 -0.948270
vn -0.918136 -0.392066 -0.057532
vn -0.587745 -0.807294 -0.053227
vn 0.642593 -0.764643 -0.048939
vn 0.867328 -0.494207 -0.059173
vn 0.058490 -0.346227 -0.936326
vn 0.041927 -0.554743 -0.830965
vn 0.020480 -0.170413 -0.985160
vn 0.008801 0.546290 -0.837550
vn 0.827739 0.560506 0.026103
vn 0.996680 0.081255 -0.005067
vn 0.019360 -0.512233 -0.858628
vn 0.000006 -0.675818 -0.737068
vn 0.000009 -0.165551 -0.986201
vn 0.020480 -0.170413 -0.985160
vn 0.996680 0.081255 -0.005067
vn 0.976887 0.213388 0.012564
vn 0.732018 -0.681273 0.004123
vn 0.814147 -0.580454 -0.015395
vn 0.000006 -0.675818 -0.737068
vn -0.035374 -0.552622 -0.832681
vn -0.032849 -0.164904 -0.985762
vn 0.000009 -0.165551 -0.986201
vn -0.998624 -0.008263 -0.051787
vn -0.826141 0.563004 -0.022756
vn -0.014353 0.526427 -0.850099
vn -0.032849 -0.164904 -0.985762
vn -0.822258 -0.567535 -0.042364
vn -0.716820 -0.697258 0.000000
vn -1.000000 0.000000 0.000000
vn -0.998624 -0.008263 -0.051787
vn -0.050095 -0.313487 -0.948270
vn -0.057909 0.285515 -0.956623
vn -0.986393 0.155326 -0.053883
vn -0.918136 -0.392066 -0.057532
vn 0.867328 -0.494207 -0.059173
vn 0.990085 0.125863 -0.062369
vn 0.047715 0.276398 -0.959858
vn 0.058490 -0.346227 -0.936326
vn 0.014790 0.998252 -0.057214
vn 0.015206 0.999884 0.000476
vn 0.783108 0.621501 0.021852
vn 0.827739 0.560506 0.026103
vn 0.008801 0.546290 -0.837550
vn -0.000088 0.528606 -0.848868
vn -0.000009 0.998454 -0.055577
vn 0.014790 0.998252 -0.057214
vn -0.000088 0.528606 -0.848868
vn -0.014353 0.526427 -0.850099
vn -0.024118 0.998553 -0.048059
vn -0.000009 0.998454 -0.055577
vn -0.826141 0.563004 -0.022756
vn -0.834773 0.550594 0.000000
vn -0.025486 0.999675 0.000000
vn -0.024118 0.998553 -0.048059
vn -0.057909 0.285515 -0.956623
vn -0.074391 0.582615 -0.809337
vn -0.796442 0.603620 -0.036376
vn -0.986393 0.155326 -0.053883
vn 0.990085 0.125863 -0.062369
vn 0.839140 0.542701 -0.036334
vn 0.080506 0.577295 -0.812557
vn 0.047715 0.276398 -0.959858
vn -0.074391 0.582615 -0.809337
vn -0.124820 0.721420 -0.681156
vn -0.748040 0.662895 -0.031717
vn -0.796442 0.603620 -0.036376
vn 0.839140 0.542701 -0.036334
vn 0.757863 0.651245 -0.039035
vn 0.121513 0.709685 -0.693961
vn 0.080506 0.577295 -0.812557
vn 0.757863 0.651245 -0.039035
vn 0.701206 0.712597 -0.022706
vn 0.083757 0.741337 -0.665886
vn 0.121513 0.709685 -0.693961
vn -0.124820 0.721420 -0.681156
vn -0.077197 0.735167 -0.673476
vn -0.746544 0.664905 -0.023974
vn -0.748040 0.662895 -0.031717
vn 0.701206 0.712597 -0.022706
vn 0.716072 0.697299 -0.031847
vn 0.098792 0.607050 -0.788499
vn 0.083757 0.741337 -0.665886
vn -0.778495 0.626847 -0.031764
vn -0.746544 0.664905 -0.023974
vn -0.077197 0.735167 -0.673476
vn -0.083323 0.588168 -0.804435
vn -0.083323 0.588168 -0.804435
vn -0.135504 0.331207 -0.933778
vn -0.903268 0.427978 -0.030698
vn -0.778495 0.626847 -0.031764
vn -0.135504 0.331207 -0.933778
vn -0.100663 0.038174 -0.994188
vn -0.998799 -0.038853 -0.029858
vn -0.903268 0.427978 -0.030698
vn 0.070898 0.597816 -0.798492
vn 0.075640 0.654277 -0.752463
vn 0.643838 0.053338 -0.763300
vn 0.794558 0.039391 -0.605909
vn 0.794558 0.039391 -0.605909
vn 0.812176 0.029316 -0.582675
vn 0.063331 0.298163 -0.952412
vn 0.070898 0.597816 -0.798492
vn 0.812176 0.029316 -0.582675
vn 0.915496 -0.101702 -0.389261
vn 0.093991 0.029640 -0.995132
vn 0.063331 0.298163 -0.952412
vn -0.797538 0.032594 -0.602387
vn -0.648695 0.044607 -0.759740
vn -0.098211 0.640713 -0.761473
vn -0.079276 0.591334 -0.802521
vn -0.079276 0.591334 -0.802521
vn -0.068527 0.292640 -0.953764
vn -0.812637 0.029594 -0.582019
vn -0.797538 0.032594 -0.602387
vn -0.068527 0.292640 -0.953764
vn -0.093760 0.030025 -0.995142
vn -0.916240 -0.100379 -0.387852
vn -0.812637 0.029594 -0.582019
vn 0.716072 0.697299 -0.031847
vn 0.855766 0.516617 -0.027782
vn 0.139559 0.337943 -0.930762
vn 0.098792 0.607050 -0.788499
vn 0.855766 0.516617 -0.027782
vn 0.999551 0.000230 -0.029954
vn 0.100672 0.042280 -0.994021
vn 0.139559 0.337943 -0.930762
vn -0.057821 -0.998103 -0.021126
vn -0.040420 -0.999183 0.000000
vn -0.882389 -0.470521 0.000000
vn -0.880243 -0.474149 -0.018861
vn -0.057478 -0.430178 -0.900913
vn 0.051306 -0.468465 -0.881991
vn 0.175019 -0.928146 -0.328502
vn -0.057821 -0.998103 -0.021126
vn -0.046252 -0.474052 -0.879281
vn 0.063117 -0.436083 -0.897690
vn 0.072335 -0.997121 -0.022766
vn -0.165887 -0.931635 -0.323324
vn 0.893747 -0.448188 -0.018527
vn 0.895735 -0.444588 0.000000
vn 0.053594 -0.998563 0.000000
vn 0.072335 -0.997121 -0.022766
vn -0.648695 0.044607 -0.759740
vn -0.433029 -0.023971 -0.901061
vn -0.045904 0.609561 -0.791409
vn -0.098211 0.640713 -0.761473
vn -0.218392 -0.020080 -0.975655
vn -0.001677 -0.012347 -0.999922
vn -0.005444 0.596929 -0.802276
vn -0.026876 0.601343 -0.798539
vn -0.026876 0.601343 -0.798539
vn -0.045904 0.609561 -0.791409
vn -0.433029 -0.023971 -0.901061
vn -0.218392 -0.020080 -0.975655
vn -0.001677 -0.012347 -0.999922
vn 0.215460 -0.017936 -0.976348
vn 0.017285 0.601179 -0.798927
vn -0.005444 0.596929 -0.802276
vn 0.215460 -0.017936 -0.976348
vn 0.429925 -0.019141 -0.902662
vn 0.035524 0.616103 -0.786864
vn 0.017285 0.601179 -0.798927
vn 0.429925 -0.019141 -0.902662
vn 0.643838 0.053338 -0.763300
vn 0.075640 0.654277 -0.752463
vn 0.035524 0.616103 -0.786864
vn -0.034984 -0.042796 -0.998471
vn -0.000168 -0.044560 -0.999007
vn 0.000550 -0.118508 -0.992953
vn -0.043568 -0.102415 -0.993787
vn -0.998292 -0.019596 -0.055031
vn -0.999849 -0.017374 0.000000
vn -0.999970 0.007696 0.000000
vn -0.998088 0.011402 -0.060741
vn 0.319141 -0.946858 -0.040122
vn 0.321336 -0.946965 0.000000
vn 0.503764 -0.863841 0.000000
vn 0.498063 -0.864698 -0.065047
vn -0.998292 -0.019596 -0.055031
vn -0.833972 -0.549909 -0.045729
vn -0.814451 -0.580233 0.000000
vn -0.999849 -0.017374 0.000000
vn -0.043568 -0.102415 -0.993787
vn 0.000550 -0.118508 -0.992953
vn 0.003063 -0.485820 -0.874054
vn -0.030027 -0.489113 -0.871703
vn -0.030357 0.053070 -0.998129
vn -0.031186 -0.050209 -0.998252
vn -0.000017 -0.035607 -0.999366
vn -0.000579 0.069114 -0.997609
vn 0.319141 -0.946858 -0.040122
vn 0.268514 -0.962983 -0.023751
vn 0.275945 -0.961174 0.000000
vn 0.321336 -0.946965 0.000000
vn -0.998088 0.011402 -0.060741
vn -0.999970 0.007696 0.000000
vn -0.988522 -0.151079 0.000000
vn -0.987632 -0.149731 -0.046523
vn 0.498063 -0.864698 -0.065047
vn 0.503764 -0.863841 0.000000
vn 0.595133 -0.803627 0.000000
vn 0.580410 -0.812933 -0.047595
vn -0.833972 -0.549909 -0.045729
vn -0.399457 -0.915866 -0.040283
vn -0.423166 -0.906052 0.000000
vn -0.814451 -0.580233 0.000000
vn -0.030027 -0.489113 -0.871703
vn 0.003063 -0.485820 -0.874054
vn 0.003546 -0.516234 -0.856440
vn -0.030506 -0.550243 -0.834447
vn 0.268514 -0.962983 -0.023751
vn 0.980633 -0.193591 -0.029684
vn 0.981681 -0.190531 0.000000
vn 0.275945 -0.961174 0.000000
vn -0.000017 -0.035607 -0.999366
vn -0.031186 -0.050209 -0.998252
vn -0.030742 -0.467411 -0.883506
vn 0.000177 -0.361454 -0.932390
vn -0.987632 -0.149731 -0.046523
vn -0.988522 -0.151079 0.000000
vn -0.901863 -0.432023 0.000000
vn -0.848768 -0.526847 -0.045010
vn 0.580410 -0.812933 -0.047595
vn 0.595133 -0.803627 0.000000
vn 0.676251 -0.736671 0.000000
vn 0.642593 -0.764643 -0.048939
vn -0.399457 -0.915866 -0.040283
vn -0.587745 -0.807294 -0.053227
vn -0.634702 -0.772757 0.000000
vn -0.423166 -0.906052 0.000000
vn -0.030506 -0.550243 -0.834447
vn 0.003546 -0.516234 -0.856440
vn 0.001943 -0.254685 -0.967022
vn -0.050095 -0.313487 -0.948270
vn 0.980633 -0.193591 -0.029684
vn 0.850668 -0.524784 -0.031064
vn 0.904475 -0.426528 0.000000
vn 0.981681 -0.190531 0.000000
vn 0.000009 -0.165551 -0.986201
vn -0.032849 -0.164904 -0.985762
vn -0.014353 0.526427 -0.850099
vn -0.000088 0.528606 -0.848868
vn -0.998624 -0.008263 -0.051787
vn -1.000000 0.000000 0.000000
vn -0.834773 0.550594 0.000000
vn -0.826141 0.563004 -0.022756
vn 0.642593 -0.764643 -0.048939
vn 0.676251 -0.736671 0.000000
vn 0.887115 -0.461548 0.000000
vn 0.867328 -0.494207 -0.059173
vn -0.587745 -0.807294 -0.053227
vn -0.918136 -0.392066 -0.057532
vn -0.936191 -0.351491 0.000000
vn -0.634702 -0.772757 0.000000
vn -0.050095 -0.313487 -0.948270
vn 0.001943 -0.254685 -0.967022
vn -0.002296 0.270541 -0.962706
vn -0.057909 0.285515 -0.956623
vn 0.996680 0.081255 -0.005067
vn 0.827739 0.560506 0.026103
vn 0.783108 0.621501 0.021852
vn 0.976887 0.213388 0.012564
vn -0.000009 0.998454 -0.055577
vn -0.024118 0.998553 -0.048059
vn -0.025486 0.999675 0.000000
vn 0.000000 1.000000 0.000000
vn -0.057909 0.285515 -0.956623
vn -0.002296 0.270541 -0.962706
vn -0.003954 0.484237 -0.874928
vn -0.074391 0.582615 -0.809337
vn 0.839140 0.542701 -0.036334
vn 0.860189 0.509976 0.000000
vn 0.796144 0.605107 0.000000
vn 0.757863 0.651245 -0.039035
vn -0.796442 0.603620 -0.036376
vn -0.748040 0.662895 -0.031717
vn -0.764582 0.644527 0.000000
vn -0.827684 0.561194 0.000000
vn 0.757863 0.651245 -0.039035
vn 0.796144 0.605107 0.000000
vn 0.712524 0.701648 0.000000
vn 0.701206 0.712597 -0.022706
vn -0.746544 0.664905 -0.023974
vn -0.778495 0.626847 -0.031764
vn -0.782006 0.623271 0.000000
vn -0.758648 0.651501 0.000000
vn -0.083323 0.588168 -0.804435
vn 0.070898 0.597816 -0.798492
vn 0.063331 0.298163 -0.952412
vn -0.135504 0.331207 -0.933778
vn -0.079276 0.591334 -0.802521
vn 0.098792 0.607050 -0.788499
vn 0.139559 0.337943 -0.930762
vn -0.068527 0.292640 -0.953764
vn 0.716072 0.697299 -0.031847
vn 0.723528 0.690295 0.000000
vn 0.842751 0.538303 0.000000
vn 0.855766 0.516617 -0.027782
vn -0.778495 0.626847 -0.031764
vn -0.903268 0.427978 -0.030698
vn -0.892462 0.451122 0.000000
vn -0.782006 0.623271 0.000000
vn -0.135504 0.331207 -0.933778
vn 0.063331 0.298163 -0.952412
vn 0.093991 0.029640 -0.995132
vn -0.100663 0.038174 -0.994188
vn -0.068527 0.292640 -0.953764
vn 0.139559 0.337943 -0.930762
vn 0.100672 0.042280 -0.994021
vn -0.093760 0.030025 -0.995142
vn 0.855766 0.516617 -0.027782
vn 0.842751 0.538303 0.000000
vn 0.999999 -0.001144 0.000000
vn 0.999551 0.000230 -0.029954
vn -0.903268 0.427978 -0.030698
vn -0.998799 -0.038853 -0.029858
vn -0.999193 -0.040178 0.000000
vn -0.892462 0.451122 0.000000
vn -0.648695 0.044607 -0.759740
vn -0.797538 0.032594 -0.602387
vn -0.876847 -0.124983 -0.464241
vn -0.733174 -0.114367 -0.670355
vn -0.218392 -0.020080 -0.975655
vn -0.433029 -0.023971 -0.901061
vn -0.488004 -0.102381 -0.866816
vn -0.244225 -0.098412 -0.964712
vn -0.001677 -0.012347 -0.999922
vn -0.218392 -0.020080 -0.975655
vn -0.244225 -0.098412 -0.964712
vn -0.000355 -0.097133 -0.995271
vn 0.215460 -0.017936 -0.976348
vn -0.001677 -0.012347 -0.999922
vn -0.000355 -0.097133 -0.995271
vn 0.243730 -0.098657 -0.964812
vn 0.429925 -0.019141 -0.902662
vn 0.215460 -0.017936 -0.976348
vn 0.243730 -0.098657 -0.964812
vn 0.487776 -0.102877 -0.866886
vn 0.794558 0.039391 -0.605909
vn 0.643838 0.053338 -0.763300
vn 0.733197 -0.115165 -0.670193
vn 0.876833 -0.125972 -0.464000
vn -0.000168 -0.044560 -0.999007
vn -0.034984 -0.042796 -0.998471
vn -0.030357 0.053070 -0.998129
vn -0.000579 0.069114 -0.997609
vn 0.867328 -0.494207 -0.059173
vn 0.887115 -0.461548 0.000000
vn 0.993533 0.113541 0.000000
vn 0.990085 0.125863 -0.062369
vn 0.839140 0.542701 -0.036334
vn 0.990085 0.125863 -0.062369
vn 0.993533 0.113541 0.000000
vn 0.860189 0.509976 0.000000
vn -0.074391 0.582615 -0.809337
vn 0.017285 0.601179 -0.798927
vn 0.035524 0.616103 -0.786864
vn -0.124820 0.721420 -0.681156
vn 0.075640 0.654277 -0.752463
vn 0.070898 0.597816 -0.798492
vn -0.083323 0.588168 -0.804435
vn -0.077197 0.735167 -0.673476
vn -0.045904 0.609561 -0.791409
vn 0.121513 0.709685 -0.693961
vn 0.083757 0.741337 -0.665886
vn -0.098211 0.640713 -0.761473
vn -0.290965 -0.943856 -0.156447
vn -0.165887 -0.931635 -0.323324
vn 0.072335 -0.997121 -0.022766
vn -0.433029 -0.023971 -0.901061
vn -0.648695 0.044607 -0.759740
vn -0.733174 -0.114367 -0.670355
vn -0.488004 -0.102381 -0.866816
vn -0.797538 0.032594 -0.602387
vn -0.812637 0.029594 -0.582019
vn -0.916240 -0.100379 -0.387852
vn -0.876847 -0.124983 -0.464241
vn 0.429925 -0.019141 -0.902662
vn 0.487776 -0.102877 -0.866886
vn 0.733197 -0.115165 -0.670193
vn 0.643838 0.053338 -0.763300
vn 0.794558 0.039391 -0.605909
vn 0.876833 -0.125972 -0.464000
vn 0.915496 -0.101702 -0.389261
vn 0.812176 0.029316 -0.582675
vn 0.083757 0.741337 -0.665886
vn 0.098792 0.607050 -0.788499
vn -0.079276 0.591334 -0.802521
vn -0.098211 0.640713 -0.761473
vn -0.124820 0.721420 -0.681156
vn 0.035524 0.616103 -0.786864
vn 0.075640 0.654277 -0.752463
vn -0.077197 0.735167 -0.673476
vn -0.748040 0.662895 -0.031717
vn -0.746544 0.664905 -0.023974
vn -0.758648 0.651501 0.000000
vn -0.764582 0.644527 0.000000
vn -0.003954 0.484237 -0.874928
vn 0.080506 0.577295 -0.812557
vn -0.026876 0.601343 -0.798539
vn -0.005444 0.596929 -0.802276
vn -0.002296 0.270541 -0.962706
vn 0.047715 0.276398 -0.959858
vn 0.080506 0.577295 -0.812557
vn -0.003954 0.484237 -0.874928
vn 0.001943 -0.254685 -0.967022
vn 0.058490 -0.346227 -0.936326
vn 0.047715 0.276398 -0.959858
vn -0.002296 0.270541 -0.962706
vn 0.003546 -0.516234 -0.856440
vn 0.041927 -0.554743 -0.830965
vn 0.058490 -0.346227 -0.936326
vn 0.001943 -0.254685 -0.967022
vn 0.003063 -0.485820 -0.874054
vn 0.044097 -0.498241 -0.865916
vn 0.041927 -0.554743 -0.830965
vn 0.003546 -0.516234 -0.856440
vn 0.000550 -0.118508 -0.992953
vn 0.015754 -0.091199 -0.995708
vn 0.044097 -0.498241 -0.865916
vn 0.003063 -0.485820 -0.874054
vn -0.000168 -0.044560 -0.999007
vn 0.026111 -0.136340 -0.990318
vn 0.015754 -0.091199 -0.995708
vn 0.000550 -0.118508 -0.992953
vn 0.026111 -0.136340 -0.990318
vn -0.000168 -0.044560 -0.999007
vn -0.000579 0.069114 -0.997609
vn 0.044741 0.048204 -0.997835
vn -0.000017 -0.035607 -0.999366
vn 0.020788 -0.059395 -0.998018
vn 0.044741 0.048204 -0.997835
vn -0.000579 0.069114 -0.997609
vn 0.020788 -0.059395 -0.998018
vn -0.000017 -0.035607 -0.999366
vn 0.000177 -0.361454 -0.932390
vn 0.017094 -0.469639 -0.882693
vn 0.020480 -0.170413 -0.985160
vn 0.000009 -0.165551 -0.986201
vn -0.000088 0.528606 -0.848868
vn 0.008801 0.546290 -0.837550
vn -0.074391 0.582615 -0.809337
vn -0.003954 0.484237 -0.874928
vn -0.005444 0.596929 -0.802276
vn 0.017285 0.601179 -0.798927
vn 0.080506 0.577295 -0.812557
vn 0.121513 0.709685 -0.693961
vn -0.045904 0.609561 -0.791409
vn -0.026876 0.601343 -0.798539
vn 0.020480 -0.170413 -0.985160
vn 0.996680 0.081255 -0.005067
vn 0.814147 -0.580454 -0.015395
vn 0.019360 -0.512233 -0.858628
vn -0.032849 -0.164904 -0.985762
vn -0.035374 -0.552622 -0.832681
vn -0.822258 -0.567535 -0.042364
vn -0.998624 -0.008263 -0.051787
vn 0.014790 0.998252 -0.057214
vn 0.827739 0.560506 0.026103
vn 0.008801 0.546290 -0.837550
vn -0.024118 0.998553 -0.048059
vn -0.014353 0.526427 -0.850099
vn -0.826141 0.563004 -0.022756
vn -0.057821 -0.998103 -0.021126
vn -0.880243 -0.474149 -0.018861
vn -0.057478 -0.430178 -0.900913
vn 0.893747 -0.448188 -0.018527
vn 0.072335 -0.997121 -0.022766
vn 0.063117 -0.436083 -0.897690
vn -0.998755 -0.038786 -0.031356
vn -0.880243 -0.474149 -0.018861
vn -0.882389 -0.470521 0.000000
vn -0.999193 -0.040178 0.000000
vn -0.098222 0.038281 -0.994428
vn -0.057478 -0.430178 -0.900913
vn -0.880243 -0.474149 -0.018861
vn -0.998755 -0.038786 -0.031356
vn 0.106560 0.027932 -0.993914
vn 0.051306 -0.468465 -0.881991
vn -0.057478 -0.430178 -0.900913
vn -0.098222 0.038281 -0.994428
vn 0.916281 -0.101869 -0.387365
vn 0.175019 -0.928146 -0.328502
vn 0.051306 -0.468465 -0.881991
vn 0.106560 0.027932 -0.993914
vn 0.883204 -0.125999 -0.451747
vn 0.299472 -0.941100 -0.156995
vn 0.175019 -0.928146 -0.328502
vn 0.916281 -0.101869 -0.387365
vn 0.743216 -0.116658 -0.658803
vn 0.024916 -0.999504 -0.019251
vn 0.299472 -0.941100 -0.156995
vn 0.883204 -0.125999 -0.451747
vn 0.502357 -0.103242 -0.858475
vn 0.362419 -0.696188 -0.619657
vn 0.024916 -0.999504 -0.019251
vn 0.743216 -0.116658 -0.658803
vn 0.252890 -0.098778 -0.962439
vn 0.121087 -0.884398 -0.450753
vn 0.362419 -0.696188 -0.619657
vn 0.502357 -0.103242 -0.858475
vn 0.000142 -0.097133 -0.995271
vn 0.003694 -0.913808 -0.406130
vn 0.121087 -0.884398 -0.450753
vn 0.252890 -0.098778 -0.962439
vn -0.252591 -0.098515 -0.962545
vn -0.102049 -0.908328 -0.405619
vn 0.003694 -0.913808 -0.406130
vn 0.000142 -0.097133 -0.995271
vn -0.502083 -0.102719 -0.858698
vn -0.269959 -0.839739 -0.471127
vn -0.102049 -0.908328 -0.405619
vn -0.252591 -0.098515 -0.962545
vn -0.742965 -0.115820 -0.659234
vn -0.019981 -0.999553 -0.022261
vn -0.269959 -0.839739 -0.471127
vn -0.502083 -0.102719 -0.858698
vn -0.883270 -0.125007 -0.451894
vn -0.290965 -0.943856 -0.156447
vn -0.019981 -0.999553 -0.022261
vn -0.742965 -0.115820 -0.659234
vn -0.917278 -0.100604 -0.385331
vn -0.165887 -0.931635 -0.323324
vn -0.290965 -0.943856 -0.156447
vn -0.883270 -0.125007 -0.451894
vn -0.106226 0.028369 -0.993937
vn -0.046252 -0.474052 -0.879281
vn -0.165887 -0.931635 -0.323324
vn -0.917278 -0.100604 -0.385331
vn 0.100063 0.042281 -0.994082
vn 0.063117 -0.436083 -0.897690
vn -0.046252 -0.474052 -0.879281
vn -0.106226 0.028369 -0.993937
vn 0.999515 0.000281 -0.031126
vn 0.893747 -0.448188 -0.018527
vn 0.063117 -0.436083 -0.897690
vn 0.100063 0.042281 -0.994082
vn 0.014790 0.998252 -0.057214
vn -0.000009 0.998454 -0.055577
vn 0.000000 1.000000 0.000000
vn 0.015206 0.999884 0.000476
vn 0.121087 -0.884398 -0.450753
vn 0.003694 -0.913808 -0.406130
vn 0.004094 -0.999992 0.000000
vn 0.003694 -0.913808 -0.406130
vn -0.102049 -0.908328 -0.405619
vn 0.004094 -0.999992 0.000000
vn -0.102049 -0.908328 -0.405619
vn -0.269959 -0.839739 -0.471127
vn 0.004094 -0.999992 0.000000
vn -0.269959 -0.839739 -0.471127
vn -0.019981 -0.999553 -0.022261
vn 0.004094 -0.999992 0.000000
vn 0.362419 -0.696188 -0.619657
vn 0.121087 -0.884398 -0.450753
vn 0.004094 -0.999992 0.000000
vn 0.024916 -0.999504 -0.019251
vn 0.362419 -0.696188 -0.619657
vn 0.004094 -0.999992 0.000000
vn -0.057821 -0.998103 -0.021126
vn 0.024916 -0.999504 -0.019251
vn 0.004094 -0.999992 0.000000
vn -0.040420 -0.999183 0.000000
vn -0.019981 -0.999553 -0.022261
vn 0.072335 -0.997121 -0.022766
vn 0.053594 -0.998563 0.000000
vn 0.004094 -0.999992 0.000000
vn -0.057821 -0.998103 -0.021126
vn 0.175019 -0.928146 -0.328502
vn 0.299472 -0.941100 -0.156995
vn -0.057821 -0.998103 -0.021126
vn 0.299472 -0.941100 -0.156995
vn 0.024916 -0.999504 -0.019251
vn -0.019981 -0.999553 -0.022261
vn -0.290965 -0.943856 -0.156447
vn 0.072335 -0.997121 -0.022766
vn -0.998799 -0.038853 -0.029858
vn -0.998755 -0.038786 -0.031356
vn -0.999193 -0.040178 0.000000
vn -0.999193 -0.040178 0.000000
vn -0.100663 0.038174 -0.994188
vn -0.098222 0.038281 -0.994428
vn -0.998755 -0.038786 -0.031356
vn -0.998799 -0.038853 -0.029858
vn 0.093991 0.029640 -0.995132
vn 0.106560 0.027932 -0.993914
vn -0.098222 0.038281 -0.994428
vn -0.100663 0.038174 -0.994188
vn 0.915496 -0.101702 -0.389261
vn 0.916281 -0.101869 -0.387365
vn 0.106560 0.027932 -0.993914
vn 0.093991 0.029640 -0.995132
vn 0.876833 -0.125972 -0.464000
vn 0.883204 -0.125999 -0.451747
vn 0.916281 -0.101869 -0.387365
vn 0.915496 -0.101702 -0.389261
vn 0.733197 -0.115165 -0.670193
vn 0.743216 -0.116658 -0.658803
vn 0.883204 -0.125999 -0.451747
vn 0.876833 -0.125972 -0.464000
vn 0.487776 -0.102877 -0.866886
vn 0.502357 -0.103242 -0.858475
vn 0.743216 -0.116658 -0.658803
vn 0.733197 -0.115165 -0.670193
vn 0.243730 -0.098657 -0.964812
vn 0.252890 -0.098778 -0.962439
vn 0.502357 -0.103242 -0.858475
vn 0.487776 -0.102877 -0.866886
vn -0.000355 -0.097133 -0.995271
vn 0.000142 -0.097133 -0.995271
vn 0.252890 -0.098778 -0.962439
vn 0.243730 -0.098657 -0.964812
vn -0.244225 -0.098412 -0.964712
vn -0.252591 -0.098515 -0.962545
vn 0.000142 -0.097133 -0.995271
vn -0.000355 -0.097133 -0.995271
vn -0.488004 -0.102381 -0.866816
vn -0.502083 -0.102719 -0.858698
vn -0.252591 -0.098515 -0.962545
vn -0.244225 -0.098412 -0.964712
vn -0.733174 -0.114367 -0.670355
vn -0.742965 -0.115820 -0.659234
vn -0.502083 -0.102719 -0.858698
vn -0.488004 -0.102381 -0.866816
vn -0.876847 -0.124983 -0.464241
vn -0.883270 -0.125007 -0.451894
vn -0.742965 -0.115820 -0.659234
vn -0.733174 -0.114367 -0.670355
vn -0.916240 -0.100379 -0.387852
vn -0.917278 -0.100604 -0.385331
vn -0.883270 -0.125007 -0.451894
vn -0.876847 -0.124983 -0.464241
vn -0.093760 0.030025 -0.995142
vn -0.106226 0.028369 -0.993937
vn -0.917278 -0.100604 -0.385331
vn -0.916240 -0.100379 -0.387852
vn 0.100672 0.042280 -0.994021
vn 0.100063 0.042281 -0.994082
vn -0.106226 0.028369 -0.993937
vn -0.093760 0.030025 -0.995142
vn 0.999551 0.000230 -0.029954
vn 0.999515 0.000281 -0.031126
vn 0.100063 0.042281 -0.994082
vn 0.100672 0.042280 -0.994021
vn 0.000177 -0.361454 -0.932390
vn 0.000006 -0.675818 -0.737068
vn 0.019360 -0.512233 -0.858628
vn 0.017094 -0.469639 -0.882693
vn 0.850668 -0.524784 -0.031064
vn 0.814147 -0.580454 -0.015395
vn 0.732018 -0.681273 0.004123
vn 0.904475 -0.426528 0.000000
vn -0.030742 -0.467411 -0.883506
vn -0.035374 -0.552622 -0.832681
vn 0.000006 -0.675818 -0.737068
vn 0.000177 -0.361454 -0.932390
vn 0.017094 -0.469639 -0.882693
vn 0.019360 -0.512233 -0.858628
vn 0.814147 -0.580454 -0.015395
vn 0.850668 -0.524784 -0.031064
vn -0.848768 -0.526847 -0.045010
vn -0.822258 -0.567535 -0.042364
vn -0.035374 -0.552622 -0.832681
vn -0.030742 -0.467411 -0.883506
vn -0.936191 -0.351491 0.000000
vn -0.918136 -0.392066 -0.057532
vn -0.986393 0.155326 -0.053883
vn -0.989890 0.141835 0.000000
vn -0.989890 0.141835 0.000000
vn -0.986393 0.155326 -0.053883
vn -0.796442 0.603620 -0.036376
vn -0.827684 0.561194 0.000000
vn 0.723528 0.690295 0.000000
vn 0.716072 0.697299 -0.031847
vn 0.701206 0.712597 -0.022706
vn 0.712524 0.701648 0.000000
vn 0.895735 -0.444588 0.000000
vn 0.893747 -0.448188 -0.018527
vn 0.999515 0.000281 -0.031126
vn 0.999999 -0.001146 0.000000
vn 0.999999 -0.001146 0.000000
vn 0.999515 0.000281 -0.031126
vn 0.999551 0.000230 -0.029954
vn 0.999999 -0.001144 0.000000
vn -0.716820 -0.697258 0.000000
vn -0.822258 -0.567535 -0.042364
vn -0.848768 -0.526847 -0.045010
vn -0.901863 -0.432023 0.000000
vn -0.831291 -0.555838 0.000000
vn -0.831291 -0.555838 0.000000
vn -0.831291 -0.555838 0.000000
vn -0.831291 -0.555838 0.000000
vn -0.191336 -0.097139 0.976706
vn -0.158584 -0.986548 0.039681
vn 0.158584 -0.986548 0.039681
vn 0.191336 -0.097139 0.976706
vn -0.998064 -0.055769 0.027518
vn -0.191336 -0.097139 0.976706
vn -0.191336 0.097139 0.976706
vn -0.998064 0.055769 0.027518
vn 0.998065 -0.055769 0.027518
vn 0.158584 -0.986548 0.039681
vn 0.158584 -0.986548 -0.039681
vn 0.998064 -0.055769 -0.027518
vn 0.191336 -0.097139 0.976706
vn 0.998065 -0.055769 0.027518
vn 0.998065 0.055769 0.027518
vn 0.191336 0.097139 0.976706
vn -0.998064 0.055769 0.027518
vn -0.158584 0.986548 0.039680
vn -0.158584 0.986548 -0.039681
vn -0.998064 0.055769 -0.027518
vn -0.158584 0.986548 0.039680
vn -0.191336 0.097139 0.976706
vn 0.191336 0.097139 0.976706
vn 0.158584 0.986548 0.039681
vn 0.158584 0.986548 0.039681
vn 0.998065 0.055769 0.027518
vn 0.998064 0.055769 -0.027518
vn 0.158584 0.986548 -0.039681
vn -0.998064 0.055769 -0.027518
vn -0.191334 0.097139 -0.976706
vn -0.191334 -0.097139 -0.976706
vn -0.998064 -0.055769 -0.027518
vn -0.191334 0.097139 -0.976706
vn -0.158584 0.986548 -0.039681
vn 0.158584 0.986548 -0.039681
vn 0.191334 0.097139 -0.976706
vn 0.191334 0.097139 -0.976706
vn 0.998064 0.055769 -0.027518
vn 0.998064 -0.055769 -0.027518
vn 0.191334 -0.097139 -0.976706
vn -0.158584 -0.986548 -0.039681
vn -0.191334 -0.097139 -0.976706
vn 0.191334 -0.097139 -0.976706
vn 0.158584 -0.986548 -0.039681
vn -0.191336 -0.097139 0.976706
vn 0.191336 -0.097139 0.976706
vn 0.191336 0.097139 0.976706
vn -0.191336 0.097139 0.976706
vn -0.158584 0.986548 0.039680
vn 0.158584 0.986548 0.039681
vn 0.158584 0.986548 -0.039681
vn -0.158584 0.986548 -0.039681
vn -0.191334 0.097139 -0.976706
vn 0.191334 0.097139 -0.976706
vn 0.191334 -0.097139 -0.976706
vn -0.191334 -0.097139 -0.976706
vn -0.158584 -0.986548 -0.039681
vn 0.158584 -0.986548 -0.039681
vn 0.158584 -0.986548 0.039681
vn -0.158584 -0.986548 0.039681
vn 0.998065 -0.055769 0.027518
vn 0.998064 -0.055769 -0.027518
vn 0.998064 0.055769 -0.027518
vn 0.998065 0.055769 0.027518
vn -0.998064 -0.055769 -0.027518
vn -0.998064 -0.055769 0.027518
vn -0.998064 0.055769 0.027518
vn -0.998064 0.055769 -0.027518
vn -0.158584 -0.986548 0.039681
vn -0.191336 -0.097139 0.976706
vn -0.998064 -0.055769 0.027518
vn 0.998065 -0.055769 0.027518
vn 0.191336 -0.097139 0.976706
vn 0.158584 -0.986548 0.039681
vn -0.998064 0.055769 0.027518
vn -0.191336 0.097139 0.976706
vn -0.158584 0.986548 0.039680
vn 0.158584 0.986548 0.039681
vn 0.191336 0.097139 0.976706
vn 0.998065 0.055769 0.027518
vn -0.998064 0.055769 -0.027518
vn -0.158584 0.986548 -0.039681
vn -0.191334 0.097139 -0.976706
vn 0.191334 0.097139 -0.976706
vn 0.158584 0.986548 -0.039681
vn 0.998064 0.055769 -0.027518
vn -0.998064 -0.055769 -0.027518
vn -0.191334 -0.097139 -0.976706
vn -0.158584 -0.986548 -0.039681
vn 0.158584 -0.986548 -0.039681
vn 0.191334 -0.097139 -0.976706
vn 0.998064 -0.055769 -0.027518
vn 0.000000 0.158568 -0.987348
vn 0.000000 0.158568 -0.987348
vn 0.000000 0.158568 -0.987348
vn 0.000000 0.158568 -0.987348
vn 0.720580 0.044149 -0.691965
vn 0.719787 -0.261258 -0.643157
vn -0.049943 -0.375060 -0.925654
vn -0.048243 0.063312 -0.996827
vn 0.719787 -0.261258 -0.643157
vn 0.667475 -0.701774 -0.248976
vn -0.036976 -0.940087 -0.338924
vn -0.049943 -0.375060 -0.925654
vn 0.667475 -0.701774 -0.248976
vn 0.722110 -0.691028 -0.032210
vn -0.028141 -0.998503 -0.046894
vn -0.036976 -0.940087 -0.338924
vn 0.710259 -0.703936 0.002714
vn 0.718616 -0.694653 0.032378
vn -0.028065 -0.998506 0.046889
vn -0.027403 -0.999617 0.003853
vn 0.671717 -0.695771 0.254361
vn 0.719787 -0.261260 0.643156
vn -0.049943 -0.375062 0.925653
vn -0.037253 -0.936759 0.347986
vn 0.719787 -0.261260 0.643156
vn 0.720580 0.044148 0.691965
vn -0.048244 0.063311 0.996827
vn -0.049943 -0.375062 0.925653
vn 0.720580 0.044148 0.691965
vn 0.365413 0.879219 0.305692
vn -0.029267 0.941724 0.335111
vn -0.048244 0.063311 0.996827
vn 0.720580 0.044149 -0.691965
vn 0.365412 0.879220 -0.305691
vn 0.379468 0.925205 0.000000
vn 0.719787 -0.261258 -0.643157
vn 0.720580 0.044149 -0.691965
vn 0.379468 0.925205 0.000000
vn 0.667475 -0.701774 -0.248976
vn 0.719787 -0.261258 -0.643157
vn 0.379468 0.925205 0.000000
vn 0.710259 -0.703936 0.002714
vn 0.722110 -0.691028 -0.032210
vn 0.379468 0.925205 0.000000
vn 0.671717 -0.695771 0.254361
vn 0.718616 -0.694653 0.032378
vn 0.379468 0.925205 0.000000
vn 0.719787 -0.261260 0.643156
vn 0.671717 -0.695771 0.254361
vn 0.379468 0.925205 0.000000
vn 0.720580 0.044148 0.691965
vn 0.719787 -0.261260 0.643156
vn 0.379468 0.925205 0.000000
vn 0.365413 0.879219 0.305692
vn 0.720580 0.044148 0.691965
vn 0.379468 0.925205 0.000000
vn -0.206011 0.946464 -0.248527
vn -0.539701 0.061924 -0.839576
vn -0.081911 0.996640 0.000001
vn -0.539701 0.061924 -0.839576
vn -0.582789 -0.296792 -0.756486
vn -0.081911 0.996640 0.000001
vn -0.582789 -0.296792 -0.756486
vn -0.521824 -0.813694 -0.256128
vn -0.081911 0.996640 0.000001
vn -0.521824 -0.813694 -0.256128
vn -0.477192 -0.877992 -0.037661
vn -0.081911 0.996640 0.000001
vn -0.469688 -0.882826 0.003400
vn -0.475845 -0.878718 0.037760
vn -0.081911 0.996640 0.000001
vn -0.524018 -0.810148 0.262804
vn -0.582791 -0.296797 0.756483
vn -0.081911 0.996640 0.000001
vn -0.582791 -0.296797 0.756483
vn -0.539702 0.061916 0.839576
vn -0.081911 0.996640 0.000001
vn -0.539702 0.061916 0.839576
vn -0.206010 0.946463 0.248531
vn -0.081911 0.996640 0.000001
vn -0.028141 -0.998503 -0.046894
vn 0.722110 -0.691028 -0.032210
vn 0.710259 -0.703936 0.002714
vn -0.027403 -0.999617 0.003853
vn -0.028065 -0.998506 0.046889
vn 0.718616 -0.694653 0.032378
vn 0.671717 -0.695771 0.254361
vn -0.037253 -0.936759 0.347986
vn -0.081911 0.996640 0.000001
vn -0.477192 -0.877992 -0.037661
vn -0.469688 -0.882826 0.003400
vn -0.081911 0.996640 0.000001
vn -0.475845 -0.878718 0.037760
vn -0.524018 -0.810148 0.262804
vn 0.379468 0.925205 0.000000
vn 0.718616 -0.694653 0.032378
vn 0.710259 -0.703936 0.002714
vn 0.379468 0.925205 0.000000
vn 0.722110 -0.691028 -0.032210
vn 0.667475 -0.701774 -0.248976
vn -0.073977 0.938307 -0.337797
vn -0.029267 0.941724 -0.335110
vn -0.048243 0.063312 -0.996827
vn -0.156446 0.060559 -0.985828
vn -0.015210 0.999884 0.000000
vn -0.029267 0.941724 -0.335110
vn -0.073977 0.938307 -0.337797
vn -0.023549 0.999723 0.000000
vn -0.048243 0.063312 -0.996827
vn -0.049943 -0.375060 -0.925654
vn -0.161871 -0.367924 -0.915658
vn -0.156446 0.060559 -0.985828
vn -0.049943 -0.375060 -0.925654
vn -0.036976 -0.940087 -0.338924
vn -0.119049 -0.934319 -0.335970
vn -0.161871 -0.367924 -0.915658
vn -0.036976 -0.940087 -0.338924
vn -0.028141 -0.998503 -0.046894
vn -0.092626 -0.994607 -0.046664
vn -0.119049 -0.934319 -0.335970
vn -0.027403 -0.999617 0.003853
vn -0.028065 -0.998506 0.046889
vn -0.092302 -0.994637 0.046660
vn -0.089981 -0.995936 0.003838
vn -0.037253 -0.936759 0.347986
vn -0.049943 -0.375062 0.925653
vn -0.161871 -0.367925 0.915658
vn -0.120030 -0.930924 0.344926
vn -0.049943 -0.375062 0.925653
vn -0.048244 0.063311 0.996827
vn -0.156446 0.060558 0.985828
vn -0.161871 -0.367925 0.915658
vn -0.048244 0.063311 0.996827
vn -0.029267 0.941724 0.335111
vn -0.073978 0.938307 0.337798
vn -0.156446 0.060558 0.985828
vn -0.029267 0.941724 0.335111
vn -0.015210 0.999884 0.000000
vn -0.023549 0.999723 0.000000
vn -0.073978 0.938307 0.337798
vn -0.028141 -0.998503 -0.046894
vn -0.027403 -0.999617 0.003853
vn -0.089981 -0.995936 0.003838
vn -0.092626 -0.994607 -0.046664
vn -0.028065 -0.998506 0.046889
vn -0.037253 -0.936759 0.347986
vn -0.120030 -0.930924 0.344926
vn -0.092302 -0.994637 0.046660
vn -0.073977 0.938307 -0.337797
vn -0.156446 0.060559 -0.985828
vn -0.361938 0.058143 -0.930387
vn -0.151759 0.923679 -0.351832
vn -0.023549 0.999723 0.000000
vn -0.073977 0.938307 -0.337797
vn -0.151759 0.923679 -0.351832
vn -0.020047 0.999799 0.000000
vn -0.156446 0.060559 -0.985828
vn -0.161871 -0.367924 -0.915658
vn -0.387479 -0.344209 -0.855208
vn -0.361938 0.058143 -0.930387
vn -0.161871 -0.367924 -0.915658
vn -0.119049 -0.934319 -0.335970
vn -0.318468 -0.892048 -0.320669
vn -0.387479 -0.344209 -0.855208
vn -0.119049 -0.934319 -0.335970
vn -0.092626 -0.994607 -0.046664
vn -0.264386 -0.963347 -0.045424
vn -0.318468 -0.892048 -0.320669
vn -0.089981 -0.995936 0.003838
vn -0.092302 -0.994637 0.046660
vn -0.263660 -0.963546 0.045424
vn -0.258593 -0.965979 0.003721
vn -0.120030 -0.930924 0.344926
vn -0.161871 -0.367925 0.915658
vn -0.387479 -0.344209 0.855208
vn -0.320396 -0.888301 0.329040
vn -0.161871 -0.367925 0.915658
vn -0.156446 0.060558 0.985828
vn -0.361938 0.058143 0.930387
vn -0.387479 -0.344209 0.855208
vn -0.156446 0.060558 0.985828
vn -0.073978 0.938307 0.337798
vn -0.151759 0.923680 0.351831
vn -0.361938 0.058143 0.930387
vn -0.073978 0.938307 0.337798
vn -0.023549 0.999723 0.000000
vn -0.020047 0.999799 0.000000
vn -0.151759 0.923680 0.351831
vn -0.092626 -0.994607 -0.046664
vn -0.089981 -0.995936 0.003838
vn -0.258593 -0.965979 0.003721
vn -0.264386 -0.963347 -0.045424
vn -0.092302 -0.994637 0.046660
vn -0.120030 -0.930924 0.344926
vn -0.320396 -0.888301 0.329040
vn -0.263660 -0.963546 0.045424
vn -0.179133 0.923804 -0.338376
vn -0.437354 0.049012 -0.897953
vn -0.470357 0.056602 -0.880659
vn -0.181890 0.929120 -0.321950
vn -0.021431 0.999770 0.000001
vn -0.179133 0.923804 -0.338376
vn -0.181890 0.929120 -0.321950
vn -0.018804 0.999823 0.000001
vn -0.437354 0.049012 -0.897953
vn -0.484873 -0.322281 -0.813040
vn -0.539384 -0.301003 -0.786424
vn -0.470357 0.056602 -0.880659
vn -0.484873 -0.322281 -0.813040
vn -0.436015 -0.850264 -0.294861
vn -0.515949 -0.809511 -0.280160
vn -0.539384 -0.301003 -0.786424
vn -0.436015 -0.850264 -0.294861
vn -0.380945 -0.923613 -0.042668
vn -0.459495 -0.887244 -0.040769
vn -0.515949 -0.809511 -0.280160
vn -0.374943 -0.927041 0.003572
vn -0.380193 -0.923922 0.042687
vn -0.458906 -0.887548 0.040792
vn -0.454030 -0.890980 0.003433
vn -0.437830 -0.846617 0.302562
vn -0.484872 -0.322281 0.813040
vn -0.539384 -0.301001 0.786424
vn -0.517464 -0.805979 0.287452
vn -0.484872 -0.322281 0.813040
vn -0.437354 0.049012 0.897953
vn -0.470358 0.056602 0.880659
vn -0.539384 -0.301001 0.786424
vn -0.437354 0.049012 0.897953
vn -0.179134 0.923803 0.338376
vn -0.181890 0.929120 0.321951
vn -0.470358 0.056602 0.880659
vn -0.179134 0.923803 0.338376
vn -0.021431 0.999770 0.000001
vn -0.018804 0.999823 0.000001
vn -0.181890 0.929120 0.321951
vn -0.380945 -0.923613 -0.042668
vn -0.374943 -0.927041 0.003572
vn -0.454030 -0.890980 0.003433
vn -0.459495 -0.887244 -0.040769
vn -0.380193 -0.923922 0.042687
vn -0.437830 -0.846617 0.302562
vn -0.517464 -0.805979 0.287452
vn -0.458906 -0.887548 0.040792
vn -0.173694 0.941808 -0.287800
vn -0.477733 0.058294 -0.876569
vn -0.539701 0.061924 -0.839576
vn -0.206011 0.946464 -0.248527
vn -0.028128 0.999604 0.000002
vn -0.173694 0.941808 -0.287800
vn -0.206011 0.946464 -0.248527
vn -0.081911 0.996640 0.000001
vn -0.477733 0.058294 -0.876569
vn -0.541896 -0.287785 -0.789638
vn -0.582789 -0.296792 -0.756486
vn -0.539701 0.061924 -0.839576
vn -0.541896 -0.287785 -0.789638
vn -0.524222 -0.805123 -0.277432
vn -0.521824 -0.813694 -0.256128
vn -0.582789 -0.296792 -0.756486
vn -0.524222 -0.805123 -0.277432
vn -0.461862 -0.886042 -0.040165
vn -0.477192 -0.877992 -0.037661
vn -0.521824 -0.813694 -0.256128
vn -0.456657 -0.889636 0.003427
vn -0.461415 -0.886273 0.040195
vn -0.475845 -0.878718 0.037760
vn -0.469688 -0.882826 0.003400
vn -0.525662 -0.801654 0.284657
vn -0.541897 -0.287784 0.789638
vn -0.582791 -0.296797 0.756483
vn -0.524018 -0.810148 0.262804
vn -0.541897 -0.287784 0.789638
vn -0.477733 0.058293 0.876569
vn -0.539702 0.061916 0.839576
vn -0.582791 -0.296797 0.756483
vn -0.477733 0.058293 0.876569
vn -0.173693 0.941807 0.287802
vn -0.206010 0.946463 0.248531
vn -0.539702 0.061916 0.839576
vn -0.173693 0.941807 0.287802
vn -0.028128 0.999604 0.000002
vn -0.081911 0.996640 0.000001
vn -0.206010 0.946463 0.248531
vn -0.461862 -0.886042 -0.040165
vn -0.456657 -0.889636 0.003427
vn -0.469688 -0.882826 0.003400
vn -0.477192 -0.877992 -0.037661
vn -0.461415 -0.886273 0.040195
vn -0.525662 -0.801654 0.284657
vn -0.524018 -0.810148 0.262804
vn -0.475845 -0.878718 0.037760
vn -0.018804 0.999823 0.000001
vn -0.181890 0.929120 -0.321950
vn -0.173694 0.941808 -0.287800
vn -0.028128 0.999604 0.000002
vn -0.181890 0.929120 0.321951
vn -0.018804 0.999823 0.000001
vn -0.028128 0.999604 0.000002
vn -0.173693 0.941807 0.287802
vn -0.470358 0.056602 0.880659
vn -0.181890 0.929120 0.321951
vn -0.173693 0.941807 0.287802
vn -0.477733 0.058293 0.876569
vn -0.539384 -0.301001 0.786424
vn -0.470358 0.056602 0.880659
vn -0.477733 0.058293 0.876569
vn -0.541897 -0.287784 0.789638
vn -0.517464 -0.805979 0.287452
vn -0.539384 -0.301001 0.786424
vn -0.541897 -0.287784 0.789638
vn -0.525662 -0.801654 0.284657
vn -0.458906 -0.887548 0.040792
vn -0.517464 -0.805979 0.287452
vn -0.525662 -0.801654 0.284657
vn -0.461415 -0.886273 0.040195
vn -0.454030 -0.890980 0.003433
vn -0.458906 -0.887548 0.040792
vn -0.461415 -0.886273 0.040195
vn -0.456657 -0.889636 0.003427
vn -0.459495 -0.887244 -0.040769
vn -0.454030 -0.890980 0.003433
vn -0.456657 -0.889636 0.003427
vn -0.461862 -0.886042 -0.040165
vn -0.515949 -0.809511 -0.280160
vn -0.459495 -0.887244 -0.040769
vn -0.461862 -0.886042 -0.040165
vn -0.524222 -0.805123 -0.277432
vn -0.539384 -0.301003 -0.786424
vn -0.515949 -0.809511 -0.280160
vn -0.524222 -0.805123 -0.277432
vn -0.541896 -0.287785 -0.789638
vn -0.470357 0.056602 -0.880659
vn -0.539384 -0.301003 -0.786424
vn -0.541896 -0.287785 -0.789638
vn -0.477733 0.058294 -0.876569
vn -0.181890 0.929120 -0.321950
vn -0.470357 0.056602 -0.880659
vn -0.477733 0.058294 -0.876569
vn -0.173694 0.941808 -0.287800
vn -0.029267 0.941724 -0.335110
vn -0.015210 0.999884 0.000000
vn 0.379468 0.925205 0.000000
vn 0.365412 0.879220 -0.305691
vn 0.379468 0.925205 0.000000
vn -0.015210 0.999884 0.000000
vn -0.029267 0.941724 0.335111
vn 0.365413 0.879219 0.305692
vn -0.020047 0.999799 0.000000
vn -0.151759 0.923679 -0.351832
vn -0.179133 0.923804 -0.338376
vn -0.021431 0.999770 0.000001
vn -0.151759 0.923680 0.351831
vn -0.020047 0.999799 0.000000
vn -0.021431 0.999770 0.000001
vn -0.179134 0.923803 0.338376
vn -0.361938 0.058143 0.930387
vn -0.151759 0.923680 0.351831
vn -0.179134 0.923803 0.338376
vn -0.437354 0.049012 0.897953
vn -0.387479 -0.344209 0.855208
vn -0.361938 0.058143 0.930387
vn -0.437354 0.049012 0.897953
vn -0.484872 -0.322281 0.813040
vn -0.320396 -0.888301 0.329040
vn -0.387479 -0.344209 0.855208
vn -0.484872 -0.322281 0.813040
vn -0.437830 -0.846617 0.302562
vn -0.263660 -0.963546 0.045424
vn -0.320396 -0.888301 0.329040
vn -0.437830 -0.846617 0.302562
vn -0.380193 -0.923922 0.042687
vn -0.258593 -0.965979 0.003721
vn -0.263660 -0.963546 0.045424
vn -0.380193 -0.923922 0.042687
vn -0.374943 -0.927041 0.003572
vn -0.264386 -0.963347 -0.045424
vn -0.258593 -0.965979 0.003721
vn -0.374943 -0.927041 0.003572
vn -0.380945 -0.923613 -0.042668
vn -0.318468 -0.892048 -0.320669
vn -0.264386 -0.963347 -0.045424
vn -0.380945 -0.923613 -0.042668
vn -0.436015 -0.850264 -0.294861
vn -0.387479 -0.344209 -0.855208
vn -0.318468 -0.892048 -0.320669
vn -0.436015 -0.850264 -0.294861
vn -0.484873 -0.322281 -0.813040
vn -0.361938 0.058143 -0.930387
vn -0.387479 -0.344209 -0.855208
vn -0.484873 -0.322281 -0.813040
vn -0.437354 0.049012 -0.897953
vn -0.151759 0.923679 -0.351832
vn -0.361938 0.058143 -0.930387
vn -0.437354 0.049012 -0.897953
vn -0.179133 0.923804 -0.338376
vn 0.219220 0.975618 -0.010624
vn 0.310540 0.531104 -0.788349
vn 0.000164 0.622012 -0.783008
vn 0.167401 0.985834 -0.010366
vn 0.310540 0.531104 -0.788349
vn 0.213742 -0.098585 -0.971903
vn -0.208289 0.012244 -0.977991
vn 0.000164 0.622012 -0.783008
vn 0.213742 -0.098585 -0.971903
vn 0.118410 -0.307311 -0.944214
vn -0.261606 -0.208253 -0.942440
vn -0.208289 0.012244 -0.977991
vn 0.118410 -0.307311 -0.944214
vn -0.095093 -0.993414 -0.063926
vn -0.297779 -0.952476 -0.064167
vn -0.261606 -0.208253 -0.942440
vn -0.297779 -0.952476 -0.064167
vn -0.095093 -0.993414 -0.063926
vn -0.091661 -0.988521 0.120105
vn -0.302095 -0.945759 0.119491
vn -0.091661 -0.988521 0.120105
vn 0.147027 -0.250756 0.956820
vn -0.245968 -0.148414 0.957848
vn -0.302095 -0.945759 0.119491
vn 0.147027 -0.250756 0.956820
vn 0.209960 -0.187960 0.959473
vn -0.241473 -0.069988 0.967880
vn -0.245968 -0.148414 0.957848
vn 0.209960 -0.187960 0.959473
vn 0.249307 0.608992 0.752977
vn 0.021142 0.666233 0.745444
vn -0.241473 -0.069988 0.967880
vn 0.249307 0.608992 0.752977
vn 0.224404 0.973626 0.041174
vn 0.172601 0.984073 0.042540
vn 0.021142 0.666233 0.745444
vn 0.172601 0.984073 0.042540
vn 0.224404 0.973626 0.041174
vn 0.219220 0.975618 -0.010624
vn 0.167401 0.985834 -0.010366
vn 0.172601 0.984073 0.042540
vn 0.167401 0.985834 -0.010366
vn -0.291627 -0.956526 0.003490
vn -0.293713 -0.955177 -0.037001
vn -0.097877 -0.995190 0.004113
vn 0.076020 -0.633277 0.770182
vn 0.310540 0.531104 -0.788349
vn 0.219220 0.975618 -0.010624
vn -0.380995 -0.515119 0.767786
vn -0.291627 -0.956526 0.003490
vn 0.167401 0.985834 -0.010366
vn 0.000164 0.622012 -0.783008
vn 0.076020 -0.633277 0.770182
vn 0.245181 -0.028376 0.969062
vn 0.213742 -0.098585 -0.971903
vn 0.310540 0.531104 -0.788349
vn -0.246156 0.118669 0.961938
vn -0.380995 -0.515119 0.767786
vn 0.000164 0.622012 -0.783008
vn -0.208289 0.012244 -0.977991
vn 0.245181 -0.028376 0.969062
vn 0.325170 0.151502 0.933441
vn 0.118410 -0.307311 -0.944214
vn 0.213742 -0.098585 -0.971903
vn -0.234763 0.328521 0.914855
vn -0.246156 0.118669 0.961938
vn -0.208289 0.012244 -0.977991
vn -0.261606 -0.208253 -0.942440
vn 0.325170 0.151502 0.933441
vn 0.444658 0.893396 0.064206
vn -0.095093 -0.993414 -0.063926
vn 0.118410 -0.307311 -0.944214
vn -0.059942 0.996838 0.052172
vn -0.234763 0.328521 0.914855
vn -0.261606 -0.208253 -0.942440
vn -0.297779 -0.952476 -0.064167
vn -0.095093 -0.993414 -0.063926
vn 0.444658 0.893396 0.064206
vn 0.455690 0.880954 -0.127545
vn -0.091661 -0.988521 0.120105
vn -0.297779 -0.952476 -0.064167
vn -0.302095 -0.945759 0.119491
vn -0.071452 0.992222 -0.101936
vn -0.059942 0.996838 0.052172
vn 0.455690 0.880954 -0.127545
vn 0.291314 0.099231 -0.951467
vn 0.147027 -0.250756 0.956820
vn -0.091661 -0.988521 0.120105
vn -0.226776 0.256070 -0.939681
vn -0.071452 0.992222 -0.101936
vn -0.302095 -0.945759 0.119491
vn -0.245968 -0.148414 0.957848
vn 0.291314 0.099231 -0.951467
vn 0.248363 0.083028 -0.965102
vn 0.209960 -0.187960 0.959473
vn 0.147027 -0.250756 0.956820
vn -0.206052 0.194899 -0.958935
vn -0.226776 0.256070 -0.939681
vn -0.245968 -0.148414 0.957848
vn -0.241473 -0.069988 0.967880
vn 0.248363 0.083028 -0.965102
vn 0.157414 -0.704540 -0.691985
vn 0.249307 0.608992 0.752977
vn 0.209960 -0.187960 0.959473
vn -0.398629 -0.556017 -0.729342
vn -0.206052 0.194899 -0.958935
vn -0.241473 -0.069988 0.967880
vn 0.021142 0.666233 0.745444
vn 0.157414 -0.704540 -0.691985
vn -0.102741 -0.994034 -0.036627
vn 0.224404 0.973626 0.041174
vn 0.249307 0.608992 0.752977
vn -0.293713 -0.955177 -0.037001
vn -0.398629 -0.556017 -0.729342
vn 0.021142 0.666233 0.745444
vn 0.172601 0.984073 0.042540
vn 0.224404 0.973626 0.041174
vn -0.102741 -0.994034 -0.036627
vn -0.097877 -0.995190 0.004113
vn 0.219220 0.975618 -0.010624
vn -0.293713 -0.955177 -0.037001
vn -0.291627 -0.956526 0.003490
vn -0.097877 -0.995190 0.004113
vn -0.102741 -0.994034 -0.036627
vn -0.102741 -0.994034 -0.036627
vn 0.157414 -0.704540 -0.691985
vn -0.398629 -0.556017 -0.729342
vn -0.293713 -0.955177 -0.037001
vn 0.157414 -0.704540 -0.691985
vn 0.248363 0.083028 -0.965102
vn -0.206052 0.194899 -0.958935
vn -0.398629 -0.556017 -0.729342
vn 0.248363 0.083028 -0.965102
vn 0.291314 0.099231 -0.951467
vn -0.226776 0.256070 -0.939681
vn -0.206052 0.194899 -0.958935
vn 0.291314 0.099231 -0.951467
vn 0.455690 0.880954 -0.127545
vn -0.071452 0.992222 -0.101936
vn -0.226776 0.256070 -0.939681
vn -0.059942 0.996838 0.052172
vn -0.071452 0.992222 -0.101936
vn 0.455690 0.880954 -0.127545
vn 0.444658 0.893396 0.064206
vn 0.444658 0.893396 0.064206
vn 0.325170 0.151502 0.933441
vn -0.234763 0.328521 0.914855
vn -0.059942 0.996838 0.052172
vn 0.325170 0.151502 0.933441
vn 0.245181 -0.028376 0.969062
vn -0.246156 0.118669 0.961938
vn -0.234763 0.328521 0.914855
vn 0.245181 -0.028376 0.969062
vn 0.076020 -0.633277 0.770182
vn -0.380995 -0.515119 0.767786
vn -0.246156 0.118669 0.961938
vn 0.076020 -0.633277 0.770182
vn -0.097877 -0.995190 0.004113
vn -0.291627 -0.956526 0.003490
vn -0.380995 -0.515119 0.767786
vn 0.017173 0.999793 -0.010890
vn 0.091202 0.747875 -0.657545
vn -0.113855 0.749893 -0.651688
vn -0.048274 0.998774 -0.011013
vn 0.091202 0.747875 -0.657545
vn 0.167606 -0.082968 -0.982357
vn -0.163594 -0.086290 -0.982747
vn -0.113855 0.749893 -0.651688
vn 0.167606 -0.082968 -0.982357
vn 0.161050 -0.276184 -0.947515
vn -0.154235 -0.279065 -0.947805
vn -0.163594 -0.086290 -0.982747
vn 0.161050 -0.276184 -0.947515
vn 0.049786 -0.996842 -0.061863
vn -0.018803 -0.997866 -0.062523
vn -0.154235 -0.279065 -0.947805
vn -0.018803 -0.997866 -0.062523
vn 0.049786 -0.996842 -0.061863
vn 0.054286 -0.991696 0.116587
vn -0.023453 -0.992941 0.116271
vn 0.054286 -0.991696 0.116587
vn 0.160834 -0.211762 0.963997
vn -0.155040 -0.215365 0.964148
vn -0.023453 -0.992941 0.116271
vn 0.160834 -0.211762 0.963997
vn 0.174507 -0.131163 0.975881
vn -0.168372 -0.135774 0.976328
vn -0.155040 -0.215365 0.964148
vn 0.174507 -0.131163 0.975881
vn 0.079236 0.657277 0.749472
vn -0.099436 0.665407 0.739828
vn -0.168372 -0.135774 0.976328
vn 0.079236 0.657277 0.749472
vn 0.017864 0.999400 0.029679
vn -0.048940 0.998366 0.029486
vn -0.099436 0.665407 0.739828
vn -0.048940 0.998366 0.029486
vn 0.017864 0.999400 0.029679
vn 0.017173 0.999793 -0.010890
vn -0.048274 0.998774 -0.011013
vn -0.048940 0.998366 0.029486
vn -0.048274 0.998774 -0.011013
vn -0.089116 -0.996012 0.004346
vn -0.093363 -0.995346 -0.023876
vn 0.119686 -0.992801 0.004593
vn 0.226883 -0.738853 0.634524
vn 0.091202 0.747875 -0.657545
vn 0.017173 0.999793 -0.010890
vn -0.200086 -0.755951 0.623301
vn -0.089116 -0.996012 0.004346
vn -0.048274 0.998774 -0.011013
vn -0.113855 0.749893 -0.651688
vn 0.226883 -0.738853 0.634524
vn 0.197302 0.089679 0.976232
vn 0.167606 -0.082968 -0.982357
vn 0.091202 0.747875 -0.657545
vn -0.197752 0.087041 0.976380
vn -0.200086 -0.755951 0.623301
vn -0.113855 0.749893 -0.651688
vn -0.163594 -0.086290 -0.982747
vn 0.197302 0.089679 0.976232
vn 0.194404 0.253070 0.947714
vn 0.161050 -0.276184 -0.947515
vn 0.167606 -0.082968 -0.982357
vn -0.205281 0.249088 0.946475
vn -0.197752 0.087041 0.976380
vn -0.163594 -0.086290 -0.982747
vn -0.154235 -0.279065 -0.947805
vn 0.194404 0.253070 0.947714
vn 0.107461 0.992482 0.058577
vn 0.049786 -0.996842 -0.061863
vn 0.161050 -0.276184 -0.947515
vn -0.138169 0.988620 0.059495
vn -0.205281 0.249088 0.946475
vn -0.154235 -0.279065 -0.947805
vn -0.018803 -0.997866 -0.062523
vn 0.049786 -0.996842 -0.061863
vn 0.107461 0.992482 0.058577
vn 0.116687 0.986263 -0.116915
vn 0.054286 -0.991696 0.116587
vn -0.018803 -0.997866 -0.062523
vn -0.023453 -0.992941 0.116271
vn -0.147258 0.982217 -0.116468
vn -0.138169 0.988620 0.059495
vn 0.116687 0.986263 -0.116915
vn 0.189737 0.185910 -0.964073
vn 0.160834 -0.211762 0.963997
vn 0.054286 -0.991696 0.116587
vn -0.196907 0.183502 -0.963096
vn -0.147258 0.982217 -0.116468
vn -0.023453 -0.992941 0.116271
vn -0.155040 -0.215365 0.964148
vn 0.189737 0.185910 -0.964073
vn 0.184727 0.143267 -0.972291
vn 0.174507 -0.131163 0.975881
vn 0.160834 -0.211762 0.963997
vn -0.186161 0.139456 -0.972572
vn -0.196907 0.183502 -0.963096
vn -0.155040 -0.215365 0.964148
vn -0.168372 -0.135774 0.976328
vn 0.184727 0.143267 -0.972291
vn 0.271189 -0.630630 -0.727160
vn 0.079236 0.657277 0.749472
vn 0.174507 -0.131163 0.975881
vn -0.247200 -0.661907 -0.707652
vn -0.186161 0.139456 -0.972572
vn -0.168372 -0.135774 0.976328
vn -0.099436 0.665407 0.739828
vn 0.271189 -0.630630 -0.727160
vn 0.123911 -0.991994 -0.024378
vn 0.017864 0.999400 0.029679
vn 0.079236 0.657277 0.749472
vn -0.093363 -0.995346 -0.023876
vn -0.247200 -0.661907 -0.707652
vn -0.099436 0.665407 0.739828
vn -0.048940 0.998366 0.029486
vn 0.017864 0.999400 0.029679
vn 0.123911 -0.991994 -0.024378
vn 0.119686 -0.992801 0.004593
vn 0.017173 0.999793 -0.010890
vn -0.093363 -0.995346 -0.023876
vn -0.089116 -0.996012 0.004346
vn 0.119686 -0.992801 0.004593
vn 0.123911 -0.991994 -0.024378
vn 0.123911 -0.991994 -0.024378
vn 0.271189 -0.630630 -0.727160
vn -0.247200 -0.661907 -0.707652
vn -0.093363 -0.995346 -0.023876
vn 0.271189 -0.630630 -0.727160
vn 0.184727 0.143267 -0.972291
vn -0.186161 0.139456 -0.972572
vn -0.247200 -0.661907 -0.707652
vn 0.184727 0.143267 -0.972291
vn 0.189737 0.185910 -0.964073
vn -0.196907 0.183502 -0.963096
vn -0.186161 0.139456 -0.972572
vn 0.189737 0.185910 -0.964073
vn 0.116687 0.986263 -0.116915
vn -0.147258 0.982217 -0.116468
vn -0.196907 0.183502 -0.963096
vn -0.138169 0.988620 0.059495
vn -0.147258 0.982217 -0.116468
vn 0.116687 0.986263 -0.116915
vn 0.107461 0.992482 0.058577
vn 0.107461 0.992482 0.058577
vn 0.194404 0.253070 0.947714
vn -0.205281 0.249088 0.946475
vn -0.138169 0.988620 0.059495
vn 0.194404 0.253070 0.947714
vn 0.197302 0.089679 0.976232
vn -0.197752 0.087041 0.976380
vn -0.205281 0.249088 0.946475
vn 0.197302 0.089679 0.976232
vn 0.226883 -0.738853 0.634524
vn -0.200086 -0.755951 0.623301
vn -0.197752 0.087041 0.976380
vn 0.226883 -0.738853 0.634524
vn 0.119686 -0.992801 0.004593
vn -0.089116 -0.996012 0.004346
vn -0.200086 -0.755951 0.623301
vn 0.062479 0.997981 -0.011381
vn 0.223332 0.717315 -0.659986
vn -0.244811 0.712122 -0.657989
vn -0.093586 0.995543 -0.011659
vn 0.223332 0.717315 -0.659986
vn 0.364412 -0.071189 -0.928513
vn -0.360763 -0.080461 -0.929180
vn -0.244811 0.712122 -0.657989
vn 0.364412 -0.071189 -0.928513
vn 0.348324 -0.246697 -0.904329
vn -0.342336 -0.255301 -0.904228
vn -0.360763 -0.080461 -0.929180
vn 0.348324 -0.246697 -0.904329
vn 0.096200 -0.993214 -0.065356
vn -0.065284 -0.995710 -0.065573
vn -0.342336 -0.255301 -0.904228
vn -0.065284 -0.995710 -0.065573
vn 0.096200 -0.993214 -0.065356
vn 0.106837 -0.986708 0.122448
vn -0.076147 -0.989565 0.122322
vn 0.106837 -0.986708 0.122448
vn 0.349227 -0.188206 0.917943
vn -0.344073 -0.197164 0.918009
vn -0.076147 -0.989565 0.122322
vn 0.349227 -0.188206 0.917943
vn 0.376176 -0.113802 0.919533
vn -0.370623 -0.124660 0.920380
vn -0.344073 -0.197164 0.918009
vn 0.376176 -0.113802 0.919533
vn 0.196010 0.631707 0.750018
vn -0.215344 0.628681 0.747253
vn -0.370623 -0.124660 0.920380
vn 0.196010 0.631707 0.750018
vn 0.063961 0.997468 0.031074
vn -0.095034 0.994986 0.031177
vn -0.215344 0.628681 0.747253
vn -0.095034 0.994986 0.031177
vn 0.063961 0.997468 0.031074
vn 0.062479 0.997981 -0.011381
vn -0.093586 0.995543 -0.011659
vn -0.095034 0.994986 0.031177
vn -0.093586 0.995543 -0.011659
vn -0.234161 -0.972187 0.004502
vn -0.243854 -0.969500 -0.024596
vn 0.263982 -0.964516 0.004673
vn 0.476918 -0.651159 0.590375
vn 0.223332 0.717315 -0.659986
vn 0.062479 0.997981 -0.011381
vn -0.453172 -0.672961 0.584601
vn -0.234161 -0.972187 0.004502
vn -0.093586 0.995543 -0.011659
vn -0.244811 0.712122 -0.657989
vn 0.476918 -0.651159 0.590375
vn 0.420816 0.082565 0.903381
vn 0.364412 -0.071189 -0.928513
vn 0.223332 0.717315 -0.659986
vn -0.421642 0.072461 0.903862
vn -0.453172 -0.672961 0.584601
vn -0.244811 0.712122 -0.657989
vn -0.360763 -0.080461 -0.929180
vn 0.420816 0.082565 0.903381
vn 0.424321 0.225754 0.876919
vn 0.348324 -0.246697 -0.904329
vn 0.364412 -0.071189 -0.928513
vn -0.433176 0.214379 0.875443
vn -0.421642 0.072461 0.903862
vn -0.360763 -0.080461 -0.929180
vn -0.342336 -0.255301 -0.904228
vn 0.424321 0.225754 0.876919
vn 0.276091 0.959266 0.059847
vn 0.096200 -0.993214 -0.065356
vn 0.348324 -0.246697 -0.904329
vn -0.305717 0.950211 0.060302
vn -0.433176 0.214379 0.875443
vn -0.342336 -0.255301 -0.904228
vn -0.065284 -0.995710 -0.065573
vn 0.096200 -0.993214 -0.065356
vn 0.276091 0.959266 0.059847
vn 0.296140 0.947809 -0.118151
vn 0.106837 -0.986708 0.122448
vn -0.065284 -0.995710 -0.065573
vn -0.076147 -0.989565 0.122322
vn -0.325375 0.938207 -0.117891
vn -0.305717 0.950211 0.060302
vn 0.296140 0.947809 -0.118151
vn 0.412257 0.167592 -0.895521
vn 0.349227 -0.188206 0.917943
vn 0.106837 -0.986708 0.122448
vn -0.418286 0.157525 -0.894552
vn -0.325375 0.938207 -0.117891
vn -0.076147 -0.989565 0.122322
vn -0.344073 -0.197164 0.918009
vn 0.412257 0.167592 -0.895521
vn 0.398859 0.130451 -0.907686
vn 0.376176 -0.113802 0.919533
vn 0.349227 -0.188206 0.917943
vn -0.400679 0.119788 -0.908354
vn -0.418286 0.157525 -0.894552
vn -0.344073 -0.197164 0.918009
vn -0.370623 -0.124660 0.920380
vn 0.398859 0.130451 -0.907686
vn 0.547288 -0.532364 -0.645805
vn 0.196010 0.631707 0.750018
vn 0.376176 -0.113802 0.919533
vn -0.526789 -0.563048 -0.636766
vn -0.400679 0.119788 -0.908354
vn -0.370623 -0.124660 0.920380
vn -0.215344 0.628681 0.747253
vn 0.547288 -0.532364 -0.645805
vn 0.273601 -0.961522 -0.024868
vn 0.063961 0.997468 0.031074
vn 0.196010 0.631707 0.750018
vn -0.243854 -0.969500 -0.024596
vn -0.526789 -0.563048 -0.636766
vn -0.215344 0.628681 0.747253
vn -0.095034 0.994986 0.031177
vn 0.063961 0.997468 0.031074
vn 0.273601 -0.961522 -0.024868
vn 0.263982 -0.964516 0.004673
vn 0.062479 0.997981 -0.011381
vn -0.243854 -0.969500 -0.024596
vn -0.234161 -0.972187 0.004502
vn 0.263982 -0.964516 0.004673
vn 0.273601 -0.961522 -0.024868
vn 0.273601 -0.961522 -0.024868
vn 0.547288 -0.532364 -0.645805
vn -0.526789 -0.563048 -0.636766
vn -0.243854 -0.969500 -0.024596
vn 0.547288 -0.532364 -0.645805
vn 0.398859 0.130451 -0.907686
vn -0.400679 0.119788 -0.908354
vn -0.526789 -0.563048 -0.636766
vn 0.398859 0.130451 -0.907686
vn 0.412257 0.167592 -0.895521
vn -0.418286 0.157525 -0.894552
vn -0.400679 0.119788 -0.908354
vn 0.412257 0.167592 -0.895521
vn 0.296140 0.947809 -0.118151
vn -0.325375 0.938207 -0.117891
vn -0.418286 0.157525 -0.894552
vn -0.305717 0.950211 0.060302
vn -0.325375 0.938207 -0.117891
vn 0.296140 0.947809 -0.118151
vn 0.276091 0.959266 0.059847
vn 0.276091 0.959266 0.059847
vn 0.424321 0.225754 0.876919
vn -0.433176 0.214379 0.875443
vn -0.305717 0.950211 0.060302
vn 0.424321 0.225754 0.876919
vn 0.420816 0.082565 0.903381
vn -0.421642 0.072461 0.903862
vn -0.433176 0.214379 0.875443
vn 0.420816 0.082565 0.903381
vn 0.476918 -0.651159 0.590375
vn -0.453172 -0.672961 0.584601
vn -0.421642 0.072461 0.903862
vn 0.476918 -0.651159 0.590375
vn 0.263982 -0.964516 0.004673
vn -0.234161 -0.972187 0.004502
vn -0.453172 -0.672961 0.584601
vn 0.081331 0.996664 -0.006733
vn 0.115537 0.725316 -0.678652
vn -0.233035 0.748771 -0.620513
vn -0.064242 0.997903 -0.007927
vn 0.115537 0.725316 -0.678652
vn 0.235237 -0.000888 -0.971938
vn -0.240126 -0.148532 -0.959311
vn -0.233035 0.748771 -0.620513
vn 0.235237 -0.000888 -0.971938
vn 0.295490 -0.151655 -0.943232
vn -0.171649 -0.294209 -0.940201
vn -0.240126 -0.148532 -0.959311
vn 0.295490 -0.151655 -0.943232
vn 0.359563 -0.930179 -0.074036
vn 0.231959 -0.969896 -0.074138
vn -0.171649 -0.294209 -0.940201
vn 0.231959 -0.969896 -0.074138
vn 0.359563 -0.930179 -0.074036
vn 0.365067 -0.920608 0.138588
vn 0.222004 -0.965244 0.137908
vn 0.365067 -0.920608 0.138588
vn 0.293479 -0.095532 0.951180
vn -0.189249 -0.242884 0.951416
vn 0.222004 -0.965244 0.137908
vn 0.293479 -0.095532 0.951180
vn 0.278891 -0.023681 0.960031
vn -0.249160 -0.196814 0.948253
vn -0.189249 -0.242884 0.951416
vn 0.278891 -0.023681 0.960031
vn 0.096673 0.577539 0.810619
vn -0.199134 0.689777 0.696098
vn -0.249160 -0.196814 0.948253
vn 0.096673 0.577539 0.810619
vn 0.063608 0.997588 0.027795
vn -0.066180 0.997463 0.026235
vn -0.199134 0.689777 0.696098
vn -0.066180 0.997463 0.026235
vn 0.063608 0.997588 0.027795
vn 0.081331 0.996664 -0.006733
vn -0.064242 0.997903 -0.007927
vn -0.066180 0.997463 0.026235
vn -0.064242 0.997903 -0.007927
vn -0.195131 -0.980713 0.011212
vn -0.190407 -0.981534 -0.018316
vn 0.192089 -0.981289 0.013214
vn 0.374007 -0.527536 0.762774
vn 0.115537 0.725316 -0.678652
vn 0.081331 0.996664 -0.006733
vn -0.404251 -0.793954 0.454112
vn -0.195131 -0.980713 0.011212
vn -0.064242 0.997903 -0.007927
vn -0.233035 0.748771 -0.620513
vn 0.374007 -0.527536 0.762774
vn 0.281905 0.180006 0.942405
vn 0.235237 -0.000888 -0.971938
vn 0.115537 0.725316 -0.678652
vn -0.351005 -0.032603 0.935806
vn -0.404251 -0.793954 0.454112
vn -0.233035 0.748771 -0.620513
vn -0.240126 -0.148532 -0.959311
vn 0.281905 0.180006 0.942405
vn 0.241524 0.299648 0.922972
vn 0.295490 -0.151655 -0.943232
vn 0.235237 -0.000888 -0.971938
vn -0.378922 0.108651 0.919028
vn -0.351005 -0.032603 0.935806
vn -0.240126 -0.148532 -0.959311
vn -0.171649 -0.294209 -0.940201
vn 0.241524 0.299648 0.922972
vn -0.066957 0.995371 0.068952
vn 0.359563 -0.930179 -0.074036
vn 0.295490 -0.151655 -0.943232
vn -0.509564 0.857644 0.069211
vn -0.378922 0.108651 0.919028
vn -0.171649 -0.294209 -0.940201
vn 0.231959 -0.969896 -0.074138
vn 0.359563 -0.930179 -0.074036
vn -0.066957 0.995371 0.068952
vn -0.047821 0.989521 -0.136243
vn 0.365067 -0.920608 0.138588
vn 0.231959 -0.969896 -0.074138
vn 0.222004 -0.965244 0.137908
vn -0.522014 0.842163 -0.135139
vn -0.509564 0.857644 0.069211
vn -0.047821 0.989521 -0.136243
vn 0.248351 0.233008 -0.940228
vn 0.293479 -0.095532 0.951180
vn 0.365067 -0.920608 0.138588
vn -0.339612 0.055531 -0.938925
vn -0.522014 0.842163 -0.135139
vn 0.222004 -0.965244 0.137908
vn -0.189249 -0.242884 0.951416
vn 0.248351 0.233008 -0.940228
vn 0.245902 0.205831 -0.947188
vn 0.278891 -0.023681 0.960031
vn 0.293479 -0.095532 0.951180
vn -0.326450 0.027769 -0.944807
vn -0.339612 0.055531 -0.938925
vn -0.189249 -0.242884 0.951416
vn -0.249160 -0.196814 0.948253
vn 0.245902 0.205831 -0.947188
vn 0.387000 -0.403915 -0.828905
vn 0.096673 0.577539 0.810619
vn 0.278891 -0.023681 0.960031
vn -0.401375 -0.738544 -0.541711
vn -0.326450 0.027769 -0.944807
vn -0.249160 -0.196814 0.948253
vn -0.199134 0.689777 0.696098
vn 0.387000 -0.403915 -0.828905
vn 0.216941 -0.975914 -0.023007
vn 0.063608 0.997588 0.027795
vn 0.096673 0.577539 0.810619
vn -0.190407 -0.981534 -0.018316
vn -0.401375 -0.738544 -0.541711
vn -0.199134 0.689777 0.696098
vn -0.066180 0.997463 0.026235
vn 0.063608 0.997588 0.027795
vn 0.216941 -0.975914 -0.023007
vn 0.192089 -0.981289 0.013214
vn 0.081331 0.996664 -0.006733
vn -0.190407 -0.981534 -0.018316
vn -0.195131 -0.980713 0.011212
vn 0.192089 -0.981289 0.013214
vn 0.216941 -0.975914 -0.023007
vn 0.216941 -0.975914 -0.023007
vn 0.387000 -0.403915 -0.828905
vn -0.401375 -0.738544 -0.541711
vn -0.190407 -0.981534 -0.018316
vn 0.387000 -0.403915 -0.828905
vn 0.245902 0.205831 -0.947188
vn -0.326450 0.027769 -0.944807
vn -0.401375 -0.738544 -0.541711
vn 0.245902 0.205831 -0.947188
vn 0.248351 0.233008 -0.940228
vn -0.339612 0.055531 -0.938925
vn -0.326450 0.027769 -0.944807
vn 0.248351 0.233008 -0.940228
vn -0.047821 0.989521 -0.136243
vn -0.522014 0.842163 -0.135139
vn -0.339612 0.055531 -0.938925
vn -0.509564 0.857644 0.069211
vn -0.522014 0.842163 -0.135139
vn -0.047821 0.989521 -0.136243
vn -0.066957 0.995371 0.068952
vn -0.066957 0.995371 0.068952
vn 0.241524 0.299648 0.922972
vn -0.378922 0.108651 0.919028
vn -0.509564 0.857644 0.069211
vn 0.241524 0.299648 0.922972
vn 0.281905 0.180006 0.942405
vn -0.351005 -0.032603 0.935806
vn -0.378922 0.108651 0.919028
vn 0.281905 0.180006 0.942405
vn 0.374007 -0.527536 0.762774
vn -0.404251 -0.793954 0.454112
vn -0.351005 -0.032603 0.935806
vn 0.374007 -0.527536 0.762774
vn 0.192089 -0.981289 0.013214
vn -0.195131 -0.980713 0.011212
vn -0.404251 -0.793954 0.454112
s off
g Anvil_low:polySurface9
usemtl initialShadingGroup
f 19/1/1 20/2/2 28/3/3 27/4/4
f 20/2/5 19/1/6 22/5/7 21/6/8
f 21/6/9 22/5/10 30/7/11 29/8/12
f 23/9/13 24/10/14 33/11/15 34/12/16
f 24/10/17 23/9/18 26/13/19 25/14/20
f 25/14/21 26/13/22 32/15/23 31/16/24
f 27/4/25 28/3/26 38/17/27 37/18/28
f 29/8/29 30/7/30 40/19/31 39/20/32
f 31/16/33 32/15/34 42/21/35 41/22/36
f 34/12/37 33/11/38 36/23/39 35/24/40
f 35/24/41 36/23/42 44/25/43 43/26/44
f 37/18/45 38/17/46 47/27/47 46/28/48
f 39/20/49 40/19/50 49/29/51 48/30/52
f 41/22/53 42/21/54 51/31/55 50/32/56
f 142/33/57 143/34/58 144/35/59 145/36/60
f 146/37/61 142/33/62 147/38/63 148/39/64
f 143/34/65 149/40/66 197/41/67 198/42/68
f 148/39/69 147/38/70 150/43/71 151/44/72
f 152/45/73 150/43/74 153/46/75 154/47/76
f 155/48/77 152/45/78 199/49/79 200/50/80
f 48/30/81 49/29/82 53/51/83 52/52/84
f 50/32/85 51/31/86 55/53/87 54/54/88
f 156/55/89 144/35/90 201/56/91 202/57/92
f 145/36/93 156/55/94 157/58/95 158/59/96
f 158/59/97 157/58/98 159/60/99 153/46/100
f 154/47/101 159/60/102 203/61/103 204/62/104
f 52/52/105 53/51/106 56/63/107 57/64/108
f 54/54/109 55/53/110 59/65/111 58/66/112
f 57/64/113 56/63/114 63/67/115 62/68/116
f 58/66/117 59/65/118 61/69/119 60/70/120
f 60/70/121 61/69/122 64/71/123 65/72/124
f 62/68/125 63/67/126 69/73/127 68/74/128
f 65/72/129 64/71/130 80/75/131 81/76/132
f 66/77/133 67/78/134 68/74/135 69/73/136
f 67/78/137 66/77/138 71/79/139 70/80/140
f 70/80/141 71/79/142 125/81/143 126/82/144
f 72/83/145 73/84/146 106/85/147 107/86/148
f 73/84/149 72/83/150 75/87/151 74/88/152
f 74/88/153 75/87/154 127/89/155 128/90/156
f 76/91/157 77/92/158 95/93/159 94/94/160
f 77/92/161 76/91/162 79/95/163 78/96/164
f 78/96/165 79/95/166 138/97/167 139/98/168
f 81/76/169 80/75/170 83/99/171 82/100/172
f 82/100/173 83/99/174 140/101/175 141/102/176
f 84/103/177 86/104/178 162/105/179 163/106/180
f 85/107/181 84/108/182 88/109/183 87/110/184
f 89/111/185 90/112/186 93/113/187 92/114/188
f 91/115/189 93/116/190 164/117/191 165/118/192
f 94/94/193 95/93/194 98/119/195 99/120/196
f 96/121/197 97/122/198 101/123/199 100/124/200
f 97/122/201 96/121/202 99/120/203 98/119/204
f 100/124/205 101/123/206 103/125/207 102/126/208
f 102/126/209 103/125/210 105/127/211 104/128/212
f 104/128/213 105/127/214 107/86/215 106/85/216
f 20/2/217 21/6/218 15/129/219 16/130/220
f 19/131/221 27/132/222 166/133/223 167/134/224
f 24/135/225 25/136/226 168/137/227 169/138/228
f 19/131/229 167/134/230 170/139/231 22/140/232
f 21/6/233 29/8/234 14/141/235 15/129/236
f 28/3/237 17/142/238 18/143/239 38/17/240
f 24/135/241 169/138/242 171/144/243 33/145/244
f 27/132/245 37/146/246 172/147/247 166/133/248
f 25/136/249 31/148/250 173/149/251 168/137/252
f 22/140/253 170/139/254 174/150/255 30/151/256
f 29/8/257 39/20/258 13/152/259 14/141/260
f 33/145/261 171/144/262 175/153/263 36/154/264
f 18/143/265 45/155/266 47/27/267 38/17/268
f 37/146/269 46/156/270 161/157/271 172/147/272
f 31/148/273 41/158/274 176/159/275 173/149/276
f 30/151/277 174/150/278 177/160/279 40/161/280
f 39/20/281 48/30/282 12/162/283 13/152/284
f 36/154/285 175/153/286 160/163/287 44/164/288
f 147/38/289 158/59/290 153/46/291 150/43/292
f 152/45/293 154/47/294 204/62/295 199/49/296
f 41/158/297 50/165/298 178/166/299 176/159/300
f 40/161/301 177/160/302 179/167/303 49/168/304
f 48/30/305 52/52/306 11/169/307 12/162/308
f 143/34/309 198/42/310 201/56/311 144/35/312
f 157/58/313 205/170/314 203/61/315 159/60/316
f 52/52/317 57/64/318 10/171/319 11/169/320
f 58/172/321 60/173/322 180/174/323 181/175/324
f 56/176/325 182/177/326 183/178/327 63/179/328
f 60/173/329 65/180/330 184/181/331 180/174/332
f 69/182/333 185/183/334 186/184/335 66/185/336
f 67/78/337 70/80/338 75/87/339 72/83/340
f 77/92/341 78/96/342 83/99/343 80/75/344
f 81/186/345 82/187/346 187/188/347 188/189/348
f 66/185/349 186/184/350 189/190/351 71/191/352
f 70/80/353 126/82/354 127/89/355 75/87/356
f 78/96/357 139/98/358 140/101/359 83/99/360
f 82/187/361 141/192/362 196/193/363 187/188/364
f 71/191/365 189/190/366 195/194/367 125/195/368
f 94/94/369 136/196/370 137/197/371 76/91/372
f 96/121/373 134/198/374 135/199/375 99/120/376
f 100/124/377 133/200/378 134/198/379 96/121/380
f 102/126/381 132/201/382 133/200/383 100/124/384
f 104/128/385 131/202/386 132/201/387 102/126/388
f 73/84/389 129/203/390 130/204/391 106/85/392
f 16/130/393 17/142/394 28/3/395 20/2/396
f 50/165/397 54/205/398 190/206/399 178/166/400
f 58/172/401 181/175/402 190/206/403 54/205/404
f 57/64/405 62/68/406 105/127/407 103/125/408
f 107/86/409 68/74/410 67/78/411 72/83/412
f 98/119/413 95/93/414 64/71/415 61/69/416
f 1/207/417 93/116/418 90/208/419
f 99/120/420 135/199/421 136/196/422 94/94/423
f 76/91/424 137/197/425 138/97/426 79/95/427
f 104/128/428 106/85/429 130/204/430 131/202/431
f 73/84/432 74/88/433 128/90/434 129/203/435
f 64/71/436 95/93/437 77/92/438 80/75/439
f 62/68/440 68/74/441 107/86/442 105/127/443
f 63/179/444 183/178/445 185/183/446 69/182/447
f 10/171/448 101/123/449 97/122/450 59/65/451
f 11/169/452 10/171/453 59/65/454 55/53/455
f 12/162/456 11/169/457 55/53/458 51/31/459
f 13/152/460 12/162/461 51/31/462 42/21/463
f 14/141/464 13/152/465 42/21/466 32/15/467
f 15/129/468 14/141/469 32/15/470 26/13/471
f 16/130/472 15/129/473 26/13/474 23/9/475
f 23/9/476 34/12/477 17/142/478 16/130/479
f 18/143/480 17/142/481 34/12/482 35/24/483
f 35/24/484 43/26/485 45/155/486 18/143/487
f 142/33/488 145/36/489 158/59/490 147/38/491
f 57/64/492 103/125/493 101/123/494 10/171/495
f 59/65/496 97/122/497 98/119/498 61/69/499
f 142/33/500 146/37/501 149/40/502 143/34/503
f 150/43/504 152/45/505 155/48/506 151/44/507
f 156/55/508 145/36/509 144/35/510
f 159/60/511 154/47/512 153/46/513
f 84/108/514 85/107/515 86/209/516
f 91/210/517 92/114/518 93/113/519
f 108/211/520 192/212/521 162/105/522 86/104/523
f 109/213/524 108/214/525 86/209/526 85/107/527
f 110/215/528 109/213/529 85/107/530 87/110/531
f 111/216/532 110/215/533 87/110/534 88/109/535
f 112/217/536 111/216/537 88/109/538 9/218/539
f 113/219/540 112/217/541 9/218/542 8/220/543
f 114/221/544 113/219/545 8/220/546 7/222/547
f 115/223/548 114/221/549 7/222/550 6/224/551
f 116/225/552 115/223/553 6/224/554 5/226/555
f 117/227/556 116/225/557 5/226/558 4/228/559
f 118/229/560 117/227/561 4/228/562 3/230/563
f 119/231/564 118/229/565 3/230/566 2/232/567
f 120/233/568 119/231/569 2/232/570 1/234/571
f 121/235/572 120/233/573 1/234/574 90/112/575
f 122/236/576 121/235/577 90/112/578 89/111/579
f 123/237/580 122/236/581 89/111/582 92/114/583
f 124/238/584 123/237/585 92/114/586 91/210/587
f 156/55/588 202/57/589 205/170/590 157/58/591
f 6/239/592 194/240/593 5/241/594
f 5/241/595 194/240/596 4/242/597
f 4/242/598 194/240/599 3/243/600
f 3/243/601 194/240/602 2/244/603
f 7/245/604 194/240/605 6/239/606
f 8/246/607 194/240/608 7/245/609
f 84/103/610 163/106/611 194/240/612 8/246/613
f 2/244/614 194/240/615 164/117/616 93/116/617
f 84/103/618 9/247/619 88/248/620
f 84/103/621 8/246/622 9/247/623
f 2/244/624 93/116/625 1/207/626
f 125/195/627 195/194/628 192/249/629 108/250/630
f 126/82/631 125/81/632 108/214/633 109/213/634
f 127/89/635 126/82/636 109/213/637 110/215/638
f 128/90/639 127/89/640 110/215/641 111/216/642
f 129/203/643 128/90/644 111/216/645 112/217/646
f 130/204/647 129/203/648 112/217/649 113/219/650
f 131/202/651 130/204/652 113/219/653 114/221/654
f 132/201/655 131/202/656 114/221/657 115/223/658
f 133/200/659 132/201/660 115/223/661 116/225/662
f 134/198/663 133/200/664 116/225/665 117/227/666
f 135/199/667 134/198/668 117/227/669 118/229/670
f 136/196/671 135/199/672 118/229/673 119/231/674
f 137/197/675 136/196/676 119/231/677 120/233/678
f 138/97/679 137/197/680 120/233/681 121/235/682
f 139/98/683 138/97/684 121/235/685 122/236/686
f 140/101/687 139/98/688 122/236/689 123/237/690
f 141/102/691 140/101/692 123/237/693 124/238/694
f 45/251/695 43/252/696 146/37/697 148/39/698
f 44/253/699 160/254/700 197/41/701 149/40/702
f 47/255/703 45/251/704 148/39/705 151/44/706
f 43/252/707 44/253/708 149/40/709 146/37/710
f 46/256/711 47/255/712 151/44/713 155/48/714
f 179/167/715 191/257/716 53/258/717 49/168/718
f 191/257/719 182/177/720 56/176/721 53/258/722
f 188/189/723 184/181/724 65/180/725 81/186/726
f 165/118/727 193/259/728 124/260/729 91/115/730
f 193/261/731 196/193/732 141/192/733 124/262/734
f 200/50/735 161/263/736 46/256/737 155/48/738
f 224/264/739 232/265/740 233/266/741 225/267/742
f 225/267/743 226/268/744 227/269/745 224/264/746
f 226/268/747 234/270/748 235/271/749 227/269/750
f 228/272/751 239/273/752 238/274/753 229/275/754
f 229/275/755 230/276/756 231/277/757 228/272/758
f 230/276/759 236/278/760 237/279/761 231/277/762
f 232/265/763 242/280/764 243/281/765 233/266/766
f 234/270/767 244/282/768 245/283/769 235/271/770
f 236/278/771 246/284/772 247/285/773 237/279/774
f 239/273/775 240/286/776 241/287/777 238/274/778
f 240/286/779 248/288/780 249/289/781 241/287/782
f 242/280/783 251/290/784 252/291/785 243/281/786
f 244/282/787 253/292/788 254/293/789 245/283/790
f 246/284/791 255/294/792 256/295/793 247/285/794
f 347/296/795 350/297/796 349/298/797 348/299/798
f 351/300/799 353/301/800 352/302/801 347/296/802
f 348/299/803 198/42/804 197/41/805 354/303/806
f 353/301/807 356/304/808 355/305/809 352/302/810
f 357/306/811 359/307/812 358/308/813 355/305/814
f 360/309/815 200/50/816 199/49/817 357/306/818
f 253/292/819 257/310/820 258/311/821 254/293/822
f 255/294/823 259/312/824 260/313/825 256/295/826
f 361/314/827 202/57/828 201/56/829 349/298/830
f 350/297/831 363/315/832 362/316/833 361/314/834
f 363/315/835 358/308/836 364/317/837 362/316/838
f 359/307/839 204/62/840 203/61/841 364/317/842
f 257/310/843 262/318/844 261/319/845 258/311/846
f 259/312/847 263/320/848 264/321/849 260/313/850
f 262/318/851 267/322/852 268/323/853 261/319/854
f 263/320/855 265/324/856 266/325/857 264/321/858
f 265/324/859 270/326/860 269/327/861 266/325/862
f 267/322/863 273/328/864 274/329/865 268/323/866
f 270/326/867 286/330/868 285/331/869 269/327/870
f 271/332/871 274/329/872 273/328/873 272/333/874
f 272/333/875 275/334/876 276/335/877 271/332/878
f 275/334/879 331/336/880 330/337/881 276/335/882
f 277/338/883 312/339/884 311/340/885 278/341/886
f 278/341/887 279/342/888 280/343/889 277/338/890
f 279/342/891 333/344/892 332/345/893 280/343/894
f 281/346/895 299/347/896 300/348/897 282/349/898
f 282/349/899 283/350/900 284/351/901 281/346/902
f 283/350/903 344/352/904 343/353/905 284/351/906
f 286/330/907 287/354/908 288/355/909 285/331/910
f 287/354/911 346/356/912 345/357/913 288/355/914
f 289/358/915 163/106/916 162/105/917 291/359/918
f 290/360/919 292/361/920 293/362/921 289/363/922
f 294/364/923 297/365/924 298/366/925 295/367/926
f 296/368/927 165/118/928 164/117/929 298/369/930
f 299/347/931 304/370/932 303/371/933 300/348/934
f 301/372/935 305/373/936 306/374/937 302/375/938
f 302/375/939 303/371/940 304/370/941 301/372/942
f 305/373/943 307/376/944 308/377/945 306/374/946
f 307/376/947 309/378/948 310/379/949 308/377/950
f 309/378/951 311/340/952 312/339/953 310/379/954
f 225/267/955 221/380/956 220/381/957 226/268/958
f 224/382/959 167/134/960 166/133/961 232/383/962
f 229/384/963 169/138/964 168/137/965 230/385/966
f 224/382/967 227/386/968 170/139/969 167/134/970
f 226/268/971 220/381/972 219/387/973 234/270/974
f 233/266/975 243/281/976 223/388/977 222/389/978
f 229/384/979 238/390/980 171/144/981 169/138/982
f 232/383/983 166/133/984 172/147/985 242/391/986
f 230/385/987 168/137/988 173/149/989 236/392/990
f 227/386/991 235/393/992 174/150/993 170/139/994
f 234/270/995 219/387/996 218/394/997 244/282/998
f 238/390/999 241/395/1000 175/153/1001 171/144/1002
f 223/388/1003 243/281/1004 252/291/1005 250/396/1006
f 242/391/1007 172/147/1008 161/157/1009 251/397/1010
f 236/392/1011 173/149/1012 176/159/1013 246/398/1014
f 235/393/1015 245/399/1016 177/160/1017 174/150/1018
f 244/282/1019 218/394/1020 217/400/1021 253/292/1022
f 241/395/1023 249/401/1024 160/163/1025 175/153/1026
f 352/302/1027 355/305/1028 358/308/1029 363/315/1030
f 357/306/1031 199/49/1032 204/62/1033 359/307/1034
f 246/398/1035 176/159/1036 178/166/1037 255/402/1038
f 245/399/1039 254/403/1040 179/167/1041 177/160/1042
f 253/292/1043 217/400/1044 216/404/1045 257/310/1046
f 348/299/1047 349/298/1048 201/56/1049 198/42/1050
f 362/316/1051 364/317/1052 203/61/1053 205/170/1054
f 257/310/1055 216/404/1056 215/405/1057 262/318/1058
f 263/406/1059 181/175/1060 180/174/1061 265/407/1062
f 261/408/1063 268/409/1064 183/178/1065 182/177/1066
f 265/407/1067 180/174/1068 184/181/1069 270/410/1070
f 274/411/1071 271/412/1072 186/184/1073 185/183/1074
f 272/333/1075 277/338/1076 280/343/1077 275/334/1078
f 282/349/1079 285/331/1080 288/355/1081 283/350/1082
f 286/413/1083 188/189/1084 187/188/1085 287/414/1086
f 271/412/1087 276/415/1088 189/190/1089 186/184/1090
f 275/334/1091 280/343/1092 332/345/1093 331/336/1094
f 283/350/1095 288/355/1096 345/357/1097 344/352/1098
f 287/414/1099 187/188/1100 196/193/1101 346/416/1102
f 276/415/1103 330/417/1104 195/194/1105 189/190/1106
f 299/347/1107 281/346/1108 342/418/1109 341/419/1110
f 301/372/1111 304/370/1112 340/420/1113 339/421/1114
f 305/373/1115 301/372/1116 339/421/1117 338/422/1118
f 307/376/1119 305/373/1120 338/422/1121 337/423/1122
f 309/378/1123 307/376/1124 337/423/1125 336/424/1126
f 278/341/1127 311/340/1128 335/425/1129 334/426/1130
f 221/380/1131 225/267/1132 233/266/1133 222/389/1134
f 255/402/1135 178/166/1136 190/206/1137 259/427/1138
f 263/406/1139 259/427/1140 190/206/1141 181/175/1142
f 262/318/1143 308/377/1144 310/379/1145 267/322/1146
f 312/339/1147 277/338/1148 272/333/1149 273/328/1150
f 303/371/1151 266/325/1152 269/327/1153 300/348/1154
f 206/428/1155 295/429/1156 298/369/1157
f 304/370/1158 299/347/1159 341/419/1160 340/420/1161
f 281/346/1162 284/351/1163 343/353/1164 342/418/1165
f 309/378/1166 336/424/1167 335/425/1168 311/340/1169
f 278/341/1170 334/426/1171 333/344/1172 279/342/1173
f 269/327/1174 285/331/1175 282/349/1176 300/348/1177
f 267/322/1178 310/379/1179 312/339/1180 273/328/1181
f 268/409/1182 274/411/1183 185/183/1184 183/178/1185
f 215/405/1186 264/321/1187 302/375/1188 306/374/1189
f 216/404/1190 260/313/1191 264/321/1192 215/405/1193
f 217/400/1194 256/295/1195 260/313/1196 216/404/1197
f 218/394/1198 247/285/1199 256/295/1200 217/400/1201
f 219/387/1202 237/279/1203 247/285/1204 218/394/1205
f 220/381/1206 231/277/1207 237/279/1208 219/387/1209
f 221/380/1210 228/272/1211 231/277/1212 220/381/1213
f 228/272/1214 221/380/1215 222/389/1216 239/273/1217
f 223/388/1218 240/286/1219 239/273/1220 222/389/1221
f 240/286/1222 223/388/1223 250/396/1224 248/288/1225
f 347/296/1226 352/302/1227 363/315/1228 350/297/1229
f 262/318/1230 215/405/1231 306/374/1232 308/377/1233
f 264/321/1234 266/325/1235 303/371/1236 302/375/1237
f 347/296/1238 348/299/1239 354/303/1240 351/300/1241
f 355/305/1242 356/304/1243 360/309/1244 357/306/1245
f 361/314/1246 349/298/1247 350/297/1248
f 364/317/1249 358/308/1250 359/307/1251
f 289/363/1252 291/430/1253 290/360/1254
f 296/431/1255 298/366/1256 297/365/1257
f 313/432/1258 291/359/1259 162/105/1260 192/212/1261
f 314/433/1262 290/360/1263 291/430/1264 313/434/1265
f 315/435/1266 292/361/1267 290/360/1268 314/433/1269
f 316/436/1270 293/362/1271 292/361/1272 315/435/1273
f 317/437/1274 214/438/1275 293/362/1276 316/436/1277
f 318/439/1278 213/440/1279 214/438/1280 317/437/1281
f 319/441/1282 212/442/1283 213/440/1284 318/439/1285
f 320/443/1286 211/444/1287 212/442/1288 319/441/1289
f 321/445/1290 210/446/1291 211/444/1292 320/443/1293
f 322/447/1294 209/448/1295 210/446/1296 321/445/1297
f 323/449/1298 208/450/1299 209/448/1300 322/447/1301
f 324/451/1302 207/452/1303 208/450/1304 323/449/1305
f 325/453/1306 206/454/1307 207/452/1308 324/451/1309
f 326/455/1310 295/367/1311 206/454/1312 325/453/1313
f 327/456/1314 294/364/1315 295/367/1316 326/455/1317
f 328/457/1318 297/365/1319 294/364/1320 327/456/1321
f 329/458/1322 296/431/1323 297/365/1324 328/457/1325
f 361/314/1326 362/316/1327 205/170/1328 202/57/1329
f 211/459/1330 210/460/1331 194/240/1332
f 210/460/1333 209/461/1334 194/240/1335
f 209/461/1336 208/462/1337 194/240/1338
f 208/462/1339 207/463/1340 194/240/1341
f 212/464/1342 211/459/1343 194/240/1344
f 213/465/1345 212/464/1346 194/240/1347
f 289/358/1348 213/465/1349 194/240/1350 163/106/1351
f 207/463/1352 298/369/1353 164/117/1354 194/240/1355
f 289/358/1356 293/466/1357 214/467/1358
f 289/358/1359 214/467/1360 213/465/1361
f 207/463/1362 206/428/1363 298/369/1364
f 330/417/1365 313/468/1366 192/249/1367 195/194/1368
f 331/336/1369 314/433/1370 313/434/1371 330/337/1372
f 332/345/1373 315/435/1374 314/433/1375 331/336/1376
f 333/344/1377 316/436/1378 315/435/1379 332/345/1380
f 334/426/1381 317/437/1382 316/436/1383 333/344/1384
f 335/425/1385 318/439/1386 317/437/1387 334/426/1388
f 336/424/1389 319/441/1390 318/439/1391 335/425/1392
f 337/423/1393 320/443/1394 319/441/1395 336/424/1396
f 338/422/1397 321/445/1398 320/443/1399 337/423/1400
f 339/421/1401 322/447/1402 321/445/1403 338/422/1404
f 340/420/1405 323/449/1406 322/447/1407 339/421/1408
f 341/419/1409 324/451/1410 323/449/1411 340/420/1412
f 342/418/1413 325/453/1414 324/451/1415 341/419/1416
f 343/353/1417 326/455/1418 325/453/1419 342/418/1420
f 344/352/1421 327/456/1422 326/455/1423 343/353/1424
f 345/357/1425 328/457/1426 327/456/1427 344/352/1428
f 346/356/1429 329/458/1430 328/457/1431 345/357/1432
f 250/469/1433 353/301/1434 351/300/1435 248/470/1436
f 249/471/1437 354/303/1438 197/41/1439 160/254/1440
f 252/472/1441 356/304/1442 353/301/1443 250/469/1444
f 248/470/1445 351/300/1446 354/303/1447 249/471/1448
f 251/473/1449 360/309/1450 356/304/1451 252/472/1452
f 179/167/1453 254/403/1454 258/474/1455 191/257/1456
f 191/257/1457 258/474/1458 261/408/1459 182/177/1460
f 188/189/1461 286/413/1462 270/410/1463 184/181/1464
f 165/118/1465 296/368/1466 329/475/1467 193/259/1468
f 193/261/1469 329/476/1470 346/416/1471 196/193/1472
f 200/50/1473 360/309/1474 251/473/1475 161/263/1476
f 645/477/1477 646/478/1478 647/479/1479 648/480/1480
f 649/481/1481 645/477/1482 650/482/1483 651/483/1484
f 646/478/1485 649/481/1486 652/484/1487 653/485/1488
f 654/486/1489 650/487/1490 655/488/1491 656/489/1492
f 651/490/1493 654/486/1494 657/491/1495 658/492/1496
f 653/485/1497 659/493/1498 660/494/1499 661/495/1500
f 659/493/1501 652/484/1502 658/496/1503 662/497/1504
f 662/498/1505 657/491/1506 663/499/1507 664/500/1508
f 661/495/1509 665/501/1510 666/502/1511 647/479/1512
f 665/501/1513 660/494/1514 664/503/1515 667/504/1516
f 667/505/1517 663/499/1518 656/489/1519 668/506/1520
f 648/480/1521 666/502/1522 668/507/1523 655/508/1524
f 649/481/1525 651/483/1526 658/496/1527 652/484/1528
f 659/493/1529 662/497/1530 664/503/1531 660/494/1532
f 665/501/1533 667/504/1534 668/507/1535 666/502/1536
f 648/480/1537 655/508/1538 650/482/1539 645/477/1540
f 654/486/1541 656/489/1542 663/499/1543 657/491/1544
f 647/479/1545 646/478/1546 653/485/1547 661/495/1548
f 645/477/1549 649/481/1550 646/478/1551
f 654/486/1552 651/490/1553 650/487/1554
f 653/485/1555 652/484/1556 659/493/1557
f 662/498/1558 658/492/1559 657/491/1560
f 661/495/1561 660/494/1562 665/501/1563
f 667/505/1564 664/500/1565 663/499/1566
f 647/479/1567 666/502/1568 648/480/1569
f 655/488/1570 668/506/1571 656/489/1572
f 669/509/1573 670/510/1574 671/511/1575 672/512/1576
f 670/510/1577 673/513/1578 674/514/1579 671/511/1580
f 673/513/1581 675/515/1582 676/516/1583 674/514/1584
f 675/515/1585 677/517/1586 678/518/1587 676/516/1588
f 679/519/1589 680/520/1590 681/521/1591 682/522/1592
f 683/523/1593 684/524/1594 685/525/1595 686/526/1596
f 684/524/1597 687/527/1598 688/528/1599 685/525/1600
f 687/527/1601 689/529/1602 690/530/1603 688/528/1604
f 670/531/1605 669/532/1606 691/533/1607
f 673/534/1608 670/531/1609 691/533/1610
f 675/535/1611 673/534/1612 691/533/1613
f 679/536/1614 677/537/1615 691/533/1616
f 683/538/1617 680/539/1618 691/533/1619
f 684/540/1620 683/538/1621 691/533/1622
f 687/541/1623 684/540/1624 691/533/1625
f 689/542/1626 687/541/1627 691/533/1628
f 692/543/1629 693/544/1630 694/545/1631
f 693/544/1632 695/546/1633 694/545/1634
f 695/546/1635 696/547/1636 694/545/1637
f 696/547/1638 697/548/1639 694/545/1640
f 698/549/1641 699/550/1642 694/545/1643
f 700/551/1644 701/552/1645 694/545/1646
f 701/552/1647 702/553/1648 694/545/1649
f 702/553/1650 703/554/1651 694/545/1652
f 678/518/1653 677/517/1654 679/555/1655 682/556/1656
f 681/521/1657 680/520/1658 683/523/1659 686/526/1660
f 694/545/1661 697/548/1662 698/549/1663
f 694/545/1664 699/550/1665 700/551/1666
f 691/533/1667 680/539/1668 679/536/1669
f 691/533/1670 677/537/1671 675/535/1672
f 704/557/1673 672/512/1674 671/511/1675 705/558/1676
f 706/559/1677 672/512/1678 704/557/1679 707/560/1680
f 671/511/1681 674/514/1682 708/561/1683 705/558/1684
f 674/514/1685 676/516/1686 709/562/1687 708/561/1688
f 676/516/1689 678/518/1690 710/563/1691 709/562/1692
f 682/522/1693 681/521/1694 711/564/1695 712/565/1696
f 686/526/1697 685/525/1698 713/566/1699 714/567/1700
f 685/525/1701 688/528/1702 715/568/1703 713/566/1704
f 688/528/1705 690/530/1706 716/569/1707 715/568/1708
f 690/530/1709 706/559/1710 707/560/1711 716/569/1712
f 678/518/1713 682/556/1714 712/570/1715 710/563/1716
f 681/521/1717 686/526/1718 714/567/1719 711/564/1720
f 704/557/1721 705/558/1722 717/571/1723 718/572/1724
f 707/560/1725 704/557/1726 718/572/1727 719/573/1728
f 705/558/1729 708/561/1730 720/574/1731 717/571/1732
f 708/561/1733 709/562/1734 721/575/1735 720/574/1736
f 709/562/1737 710/563/1738 722/576/1739 721/575/1740
f 712/565/1741 711/564/1742 723/577/1743 724/578/1744
f 714/567/1745 713/566/1746 725/579/1747 726/580/1748
f 713/566/1749 715/568/1750 727/581/1751 725/579/1752
f 715/568/1753 716/569/1754 728/582/1755 727/581/1756
f 716/569/1757 707/560/1758 719/573/1759 728/582/1760
f 710/563/1761 712/570/1762 724/583/1763 722/576/1764
f 711/564/1765 714/567/1766 726/580/1767 723/577/1768
f 729/584/1769 730/585/1770 731/586/1771 732/587/1772
f 733/588/1773 729/584/1774 732/587/1775 734/589/1776
f 730/585/1777 735/590/1778 736/591/1779 731/586/1780
f 735/590/1781 737/592/1782 738/593/1783 736/591/1784
f 737/592/1785 739/594/1786 740/595/1787 738/593/1788
f 741/596/1789 742/597/1790 743/598/1791 744/599/1792
f 745/600/1793 746/601/1794 747/602/1795 748/603/1796
f 746/601/1797 749/604/1798 750/605/1799 747/602/1800
f 749/604/1801 751/606/1802 752/607/1803 750/605/1804
f 751/606/1805 733/588/1806 734/589/1807 752/607/1808
f 739/594/1809 741/608/1810 744/609/1811 740/595/1812
f 742/597/1813 745/600/1814 748/603/1815 743/598/1816
f 753/610/1817 754/611/1818 693/544/1819 692/543/1820
f 755/612/1821 753/610/1822 692/543/1823 694/545/1824
f 754/611/1825 756/613/1826 695/546/1827 693/544/1828
f 756/613/1829 757/614/1830 696/547/1831 695/546/1832
f 757/614/1833 758/615/1834 697/548/1835 696/547/1836
f 759/616/1837 760/617/1838 699/550/1839 698/549/1840
f 761/618/1841 762/619/1842 701/552/1843 700/551/1844
f 762/619/1845 763/620/1846 702/553/1847 701/552/1848
f 763/620/1849 764/621/1850 703/554/1851 702/553/1852
f 764/621/1853 755/612/1854 694/545/1855 703/554/1856
f 758/615/1857 759/622/1858 698/549/1859 697/548/1860
f 760/617/1861 761/618/1862 700/551/1863 699/550/1864
f 734/589/1865 732/587/1866 753/610/1867 755/612/1868
f 752/607/1869 734/589/1870 755/612/1871 764/621/1872
f 750/605/1873 752/607/1874 764/621/1875 763/620/1876
f 747/602/1877 750/605/1878 763/620/1879 762/619/1880
f 748/603/1881 747/602/1882 762/619/1883 761/618/1884
f 743/598/1885 748/603/1886 761/618/1887 760/617/1888
f 744/599/1889 743/598/1890 760/617/1891 759/616/1892
f 740/595/1893 744/609/1894 759/622/1895 758/615/1896
f 738/593/1897 740/595/1898 758/615/1899 757/614/1900
f 736/591/1901 738/593/1902 757/614/1903 756/613/1904
f 731/586/1905 736/591/1906 756/613/1907 754/611/1908
f 732/587/1909 731/586/1910 754/611/1911 753/610/1912
f 672/512/1913 706/559/1914 691/623/1915 669/509/1916
f 691/623/1917 706/559/1918 690/530/1919 689/529/1920
f 719/573/1921 718/572/1922 729/584/1923 733/588/1924
f 728/582/1925 719/573/1926 733/588/1927 751/606/1928
f 727/581/1929 728/582/1930 751/606/1931 749/604/1932
f 725/579/1933 727/581/1934 749/604/1935 746/601/1936
f 726/580/1937 725/579/1938 746/601/1939 745/600/1940
f 723/577/1941 726/580/1942 745/600/1943 742/597/1944
f 724/578/1945 723/577/1946 742/597/1947 741/596/1948
f 722/576/1949 724/583/1950 741/608/1951 739/594/1952
f 721/575/1953 722/576/1954 739/594/1955 737/592/1956
f 720/574/1957 721/575/1958 737/592/1959 735/590/1960
f 717/571/1961 720/574/1962 735/590/1963 730/585/1964
f 718/572/1965 717/571/1966 730/585/1967 729/584/1968
f 765/624/1969 766/625/1970 767/626/1971 768/627/1972
f 766/625/1973 769/628/1974 770/629/1975 767/626/1976
f 769/628/1977 771/630/1978 772/631/1979 770/629/1980
f 771/630/1981 773/632/1982 774/633/1983 772/631/1984
f 774/634/1985 773/635/1986 775/636/1987 776/637/1988
f 775/636/1989 777/638/1990 778/639/1991 776/637/1992
f 777/638/1993 779/640/1994 780/641/1995 778/639/1996
f 779/640/1997 781/642/1998 782/643/1999 780/641/2000
f 781/642/2001 783/644/2002 784/645/2003 782/643/2004
f 784/645/2005 783/644/2006 765/624/2007 768/627/2008
f 784/645/2009 768/627/2010 785/646/2011 786/647/2012
f 787/648/2013 788/649/2014 766/650/2015 765/651/2016
f 789/652/2017 785/646/2018 768/627/2019 767/626/2020
f 788/649/2021 790/653/2022 769/654/2023 766/650/2024
f 791/655/2025 789/652/2026 767/626/2027 770/629/2028
f 790/653/2029 792/656/2030 771/657/2031 769/654/2032
f 793/658/2033 791/655/2034 770/629/2035 772/631/2036
f 792/656/2037 794/659/2038 773/660/2039 771/657/2040
f 795/661/2041 793/658/2042 772/631/2043 774/633/2044
f 773/662/2045 794/663/2046 796/664/2047 775/665/2048
f 774/634/2049 776/637/2050 797/666/2051 795/667/2052
f 796/664/2053 798/668/2054 777/669/2055 775/665/2056
f 799/670/2057 797/666/2058 776/637/2059 778/639/2060
f 798/668/2061 800/671/2062 779/672/2063 777/669/2064
f 801/673/2065 799/670/2066 778/639/2067 780/641/2068
f 800/671/2069 802/674/2070 781/675/2071 779/672/2072
f 803/676/2073 801/673/2074 780/641/2075 782/643/2076
f 802/674/2077 804/677/2078 783/678/2079 781/675/2080
f 786/647/2081 803/676/2082 782/643/2083 784/645/2084
f 783/678/2085 804/677/2086 787/648/2087 765/651/2088
f 786/647/2089 785/646/2090 787/648/2091 804/677/2092
f 804/677/2093 802/674/2094 803/676/2095 786/647/2096
f 802/674/2097 800/671/2098 801/673/2099 803/676/2100
f 800/671/2101 798/668/2102 799/670/2103 801/673/2104
f 798/668/2105 796/664/2106 797/666/2107 799/670/2108
f 795/667/2109 797/666/2110 796/664/2111 794/663/2112
f 794/659/2113 792/656/2114 793/658/2115 795/661/2116
f 792/656/2117 790/653/2118 791/655/2119 793/658/2120
f 790/653/2121 788/649/2122 789/652/2123 791/655/2124
f 788/649/2125 787/648/2126 785/646/2127 789/652/2128
f 805/679/2129 806/680/2130 807/681/2131 808/682/2132
f 806/680/2133 809/683/2134 810/684/2135 807/681/2136
f 809/685/2137 811/686/2138 812/687/2139 810/688/2140
f 811/686/2141 813/689/2142 814/690/2143 812/687/2144
f 814/690/2145 813/689/2146 815/691/2147 816/692/2148
f 815/691/2149 817/693/2150 818/694/2151 816/692/2152
f 817/693/2153 819/695/2154 820/696/2155 818/694/2156
f 819/695/2157 821/697/2158 822/698/2159 820/696/2160
f 821/697/2161 823/699/2162 824/700/2163 822/698/2164
f 824/700/2165 823/699/2166 805/679/2167 808/682/2168
f 824/700/2169 808/682/2170 825/701/2171 826/702/2172
f 827/703/2173 828/704/2174 806/680/2175 805/679/2176
f 829/705/2177 825/701/2178 808/682/2179 807/681/2180
f 828/704/2181 830/706/2182 809/683/2183 806/680/2184
f 831/707/2185 829/705/2186 807/681/2187 810/684/2188
f 830/708/2189 832/709/2190 811/686/2191 809/685/2192
f 833/710/2193 831/711/2194 810/688/2195 812/687/2196
f 832/709/2197 834/712/2198 813/689/2199 811/686/2200
f 835/713/2201 833/710/2202 812/687/2203 814/690/2204
f 813/689/2205 834/712/2206 836/714/2207 815/691/2208
f 814/690/2209 816/692/2210 837/715/2211 835/713/2212
f 836/714/2213 838/716/2214 817/693/2215 815/691/2216
f 839/717/2217 837/715/2218 816/692/2219 818/694/2220
f 838/716/2221 840/718/2222 819/695/2223 817/693/2224
f 841/719/2225 839/717/2226 818/694/2227 820/696/2228
f 840/718/2229 842/720/2230 821/697/2231 819/695/2232
f 843/721/2233 841/719/2234 820/696/2235 822/698/2236
f 842/720/2237 844/722/2238 823/699/2239 821/697/2240
f 826/702/2241 843/721/2242 822/698/2243 824/700/2244
f 823/699/2245 844/722/2246 827/703/2247 805/679/2248
f 826/723/2249 825/724/2250 827/703/2251 844/722/2252
f 844/722/2253 842/720/2254 843/725/2255 826/723/2256
f 842/720/2257 840/718/2258 841/726/2259 843/725/2260
f 840/718/2261 838/716/2262 839/727/2263 841/726/2264
f 838/716/2265 836/714/2266 837/728/2267 839/727/2268
f 835/729/2269 837/728/2270 836/714/2271 834/712/2272
f 834/712/2273 832/709/2274 833/730/2275 835/729/2276
f 832/709/2277 830/708/2278 831/731/2279 833/730/2280
f 830/706/2281 828/704/2282 829/732/2283 831/733/2284
f 828/704/2285 827/703/2286 825/724/2287 829/732/2288
f 845/734/2289 846/735/2290 847/736/2291 848/737/2292
f 846/735/2293 849/738/2294 850/739/2295 847/736/2296
f 849/738/2297 851/740/2298 852/741/2299 850/739/2300
f 851/740/2301 853/742/2302 854/743/2303 852/741/2304
f 854/744/2305 853/745/2306 855/746/2307 856/747/2308
f 855/746/2309 857/748/2310 858/749/2311 856/747/2312
f 857/748/2313 859/750/2314 860/751/2315 858/749/2316
f 859/750/2317 861/752/2318 862/753/2319 860/751/2320
f 861/752/2321 863/754/2322 864/755/2323 862/753/2324
f 864/755/2325 863/754/2326 845/734/2327 848/737/2328
f 864/755/2329 848/737/2330 865/756/2331 866/757/2332
f 867/758/2333 868/759/2334 846/735/2335 845/734/2336
f 869/760/2337 865/756/2338 848/737/2339 847/736/2340
f 868/759/2341 870/761/2342 849/738/2343 846/735/2344
f 871/762/2345 869/760/2346 847/736/2347 850/739/2348
f 870/761/2349 872/763/2350 851/740/2351 849/738/2352
f 873/764/2353 871/762/2354 850/739/2355 852/741/2356
f 872/763/2357 874/765/2358 853/742/2359 851/740/2360
f 875/766/2361 873/764/2362 852/741/2363 854/743/2364
f 853/745/2365 874/767/2366 876/768/2367 855/746/2368
f 854/744/2369 856/747/2370 877/769/2371 875/770/2372
f 876/768/2373 878/771/2374 857/748/2375 855/746/2376
f 879/772/2377 877/769/2378 856/747/2379 858/749/2380
f 878/771/2381 880/773/2382 859/750/2383 857/748/2384
f 881/774/2385 879/772/2386 858/749/2387 860/751/2388
f 880/773/2389 882/775/2390 861/752/2391 859/750/2392
f 883/776/2393 881/774/2394 860/751/2395 862/753/2396
f 882/775/2397 884/777/2398 863/754/2399 861/752/2400
f 866/757/2401 883/776/2402 862/753/2403 864/755/2404
f 863/754/2405 884/777/2406 867/758/2407 845/734/2408
f 866/757/2409 865/756/2410 867/778/2411 884/779/2412
f 884/779/2413 882/780/2414 883/776/2415 866/757/2416
f 882/780/2417 880/781/2418 881/774/2419 883/776/2420
f 880/781/2421 878/782/2422 879/772/2423 881/774/2424
f 878/782/2425 876/783/2426 877/769/2427 879/772/2428
f 875/770/2429 877/769/2430 876/783/2431 874/784/2432
f 874/785/2433 872/786/2434 873/764/2435 875/766/2436
f 872/786/2437 870/787/2438 871/762/2439 873/764/2440
f 870/787/2441 868/788/2442 869/760/2443 871/762/2444
f 868/788/2445 867/778/2446 865/756/2447 869/760/2448
f 885/789/2449 886/790/2450 887/791/2451 888/792/2452
f 886/790/2453 889/793/2454 890/794/2455 887/791/2456
f 889/793/2457 891/795/2458 892/796/2459 890/794/2460
f 891/795/2461 893/797/2462 894/798/2463 892/796/2464
f 894/799/2465 893/800/2466 895/801/2467 896/802/2468
f 895/801/2469 897/803/2470 898/804/2471 896/802/2472
f 897/803/2473 899/805/2474 900/806/2475 898/804/2476
f 899/805/2477 901/807/2478 902/808/2479 900/806/2480
f 901/807/2481 903/809/2482 904/810/2483 902/808/2484
f 904/810/2485 903/809/2486 885/789/2487 888/792/2488
f 904/810/2489 888/792/2490 905/811/2491 906/812/2492
f 907/813/2493 908/814/2494 886/790/2495 885/789/2496
f 909/815/2497 905/811/2498 888/792/2499 887/791/2500
f 908/814/2501 910/816/2502 889/793/2503 886/790/2504
f 911/817/2505 909/815/2506 887/791/2507 890/794/2508
f 910/816/2509 912/818/2510 891/795/2511 889/793/2512
f 913/819/2513 911/817/2514 890/794/2515 892/796/2516
f 912/818/2517 914/820/2518 893/797/2519 891/795/2520
f 915/821/2521 913/819/2522 892/796/2523 894/798/2524
f 893/800/2525 914/822/2526 916/823/2527 895/801/2528
f 894/799/2529 896/802/2530 917/824/2531 915/825/2532
f 916/823/2533 918/826/2534 897/803/2535 895/801/2536
f 919/827/2537 917/824/2538 896/802/2539 898/804/2540
f 918/826/2541 920/828/2542 899/805/2543 897/803/2544
f 921/829/2545 919/827/2546 898/804/2547 900/806/2548
f 920/828/2549 922/830/2550 901/807/2551 899/805/2552
f 923/831/2553 921/829/2554 900/806/2555 902/808/2556
f 922/830/2557 924/832/2558 903/809/2559 901/807/2560
f 906/812/2561 923/831/2562 902/808/2563 904/810/2564
f 903/809/2565 924/832/2566 907/813/2567 885/789/2568
f 906/812/2569 905/811/2570 907/833/2571 924/834/2572
f 924/834/2573 922/835/2574 923/831/2575 906/812/2576
f 922/835/2577 920/836/2578 921/829/2579 923/831/2580
f 920/836/2581 918/837/2582 919/827/2583 921/829/2584
f 918/837/2585 916/838/2586 917/824/2587 919/827/2588
f 915/825/2589 917/824/2590 916/838/2591 914/839/2592
f 914/840/2593 912/841/2594 913/819/2595 915/821/2596
f 912/841/2597 910/842/2598 911/817/2599 913/819/2600
f 910/842/2601 908/843/2602 909/815/2603 911/817/2604
f 908/843/2605 907/833/2606 905/811/2607 909/815/2608
