# This file uses centimeters as units for non-parametric coordinates.

mtllib Furnace_low.mtl
g default
v 0.893999 1.923364 0.122607
v 0.893999 1.767526 0.126045
v 1.335886 1.767526 0.126045
v 1.335886 1.923364 0.122607
v 0.893999 1.751318 -0.008343
v 0.893999 1.904424 -0.034434
v 1.335886 1.904424 -0.034434
v 1.335886 1.751318 -0.008343
v 0.893999 1.688455 -0.187212
v 0.893999 1.830963 -0.243456
v 1.335886 1.830963 -0.243456
v 1.335886 1.688455 -0.187212
v 0.875121 1.516700 -0.426686
v 0.885091 1.620705 -0.525786
v 1.326979 1.620705 -0.525786
v 1.317008 1.516700 -0.426686
v 0.819199 1.275562 -0.590664
v 0.831068 1.330692 -0.719548
v 1.272956 1.330692 -0.719548
v 1.261086 1.275562 -0.590664
v 0.786064 1.088157 -0.642897
v 0.790251 1.113218 -0.780190
v 1.232139 1.113218 -0.780190
v 1.227952 1.088157 -0.642897
v 0.893999 1.871367 0.442176
v 0.893255 1.723029 0.399513
v 1.335143 1.723029 0.399513
v 1.335886 1.871367 0.442176
v 0.879375 1.658540 0.777346
v 0.866743 1.548100 0.678403
v 1.308630 1.548100 0.678403
v 1.321263 1.658540 0.777346
v 0.844975 1.435895 0.933509
v 0.831419 1.365133 0.803705
v 1.273306 1.365133 0.803705
v 1.286863 1.435895 0.933509
v 0.786528 1.046826 1.007594
v 0.784894 1.031440 0.867928
v 1.226781 1.031440 0.867928
v 1.228415 1.046826 1.007594
v 0.802616 1.194143 0.852565
v 0.809803 1.233829 0.993088
v 1.251690 1.233829 0.993088
v 1.244504 1.194143 0.852565
v 0.843970 1.941343 0.147260
v 0.843970 1.750161 0.147118
v 0.843317 1.713095 0.374920
v 0.843970 1.896465 0.423076
v 1.385915 1.750161 0.147118
v 1.385262 1.713095 0.374920
v 1.385915 1.896465 0.423076
v 1.385915 1.941343 0.147260
v 0.847127 1.739550 0.016944
v 0.847127 1.926066 -0.009998
v 0.847127 1.749996 0.103558
v 0.847127 1.938686 0.094637
v 1.382758 1.938686 0.094637
v 1.382758 1.926066 -0.009998
v 1.382758 1.749996 0.103558
v 1.382758 1.739550 0.016944
v 0.847326 1.683264 -0.160706
v 0.847326 1.857927 -0.224557
v 0.847326 1.730083 -0.027487
v 0.847326 1.914479 -0.063644
v 1.382560 1.914479 -0.063644
v 1.382560 1.857927 -0.224557
v 1.382560 1.730083 -0.027487
v 1.382560 1.683264 -0.160706
v 0.832574 1.525055 -0.396864
v 0.843375 1.655721 -0.511817
v 0.848627 1.660674 -0.206899
v 0.848756 1.829527 -0.279948
v 1.381130 1.829527 -0.279948
v 1.375749 1.655721 -0.511817
v 1.381001 1.660674 -0.206899
v 1.364947 1.525055 -0.396864
v 0.789196 1.295623 -0.569592
v 0.803349 1.364863 -0.716575
v 0.835229 1.488874 -0.437860
v 0.847673 1.604213 -0.556730
v 1.359488 1.604213 -0.556730
v 1.315163 1.364863 -0.716575
v 1.347043 1.488874 -0.437860
v 1.301010 1.295623 -0.569592
v 0.729879 1.106297 -0.621091
v 0.735796 1.142729 -0.794047
v 0.755321 1.248739 -0.581387
v 0.769823 1.314050 -0.746253
v 1.329039 1.314050 -0.746253
v 1.295012 1.142729 -0.794047
v 1.314536 1.248739 -0.581387
v 1.289094 1.106297 -0.621091
v 0.744331 0.894709 -0.802061
v 1.183290 0.894709 -0.802061
v 1.247009 0.900392 -0.644277
v 0.744331 0.900392 -0.644277
v 0.753976 1.074221 -0.635257
v 0.757919 1.100758 -0.791684
v 1.256654 1.074221 -0.635257
v 1.260597 1.100758 -0.791684
v 0.852291 1.874203 0.475383
v 0.850376 1.699753 0.419731
v 0.826944 1.554209 0.651893
v 0.841341 1.690262 0.764476
v 1.375678 1.699753 0.419731
v 1.352247 1.554209 0.651893
v 1.366643 1.690262 0.764476
v 1.377594 1.874203 0.475383
v 0.830727 1.651314 0.806543
v 0.814999 1.521507 0.682048
v 0.786186 1.375588 0.781658
v 0.802803 1.466055 0.936752
v 1.351640 1.521507 0.682048
v 1.322827 1.375588 0.781658
v 1.339444 1.466055 0.936752
v 1.367368 1.651314 0.806543
v 0.801520 1.423498 0.954118
v 0.785623 1.343015 0.797917
v 0.762658 1.207937 0.836272
v 0.771749 1.259016 1.002370
v 1.310991 1.343015 0.797917
v 1.288026 1.207937 0.836272
v 1.297118 1.259016 1.002370
v 1.326888 1.423498 0.954118
v 0.743290 1.174450 0.837155
v 0.751210 1.222330 1.012649
v 0.729226 1.045761 0.849223
v 0.731704 1.068476 1.024398
v 1.286186 1.068476 1.024398
v 1.305691 1.222330 1.012649
v 1.283708 1.045761 0.849223
v 1.297772 1.174450 0.837155
v 0.723217 0.906126 0.849965
v 1.278638 0.906126 0.849965
v 1.228802 0.899847 1.024304
v 0.723217 0.899847 1.024304
v 1.283216 1.026597 1.025449
v 0.727795 1.026597 1.025449
v 0.726357 1.010876 0.850285
v 1.281778 1.010876 0.850285
v 1.128300 1.767526 0.126045
v 1.131324 1.750161 0.147118
v 1.130671 1.713095 0.374920
v 1.127557 1.723029 0.399513
v 1.128906 1.699753 0.419731
v 1.105474 1.554209 0.651893
v 1.101044 1.548100 0.678403
v 1.099541 1.521507 0.682048
v 1.070729 1.375588 0.781658
v 1.065720 1.365133 0.803705
v 1.064188 1.343015 0.797917
v 1.041223 1.207937 0.836272
v 1.036917 1.194143 0.852565
v 1.037292 1.174450 0.837155
v 1.023228 1.045761 0.849223
v 1.019195 1.031440 0.867928
v 1.020857 1.010876 0.850286
v 1.017717 0.906126 0.849965
v 0.991292 0.899847 1.024304
v 1.022295 1.026597 1.025449
v 1.020829 1.046826 1.007594
v 1.025706 1.068476 1.024398
v 1.045212 1.222330 1.012649
v 1.044104 1.233829 0.993088
v 1.050314 1.259016 1.002370
v 1.080085 1.423498 0.954118
v 1.079277 1.435895 0.933509
v 1.087345 1.466055 0.936752
v 1.115269 1.651314 0.806543
v 1.113677 1.658540 0.777346
v 1.119871 1.690262 0.764476
v 1.130822 1.874203 0.475383
v 1.128300 1.871367 0.442176
v 1.131324 1.896465 0.423076
v 1.131324 1.941343 0.147260
v 1.128300 1.923364 0.122607
v 1.131134 1.938686 0.094637
v 1.131134 1.926066 -0.009998
v 1.128300 1.904424 -0.034434
v 1.131122 1.914479 -0.063644
v 1.131122 1.857927 -0.224557
v 1.128300 1.830963 -0.243456
v 1.131035 1.829527 -0.279948
v 1.125655 1.655721 -0.511817
v 1.119392 1.620705 -0.525786
v 1.119051 1.604213 -0.556730
v 1.074728 1.364863 -0.716575
v 1.065369 1.330692 -0.719548
v 1.066335 1.314050 -0.746253
v 1.032308 1.142729 -0.794047
v 1.024552 1.113218 -0.780190
v 1.024453 1.100758 -0.791684
v 0.977080 0.894709 -0.802061
v 1.010865 0.900392 -0.644277
v 1.020510 1.074221 -0.635257
v 1.020365 1.088157 -0.642897
v 1.026391 1.106297 -0.621091
v 1.051832 1.248739 -0.581387
v 1.053500 1.275562 -0.590664
v 1.060574 1.295623 -0.569592
v 1.106607 1.488874 -0.437860
v 1.109422 1.516700 -0.426686
v 1.114853 1.525055 -0.396864
v 1.130907 1.660674 -0.206899
v 1.128300 1.688455 -0.187212
v 1.131122 1.683264 -0.160706
v 1.131122 1.730083 -0.027487
v 1.128300 1.751318 -0.008343
v 1.131134 1.739550 0.016944
v 1.131134 1.749996 0.103558
v -1.663230 0.025193 0.118896
v 0.244175 0.025193 0.925387
v 1.282223 0.025193 1.009090
v 1.119270 0.025193 1.306636
v 0.202320 0.025193 1.636399
v -0.730455 0.025193 1.436562
v -1.413294 0.025193 0.890594
v 1.308143 0.425855 1.006639
v 1.135105 0.425855 1.322601
v 0.205555 0.425855 1.656897
v -0.740038 0.425855 1.454313
v -1.432260 0.425855 0.900842
v -1.685631 0.425855 0.118896
v 1.062382 1.021975 1.249279
v 1.215604 0.954106 0.992966
v 0.190698 1.021975 1.562763
v -0.696028 1.021975 1.372791
v -1.345157 1.021975 0.853776
v -1.582753 1.021975 0.118896
v 0.939330 1.429837 1.135048
v 1.177912 1.143341 0.937474
v 0.190698 1.429837 1.416111
v -0.604319 1.429837 1.245786
v -1.186312 1.429837 0.780450
v -1.399336 1.429837 0.118896
v 1.107389 1.359326 0.871981
v 0.189169 1.858758 1.185916
v -0.461897 1.860607 1.046434
v -0.938511 1.860607 0.665353
v -1.112964 1.860607 0.118896
v 0.715238 1.836357 0.955746
v 0.867940 1.836357 0.665353
v 0.190698 2.162784 0.878788
v -0.268305 2.162784 0.780450
v -0.604319 2.162784 0.511789
v -0.727308 2.162784 0.118896
v 1.071736 1.860150 0.118896
v 1.010542 1.649603 0.561161
v 0.535171 2.162784 0.716515
v 0.190698 2.331726 0.524735
v -0.046899 2.331726 0.473832
v -0.220833 2.331726 0.334762
v -0.284497 2.331726 0.118896
v 0.726264 2.162784 0.511789
v -0.008482 2.520053 0.422661
v 0.190528 2.520053 0.466357
v -0.154168 2.520053 0.286879
v -0.207493 2.520053 0.118896
v 0.839841 2.162784 0.118896
v 0.423298 2.331726 0.473832
v 0.389539 2.520053 0.422661
v 0.190698 2.839988 0.508875
v -0.036981 2.839988 0.460096
v -0.264660 2.839988 0.118896
v 0.587622 2.331726 0.334762
v 0.418378 2.839988 0.460096
v -0.203654 2.839988 0.326831
v 0.642092 2.331726 0.118896
v 0.535225 2.520053 0.303282
v 0.585050 2.839988 0.326831
v 0.587164 2.520053 0.118896
v 0.646057 2.839988 0.118896
v 0.244175 1.702002 0.118896
v 0.244175 1.602474 0.530601
v 0.244175 1.330558 0.812361
v 0.244175 0.959115 0.915494
v 0.244175 0.327600 0.922182
v 0.190698 2.841915 0.118896
v 0.491721 2.836444 0.283749
v 0.538290 2.836444 0.118896
v 0.364494 2.836444 0.385474
v 0.190698 2.838054 0.422709
v 0.016903 2.838054 0.385474
v -0.110324 2.838054 0.283749
v -0.156893 2.838054 0.118896
v 0.194070 2.035111 1.023043
v -0.355144 2.035915 0.905379
v -0.757196 2.035915 0.583915
v -0.904357 2.035915 0.118896
v 0.941441 2.035111 0.118896
v 0.799740 1.986245 0.583915
v 0.622522 1.986245 0.828880
v 0.244175 0.025193 -0.687595
v 1.282223 0.025193 -0.771299
v 1.119270 0.025193 -1.068845
v 0.202320 0.025193 -1.398608
v -0.730455 0.025193 -1.198770
v -1.413294 0.025193 -0.652804
v 1.308143 0.425855 -0.768848
v 1.135105 0.425855 -1.084811
v 0.205555 0.425855 -1.419105
v -0.740038 0.425855 -1.216522
v -1.432260 0.425855 -0.663051
v 1.062382 1.021975 -1.011489
v 1.215604 0.954106 -0.755176
v 0.190698 1.021975 -1.324971
v -0.696028 1.021975 -1.134998
v -1.345157 1.021975 -0.615986
v 0.939330 1.429837 -0.897257
v 1.177912 1.143341 -0.699683
v 0.190698 1.429837 -1.178319
v -0.604319 1.429837 -1.007995
v -1.186312 1.429837 -0.542659
v 1.107389 1.359326 -0.634191
v 0.189169 1.858758 -0.948125
v -0.461897 1.860607 -0.808641
v -0.938511 1.860607 -0.427562
v 0.715238 1.836357 -0.717955
v 0.867940 1.836357 -0.427562
v 0.190698 2.162784 -0.640995
v -0.268305 2.162784 -0.542659
v -0.604319 2.162784 -0.273997
v 1.010542 1.649603 -0.323370
v 0.535171 2.162784 -0.478723
v 0.190698 2.331726 -0.286944
v -0.046899 2.331726 -0.236041
v -0.220833 2.331726 -0.096972
v 0.726264 2.162784 -0.273997
v -0.008482 2.520053 -0.184870
v 0.190528 2.520053 -0.228565
v -0.154168 2.520053 -0.049088
v 0.423298 2.331726 -0.236041
v 0.389539 2.520053 -0.184870
v 0.190698 2.839988 -0.271084
v -0.036981 2.839988 -0.222304
v 0.587622 2.331726 -0.096972
v 0.418378 2.839988 -0.222304
v -0.203654 2.839988 -0.089040
v 0.535225 2.520053 -0.065491
v 0.585050 2.839988 -0.089040
v 0.244175 1.602474 -0.292809
v 0.244175 1.330558 -0.574570
v 0.244175 0.959115 -0.677703
v 0.244175 0.327600 -0.684392
v 0.491721 2.836444 -0.045957
v 0.364494 2.836444 -0.147684
v 0.190698 2.836444 -0.184917
v 0.016903 2.836444 -0.147684
v -0.110324 2.838054 -0.045957
v 0.194070 2.035111 -0.785253
v -0.355144 2.035915 -0.667590
v -0.757196 2.035915 -0.346126
v 0.799740 1.986245 -0.346126
v 0.622522 1.986245 -0.591089
v 0.928681 1.353371 0.859638
v 0.851884 1.639846 0.554834
v 0.900409 1.827410 0.118896
v 0.851884 1.639846 -0.317043
v 0.928681 1.353371 -0.621848
v 1.074744 0.954833 -0.743941
v 1.153865 0.411608 -0.756601
v 1.131704 0.025193 -0.759161
v 1.109577 0.025193 0.995167
v 1.131186 0.409514 0.992592
v 1.054038 0.954939 0.980082
v 1.244855 0.025193 1.131747
v 1.268923 0.425855 1.078253
v 1.191327 0.964859 1.033578
v 1.066732 1.376384 0.901407
v 1.034382 1.504770 0.796905
v 0.960621 1.714980 0.597634
v 1.007089 1.852603 0.292241
v 1.015054 1.936263 0.118896
v 1.013553 1.853357 -0.037117
v 0.974124 1.697297 -0.349979
v 1.060129 1.453477 -0.593409
v 1.050245 1.383302 -0.668945
v 1.178294 0.970632 -0.817587
v 1.265014 0.425855 -0.847600
v 1.269120 0.025193 -0.864032
v 0.736799 0.025193 0.965109
v 0.749100 0.374229 0.962264
v 0.705184 0.956738 0.952260
v 0.633825 1.343544 0.839274
v 0.590109 1.623748 0.544395
v 0.617732 1.773389 0.118896
v 0.590109 1.623748 -0.306605
v 0.633825 1.343544 -0.601482
v 0.716971 0.956677 -0.715409
v 0.762010 0.375421 -0.725498
v 0.749394 0.025193 -0.728333
v 0.700294 3.062732 0.118896
v 0.632021 3.062732 -0.110722
v 0.445496 3.062732 -0.259861
v 0.190699 3.062732 -0.314449
v -0.064099 3.062732 -0.259861
v -0.250624 3.062732 -0.110722
v -0.318897 3.062732 0.118896
v -0.250624 3.062732 0.348514
v -0.064099 3.062732 0.497651
v 0.190698 3.062732 0.552239
v 0.445496 3.062732 0.497651
v 0.632021 3.062732 0.348514
v 0.521861 3.058858 0.297663
v 0.381895 3.058858 0.409572
v 0.190698 3.058858 0.450535
v -0.000499 3.058858 0.409572
v -0.140465 3.058858 0.297663
v -0.191696 3.058858 0.118896
v -0.140465 3.058858 -0.059871
v -0.000499 3.058858 -0.171781
v 0.190699 3.058858 -0.212745
v 0.381895 3.058858 -0.171781
v 0.521861 3.058858 -0.059871
v 0.573092 3.058858 0.118896
v -0.087053 3.056369 0.531772
v 0.190698 3.056369 0.591278
v 0.190698 3.201226 0.610056
v -0.098795 3.201226 0.548033
v 0.468450 3.056369 0.531772
v 0.480192 3.201226 0.548033
v -0.290381 3.056369 0.369200
v -0.310719 3.201226 0.378588
v -0.364805 3.056369 0.118896
v -0.388289 3.201226 0.118896
v 0.671778 3.056369 0.369200
v 0.692116 3.201226 0.378588
v 0.746202 3.056369 0.118896
v 0.769686 3.201226 0.118896
v 0.623480 3.202967 0.118896
v 0.565498 3.202967 0.320139
v 0.407089 3.202967 0.446796
v 0.190698 3.202967 0.493156
v -0.025692 3.202967 0.446796
v -0.184101 3.202967 0.320139
v -0.242083 3.202967 0.118896
v 0.607541 3.049980 0.118896
v 0.551695 3.049980 0.313766
v 0.399120 3.049980 0.435758
v 0.190698 3.049980 0.480411
v -0.017723 3.049980 0.435758
v -0.170298 3.049980 0.313766
v -0.226144 3.049980 0.118896
v 0.190699 3.056369 -0.353488
v -0.087053 3.056369 -0.293982
v -0.098795 3.201226 -0.310242
v 0.190698 3.201226 -0.372264
v 0.468450 3.056369 -0.293982
v 0.480192 3.201226 -0.310242
v -0.290381 3.056369 -0.131408
v -0.310719 3.201226 -0.140798
v 0.671778 3.056369 -0.131408
v 0.692116 3.201226 -0.140798
v 0.565498 3.202967 -0.082348
v 0.190698 3.202967 -0.255365
v 0.407089 3.202967 -0.209005
v -0.184101 3.202967 -0.082348
v -0.025692 3.202967 -0.209005
v 0.551695 3.049980 -0.075976
v 0.190699 3.049980 -0.242621
v 0.399120 3.049980 -0.197967
v -0.170298 3.049980 -0.075976
v -0.017723 3.049980 -0.197967
v 0.194296 2.342420 0.647404
v 0.194074 2.485385 0.571381
v -0.065090 2.485385 0.514477
v -0.115119 2.342420 0.581114
v 0.497201 2.342420 0.581114
v 0.453238 2.485385 0.514477
v -0.254811 2.485385 0.337654
v -0.341625 2.342420 0.400010
v -0.324253 2.485385 0.118896
v -0.424532 2.342420 0.118896
v 0.711193 2.342420 0.400010
v 0.642959 2.485385 0.359014
v 0.782128 2.342420 0.118896
v 0.710597 2.485385 0.118896
v 0.194296 2.342420 -0.409613
v -0.115119 2.342420 -0.343324
v -0.065090 2.485385 -0.276686
v 0.194074 2.485385 -0.333589
v 0.453238 2.485385 -0.276686
v 0.497201 2.342420 -0.343324
v -0.341625 2.342420 -0.162220
v -0.254811 2.485385 -0.099863
v 0.642959 2.485385 -0.121223
v 0.711193 2.342420 -0.162220
v 0.280582 0.016241 -0.824356
v -0.072084 0.016241 -0.754273
v -0.371059 0.016241 -0.554696
v -0.570828 0.016241 -0.256010
v -0.640977 0.016241 0.096317
v -0.570828 0.016241 0.448644
v -0.371059 0.016241 0.747331
v -0.072084 0.016241 0.946908
v 0.280582 0.016241 1.016990
v 0.280582 0.453341 -0.824356
v -0.072083 0.453341 -0.754273
v -0.371059 0.453341 -0.554696
v -0.570828 0.453341 -0.256010
v -0.640978 0.453341 0.096317
v -0.570828 0.453341 0.448644
v -0.371060 0.453341 0.747331
v -0.072084 0.453341 0.946908
v 0.280581 0.453341 1.016990
v 0.280581 0.016241 0.096317
v 2.347912 0.016241 -0.256008
v 2.148142 0.016241 -0.554696
v 2.148142 0.453341 -0.554696
v 2.347912 0.453341 -0.256008
v 1.849166 0.016241 -0.754273
v 1.849166 0.453341 -0.754273
v 1.496500 0.016241 -0.824356
v 1.496500 0.453341 -0.824356
v 1.496500 0.016241 1.016990
v 1.849165 0.016241 0.946908
v 1.849164 0.453341 0.946908
v 1.496499 0.453341 1.016990
v 2.148142 0.016241 0.747331
v 2.148140 0.453341 0.747331
v 2.347910 0.016241 0.448645
v 2.347912 0.453341 0.448645
v 2.418060 0.016241 0.096317
v 2.418060 0.453341 0.096317
v 1.496500 0.016241 0.096317
v 2.151685 0.448543 -0.208635
v 1.978776 0.448543 -0.467161
v 1.720001 0.448543 -0.639903
v 1.414753 0.448543 -0.700562
v 0.362328 0.448543 -0.700562
v 0.057082 0.448543 -0.639903
v -0.201694 0.448543 -0.467161
v -0.374602 0.448543 -0.208636
v -0.435319 0.448543 0.096317
v -0.374602 0.448543 0.401269
v -0.201694 0.448543 0.659797
v 0.057081 0.448543 0.832537
v 0.362327 0.448543 0.893197
v 1.414753 0.448543 0.893197
v 1.719999 0.448543 0.832537
v 1.978775 0.448543 0.659797
v 2.151684 0.448543 0.401270
v 2.212400 0.448543 0.096317
v 2.083817 0.266787 -0.192249
v 1.920197 0.266787 -0.436885
v 1.386480 0.266787 0.096317
v 1.675326 0.266787 -0.600346
v 1.386480 0.266787 -0.657746
v 0.390602 0.266787 -0.657746
v 0.101757 0.266787 -0.600346
v 0.390601 0.266787 0.096317
v -0.143115 0.266787 -0.436886
v -0.306732 0.266787 -0.192251
v -0.364188 0.266787 0.096317
v -0.306733 0.266787 0.384884
v -0.143115 0.266787 0.629520
v 0.101756 0.266787 0.792980
v 0.390601 0.266787 0.850380
v 1.386479 0.266787 0.850380
v 1.675325 0.266787 0.792980
v 1.920196 0.266787 0.629520
v 2.083817 0.266787 0.384885
v 2.141270 0.266787 0.096317
v 0.280582 0.393663 -0.824356
v 1.496500 0.393663 -0.824356
v 1.849166 0.393663 -0.754273
v 2.148142 0.393663 -0.554696
v 2.347912 0.393663 -0.256008
v 2.418060 0.393663 0.096317
v 2.347912 0.393663 0.448645
v 2.148140 0.393663 0.747331
v 1.849164 0.393663 0.946908
v 1.496499 0.393663 1.016990
v 0.280581 0.393663 1.016990
v -0.072084 0.393663 0.946908
v -0.371060 0.393663 0.747331
v -0.570828 0.393663 0.448644
v -0.640978 0.393663 0.096317
v -0.570828 0.393663 -0.256010
v -0.371059 0.393663 -0.554696
v -0.072083 0.393663 -0.754273
v 1.518952 0.765715 -0.359369
v 1.197192 0.765715 -0.825973
v 0.757660 0.765715 -0.971652
v 0.318128 0.765715 -0.707154
v -0.003632 0.765715 -0.359369
v -0.121405 0.765715 0.115715
v -0.003632 0.765715 0.590800
v 0.318128 0.765715 0.938584
v 0.757660 0.765715 1.203081
v 1.197192 0.765715 1.057402
v 1.518952 0.765715 0.590800
v 1.636725 0.765715 0.115715
v 1.518952 0.919851 -0.359369
v 1.197192 0.919851 -0.825973
v 0.757660 0.919851 -0.971652
v 0.318128 0.919851 -0.707154
v -0.003632 0.919851 -0.359369
v -0.121405 0.919851 0.115715
v -0.003632 0.919851 0.590800
v 0.318128 0.919851 0.938584
v 0.757660 0.919851 1.203081
v 1.197192 0.919851 1.057402
v 1.518952 0.919851 0.590800
v 1.636725 0.919851 0.115715
v 0.757660 0.765715 0.115715
v 0.757660 0.919851 0.115715
v 0.244175 0.061161 0.118896
v 0.244175 1.431078 0.118896
v 0.244175 1.077302 0.118896
v 0.244175 0.445163 0.118896
v -0.730455 0.025193 0.120813
vt 0.660863 0.422267
vt 0.644913 0.408928
vt 0.658944 0.399583
vt 0.673556 0.421273
vt 0.945689 0.510917
vt 0.907625 0.495829
vt 0.911307 0.476899
vt 0.952322 0.493407
vt 0.497585 0.615427
vt 0.475926 0.605374
vt 0.481082 0.590702
vt 0.496323 0.603356
vt 0.657468 0.429203
vt 0.638707 0.416438
vt 0.849260 0.468169
vt 0.856601 0.455761
vt 0.879064 0.462948
vt 0.874019 0.481766
vt 0.669079 0.432777
vt 0.506485 0.594980
vt 0.514244 0.605344
vt 0.491389 0.578551
vt 0.890724 0.060395
vt 0.869959 0.066752
vt 0.860067 0.042788
vt 0.884846 0.030214
vt 0.957716 0.034072
vt 0.921202 0.047969
vt 0.914520 0.017310
vt 0.947875 0.005041
vt 0.582703 0.534402
vt 0.572393 0.523595
vt 0.578084 0.518106
vt 0.587895 0.528972
vt 0.990637 0.249725
vt 0.948335 0.250383
vt 0.947668 0.234362
vt 0.989926 0.233010
vt 0.914144 0.251154
vt 0.888191 0.250644
vt 0.888403 0.238346
vt 0.913201 0.236728
vt 0.555434 0.507609
vt 0.560996 0.501808
vt 0.569390 0.547773
vt 0.558881 0.536904
vt 0.567897 0.528202
vt 0.578101 0.538777
vt 0.989437 0.222619
vt 0.947464 0.225062
vt 0.945677 0.199272
vt 0.987803 0.195519
vt 0.912605 0.226009
vt 0.886509 0.225138
vt 0.885913 0.204289
vt 0.910699 0.203170
vt 0.542377 0.520191
vt 0.551838 0.511173
vt 0.548935 0.566480
vt 0.539519 0.556442
vt 0.553818 0.541530
vt 0.564464 0.551962
vt 0.986617 0.183976
vt 0.945096 0.189230
vt 0.939615 0.145899
vt 0.979751 0.137644
vt 0.910042 0.191891
vt 0.883793 0.190167
vt 0.883221 0.155017
vt 0.906247 0.153915
vt 0.523295 0.539325
vt 0.538412 0.523957
vt 0.531295 0.586380
vt 0.521303 0.577228
vt 0.534602 0.561168
vt 0.545139 0.570124
vt 0.976656 0.125728
vt 0.938408 0.135271
vt 0.932006 0.091798
vt 0.968997 0.079353
vt 0.906015 0.142316
vt 0.882812 0.143008
vt 0.879748 0.108885
vt 0.901234 0.103425
vt 0.506343 0.560591
vt 0.519756 0.543515
vt 0.519368 0.602272
vt 0.510621 0.592781
vt 0.518516 0.583395
vt 0.528606 0.591452
vt 0.969894 0.067550
vt 0.929834 0.082185
vt 0.923140 0.055120
vt 0.964068 0.039991
vt 0.896919 0.093198
vt 0.875432 0.098283
vt 0.871133 0.077036
vt 0.891315 0.069990
vt 0.494034 0.575434
vt 0.502946 0.564583
vt 0.593393 0.525465
vt 0.582633 0.513457
vt 0.596439 0.498801
vt 0.608451 0.509368
vt 0.564282 0.498119
vt 0.578218 0.482136
vt 0.912007 0.298674
vt 0.887466 0.298073
vt 0.887800 0.263993
vt 0.914276 0.261751
vt 0.990518 0.305031
vt 0.948695 0.301964
vt 0.948647 0.259543
vt 0.991445 0.260020
vt 0.611680 0.503630
vt 0.600441 0.493368
vt 0.616772 0.474781
vt 0.627624 0.483880
vt 0.581620 0.478471
vt 0.598478 0.460159
vt 0.909397 0.354520
vt 0.885824 0.352217
vt 0.886739 0.311691
vt 0.912897 0.309289
vt 0.981267 0.371410
vt 0.942172 0.362524
vt 0.948050 0.311280
vt 0.988713 0.315990
vt 0.631356 0.480355
vt 0.621491 0.470370
vt 0.632290 0.458935
vt 0.642776 0.468134
vt 0.601780 0.456673
vt 0.613290 0.444909
vt 0.903329 0.393973
vt 0.881097 0.389098
vt 0.883761 0.363460
vt 0.907562 0.364770
vt 0.972721 0.419189
vt 0.933965 0.406337
vt 0.940784 0.371890
vt 0.980234 0.382605
vt 0.645947 0.464272
vt 0.635741 0.454753
vt 0.643780 0.445377
vt 0.654592 0.454873
vt 0.616227 0.441815
vt 0.625263 0.432387
vt 0.894849 0.425888
vt 0.874219 0.416814
vt 0.879577 0.398919
vt 0.901707 0.403198
vt 0.962877 0.454600
vt 0.925035 0.439998
vt 0.932006 0.414307
vt 0.969573 0.427804
vt 0.658455 0.450148
vt 0.648079 0.442112
vt 0.654337 0.433367
vt 0.665835 0.440467
vt 0.955230 0.485620
vt 0.914403 0.469480
vt 0.922678 0.447042
vt 0.962362 0.462981
vt 0.882618 0.453295
vt 0.862739 0.444105
vt 0.868294 0.426993
vt 0.890749 0.433649
vt 0.627943 0.429170
vt 0.635783 0.420034
vt 0.588941 0.526047
vt 0.578433 0.513899
vt 0.596279 0.494608
vt 0.608946 0.504823
vt 0.562857 0.500086
vt 0.579947 0.480572
vt 0.916369 0.304330
vt 0.890088 0.304718
vt 0.891297 0.257613
vt 0.918153 0.256240
vt 0.982893 0.309724
vt 0.948741 0.306529
vt 0.948896 0.255063
vt 0.983762 0.254984
vt 0.578879 0.535544
vt 0.568431 0.524052
vt 0.947947 0.229567
vt 0.982681 0.227989
vt 0.890524 0.232215
vt 0.916719 0.230896
vt 0.553825 0.509532
vt 0.565446 0.548773
vt 0.555011 0.537166
vt 0.945772 0.194466
vt 0.980395 0.190784
vt 0.887935 0.197858
vt 0.914066 0.197292
vt 0.540779 0.522026
vt 0.546084 0.567532
vt 0.535544 0.557155
vt 0.939356 0.140306
vt 0.972544 0.132759
vt 0.885016 0.147994
vt 0.909043 0.147085
vt 0.521570 0.541537
vt 0.529230 0.587556
vt 0.518243 0.578221
vt 0.931499 0.086569
vt 0.963262 0.075383
vt 0.879962 0.103425
vt 0.902970 0.096722
vt 0.504772 0.562773
vt 0.515408 0.603155
vt 0.506202 0.592352
vt 0.922181 0.050292
vt 0.954399 0.038160
vt 0.872400 0.069600
vt 0.894446 0.062051
vt 0.492468 0.577567
vt 0.616963 0.471006
vt 0.628429 0.481326
vt 0.600238 0.458481
vt 0.912039 0.360796
vt 0.886960 0.358213
vt 0.974588 0.375817
vt 0.941916 0.367626
vt 0.631804 0.455216
vt 0.643452 0.465358
vt 0.614917 0.443391
vt 0.906045 0.400535
vt 0.882157 0.395082
vt 0.965107 0.421963
vt 0.933372 0.410959
vt 0.643292 0.442340
vt 0.655178 0.451532
vt 0.626660 0.431021
vt 0.896738 0.432009
vt 0.874264 0.421740
vt 0.955843 0.456482
vt 0.924179 0.443983
vt 0.653076 0.429574
vt 0.665887 0.435479
vt 0.945785 0.486378
vt 0.913243 0.473384
vt 0.885665 0.460653
vt 0.863381 0.450440
vt 0.637324 0.418493
vt 0.549015 0.487661
vt 0.547271 0.482840
vt 0.560934 0.467518
vt 0.565851 0.468612
vt 0.564816 0.464164
vt 0.581489 0.446446
vt 0.585943 0.446912
vt 0.584380 0.442538
vt 0.595824 0.431284
vt 0.600578 0.432154
vt 0.599163 0.428355
vt 0.608269 0.419049
vt 0.612469 0.419801
vt 0.610165 0.414951
vt 0.618292 0.405957
vt 0.623548 0.407310
vt 0.621416 0.402213
vt 0.627801 0.394633
vt 0.642096 0.385355
vt 0.461024 0.592426
vt 0.465908 0.576918
vt 0.477169 0.564260
vt 0.480006 0.564913
vt 0.478247 0.559182
vt 0.486939 0.548156
vt 0.492219 0.549749
vt 0.491841 0.545402
vt 0.505137 0.528330
vt 0.509004 0.528425
vt 0.508199 0.523529
vt 0.522563 0.508436
vt 0.527624 0.509154
vt 0.526366 0.504587
vt 0.535434 0.495894
vt 0.540241 0.496922
vt 0.538840 0.492284
vt 0.544184 0.486721
vt 0.536456 0.640369
vt 0.528612 0.692692
vt 0.495649 0.681058
vt 0.507453 0.631477
vt 0.369538 0.654559
vt 0.374016 0.602161
vt 0.241582 0.653771
vt 0.237277 0.602530
vt 0.126703 0.676530
vt 0.115399 0.626537
vt 0.011230 0.661702
vt 0.024561 0.713016
vt 0.476045 0.757197
vt 0.362412 0.729893
vt 0.248704 0.729924
vt 0.146714 0.751402
vt 0.056177 0.790906
vt 0.358683 0.784122
vt 0.257818 0.783771
vt 0.167207 0.803867
vt 0.089130 0.844992
vt 0.486755 0.888581
vt 0.507913 0.889335
vt 0.513713 0.949662
vt 0.492940 0.956378
vt 0.352315 0.843803
vt 0.270308 0.844084
vt 0.196470 0.862221
vt 0.136724 0.901356
vt 0.349758 0.873080
vt 0.278878 0.873894
vt 0.215773 0.890207
vt 0.165948 0.927807
vt 0.346366 0.896729
vt 0.339866 0.945697
vt 0.303724 0.947733
vt 0.285772 0.897606
vt 0.272362 0.957810
vt 0.232074 0.912330
vt 0.249882 0.977991
vt 0.191452 0.946136
vt 0.832638 0.123454
vt 0.809232 0.128562
vt 0.799925 0.093897
vt 0.822111 0.084815
vt 0.839533 0.161405
vt 0.815948 0.163612
vt 0.388455 0.129347
vt 0.354300 0.121788
vt 0.364594 0.066898
vt 0.404121 0.075760
vt 0.319757 0.116356
vt 0.324536 0.060707
vt 0.732989 0.075442
vt 0.735924 0.111124
vt 0.715831 0.112620
vt 0.712986 0.076825
vt 0.287569 0.113788
vt 0.287462 0.057802
vt 0.738670 0.146672
vt 0.718481 0.148248
vt 0.729969 0.043094
vt 0.710689 0.044792
vt 0.727677 0.009578
vt 0.706115 0.009922
vt 0.254780 0.115038
vt 0.249701 0.058963
vt 0.740924 0.178133
vt 0.721067 0.179288
vt 0.741245 0.209794
vt 0.721406 0.209785
vt 0.455506 0.810056
vt 0.421953 0.864771
vt 0.408016 0.889362
vt 0.452189 0.893347
vt 0.437257 0.913935
vt 0.482077 0.961260
vt 0.467366 0.968581
vt 0.391272 0.914377
vt 0.373826 0.951754
vt 0.787356 0.059908
vt 0.809772 0.051572
vt 0.773211 0.031204
vt 0.795043 0.015189
vt 0.419036 0.935079
vt 0.399415 0.966237
vt 0.439580 0.086494
vt 0.421104 0.139741
vt 0.473888 0.101673
vt 0.449012 0.151860
vt 0.447420 0.977989
vt 0.414922 0.990431
vt 0.842810 0.194764
vt 0.820324 0.196268
vt 0.843731 0.229462
vt 0.821491 0.229188
vt 0.507886 0.763342
vt 0.487981 0.824005
vt 0.483741 0.847985
vt 0.538281 0.696104
vt 0.559907 0.703168
vt 0.532543 0.775387
vt 0.514034 0.764294
vt 0.581083 0.093771
vt 0.557031 0.051052
vt 0.580689 0.045906
vt 0.537171 0.094047
vt 0.543617 0.069634
vt 0.542878 0.118907
vt 0.557701 0.136895
vt 0.581592 0.141580
vt 0.474391 0.890110
vt 0.480633 0.935822
vt 0.495269 0.824086
vt 0.515757 0.834769
vt 0.584571 0.649545
vt 0.584825 0.617927
vt 0.601389 0.631005
vt 0.597229 0.658646
vt 0.574900 0.652973
vt 0.553063 0.646526
vt 0.703576 0.209778
vt 0.702358 0.177539
vt 0.702023 0.146564
vt 0.700710 0.113816
vt 0.697174 0.081231
vt 0.693048 0.050727
vt 0.687967 0.020956
vt 0.682439 0.209768
vt 0.681413 0.177937
vt 0.680931 0.147444
vt 0.679562 0.115546
vt 0.676309 0.084037
vt 0.672374 0.054894
vt 0.667336 0.026167
vt 0.066058 0.269824
vt 0.048403 0.215718
vt 0.084713 0.202315
vt 0.100318 0.255570
vt 0.228224 0.162834
vt 0.236087 0.219529
vt 0.376976 0.155419
vt 0.375222 0.211365
vt 0.510881 0.174600
vt 0.501436 0.229588
vt 0.626132 0.206924
vt 0.614555 0.263465
vt 0.248198 0.300982
vt 0.126226 0.337234
vt 0.371847 0.294553
vt 0.483953 0.312123
vt 0.584618 0.349943
vt 0.365034 0.353613
vt 0.255429 0.359719
vt 0.464671 0.370329
vt 0.551873 0.410622
vt 0.122453 0.480485
vt 0.119303 0.554537
vt 0.096389 0.548332
vt 0.099498 0.482575
vt 0.354913 0.419910
vt 0.265786 0.424275
vt 0.436189 0.435443
vt 0.503340 0.474611
vt 0.347298 0.452817
vt 0.270238 0.455971
vt 0.416797 0.466972
vt 0.473074 0.505032
vt 0.275267 0.481498
vt 0.341149 0.478997
vt 0.324456 0.534529
vt 0.285069 0.534385
vt 0.400333 0.491955
vt 0.359103 0.543693
vt 0.446388 0.526411
vt 0.384671 0.564358
vt 0.830029 0.335167
vt 0.818552 0.373534
vt 0.796597 0.363906
vt 0.806757 0.329483
vt 0.814337 0.294609
vt 0.837860 0.297397
vt 0.125851 0.153131
vt 0.100811 0.103231
vt 0.138103 0.087412
vt 0.158093 0.139559
vt 0.176398 0.074125
vt 0.191097 0.128009
vt 0.735839 0.308458
vt 0.732875 0.344137
vt 0.712873 0.342738
vt 0.715747 0.306945
vt 0.212346 0.064605
vt 0.222299 0.119699
vt 0.738615 0.272913
vt 0.718428 0.271320
vt 0.729827 0.376483
vt 0.710550 0.374768
vt 0.727509 0.409997
vt 0.705947 0.409635
vt 0.740896 0.241454
vt 0.721041 0.240282
vt 0.151844 0.393486
vt 0.191340 0.451100
vt 0.207873 0.477023
vt 0.160044 0.483886
vt 0.177481 0.505405
vt 0.131371 0.559269
vt 0.147751 0.566422
vt 0.227474 0.503262
vt 0.248499 0.542925
vt 0.805396 0.406462
vt 0.783192 0.397574
vt 0.789773 0.442470
vt 0.768341 0.425920
vt 0.198453 0.527349
vt 0.221474 0.560136
vt 0.095601 0.169222
vt 0.067859 0.120162
vt 0.070324 0.186157
vt 0.036836 0.141257
vt 0.169932 0.575550
vt 0.205918 0.587300
vt 0.819517 0.262071
vt 0.841957 0.264128
vt 0.095465 0.345088
vt 0.118793 0.426754
vt 0.054687 0.274562
vt 0.085312 0.347342
vt 0.068325 0.358922
vt 0.034568 0.282422
vt 0.604567 0.050512
vt 0.623963 0.093378
vt 0.619178 0.068579
vt 0.619617 0.118206
vt 0.605407 0.136514
vt 0.130325 0.533789
vt 0.132255 0.481222
vt 0.109084 0.411252
vt 0.087514 0.424155
vt 0.095479 0.376557
vt 0.119610 0.410976
vt 0.015245 0.228497
vt 0.035601 0.221343
vt 0.702330 0.242015
vt 0.700627 0.305736
vt 0.701969 0.272990
vt 0.692914 0.368820
vt 0.697065 0.338319
vt 0.687807 0.398587
vt 0.681386 0.241599
vt 0.679482 0.303988
vt 0.680877 0.272092
vt 0.672243 0.364635
vt 0.676202 0.335496
vt 0.667181 0.393359
vt 0.594503 0.680178
vt 0.601403 0.684280
vt 0.612941 0.709554
vt 0.615034 0.706875
vt 0.645936 0.720342
vt 0.640276 0.714636
vt 0.678161 0.722629
vt 0.666186 0.712493
vt 0.738595 0.694618
vt 0.709679 0.715417
vt 0.692436 0.702099
vt 0.721375 0.678281
vt 0.735092 0.661025
vt 0.753305 0.675248
vt 0.630896 0.579659
vt 0.617537 0.597099
vt 0.598033 0.584686
vt 0.613147 0.565799
vt 0.506177 0.791618
vt 0.651999 0.596138
vt 0.640593 0.611379
vt 0.618876 0.644850
vt 0.609400 0.667113
vt 0.608278 0.687951
vt 0.617798 0.703332
vt 0.635033 0.708843
vt 0.654979 0.702705
vt 0.674253 0.688095
vt 0.701455 0.658907
vt 0.713469 0.644140
vt 0.205584 0.025535
vt 0.246136 0.019602
vt 0.166140 0.036177
vt 0.124029 0.050945
vt 0.082838 0.068217
vt 0.046335 0.086955
vt 0.012312 0.110296
vt 0.454787 0.049961
vt 0.492450 0.066810
vt 0.415512 0.038086
vt 0.371887 0.028496
vt 0.327808 0.021534
vt 0.287095 0.018152
vt 0.514316 0.053967
vt 0.541875 0.026193
vt 0.505648 0.094953
vt 0.516976 0.134986
vt 0.544035 0.162000
vt 0.581840 0.173875
vt 0.619530 0.161405
vt 0.646501 0.133789
vt 0.657871 0.093235
vt 0.645895 0.052786
vt 0.618373 0.025428
vt 0.580047 0.013430
vt 0.738492 0.075797
vt 0.741305 0.110730
vt 0.744082 0.145575
vt 0.735734 0.043617
vt 0.733943 0.011374
vt 0.746627 0.177254
vt 0.747078 0.209796
vt 0.539457 0.021055
vt 0.579991 0.007654
vt 0.500613 0.095155
vt 0.510067 0.050775
vt 0.541723 0.167192
vt 0.512902 0.138400
vt 0.581858 0.179644
vt 0.741220 0.308857
vt 0.738378 0.343787
vt 0.744027 0.274015
vt 0.735593 0.375964
vt 0.733776 0.408206
vt 0.746599 0.242338
vt 0.620683 0.020232
vt 0.649984 0.049403
vt 0.662919 0.093229
vt 0.650611 0.137159
vt 0.621879 0.166586
vt 0.793591 0.131488
vt 0.785271 0.099572
vt 0.839318 0.081610
vt 0.849437 0.118974
vt 0.858021 0.156983
vt 0.798781 0.164555
vt 0.773871 0.068702
vt 0.827188 0.048141
vt 0.761239 0.044950
vt 0.816036 0.015712
vt 0.860956 0.192344
vt 0.803150 0.195967
vt 0.804874 0.228985
vt 0.861195 0.229677
vt 0.846714 0.340060
vt 0.835674 0.377163
vt 0.782088 0.357873
vt 0.791192 0.326170
vt 0.797198 0.293243
vt 0.856232 0.302274
vt 0.822721 0.410323
vt 0.769928 0.388450
vt 0.810771 0.442466
vt 0.756712 0.411884
vt 0.802340 0.261950
vt 0.860038 0.266995
vt 0.937359 0.743646
vt 0.948332 0.736056
vt 0.958189 0.746159
vt 0.943190 0.756519
vt 0.956021 0.724909
vt 0.968558 0.731341
vt 0.959670 0.711548
vt 0.973781 0.714153
vt 0.957981 0.662964
vt 0.953545 0.649871
vt 0.965736 0.642108
vt 0.973053 0.659403
vt 0.944898 0.639279
vt 0.953543 0.628001
vt 0.933166 0.632584
vt 0.937255 0.619045
vt 0.919912 0.630667
vt 0.918900 0.616579
vt 0.906927 0.633760
vt 0.900986 0.620949
vt 0.895930 0.641421
vt 0.885929 0.631436
vt 0.888297 0.652630
vt 0.875497 0.646401
vt 0.884892 0.666008
vt 0.870015 0.663734
vt 0.886515 0.714476
vt 0.891076 0.727490
vt 0.879032 0.735240
vt 0.872182 0.718005
vt 0.899658 0.738038
vt 0.891003 0.749300
vt 0.911287 0.744730
vt 0.907132 0.758266
vt 0.924443 0.746681
vt 0.925363 0.760791
vt 0.923222 0.711549
vt 0.921305 0.665678
vt 0.590308 0.829605
vt 0.608372 0.802566
vt 0.669222 0.862610
vt 0.635192 0.784131
vt 0.668661 0.776842
vt 0.783099 0.778739
vt 0.812997 0.786591
vt 0.780423 0.863927
vt 0.839329 0.805619
vt 0.856719 0.833063
vt 0.862808 0.865024
vt 0.855952 0.896846
vt 0.837885 0.923905
vt 0.811057 0.942349
vt 0.779262 0.949679
vt 0.664792 0.947719
vt 0.633225 0.939806
vt 0.606907 0.920778
vt 0.589530 0.893346
vt 0.583451 0.861404
vt 0.547511 0.817803
vt 0.571342 0.780640
vt 0.591271 0.789565
vt 0.569934 0.822704
vt 0.607245 0.754415
vt 0.623390 0.766135
vt 0.650941 0.741855
vt 0.661399 0.755890
vt 0.798343 0.743746
vt 0.841604 0.757496
vt 0.825208 0.768824
vt 0.787538 0.757576
vt 0.876794 0.784518
vt 0.856703 0.793008
vt 0.899733 0.822169
vt 0.877230 0.826612
vt 0.907302 0.865480
vt 0.883834 0.865249
vt 0.898747 0.908641
vt 0.876324 0.903744
vt 0.874908 0.945832
vt 0.854979 0.936910
vt 0.838982 0.972083
vt 0.822842 0.960356
vt 0.795244 0.984632
vt 0.784810 0.970590
vt 0.647809 0.982651
vt 0.604586 0.968872
vt 0.620993 0.957557
vt 0.658642 0.968829
vt 0.569426 0.941859
vt 0.589521 0.933376
vt 0.546508 0.904225
vt 0.569013 0.899788
vt 0.538951 0.860938
vt 0.562421 0.861174
vt 0.650270 0.735046
vt 0.799185 0.736957
vt 0.604298 0.748271
vt 0.566386 0.775973
vt 0.541196 0.815263
vt 0.532141 0.860889
vt 0.540157 0.906671
vt 0.564396 0.946443
vt 0.601514 0.974937
vt 0.646952 0.989399
vt 0.795907 0.991481
vt 0.841926 0.978228
vt 0.879865 0.950498
vt 0.905062 0.911179
vt 0.914112 0.865526
vt 0.906083 0.819722
vt 0.881821 0.779932
vt 0.844667 0.751426
vt 0.812032 0.462396
vt 0.860422 0.496699
vt 0.849185 0.505053
vt 0.806238 0.475483
vt 0.876791 0.544642
vt 0.862927 0.544559
vt 0.855597 0.594765
vt 0.843512 0.586772
vt 0.818769 0.629845
vt 0.811625 0.617604
vt 0.768359 0.644446
vt 0.767727 0.630251
vt 0.717043 0.633912
vt 0.723055 0.621036
vt 0.677730 0.601915
vt 0.688929 0.592931
vt 0.652381 0.554268
vt 0.666043 0.552447
vt 0.664276 0.504849
vt 0.676459 0.511948
vt 0.709938 0.466317
vt 0.716910 0.478927
vt 0.760593 0.452398
vt 0.761209 0.466603
vt 0.969337 0.894258
vt 0.983570 0.915542
vt 0.948875 0.936512
vt 0.949577 0.887394
vt 0.929552 0.899058
vt 0.914793 0.914561
vt 0.909167 0.935945
vt 0.914181 0.957481
vt 0.928491 0.973398
vt 0.948174 0.985629
vt 0.968122 0.979332
vt 0.982957 0.958462
vt 0.988584 0.937078
vt 0.764495 0.548656
vt 0.628291 0.689891
vt 0.641994 0.672341
vt 0.666473 0.640977
vt 0.681352 0.621932
vt 0.074654 0.872712
vt 0.064940 0.864845
vt 0.075134 0.865757
vt 0.078293 0.867828
vt 0.102084 0.944511
vt 0.122492 0.964728
vt 0.091581 0.987634
vt 0.051746 0.952565
vt 0.077671 0.922974
vt 0.116417 0.930658
vt 0.136950 0.928183
vt 0.065410 0.885116
vt 0.053194 0.901509
vt 0.030538 0.883848
vt 0.127262 0.920174
vt 0.132285 0.915319
vt 0.135003 0.919720
vt 0.056859 0.993756
vt 0.010123 0.952648
vt 0.026838 0.980766
vt 0.011764 0.917429
vn -0.335986 -0.785273 -0.520057
vn 0.000000 -0.830476 -0.557055
vn 0.000000 -0.823479 0.567347
vn -0.319779 -0.783350 0.533015
vn -0.319779 -0.783350 0.533015
vn 0.000000 -0.823479 0.567347
vn 0.000000 0.107390 0.994217
vn -0.491230 0.213177 0.844541
vn -0.429003 -0.533069 -0.729242
vn 0.000000 -0.592359 -0.805674
vn 0.000000 -0.655111 0.755532
vn -0.461984 -0.581059 0.670030
vn -0.566599 0.224032 -0.792953
vn 0.000000 0.129917 -0.991525
vn 0.000000 -0.830476 -0.557055
vn -0.335986 -0.785273 -0.520057
vn 0.393260 -0.774487 -0.495496
vn 0.678536 0.080726 -0.730118
vn 0.625137 0.098230 0.774309
vn 0.258274 -0.782810 0.566130
vn -0.491230 0.213177 0.844541
vn -0.566599 0.224032 -0.792953
vn -0.335986 -0.785273 -0.520057
vn -0.319779 -0.783350 0.533015
vn -0.461984 -0.581059 0.670030
vn -0.563781 0.064749 0.823383
vn -0.471507 0.149691 -0.869065
vn -0.429003 -0.533069 -0.729242
vn -0.461984 -0.581059 0.670030
vn 0.000000 -0.655111 0.755532
vn 0.000000 -0.009782 0.999952
vn -0.563781 0.064749 0.823383
vn 0.579744 -0.000516 -0.814799
vn 0.694444 -0.104801 0.711874
vn 0.528302 -0.588920 0.611613
vn 0.325183 -0.579169 -0.747542
vn -0.471507 0.149691 -0.869065
vn 0.000000 0.100155 -0.994972
vn 0.000000 -0.592359 -0.805674
vn -0.429003 -0.533069 -0.729242
vn -0.537971 0.785879 -0.304929
vn -0.614363 -0.778493 -0.128483
vn -0.618037 -0.725094 0.303757
vn -0.533685 0.837894 0.114521
vn -0.533685 0.837894 0.114521
vn 0.000000 0.999949 0.010103
vn 0.000000 0.969076 -0.246764
vn -0.537971 0.785879 -0.304929
vn 0.578362 0.805247 0.130669
vn 0.659748 -0.684996 0.309050
vn 0.656490 -0.740493 -0.143844
vn 0.582340 0.750620 -0.312170
vn -0.614363 -0.778493 -0.128483
vn 0.000000 -0.999997 -0.002275
vn 0.000000 -0.970954 0.239265
vn -0.618037 -0.725094 0.303757
vn -0.528099 0.746543 -0.404704
vn -0.606434 -0.785485 0.123496
vn -0.623056 -0.682496 0.382099
vn -0.509064 0.848086 -0.146983
vn -0.509064 0.848086 -0.146983
vn 0.000000 0.969488 -0.245138
vn 0.000000 0.910123 -0.414338
vn -0.528099 0.746543 -0.404704
vn 0.555082 0.821847 -0.128263
vn 0.666309 -0.644146 0.375644
vn 0.650820 -0.752150 0.103457
vn 0.573672 0.714013 -0.401356
vn -0.606434 -0.785485 0.123496
vn 0.000000 -0.966006 0.258519
vn 0.000000 -0.915646 0.401986
vn -0.623056 -0.682496 0.382099
vn -0.487503 0.659286 -0.572435
vn -0.630269 -0.661366 0.406639
vn -0.614496 -0.578510 0.536396
vn -0.452782 0.772024 -0.446057
vn -0.452782 0.772024 -0.446057
vn 0.000000 0.834474 -0.551047
vn 0.000000 0.765414 -0.643539
vn -0.487503 0.659286 -0.572435
vn 0.518370 0.729124 -0.446845
vn 0.674643 -0.565324 0.474621
vn 0.625145 -0.693785 0.357569
vn 0.536886 0.604023 -0.588990
vn -0.630269 -0.661366 0.406639
vn 0.000000 -0.834656 0.550772
vn 0.000000 -0.790689 0.612218
vn -0.614496 -0.578510 0.536396
vn -0.480484 0.492347 -0.725762
vn -0.663056 -0.379862 0.645028
vn -0.575161 -0.325390 0.750540
vn -0.407553 0.614458 -0.675531
vn -0.407553 0.614458 -0.675531
vn 0.000000 0.595446 -0.803396
vn 0.000000 0.514881 -0.857262
vn -0.480484 0.492347 -0.725762
vn 0.550749 0.456385 -0.698848
vn 0.664777 -0.456229 0.591547
vn 0.569497 -0.585833 0.576605
vn 0.487144 0.350555 -0.799876
vn -0.663056 -0.379862 0.645028
vn 0.000000 -0.580916 0.813963
vn 0.000000 -0.543930 0.839131
vn -0.575161 -0.325390 0.750540
vn -0.525669 0.161452 -0.835228
vn -0.635799 -0.259422 0.726952
vn -0.549575 0.012089 0.835357
vn -0.424991 0.444837 -0.788354
vn -0.424991 0.444837 -0.788354
vn 0.000000 0.359796 -0.933031
vn 0.000000 0.177517 -0.984118
vn -0.525669 0.161452 -0.835228
vn 0.586870 0.281354 -0.759226
vn 0.655196 -0.149317 0.740555
vn 0.557332 -0.453227 0.695677
vn 0.495571 0.001269 -0.868567
vn -0.635799 -0.259422 0.726952
vn 0.000000 -0.348648 0.937254
vn 0.000000 -0.184727 0.982790
vn -0.549575 0.012089 0.835357
vn -0.494230 0.868145 0.045398
vn -0.626638 -0.749595 -0.213148
vn -0.617703 -0.785621 -0.035249
vn -0.506670 0.831496 0.227815
vn -0.626638 -0.749595 -0.213148
vn 0.000000 -0.977911 -0.209023
vn 0.000000 -0.993748 -0.111648
vn -0.617703 -0.785621 -0.035249
vn 0.553436 0.800586 0.229719
vn 0.659889 -0.751019 -0.022744
vn 0.671044 -0.711021 -0.210116
vn 0.541083 0.840210 0.035734
vn -0.506670 0.831496 0.227815
vn 0.000000 0.974434 0.224672
vn 0.000000 0.995423 0.095567
vn -0.494230 0.868145 0.045398
vn -0.439404 0.804317 0.399999
vn -0.628040 -0.605085 -0.489323
vn -0.649534 -0.658405 -0.380274
vn -0.478977 0.716496 0.507164
vn -0.628040 -0.605085 -0.489323
vn 0.000000 -0.832351 -0.554249
vn 0.000000 -0.861451 -0.507840
vn -0.649534 -0.658405 -0.380274
vn 0.527249 0.658403 0.537135
vn 0.626369 -0.709410 -0.323108
vn 0.685850 -0.601410 -0.409775
vn 0.516088 0.749570 0.414486
vn -0.478977 0.716496 0.507164
vn 0.000000 0.816270 0.577671
vn 0.000000 0.869765 0.493467
vn -0.439404 0.804317 0.399999
vn -0.422852 0.645784 0.635735
vn -0.611036 -0.285810 -0.738206
vn -0.671313 -0.436113 -0.599287
vn -0.500063 0.462159 0.732356
vn -0.611036 -0.285810 -0.738206
vn 0.000000 -0.517226 -0.855849
vn 0.000000 -0.609569 -0.792733
vn -0.671313 -0.436113 -0.599287
vn 0.518432 0.336865 0.785971
vn 0.583506 -0.605361 -0.541348
vn 0.684442 -0.396403 -0.611885
vn 0.559937 0.513261 0.650411
vn -0.500063 0.462159 0.732356
vn 0.000000 0.514151 0.857700
vn 0.000000 0.633045 0.774115
vn -0.422852 0.645784 0.635735
vn -0.424268 0.430023 0.796917
vn -0.586676 -0.018338 -0.809614
vn -0.638880 -0.241910 -0.730282
vn -0.541706 0.201652 0.816022
vn -0.586676 -0.018338 -0.809614
vn 0.000000 -0.207321 -0.978273
vn 0.000000 -0.338777 -0.940867
vn -0.638880 -0.241910 -0.730282
vn 0.524591 0.041662 0.850334
vn 0.567029 -0.431118 -0.701866
vn 0.681163 -0.184328 -0.708548
vn 0.576485 0.273489 0.769980
vn -0.541706 0.201652 0.816022
vn 0.000000 0.208030 0.978123
vn 0.000000 0.357362 0.933966
vn -0.424268 0.430023 0.796917
vn -0.436435 0.281150 0.854681
vn -0.561476 0.145713 -0.814563
vn -0.596446 -0.192732 -0.779170
vn -0.538383 -0.038079 0.841840
vn -0.538383 -0.038079 0.841840
vn 0.000000 -0.018342 0.999832
vn 0.000000 0.176091 0.984374
vn -0.436435 0.281150 0.854681
vn 0.523301 -0.149456 0.838939
vn 0.569827 -0.315092 -0.758956
vn 0.655255 0.033793 -0.754652
vn 0.552732 0.185622 0.812424
vn -0.561476 0.145713 -0.814563
vn 0.000000 0.012476 -0.999922
vn 0.000000 -0.198853 -0.980029
vn -0.596446 -0.192732 -0.779170
vn -0.398800 0.913017 -0.085777
vn -0.472622 -0.880339 -0.040404
vn -0.626638 -0.749595 -0.213148
vn -0.494230 0.868145 0.045398
vn -0.473542 -0.866147 -0.159836
vn -0.388924 0.805122 0.447792
vn -0.506670 0.831496 0.227815
vn -0.617703 -0.785621 -0.035249
vn -0.472622 -0.880339 -0.040404
vn 0.000000 -1.000000 0.001016
vn 0.000000 -0.977911 -0.209023
vn -0.626638 -0.749595 -0.213148
vn 0.000000 -0.993748 -0.111648
vn 0.000000 -0.960405 -0.278609
vn -0.473542 -0.866147 -0.159836
vn -0.617703 -0.785621 -0.035249
vn 0.431212 0.777968 0.456971
vn 0.517344 -0.845110 -0.134704
vn 0.659889 -0.751019 -0.022744
vn 0.553436 0.800586 0.229719
vn 0.518395 -0.854027 -0.043645
vn 0.439984 0.893687 -0.087965
vn 0.541083 0.840210 0.035734
vn 0.671044 -0.711021 -0.210116
vn -0.388924 0.805122 0.447792
vn 0.000000 0.918196 0.396127
vn 0.000000 0.974434 0.224672
vn -0.506670 0.831496 0.227815
vn 0.000000 0.995423 0.095567
vn 0.000000 0.998616 -0.052598
vn -0.398800 0.913017 -0.085777
vn -0.494230 0.868145 0.045398
vn -0.400276 0.894214 -0.200401
vn -0.473100 -0.860758 0.187811
vn -0.614363 -0.778493 -0.128483
vn -0.537971 0.785879 -0.304929
vn -0.472622 -0.880339 -0.040404
vn -0.398800 0.913017 -0.085777
vn -0.533685 0.837894 0.114521
vn -0.618037 -0.725094 0.303757
vn -0.398800 0.913017 -0.085777
vn 0.000000 0.998616 -0.052598
vn 0.000000 0.999949 0.010103
vn -0.533685 0.837894 0.114521
vn 0.000000 0.969076 -0.246764
vn 0.000000 0.977446 -0.211185
vn -0.400276 0.894214 -0.200401
vn -0.537971 0.785879 -0.304929
vn 0.439984 0.893687 -0.087965
vn 0.518395 -0.854027 -0.043645
vn 0.659748 -0.684996 0.309050
vn 0.578362 0.805247 0.130669
vn 0.518988 -0.834969 0.182971
vn 0.441653 0.875213 -0.197344
vn 0.582340 0.750620 -0.312170
vn 0.656490 -0.740493 -0.143844
vn -0.473100 -0.860758 0.187811
vn 0.000000 -0.978087 0.208197
vn 0.000000 -0.999997 -0.002275
vn -0.614363 -0.778493 -0.128483
vn 0.000000 -0.970954 0.239265
vn 0.000000 -1.000000 0.001016
vn -0.472622 -0.880339 -0.040404
vn -0.618037 -0.725094 0.303757
vn -0.394957 0.800038 -0.451606
vn -0.473718 -0.797341 0.373949
vn -0.606434 -0.785485 0.123496
vn -0.528099 0.746543 -0.404704
vn -0.473100 -0.860758 0.187811
vn -0.400276 0.894214 -0.200401
vn -0.509064 0.848086 -0.146983
vn -0.623056 -0.682496 0.382099
vn -0.400276 0.894214 -0.200401
vn 0.000000 0.977446 -0.211185
vn 0.000000 0.969488 -0.245138
vn -0.509064 0.848086 -0.146983
vn 0.000000 0.910123 -0.414338
vn 0.000000 0.889473 -0.456988
vn -0.394957 0.800038 -0.451606
vn -0.528099 0.746543 -0.404704
vn 0.441653 0.875213 -0.197344
vn 0.518988 -0.834969 0.182971
vn 0.666309 -0.644146 0.375644
vn 0.555082 0.821847 -0.128263
vn 0.519947 -0.773905 0.361561
vn 0.435861 0.781439 -0.446518
vn 0.573672 0.714013 -0.401356
vn 0.650820 -0.752150 0.103457
vn -0.473718 -0.797341 0.373949
vn 0.000000 -0.898889 0.438176
vn 0.000000 -0.966006 0.258519
vn -0.606434 -0.785485 0.123496
vn 0.000000 -0.915646 0.401986
vn 0.000000 -0.978087 0.208197
vn -0.473100 -0.860758 0.187811
vn -0.623056 -0.682496 0.382099
vn -0.359452 0.581068 -0.730174
vn -0.479204 -0.689793 0.542724
vn -0.630269 -0.661366 0.406639
vn -0.487503 0.659286 -0.572435
vn -0.473718 -0.797341 0.373949
vn -0.394957 0.800038 -0.451606
vn -0.452782 0.772024 -0.446057
vn -0.614496 -0.578510 0.536396
vn -0.394957 0.800038 -0.451606
vn 0.000000 0.889473 -0.456988
vn 0.000000 0.834474 -0.551047
vn -0.452782 0.772024 -0.446057
vn 0.000000 0.765414 -0.643539
vn 0.000000 0.653336 -0.757068
vn -0.359452 0.581068 -0.730174
vn -0.487503 0.659286 -0.572435
vn 0.435861 0.781439 -0.446518
vn 0.519947 -0.773905 0.361561
vn 0.674643 -0.565324 0.474621
vn 0.518370 0.729124 -0.446845
vn 0.475128 -0.750555 0.459262
vn 0.428205 0.471194 -0.771114
vn 0.536886 0.604023 -0.588990
vn 0.625145 -0.693785 0.357569
vn -0.479204 -0.689793 0.542724
vn 0.000000 -0.754889 0.655852
vn 0.000000 -0.834656 0.550772
vn -0.630269 -0.661366 0.406639
vn 0.000000 -0.790689 0.612218
vn 0.000000 -0.898889 0.438176
vn -0.473718 -0.797341 0.373949
vn -0.614496 -0.578510 0.536396
vn -0.326408 0.683175 -0.653246
vn -0.416711 0.124156 0.900520
vn -0.663056 -0.379862 0.645028
vn -0.480484 0.492347 -0.725762
vn -0.479204 -0.689793 0.542724
vn -0.359452 0.581068 -0.730174
vn -0.407553 0.614458 -0.675531
vn -0.575161 -0.325390 0.750540
vn -0.359452 0.581068 -0.730174
vn 0.000000 0.653336 -0.757068
vn 0.000000 0.595446 -0.803396
vn -0.407553 0.614458 -0.675531
vn 0.000000 0.514881 -0.857262
vn 0.000000 0.512819 -0.858497
vn -0.326408 0.683175 -0.653246
vn -0.480484 0.492347 -0.725762
vn 0.428205 0.471194 -0.771114
vn 0.475128 -0.750555 0.459262
vn 0.664777 -0.456229 0.591547
vn 0.550749 0.456385 -0.698848
vn 0.427010 -0.052750 0.902707
vn 0.405527 0.599354 -0.690161
vn 0.487144 0.350555 -0.799876
vn 0.569497 -0.585833 0.576605
vn -0.416711 0.124156 0.900520
vn 0.000000 -0.232386 0.972624
vn 0.000000 -0.580916 0.813963
vn -0.663056 -0.379862 0.645028
vn 0.000000 -0.543930 0.839131
vn 0.000000 -0.754889 0.655852
vn -0.479204 -0.689793 0.542724
vn -0.575161 -0.325390 0.750540
vn -0.314905 -0.273603 -0.908832
vn -0.378140 -0.607768 0.698304
vn -0.635799 -0.259422 0.726952
vn -0.525669 0.161452 -0.835228
vn -0.416711 0.124156 0.900520
vn -0.326408 0.683175 -0.653246
vn -0.424991 0.444837 -0.788354
vn -0.549575 0.012089 0.835357
vn -0.326408 0.683175 -0.653246
vn 0.000000 0.512819 -0.858497
vn 0.000000 0.359796 -0.933031
vn -0.424991 0.444837 -0.788354
vn 0.000000 0.177517 -0.984118
vn 0.000000 -0.075379 -0.997155
vn -0.314905 -0.273603 -0.908832
vn -0.525669 0.161452 -0.835228
vn 0.405527 0.599354 -0.690161
vn 0.427010 -0.052750 0.902707
vn 0.655196 -0.149317 0.740555
vn 0.586870 0.281354 -0.759226
vn 0.375242 -0.676825 0.633326
vn 0.339315 -0.380973 -0.860073
vn 0.495571 0.001269 -0.868567
vn 0.557332 -0.453227 0.695677
vn -0.378140 -0.607768 0.698304
vn 0.000000 -0.425226 0.905087
vn 0.000000 -0.348648 0.937254
vn -0.635799 -0.259422 0.726952
vn 0.000000 -0.184727 0.982790
vn 0.000000 -0.232386 0.972624
vn -0.416711 0.124156 0.900520
vn -0.549575 0.012089 0.835357
vn -0.378140 -0.607768 0.698304
vn -0.314905 -0.273603 -0.908832
vn -0.471507 0.149691 -0.869065
vn -0.563781 0.064749 0.823383
vn 0.000000 -0.009782 0.999952
vn 0.000000 -0.425226 0.905087
vn -0.378140 -0.607768 0.698304
vn -0.563781 0.064749 0.823383
vn 0.339315 -0.380973 -0.860073
vn 0.375242 -0.676825 0.633326
vn 0.694444 -0.104801 0.711874
vn 0.579744 -0.000516 -0.814799
vn -0.314905 -0.273603 -0.908832
vn 0.000000 -0.075379 -0.997155
vn 0.000000 0.100155 -0.994972
vn -0.471507 0.149691 -0.869065
vn -0.388924 0.805122 0.447792
vn -0.473542 -0.866147 -0.159836
vn -0.628040 -0.605085 -0.489323
vn -0.439404 0.804317 0.399999
vn -0.487896 -0.480190 -0.728955
vn -0.355415 0.743762 0.566126
vn -0.478977 0.716496 0.507164
vn -0.649534 -0.658405 -0.380274
vn -0.473542 -0.866147 -0.159836
vn 0.000000 -0.960405 -0.278609
vn 0.000000 -0.832351 -0.554249
vn -0.628040 -0.605085 -0.489323
vn 0.000000 -0.861451 -0.507840
vn 0.000000 -0.677055 -0.735932
vn -0.487896 -0.480190 -0.728955
vn -0.649534 -0.658405 -0.380274
vn 0.439366 0.668526 0.600026
vn 0.481526 -0.572574 -0.663545
vn 0.626369 -0.709410 -0.323108
vn 0.527249 0.658403 0.537135
vn 0.517344 -0.845110 -0.134704
vn 0.431212 0.777968 0.456971
vn 0.516088 0.749570 0.414486
vn 0.685850 -0.601410 -0.409775
vn -0.355415 0.743762 0.566126
vn 0.000000 0.734962 0.678109
vn 0.000000 0.816270 0.577671
vn -0.478977 0.716496 0.507164
vn 0.000000 0.869765 0.493467
vn 0.000000 0.918196 0.396127
vn -0.388924 0.805122 0.447792
vn -0.439404 0.804317 0.399999
vn -0.355415 0.743762 0.566126
vn -0.487896 -0.480190 -0.728955
vn -0.611036 -0.285810 -0.738206
vn -0.422852 0.645784 0.635735
vn -0.486234 -0.379764 -0.786992
vn -0.349679 0.349642 0.869181
vn -0.500063 0.462159 0.732356
vn -0.671313 -0.436113 -0.599287
vn -0.487896 -0.480190 -0.728955
vn 0.000000 -0.677055 -0.735932
vn 0.000000 -0.517226 -0.855849
vn -0.611036 -0.285810 -0.738206
vn 0.000000 -0.609569 -0.792733
vn 0.000000 -0.454698 -0.890646
vn -0.486234 -0.379764 -0.786992
vn -0.671313 -0.436113 -0.599287
vn 0.424640 0.206220 0.881564
vn 0.464568 -0.506577 -0.726331
vn 0.583506 -0.605361 -0.541348
vn 0.518432 0.336865 0.785971
vn 0.481526 -0.572574 -0.663545
vn 0.439366 0.668526 0.600026
vn 0.559937 0.513261 0.650411
vn 0.684442 -0.396403 -0.611885
vn -0.349679 0.349642 0.869181
vn 0.000000 0.371929 0.928261
vn 0.000000 0.514151 0.857700
vn -0.500063 0.462159 0.732356
vn 0.000000 0.633045 0.774115
vn 0.000000 0.734962 0.678109
vn -0.355415 0.743762 0.566126
vn -0.422852 0.645784 0.635735
vn -0.349679 0.349642 0.869181
vn -0.486234 -0.379764 -0.786992
vn -0.586676 -0.018338 -0.809614
vn -0.424268 0.430023 0.796917
vn -0.389067 0.249225 -0.886856
vn -0.353251 0.464821 0.811884
vn -0.541706 0.201652 0.816022
vn -0.638880 -0.241910 -0.730282
vn -0.486234 -0.379764 -0.786992
vn 0.000000 -0.454698 -0.890646
vn 0.000000 -0.207321 -0.978273
vn -0.586676 -0.018338 -0.809614
vn 0.000000 -0.338777 -0.940867
vn 0.000000 -0.015644 -0.999878
vn -0.389067 0.249225 -0.886856
vn -0.638880 -0.241910 -0.730282
vn 0.420940 0.383685 0.821946
vn 0.419040 0.141747 -0.896835
vn 0.567029 -0.431118 -0.701866
vn 0.524591 0.041662 0.850334
vn 0.464568 -0.506577 -0.726331
vn 0.424640 0.206220 0.881564
vn 0.576485 0.273489 0.769980
vn 0.681163 -0.184328 -0.708548
vn -0.353251 0.464821 0.811884
vn 0.000000 0.278873 0.960328
vn 0.000000 0.208030 0.978123
vn -0.541706 0.201652 0.816022
vn 0.000000 0.357362 0.933966
vn 0.000000 0.371929 0.928261
vn -0.349679 0.349642 0.869181
vn -0.424268 0.430023 0.796917
vn -0.353251 0.464821 0.811884
vn -0.389067 0.249225 -0.886856
vn -0.561476 0.145713 -0.814563
vn -0.436435 0.281150 0.854681
vn -0.418775 0.012120 -0.908009
vn -0.345026 0.038270 0.937813
vn -0.538383 -0.038079 0.841840
vn -0.596446 -0.192732 -0.779170
vn -0.345026 0.038270 0.937813
vn 0.000000 0.023551 0.999723
vn 0.000000 -0.018342 0.999832
vn -0.538383 -0.038079 0.841840
vn 0.000000 0.176091 0.984374
vn 0.000000 0.278873 0.960328
vn -0.353251 0.464821 0.811884
vn -0.436435 0.281150 0.854681
vn 0.388345 -0.017747 0.921343
vn 0.458670 -0.050087 -0.887194
vn 0.569827 -0.315092 -0.758956
vn 0.523301 -0.149456 0.838939
vn 0.419040 0.141747 -0.896835
vn 0.420940 0.383685 0.821946
vn 0.552732 0.185622 0.812424
vn 0.655255 0.033793 -0.754652
vn -0.389067 0.249225 -0.886856
vn 0.000000 -0.015644 -0.999878
vn 0.000000 0.012476 -0.999922
vn -0.561476 0.145713 -0.814563
vn 0.000000 -0.198853 -0.980029
vn 0.000000 -0.032109 -0.999484
vn -0.418775 0.012120 -0.908009
vn -0.596446 -0.192732 -0.779170
vn 0.000000 0.107390 0.994217
vn 0.000000 0.023551 0.999723
vn -0.345026 0.038270 0.937813
vn -0.491230 0.213177 0.844541
vn -0.418775 0.012120 -0.908009
vn 0.000000 -0.032109 -0.999484
vn 0.000000 0.129917 -0.991525
vn -0.566599 0.224032 -0.792953
vn 0.458670 -0.050087 -0.887194
vn 0.388345 -0.017747 0.921343
vn 0.625137 0.098230 0.774309
vn 0.678536 0.080726 -0.730118
vn -0.345026 0.038270 0.937813
vn -0.418775 0.012120 -0.908009
vn -0.566599 0.224032 -0.792953
vn -0.491230 0.213177 0.844541
vn 0.000000 -0.977911 -0.209023
vn 0.000000 -1.000000 0.001016
vn 0.518395 -0.854027 -0.043645
vn 0.671044 -0.711021 -0.210116
vn 0.000000 -0.993748 -0.111648
vn 0.000000 -0.977911 -0.209023
vn 0.671044 -0.711021 -0.210116
vn 0.659889 -0.751019 -0.022744
vn 0.517344 -0.845110 -0.134704
vn 0.000000 -0.960405 -0.278609
vn 0.000000 -0.993748 -0.111648
vn 0.659889 -0.751019 -0.022744
vn 0.000000 -0.832351 -0.554249
vn 0.000000 -0.960405 -0.278609
vn 0.517344 -0.845110 -0.134704
vn 0.685850 -0.601410 -0.409775
vn 0.000000 -0.861451 -0.507840
vn 0.000000 -0.832351 -0.554249
vn 0.685850 -0.601410 -0.409775
vn 0.626369 -0.709410 -0.323108
vn 0.481526 -0.572574 -0.663545
vn 0.000000 -0.677055 -0.735932
vn 0.000000 -0.861451 -0.507840
vn 0.626369 -0.709410 -0.323108
vn 0.000000 -0.517226 -0.855849
vn 0.000000 -0.677055 -0.735932
vn 0.481526 -0.572574 -0.663545
vn 0.684442 -0.396403 -0.611885
vn 0.000000 -0.609569 -0.792733
vn 0.000000 -0.517226 -0.855849
vn 0.684442 -0.396403 -0.611885
vn 0.583506 -0.605361 -0.541348
vn 0.464568 -0.506577 -0.726331
vn 0.000000 -0.454698 -0.890646
vn 0.000000 -0.609569 -0.792733
vn 0.583506 -0.605361 -0.541348
vn 0.000000 -0.207321 -0.978273
vn 0.000000 -0.454698 -0.890646
vn 0.464568 -0.506577 -0.726331
vn 0.681163 -0.184328 -0.708548
vn 0.000000 -0.338777 -0.940867
vn 0.000000 -0.207321 -0.978273
vn 0.681163 -0.184328 -0.708548
vn 0.567029 -0.431118 -0.701866
vn 0.419040 0.141747 -0.896835
vn 0.000000 -0.015644 -0.999878
vn 0.000000 -0.338777 -0.940867
vn 0.567029 -0.431118 -0.701866
vn 0.000000 0.012476 -0.999922
vn 0.000000 -0.015644 -0.999878
vn 0.419040 0.141747 -0.896835
vn 0.655255 0.033793 -0.754652
vn 0.000000 -0.198853 -0.980029
vn 0.000000 0.012476 -0.999922
vn 0.655255 0.033793 -0.754652
vn 0.569827 -0.315092 -0.758956
vn 0.458670 -0.050087 -0.887194
vn 0.000000 -0.032109 -0.999484
vn 0.000000 -0.198853 -0.980029
vn 0.569827 -0.315092 -0.758956
vn 0.000000 0.129917 -0.991525
vn 0.000000 -0.032109 -0.999484
vn 0.458670 -0.050087 -0.887194
vn 0.678536 0.080726 -0.730118
vn 0.000000 -0.830476 -0.557055
vn 0.000000 0.129917 -0.991525
vn 0.678536 0.080726 -0.730118
vn 0.393260 -0.774487 -0.495496
vn 0.000000 -0.823479 0.567347
vn 0.000000 -0.830476 -0.557055
vn 0.393260 -0.774487 -0.495496
vn 0.258274 -0.782810 0.566130
vn 0.000000 0.107390 0.994217
vn 0.000000 -0.823479 0.567347
vn 0.258274 -0.782810 0.566130
vn 0.625137 0.098230 0.774309
vn 0.388345 -0.017747 0.921343
vn 0.000000 0.023551 0.999723
vn 0.000000 0.107390 0.994217
vn 0.625137 0.098230 0.774309
vn 0.000000 -0.018342 0.999832
vn 0.000000 0.023551 0.999723
vn 0.388345 -0.017747 0.921343
vn 0.523301 -0.149456 0.838939
vn 0.000000 0.176091 0.984374
vn 0.000000 -0.018342 0.999832
vn 0.523301 -0.149456 0.838939
vn 0.552732 0.185622 0.812424
vn 0.420940 0.383685 0.821946
vn 0.000000 0.278873 0.960328
vn 0.000000 0.176091 0.984374
vn 0.552732 0.185622 0.812424
vn 0.000000 0.208030 0.978123
vn 0.000000 0.278873 0.960328
vn 0.420940 0.383685 0.821946
vn 0.524591 0.041662 0.850334
vn 0.000000 0.357362 0.933966
vn 0.000000 0.208030 0.978123
vn 0.524591 0.041662 0.850334
vn 0.576485 0.273489 0.769980
vn 0.424640 0.206220 0.881564
vn 0.000000 0.371929 0.928261
vn 0.000000 0.357362 0.933966
vn 0.576485 0.273489 0.769980
vn 0.000000 0.514151 0.857700
vn 0.000000 0.371929 0.928261
vn 0.424640 0.206220 0.881564
vn 0.518432 0.336865 0.785971
vn 0.000000 0.633045 0.774115
vn 0.000000 0.514151 0.857700
vn 0.518432 0.336865 0.785971
vn 0.559937 0.513261 0.650411
vn 0.439366 0.668526 0.600026
vn 0.000000 0.734962 0.678109
vn 0.000000 0.633045 0.774115
vn 0.559937 0.513261 0.650411
vn 0.000000 0.816270 0.577671
vn 0.000000 0.734962 0.678109
vn 0.439366 0.668526 0.600026
vn 0.527249 0.658403 0.537135
vn 0.000000 0.869765 0.493467
vn 0.000000 0.816270 0.577671
vn 0.527249 0.658403 0.537135
vn 0.516088 0.749570 0.414486
vn 0.431212 0.777968 0.456971
vn 0.000000 0.918196 0.396127
vn 0.000000 0.869765 0.493467
vn 0.516088 0.749570 0.414486
vn 0.000000 0.974434 0.224672
vn 0.000000 0.918196 0.396127
vn 0.431212 0.777968 0.456971
vn 0.553436 0.800586 0.229719
vn 0.000000 0.995423 0.095567
vn 0.000000 0.974434 0.224672
vn 0.553436 0.800586 0.229719
vn 0.541083 0.840210 0.035734
vn 0.439984 0.893687 -0.087965
vn 0.000000 0.998616 -0.052598
vn 0.000000 0.995423 0.095567
vn 0.541083 0.840210 0.035734
vn 0.000000 0.999949 0.010103
vn 0.000000 0.998616 -0.052598
vn 0.439984 0.893687 -0.087965
vn 0.578362 0.805247 0.130669
vn 0.000000 0.969076 -0.246764
vn 0.000000 0.999949 0.010103
vn 0.578362 0.805247 0.130669
vn 0.582340 0.750620 -0.312170
vn 0.441653 0.875213 -0.197344
vn 0.000000 0.977446 -0.211185
vn 0.000000 0.969076 -0.246764
vn 0.582340 0.750620 -0.312170
vn 0.000000 0.969488 -0.245138
vn 0.000000 0.977446 -0.211185
vn 0.441653 0.875213 -0.197344
vn 0.555082 0.821847 -0.128263
vn 0.000000 0.910123 -0.414338
vn 0.000000 0.969488 -0.245138
vn 0.555082 0.821847 -0.128263
vn 0.573672 0.714013 -0.401356
vn 0.435861 0.781439 -0.446518
vn 0.000000 0.889473 -0.456988
vn 0.000000 0.910123 -0.414338
vn 0.573672 0.714013 -0.401356
vn 0.000000 0.834474 -0.551047
vn 0.000000 0.889473 -0.456988
vn 0.435861 0.781439 -0.446518
vn 0.518370 0.729124 -0.446845
vn 0.000000 0.765414 -0.643539
vn 0.000000 0.834474 -0.551047
vn 0.518370 0.729124 -0.446845
vn 0.536886 0.604023 -0.588990
vn 0.428205 0.471194 -0.771114
vn 0.000000 0.653336 -0.757068
vn 0.000000 0.765414 -0.643539
vn 0.536886 0.604023 -0.588990
vn 0.000000 0.595446 -0.803396
vn 0.000000 0.653336 -0.757068
vn 0.428205 0.471194 -0.771114
vn 0.550749 0.456385 -0.698848
vn 0.000000 0.514881 -0.857262
vn 0.000000 0.595446 -0.803396
vn 0.550749 0.456385 -0.698848
vn 0.487144 0.350555 -0.799876
vn 0.405527 0.599354 -0.690161
vn 0.000000 0.512819 -0.858497
vn 0.000000 0.514881 -0.857262
vn 0.487144 0.350555 -0.799876
vn 0.000000 0.359796 -0.933031
vn 0.000000 0.512819 -0.858497
vn 0.405527 0.599354 -0.690161
vn 0.586870 0.281354 -0.759226
vn 0.000000 0.177517 -0.984118
vn 0.000000 0.359796 -0.933031
vn 0.586870 0.281354 -0.759226
vn 0.495571 0.001269 -0.868567
vn 0.339315 -0.380973 -0.860073
vn 0.000000 -0.075379 -0.997155
vn 0.000000 0.177517 -0.984118
vn 0.495571 0.001269 -0.868567
vn 0.000000 0.100155 -0.994972
vn 0.000000 -0.075379 -0.997155
vn 0.339315 -0.380973 -0.860073
vn 0.579744 -0.000516 -0.814799
vn 0.000000 -0.592359 -0.805674
vn 0.000000 0.100155 -0.994972
vn 0.579744 -0.000516 -0.814799
vn 0.325183 -0.579169 -0.747542
vn 0.000000 -0.655111 0.755532
vn 0.000000 -0.592359 -0.805674
vn 0.325183 -0.579169 -0.747542
vn 0.528302 -0.588920 0.611613
vn 0.000000 -0.009782 0.999952
vn 0.000000 -0.655111 0.755532
vn 0.528302 -0.588920 0.611613
vn 0.694444 -0.104801 0.711874
vn 0.375242 -0.676825 0.633326
vn 0.000000 -0.425226 0.905087
vn 0.000000 -0.009782 0.999952
vn 0.694444 -0.104801 0.711874
vn 0.000000 -0.348648 0.937254
vn 0.000000 -0.425226 0.905087
vn 0.375242 -0.676825 0.633326
vn 0.557332 -0.453227 0.695677
vn 0.000000 -0.184727 0.982790
vn 0.000000 -0.348648 0.937254
vn 0.557332 -0.453227 0.695677
vn 0.655196 -0.149317 0.740555
vn 0.427010 -0.052750 0.902707
vn 0.000000 -0.232386 0.972624
vn 0.000000 -0.184727 0.982790
vn 0.655196 -0.149317 0.740555
vn 0.000000 -0.580916 0.813963
vn 0.000000 -0.232386 0.972624
vn 0.427010 -0.052750 0.902707
vn 0.569497 -0.585833 0.576605
vn 0.000000 -0.543930 0.839131
vn 0.000000 -0.580916 0.813963
vn 0.569497 -0.585833 0.576605
vn 0.664777 -0.456229 0.591547
vn 0.475128 -0.750555 0.459262
vn 0.000000 -0.754889 0.655852
vn 0.000000 -0.543930 0.839131
vn 0.664777 -0.456229 0.591547
vn 0.000000 -0.834656 0.550772
vn 0.000000 -0.754889 0.655852
vn 0.475128 -0.750555 0.459262
vn 0.625145 -0.693785 0.357569
vn 0.000000 -0.790689 0.612218
vn 0.000000 -0.834656 0.550772
vn 0.625145 -0.693785 0.357569
vn 0.674643 -0.565324 0.474621
vn 0.519947 -0.773905 0.361561
vn 0.000000 -0.898889 0.438176
vn 0.000000 -0.790689 0.612218
vn 0.674643 -0.565324 0.474621
vn 0.000000 -0.966006 0.258519
vn 0.000000 -0.898889 0.438176
vn 0.519947 -0.773905 0.361561
vn 0.650820 -0.752150 0.103457
vn 0.000000 -0.915646 0.401986
vn 0.000000 -0.966006 0.258519
vn 0.650820 -0.752150 0.103457
vn 0.666309 -0.644146 0.375644
vn 0.518988 -0.834969 0.182971
vn 0.000000 -0.978087 0.208197
vn 0.000000 -0.915646 0.401986
vn 0.666309 -0.644146 0.375644
vn 0.000000 -0.999997 -0.002275
vn 0.000000 -0.978087 0.208197
vn 0.518988 -0.834969 0.182971
vn 0.656490 -0.740493 -0.143844
vn 0.000000 -0.970954 0.239265
vn 0.000000 -0.999997 -0.002275
vn 0.656490 -0.740493 -0.143844
vn 0.659748 -0.684996 0.309050
vn 0.518395 -0.854027 -0.043645
vn 0.000000 -1.000000 0.001016
vn 0.000000 -0.970954 0.239265
vn 0.659748 -0.684996 0.309050
vn 0.809400 -0.377062 0.450218
vn 0.875257 0.086227 0.475910
vn 0.465132 0.078016 0.881797
vn 0.374434 -0.572226 0.729628
vn 0.374434 -0.572226 0.729628
vn 0.465132 0.078016 0.881797
vn 0.071703 0.072121 0.994815
vn 0.037651 -0.904556 0.424690
vn 0.037651 -0.904556 0.424690
vn 0.071703 0.072121 0.994815
vn -0.418864 0.070397 0.905316
vn -0.145080 -0.935367 0.322553
vn -0.145080 -0.935367 0.322553
vn -0.418864 0.070397 0.905316
vn -0.815351 0.074679 0.574130
vn -0.555205 -0.732487 0.393967
vn -0.717245 -0.696821 0.000000
vn -0.555205 -0.732487 0.393967
vn -0.815351 0.074679 0.574130
vn -0.996976 0.077705 0.000000
vn 0.465132 0.078016 0.881797
vn 0.468578 0.239795 0.850255
vn 0.065469 0.228180 0.971415
vn 0.071703 0.072121 0.994815
vn 0.071703 0.072121 0.994815
vn 0.065469 0.228180 0.971415
vn -0.410464 0.230534 0.882255
vn -0.418864 0.070397 0.905316
vn -0.418864 0.070397 0.905316
vn -0.410464 0.230534 0.882255
vn -0.792079 0.250173 0.556799
vn -0.815351 0.074679 0.574130
vn -0.815351 0.074679 0.574130
vn -0.792079 0.250173 0.556799
vn -0.965083 0.261946 0.000000
vn -0.996976 0.077705 0.000000
vn 0.065469 0.228180 0.971415
vn 0.065385 0.410395 0.909561
vn -0.381925 0.416522 0.825011
vn -0.410464 0.230534 0.882255
vn -0.410464 0.230534 0.882255
vn -0.381925 0.416522 0.825011
vn -0.728592 0.454732 0.512223
vn -0.792079 0.250173 0.556799
vn -0.792079 0.250173 0.556799
vn -0.728592 0.454732 0.512223
vn -0.879647 0.475627 0.000000
vn -0.965083 0.261946 0.000000
vn 0.069354 -0.965824 -0.249749
vn 0.101878 -0.839936 -0.533037
vn 0.135282 -0.990807 0.000000
vn 0.069354 -0.965824 -0.249749
vn 0.065385 0.410395 0.909561
vn 0.065539 0.543052 0.837138
vn -0.347627 0.546771 0.761707
vn -0.381925 0.416522 0.825011
vn -0.381925 0.416522 0.825011
vn -0.347627 0.546771 0.761707
vn -0.658733 0.588425 0.468856
vn -0.728592 0.454732 0.512223
vn -0.728592 0.454732 0.512223
vn -0.658733 0.588425 0.468856
vn -0.791817 0.610758 0.000000
vn -0.879647 0.475627 0.000000
vn 0.065539 0.543052 0.837138
vn 0.079995 0.707069 0.702606
vn -0.284913 0.723000 0.629361
vn -0.347627 0.546771 0.761707
vn -0.347627 0.546771 0.761707
vn -0.284913 0.723000 0.629361
vn -0.528319 0.762105 0.374265
vn -0.658733 0.588425 0.468856
vn -0.658733 0.588425 0.468856
vn -0.528319 0.762105 0.374265
vn -0.624930 0.780681 0.000000
vn -0.791817 0.610758 0.000000
vn 0.058495 0.818027 0.572197
vn 0.029010 0.793700 0.607617
vn -0.219488 0.835526 0.503708
vn -0.222499 0.848642 0.479897
vn -0.222499 0.848642 0.479897
vn -0.219488 0.835526 0.503708
vn -0.407539 0.864714 0.293568
vn -0.403001 0.872088 0.277584
vn -0.403001 0.872088 0.277584
vn -0.407539 0.864714 0.293568
vn -0.480074 0.877228 0.000000
vn -0.470036 0.882647 0.000000
vn 0.000306 -0.205313 0.978696
vn 0.000421 0.660611 0.750728
vn -0.317445 0.682868 0.657967
vn -0.448271 -0.150138 0.881199
vn 0.000306 -0.205313 0.978696
vn 0.429629 -0.213972 0.877289
vn 0.315362 0.671732 0.670315
vn 0.000421 0.660611 0.750728
vn -0.427081 0.222916 0.876305
vn -0.000501 0.221713 0.975112
vn 0.000039 -0.159661 0.987172
vn -0.423931 -0.174836 0.888659
vn -0.000501 0.221713 0.975112
vn 0.406733 0.232073 0.883578
vn 0.415381 -0.169345 0.893745
vn 0.000039 -0.159661 0.987172
vn -0.389328 -0.345815 0.853719
vn 0.000000 -0.337040 0.941490
vn 0.000000 0.446883 0.894592
vn -0.375685 0.458465 0.805401
vn 0.406733 0.232073 0.883578
vn 0.804906 0.253321 0.536615
vn 0.816978 -0.194013 0.543053
vn 0.415381 -0.169345 0.893745
vn 0.000000 -0.337040 0.941490
vn 0.389328 -0.345816 0.853718
vn 0.375685 0.458466 0.805400
vn 0.000000 0.446883 0.894592
vn -0.768760 -0.366383 0.524187
vn -0.389328 -0.345815 0.853719
vn -0.375685 0.458465 0.805401
vn -0.726465 0.487854 0.483991
vn -0.924783 -0.380495 0.000000
vn -0.768760 -0.366383 0.524187
vn -0.726465 0.487854 0.483991
vn -0.859990 0.510311 0.000000
vn 0.804906 0.253321 0.536615
vn 0.968274 0.249893 0.000000
vn 0.978984 -0.203938 0.000000
vn 0.816978 -0.194013 0.543053
vn 0.389328 -0.345816 0.853718
vn 0.768760 -0.366383 0.524187
vn 0.726465 0.487854 0.483991
vn 0.375685 0.458466 0.805400
vn 0.768760 -0.366383 0.524187
vn 0.924783 -0.380495 0.000000
vn 0.859990 0.510311 0.000000
vn 0.726465 0.487854 0.483991
vn 0.467785 0.430025 0.772176
vn 0.065385 0.410395 0.909561
vn 0.065469 0.228180 0.971415
vn 0.468578 0.239795 0.850255
vn 0.468256 0.559572 0.683824
vn 0.065539 0.543052 0.837138
vn 0.065385 0.410395 0.909561
vn 0.467785 0.430025 0.772176
vn 0.468256 0.559572 0.683824
vn 0.466778 0.656318 0.592761
vn 0.079995 0.707069 0.702606
vn 0.065539 0.543052 0.837138
vn 0.745428 0.562958 0.356953
vn 0.731639 0.568347 0.376412
vn 0.466778 0.656318 0.592761
vn 0.468256 0.559572 0.683824
vn 0.731639 0.568347 0.376412
vn 0.812568 0.582850 -0.004335
vn 0.826629 0.562748 0.000000
vn 0.368231 0.757649 0.538863
vn 0.385703 0.653318 0.651466
vn 0.029010 0.793700 0.607617
vn 0.058495 0.818027 0.572197
vn -0.448271 -0.150138 0.881199
vn -0.317445 0.682868 0.657967
vn -0.583048 0.718268 0.379666
vn -0.825532 -0.126382 0.550022
vn -0.825532 -0.126382 0.550022
vn -0.583048 0.718268 0.379666
vn -0.693041 0.720898 0.000000
vn -0.987835 -0.155505 0.000000
vn 0.648107 0.672872 0.356652
vn 0.802595 0.436819 0.406239
vn 0.385703 0.653318 0.651466
vn 0.368231 0.757649 0.538863
vn -0.423931 -0.174836 0.888659
vn -0.813183 -0.199626 0.546702
vn -0.816637 0.210410 0.537431
vn -0.427081 0.222916 0.876305
vn -0.813183 -0.199626 0.546702
vn -0.978316 -0.207118 0.000000
vn -0.977124 0.212670 0.000000
vn -0.816637 0.210410 0.537431
vn 0.765332 0.643636 0.000000
vn 0.922532 0.385920 0.000000
vn 0.802595 0.436819 0.406239
vn 0.648107 0.672872 0.356652
vn 0.429629 -0.213972 0.877289
vn 0.821041 -0.246008 0.515143
vn 0.618154 0.681297 0.392071
vn 0.315362 0.671732 0.670315
vn 0.957774 -0.287521 0.000000
vn 0.732899 0.680337 0.000000
vn 0.618154 0.681297 0.392071
vn 0.821041 -0.246008 0.515143
vn 0.875257 0.086227 0.475910
vn 0.851925 0.249457 0.460430
vn 0.468578 0.239795 0.850255
vn 0.465132 0.078016 0.881797
vn 0.467785 0.430025 0.772176
vn 0.820565 0.397340 0.410845
vn 0.771067 0.541714 0.334666
vn 0.875729 0.055548 0.479597
vn 0.079997 -0.011321 -0.996731
vn 0.078683 -0.110605 -0.990745
vn 0.865232 0.163837 0.473848
vn 0.002482 0.999996 -0.001659
vn -0.673429 0.589979 -0.445441
vn -0.794476 0.607296 0.000000
vn 0.001528 0.565610 -0.824672
vn -0.338756 0.575443 -0.744386
vn 0.002482 0.999996 -0.001659
vn 0.340022 0.575563 -0.743715
vn 0.002482 0.999996 -0.001659
vn 0.672413 0.591678 -0.444723
vn -0.338756 0.575443 -0.744386
vn -0.673429 0.589979 -0.445441
vn 0.002482 0.999996 -0.001659
vn 0.340022 0.575563 -0.743715
vn 0.001528 0.565610 -0.824672
vn 0.002482 0.999996 -0.001659
vn 0.793202 0.608959 0.000000
vn 0.672413 0.591678 -0.444723
vn 0.002482 0.999996 -0.001659
vn 0.745428 0.562958 0.356953
vn 0.829804 0.478768 0.286715
vn 0.801505 0.506868 0.317294
vn 0.693536 0.624831 0.358600
vn 0.076313 -0.488756 -0.869076
vn 0.101878 -0.839936 -0.533037
vn 0.069354 -0.965824 -0.249749
vn 0.076313 -0.488756 -0.869076
vn 0.078683 -0.110605 -0.990745
vn 0.078741 -0.105991 -0.991245
vn 0.076297 -0.491607 -0.867469
vn 0.851925 0.249457 0.460430
vn 0.820565 0.397340 0.410845
vn 0.467785 0.430025 0.772176
vn 0.468578 0.239795 0.850255
vn 0.771067 0.541714 0.334666
vn 0.829804 0.478768 0.286715
vn 0.745428 0.562958 0.356953
vn 0.073316 -0.406911 -0.910521
vn 0.079997 -0.011321 -0.996731
vn 0.875729 0.055548 0.479597
vn 0.875816 -0.053727 0.479645
vn 0.726465 0.487854 0.483991
vn 0.859990 0.510311 0.000000
vn -0.567647 0.823272 0.000000
vn -0.483059 0.816666 -0.315771
vn 0.000000 0.446883 0.894592
vn 0.375685 0.458466 0.805400
vn -0.267838 0.772356 -0.575960
vn 0.000000 0.753144 -0.657855
vn -0.726465 0.487854 0.483991
vn -0.375685 0.458465 0.805401
vn 0.267838 0.772355 -0.575960
vn 0.483059 0.816666 -0.315771
vn 0.375685 0.458466 0.805400
vn 0.726465 0.487854 0.483991
vn -0.483059 0.816666 -0.315771
vn -0.267838 0.772356 -0.575960
vn -0.375685 0.458465 0.805401
vn 0.000000 0.446883 0.894592
vn 0.000000 0.753144 -0.657855
vn 0.267838 0.772355 -0.575960
vn -0.859990 0.510311 0.000000
vn -0.726465 0.487854 0.483991
vn 0.483059 0.816666 -0.315771
vn 0.567647 0.823272 0.000000
vn -0.483059 0.816666 -0.315771
vn -0.567647 0.823272 0.000000
vn -0.960739 0.277452 0.000000
vn -0.802636 0.266664 -0.533541
vn 0.000000 0.753144 -0.657855
vn -0.267838 0.772356 -0.575960
vn -0.402451 0.252140 -0.880033
vn 0.000000 0.245766 -0.969329
vn 0.483059 0.816666 -0.315771
vn 0.267838 0.772355 -0.575960
vn 0.402452 0.252140 -0.880033
vn 0.802636 0.266664 -0.533541
vn -0.267838 0.772356 -0.575960
vn -0.483059 0.816666 -0.315771
vn -0.802636 0.266664 -0.533541
vn -0.402451 0.252140 -0.880033
vn 0.267838 0.772355 -0.575960
vn 0.000000 0.753144 -0.657855
vn 0.000000 0.245766 -0.969329
vn 0.402452 0.252140 -0.880033
vn 0.567647 0.823272 0.000000
vn 0.483059 0.816666 -0.315771
vn 0.802636 0.266664 -0.533541
vn 0.960740 0.277452 0.000000
vn -0.284913 0.723000 0.629361
vn 0.079995 0.707069 0.702606
vn 0.058495 0.818027 0.572197
vn -0.222499 0.848642 0.479897
vn -0.528319 0.762105 0.374265
vn -0.284913 0.723000 0.629361
vn -0.222499 0.848642 0.479897
vn -0.403001 0.872088 0.277584
vn -0.624930 0.780681 0.000000
vn -0.528319 0.762105 0.374265
vn -0.403001 0.872088 0.277584
vn -0.470036 0.882647 0.000000
vn 0.731639 0.568347 0.376412
vn 0.826629 0.562748 0.000000
vn 0.765332 0.643636 0.000000
vn 0.648107 0.672872 0.356652
vn 0.466778 0.656318 0.592761
vn 0.731639 0.568347 0.376412
vn 0.648107 0.672872 0.356652
vn 0.368231 0.757649 0.538863
vn 0.079995 0.707069 0.702606
vn 0.466778 0.656318 0.592761
vn 0.368231 0.757649 0.538863
vn 0.058495 0.818027 0.572197
vn 0.874052 0.088224 -0.477755
vn 0.824205 -0.339151 -0.453500
vn 0.377180 -0.573911 -0.726885
vn 0.463020 0.077269 -0.882973
vn 0.377180 -0.573911 -0.726885
vn 0.037625 -0.904882 -0.423996
vn 0.071702 0.072122 -0.994815
vn 0.463020 0.077269 -0.882973
vn 0.037625 -0.904882 -0.423996
vn -0.144844 -0.935554 -0.322117
vn -0.418864 0.070397 -0.905316
vn 0.071702 0.072122 -0.994815
vn -0.144844 -0.935554 -0.322117
vn -0.554479 -0.733313 -0.393453
vn -0.815352 0.074679 -0.574129
vn -0.418864 0.070397 -0.905316
vn -0.717245 -0.696821 0.000000
vn -0.996976 0.077705 0.000000
vn -0.815352 0.074679 -0.574129
vn -0.554479 -0.733313 -0.393453
vn 0.463020 0.077269 -0.882973
vn 0.071702 0.072122 -0.994815
vn 0.065468 0.228179 -0.971416
vn 0.463071 0.239746 -0.853280
vn 0.071702 0.072122 -0.994815
vn -0.418864 0.070397 -0.905316
vn -0.410464 0.230533 -0.882255
vn 0.065468 0.228179 -0.971416
vn -0.418864 0.070397 -0.905316
vn -0.815352 0.074679 -0.574129
vn -0.792079 0.250172 -0.556799
vn -0.410464 0.230533 -0.882255
vn -0.815352 0.074679 -0.574129
vn -0.996976 0.077705 0.000000
vn -0.965083 0.261946 0.000000
vn -0.792079 0.250172 -0.556799
vn 0.065468 0.228179 -0.971416
vn -0.410464 0.230533 -0.882255
vn -0.381925 0.416522 -0.825011
vn 0.065384 0.410394 -0.909561
vn -0.410464 0.230533 -0.882255
vn -0.792079 0.250172 -0.556799
vn -0.728592 0.454732 -0.512223
vn -0.381925 0.416522 -0.825011
vn -0.792079 0.250172 -0.556799
vn -0.965083 0.261946 0.000000
vn -0.879647 0.475627 0.000000
vn -0.728592 0.454732 -0.512223
vn 0.069354 -0.965824 0.249749
vn 0.069354 -0.965824 -0.249749
vn 0.135282 -0.990807 0.000000
vn 0.101877 -0.839936 0.533037
vn 0.065384 0.410394 -0.909561
vn -0.381925 0.416522 -0.825011
vn -0.347627 0.546771 -0.761707
vn 0.065538 0.543051 -0.837138
vn -0.381925 0.416522 -0.825011
vn -0.728592 0.454732 -0.512223
vn -0.658733 0.588426 -0.468856
vn -0.347627 0.546771 -0.761707
vn -0.728592 0.454732 -0.512223
vn -0.879647 0.475627 0.000000
vn -0.791817 0.610758 0.000000
vn -0.658733 0.588426 -0.468856
vn 0.065538 0.543051 -0.837138
vn -0.347627 0.546771 -0.761707
vn -0.284913 0.722999 -0.629362
vn 0.079995 0.707068 -0.702606
vn -0.347627 0.546771 -0.761707
vn -0.658733 0.588426 -0.468856
vn -0.528319 0.762105 -0.374266
vn -0.284913 0.722999 -0.629362
vn -0.658733 0.588426 -0.468856
vn -0.791817 0.610758 0.000000
vn -0.624930 0.780681 0.000000
vn -0.528319 0.762105 -0.374266
vn 0.058495 0.818028 -0.572196
vn -0.222498 0.848643 -0.479896
vn -0.219488 0.835525 -0.503709
vn 0.029011 0.793698 -0.607619
vn -0.222498 0.848643 -0.479896
vn -0.403001 0.872089 -0.277582
vn -0.407540 0.864713 -0.293569
vn -0.219488 0.835525 -0.503709
vn -0.403001 0.872089 -0.277582
vn -0.470036 0.882647 0.000000
vn -0.480074 0.877228 0.000000
vn -0.407540 0.864713 -0.293569
vn 0.000306 -0.205312 -0.978697
vn -0.448270 -0.150136 -0.881200
vn -0.317444 0.682869 -0.657966
vn 0.000421 0.660613 -0.750727
vn 0.000306 -0.205312 -0.978697
vn 0.000421 0.660613 -0.750727
vn 0.315361 0.671733 -0.670315
vn 0.429628 -0.213970 -0.877290
vn -0.427079 0.222918 -0.876305
vn -0.423931 -0.174838 -0.888659
vn 0.000039 -0.159663 -0.987172
vn -0.000501 0.221712 -0.975112
vn -0.000501 0.221712 -0.975112
vn 0.000039 -0.159663 -0.987172
vn 0.415381 -0.169346 -0.893745
vn 0.406731 0.232074 -0.883579
vn 0.000000 -0.337034 -0.941493
vn -0.389328 -0.345813 -0.853720
vn -0.375685 0.458465 -0.805401
vn 0.000000 0.446886 -0.894591
vn 0.406731 0.232074 -0.883579
vn 0.415381 -0.169346 -0.893745
vn 0.816978 -0.194013 -0.543052
vn 0.804905 0.253322 -0.536615
vn 0.389328 -0.345813 -0.853719
vn 0.000000 -0.337034 -0.941493
vn 0.000000 0.446886 -0.894591
vn 0.375685 0.458465 -0.805401
vn -0.389328 -0.345813 -0.853720
vn -0.768761 -0.366385 -0.524184
vn -0.726465 0.487852 -0.483992
vn -0.375685 0.458465 -0.805401
vn -0.768761 -0.366385 -0.524184
vn -0.924783 -0.380495 0.000000
vn -0.859990 0.510311 0.000000
vn -0.726465 0.487852 -0.483992
vn 0.804905 0.253322 -0.536615
vn 0.816978 -0.194013 -0.543052
vn 0.978984 -0.203938 0.000000
vn 0.968274 0.249893 0.000000
vn 0.768761 -0.366385 -0.524184
vn 0.389328 -0.345813 -0.853719
vn 0.375685 0.458465 -0.805401
vn 0.726465 0.487852 -0.483992
vn 0.924783 -0.380495 0.000000
vn 0.768761 -0.366385 -0.524184
vn 0.726465 0.487852 -0.483992
vn 0.859990 0.510311 0.000000
vn 0.472633 0.435258 -0.766269
vn 0.463071 0.239746 -0.853280
vn 0.065468 0.228179 -0.971416
vn 0.065384 0.410394 -0.909561
vn 0.470783 0.560638 -0.681212
vn 0.472633 0.435258 -0.766269
vn 0.065384 0.410394 -0.909561
vn 0.065538 0.543051 -0.837138
vn 0.470783 0.560638 -0.681212
vn 0.065538 0.543051 -0.837138
vn 0.079995 0.707068 -0.702606
vn 0.466778 0.656318 -0.592761
vn 0.745991 0.562781 -0.356055
vn 0.470783 0.560638 -0.681212
vn 0.466778 0.656318 -0.592761
vn 0.731760 0.568353 -0.376168
vn 0.812568 0.582850 -0.004335
vn 0.731760 0.568353 -0.376168
vn 0.826629 0.562748 0.000000
vn 0.368231 0.757649 -0.538863
vn 0.058495 0.818028 -0.572196
vn 0.029011 0.793698 -0.607619
vn 0.385704 0.653315 -0.651469
vn -0.448270 -0.150136 -0.881200
vn -0.825532 -0.126382 -0.550023
vn -0.583048 0.718269 -0.379665
vn -0.317444 0.682869 -0.657966
vn -0.825532 -0.126382 -0.550023
vn -0.987835 -0.155505 0.000000
vn -0.693041 0.720898 0.000000
vn -0.583048 0.718269 -0.379665
vn 0.648107 0.672872 -0.356652
vn 0.368231 0.757649 -0.538863
vn 0.385704 0.653315 -0.651469
vn 0.802596 0.436815 -0.406241
vn -0.423931 -0.174838 -0.888659
vn -0.427079 0.222918 -0.876305
vn -0.816637 0.210411 -0.537431
vn -0.813183 -0.199626 -0.546702
vn -0.813183 -0.199626 -0.546702
vn -0.816637 0.210411 -0.537431
vn -0.977124 0.212670 0.000000
vn -0.978316 -0.207118 0.000000
vn 0.765332 0.643636 0.000000
vn 0.648107 0.672872 -0.356652
vn 0.802596 0.436815 -0.406241
vn 0.922532 0.385920 0.000000
vn 0.429628 -0.213970 -0.877290
vn 0.315361 0.671733 -0.670315
vn 0.618155 0.681297 -0.392070
vn 0.821041 -0.246008 -0.515143
vn 0.957774 -0.287521 0.000000
vn 0.821041 -0.246008 -0.515143
vn 0.618155 0.681297 -0.392070
vn 0.732899 0.680337 0.000000
vn 0.851281 0.254740 -0.458725
vn 0.874052 0.088224 -0.477755
vn 0.463020 0.077269 -0.882973
vn 0.463071 0.239746 -0.853280
vn 0.472633 0.435258 -0.766269
vn 0.470783 0.560638 -0.681212
vn 0.745991 0.562781 -0.356055
vn 0.768649 0.541853 -0.339962
vn 0.875729 0.055548 -0.479597
vn 0.865232 0.163837 -0.473848
vn 0.078694 -0.109931 0.990819
vn 0.079997 -0.011328 0.996731
vn 0.002482 0.999996 -0.001659
vn -0.794476 0.607296 0.000000
vn -0.673430 0.589980 0.445440
vn 0.000000 0.565595 0.824683
vn 0.002482 0.999996 -0.001659
vn -0.340466 0.573908 0.744790
vn 0.341555 0.575689 0.742915
vn 0.674027 0.590145 0.444315
vn 0.002482 0.999996 -0.001659
vn -0.340466 0.573908 0.744790
vn 0.002482 0.999996 -0.001659
vn -0.673430 0.589980 0.445440
vn 0.341555 0.575689 0.742915
vn 0.002482 0.999996 -0.001659
vn 0.000000 0.565595 0.824683
vn 0.793202 0.608959 0.000000
vn 0.002482 0.999996 -0.001659
vn 0.674027 0.590145 0.444315
vn 0.745991 0.562781 -0.356055
vn 0.800019 0.509552 -0.316744
vn 0.831955 0.479991 -0.278314
vn 0.693536 0.624831 -0.358600
vn 0.069354 -0.965824 0.249749
vn 0.101877 -0.839936 0.533037
vn 0.076315 -0.488456 0.869245
vn 0.865232 0.163837 -0.473848
vn 0.075251 -0.266772 0.960817
vn 0.693536 0.624831 -0.358600
vn 0.076315 -0.488456 0.869245
vn 0.078694 -0.109931 0.990819
vn 0.828199 0.377187 -0.414507
vn 0.851281 0.254740 -0.458725
vn 0.463071 0.239746 -0.853280
vn 0.472633 0.435258 -0.766269
vn 0.831955 0.479991 -0.278314
vn 0.768649 0.541853 -0.339962
vn 0.745991 0.562781 -0.356055
vn 0.079997 -0.011328 0.996731
vn 0.073340 -0.406247 0.910815
vn 0.875816 -0.053727 -0.479645
vn 0.875729 0.055548 -0.479597
vn 0.726465 0.487852 -0.483992
vn -0.483058 0.816666 0.315770
vn -0.567647 0.823272 0.000000
vn 0.859990 0.510311 0.000000
vn 0.000000 0.446886 -0.894591
vn 0.000000 0.753141 0.657859
vn -0.267838 0.772354 0.575961
vn 0.375685 0.458465 -0.805401
vn -0.726465 0.487852 -0.483992
vn 0.483058 0.816666 0.315770
vn 0.267838 0.772354 0.575962
vn -0.375685 0.458465 -0.805401
vn 0.375685 0.458465 -0.805401
vn -0.267838 0.772354 0.575961
vn -0.483058 0.816666 0.315770
vn 0.726465 0.487852 -0.483992
vn -0.375685 0.458465 -0.805401
vn 0.267838 0.772354 0.575962
vn 0.000000 0.753141 0.657859
vn 0.000000 0.446886 -0.894591
vn -0.859990 0.510311 0.000000
vn 0.567647 0.823272 0.000000
vn 0.483058 0.816666 0.315770
vn -0.726465 0.487852 -0.483992
vn -0.483058 0.816666 0.315770
vn -0.802636 0.266667 0.533540
vn -0.960739 0.277452 0.000000
vn -0.567647 0.823272 0.000000
vn 0.000000 0.753141 0.657859
vn 0.000000 0.245764 0.969330
vn -0.402452 0.252143 0.880032
vn -0.267838 0.772354 0.575961
vn 0.483058 0.816666 0.315770
vn 0.802636 0.266666 0.533540
vn 0.402451 0.252142 0.880033
vn 0.267838 0.772354 0.575962
vn -0.267838 0.772354 0.575961
vn -0.402452 0.252143 0.880032
vn -0.802636 0.266667 0.533540
vn -0.483058 0.816666 0.315770
vn 0.267838 0.772354 0.575962
vn 0.402451 0.252142 0.880033
vn 0.000000 0.245764 0.969330
vn 0.000000 0.753141 0.657859
vn 0.567647 0.823272 0.000000
vn 0.960740 0.277452 0.000000
vn 0.802636 0.266666 0.533540
vn 0.483058 0.816666 0.315770
vn -0.284913 0.722999 -0.629362
vn -0.222498 0.848643 -0.479896
vn 0.058495 0.818028 -0.572196
vn 0.079995 0.707068 -0.702606
vn -0.528319 0.762105 -0.374266
vn -0.403001 0.872089 -0.277582
vn -0.222498 0.848643 -0.479896
vn -0.284913 0.722999 -0.629362
vn -0.624930 0.780681 0.000000
vn -0.470036 0.882647 0.000000
vn -0.403001 0.872089 -0.277582
vn -0.528319 0.762105 -0.374266
vn 0.731760 0.568353 -0.376168
vn 0.648107 0.672872 -0.356652
vn 0.765332 0.643636 0.000000
vn 0.826629 0.562748 0.000000
vn 0.466778 0.656318 -0.592761
vn 0.368231 0.757649 -0.538863
vn 0.648107 0.672872 -0.356652
vn 0.731760 0.568353 -0.376168
vn 0.079995 0.707068 -0.702606
vn 0.058495 0.818028 -0.572196
vn 0.368231 0.757649 -0.538863
vn 0.466778 0.656318 -0.592761
vn 0.101878 -0.839936 -0.533037
vn 0.076313 -0.488756 -0.869076
vn 0.076297 -0.491607 -0.867469
vn 0.103205 -0.855809 -0.506892
vn 0.135282 -0.990807 0.000000
vn 0.101878 -0.839936 -0.533037
vn 0.103205 -0.855809 -0.506892
vn 0.133978 -0.990984 0.000000
vn 0.101877 -0.839936 0.533037
vn 0.135282 -0.990807 0.000000
vn 0.133978 -0.990984 0.000000
vn 0.103205 -0.855809 0.506893
vn 0.076315 -0.488456 0.869245
vn 0.101877 -0.839936 0.533037
vn 0.103205 -0.855809 0.506893
vn 0.076308 -0.489693 0.868549
vn 0.079997 -0.011328 0.996731
vn 0.078694 -0.109931 0.990819
vn 0.078751 -0.105296 0.991318
vn 0.079969 -0.011000 0.996737
vn 0.079969 -0.011000 0.996737
vn 0.034355 -0.903734 0.426715
vn 0.073340 -0.406247 0.910815
vn 0.079997 -0.011328 0.996731
vn 0.078694 -0.109931 0.990819
vn 0.076315 -0.488456 0.869245
vn 0.076308 -0.489693 0.868549
vn 0.078751 -0.105296 0.991318
vn 0.033590 -0.908188 -0.417212
vn 0.079969 -0.010989 -0.996737
vn 0.079997 -0.011321 -0.996731
vn 0.073316 -0.406911 -0.910521
vn 0.078683 -0.110605 -0.990745
vn 0.079997 -0.011321 -0.996731
vn 0.079969 -0.010989 -0.996737
vn 0.078741 -0.105991 -0.991245
vn 0.865232 0.163837 0.473848
vn 0.078683 -0.110605 -0.990745
vn 0.076313 -0.488756 -0.869076
vn 0.693536 0.624831 0.358600
vn 0.075251 -0.266772 -0.960817
vn 0.875816 -0.053727 0.479645
vn 0.875729 0.055548 0.479597
vn 0.875257 0.086227 0.475910
vn 0.809400 -0.377062 0.450218
vn 0.875729 0.055548 0.479597
vn 0.865232 0.163837 0.473848
vn 0.851925 0.249457 0.460430
vn 0.875257 0.086227 0.475910
vn 0.865232 0.163837 0.473848
vn 0.075251 -0.266772 -0.960817
vn 0.693536 0.624831 0.358600
vn 0.820565 0.397340 0.410845
vn 0.851925 0.249457 0.460430
vn 0.771067 0.541714 0.334666
vn 0.820565 0.397340 0.410845
vn 0.693536 0.624831 0.358600
vn 0.693536 0.624831 0.358600
vn 0.069354 -0.965824 -0.249749
vn 0.829804 0.478768 0.286715
vn 0.771067 0.541714 0.334666
vn 0.801505 0.506868 0.317294
vn 0.829804 0.478768 0.286715
vn 0.069354 -0.965824 -0.249749
vn 0.069354 -0.965824 -0.249749
vn 0.069354 -0.965824 -0.249749
vn 0.812568 0.582850 -0.004335
vn 0.801505 0.506868 0.317294
vn 0.069354 -0.965824 -0.249749
vn 0.800019 0.509552 -0.316744
vn 0.812568 0.582850 -0.004335
vn 0.831955 0.479991 -0.278314
vn 0.800019 0.509552 -0.316744
vn 0.069354 -0.965824 -0.249749
vn 0.069354 -0.965824 0.249749
vn 0.693536 0.624831 -0.358600
vn 0.768649 0.541853 -0.339962
vn 0.831955 0.479991 -0.278314
vn 0.069354 -0.965824 0.249749
vn 0.828199 0.377187 -0.414507
vn 0.768649 0.541853 -0.339962
vn 0.693536 0.624831 -0.358600
vn 0.865232 0.163837 -0.473848
vn 0.851281 0.254740 -0.458725
vn 0.828199 0.377187 -0.414507
vn 0.693536 0.624831 -0.358600
vn 0.075251 -0.266772 0.960817
vn 0.875729 0.055548 -0.479597
vn 0.874052 0.088224 -0.477755
vn 0.851281 0.254740 -0.458725
vn 0.865232 0.163837 -0.473848
vn 0.875816 -0.053727 -0.479645
vn 0.824205 -0.339151 -0.453500
vn 0.874052 0.088224 -0.477755
vn 0.875729 0.055548 -0.479597
vn 0.467785 0.430025 0.772176
vn 0.771067 0.541714 0.334666
vn 0.745428 0.562958 0.356953
vn 0.468256 0.559572 0.683824
vn 0.472633 0.435258 -0.766269
vn 0.768649 0.541853 -0.339962
vn 0.828199 0.377187 -0.414507
vn 0.812568 0.582850 -0.004335
vn 0.800019 0.509552 -0.316744
vn 0.745991 0.562781 -0.356055
vn 0.731760 0.568353 -0.376168
vn 0.801505 0.506868 0.317294
vn 0.812568 0.582850 -0.004335
vn 0.731639 0.568347 0.376412
vn 0.745428 0.562958 0.356953
vn 0.079909 -0.011082 -0.996741
vn 0.870853 -0.005326 -0.491515
vn 0.079969 -0.010989 -0.996737
vn 0.033590 -0.908188 -0.417212
vn 0.078741 -0.105991 -0.991245
vn 0.079969 -0.010989 -0.996737
vn 0.870853 -0.005326 -0.491515
vn 0.863461 -0.053540 -0.501567
vn 0.076297 -0.491607 -0.867469
vn 0.078741 -0.105991 -0.991245
vn 0.863461 -0.053540 -0.501567
vn 0.801673 -0.297049 -0.518731
vn 0.103205 -0.855809 -0.506892
vn 0.076297 -0.491607 -0.867469
vn 0.801673 -0.297049 -0.518731
vn 0.652478 -0.658658 -0.374756
vn 0.133978 -0.990984 0.000000
vn 0.103205 -0.855809 -0.506892
vn 0.652478 -0.658658 -0.374756
vn 0.660261 -0.751037 0.000000
vn 0.103205 -0.855809 0.506893
vn 0.133978 -0.990984 0.000000
vn 0.660261 -0.751037 0.000000
vn 0.652478 -0.658658 0.374756
vn 0.076308 -0.489693 0.868549
vn 0.103205 -0.855809 0.506893
vn 0.652478 -0.658658 0.374756
vn 0.799644 -0.297406 0.521650
vn 0.078751 -0.105296 0.991318
vn 0.076308 -0.489693 0.868549
vn 0.799644 -0.297406 0.521650
vn 0.859112 -0.054010 0.508930
vn 0.079969 -0.011000 0.996737
vn 0.078751 -0.105296 0.991318
vn 0.859112 -0.054010 0.508930
vn 0.865688 -0.005426 0.500554
vn 0.079909 -0.011082 0.996741
vn 0.034355 -0.903734 0.426715
vn 0.079969 -0.011000 0.996737
vn 0.865688 -0.005426 0.500554
vn 0.816978 -0.194013 -0.543052
vn 0.739796 -0.464380 -0.486881
vn 0.879254 -0.476354 0.000000
vn 0.978984 -0.203938 0.000000
vn 0.415381 -0.169346 -0.893745
vn 0.386244 -0.417437 -0.822534
vn 0.739796 -0.464380 -0.486881
vn 0.816978 -0.194013 -0.543052
vn 0.000039 -0.159663 -0.987172
vn 0.000000 -0.399262 -0.916837
vn 0.386244 -0.417437 -0.822534
vn 0.415381 -0.169346 -0.893745
vn 0.000039 -0.159663 -0.987172
vn -0.423931 -0.174838 -0.888659
vn -0.386244 -0.417437 -0.822534
vn 0.000000 -0.399262 -0.916837
vn -0.423931 -0.174838 -0.888659
vn -0.813183 -0.199626 -0.546702
vn -0.739796 -0.464381 -0.486881
vn -0.386244 -0.417437 -0.822534
vn -0.978316 -0.207118 0.000000
vn -0.879254 -0.476354 0.000000
vn -0.739796 -0.464381 -0.486881
vn -0.813183 -0.199626 -0.546702
vn -0.978316 -0.207118 0.000000
vn -0.813183 -0.199626 0.546702
vn -0.739796 -0.464381 0.486881
vn -0.879254 -0.476354 0.000000
vn -0.423931 -0.174836 0.888659
vn -0.386245 -0.417434 0.822535
vn -0.739796 -0.464381 0.486881
vn -0.813183 -0.199626 0.546702
vn 0.000039 -0.159661 0.987172
vn 0.000000 -0.399257 0.916839
vn -0.386245 -0.417434 0.822535
vn -0.423931 -0.174836 0.888659
vn 0.000039 -0.159661 0.987172
vn 0.415381 -0.169345 0.893745
vn 0.386244 -0.417434 0.822535
vn 0.000000 -0.399257 0.916839
vn 0.415381 -0.169345 0.893745
vn 0.816978 -0.194013 0.543053
vn 0.739796 -0.464380 0.486881
vn 0.386244 -0.417434 0.822535
vn 0.816978 -0.194013 0.543053
vn 0.978984 -0.203938 0.000000
vn 0.879254 -0.476354 0.000000
vn 0.739796 -0.464380 0.486881
vn -0.402640 0.310276 -0.861168
vn -0.787323 0.347613 -0.509204
vn -0.673429 0.589979 -0.445441
vn -0.338756 0.575443 -0.744386
vn -0.000132 0.297142 -0.954833
vn -0.402640 0.310276 -0.861168
vn -0.338756 0.575443 -0.744386
vn 0.001528 0.565610 -0.824672
vn 0.402311 0.311891 -0.860738
vn -0.000132 0.297142 -0.954833
vn 0.001528 0.565610 -0.824672
vn 0.340022 0.575563 -0.743715
vn 0.786598 0.350004 -0.508685
vn 0.402311 0.311891 -0.860738
vn 0.340022 0.575563 -0.743715
vn 0.672413 0.591678 -0.444723
vn 0.934642 0.355591 0.000000
vn 0.786598 0.350004 -0.508685
vn 0.672413 0.591678 -0.444723
vn 0.793202 0.608959 0.000000
vn 0.786641 0.349427 0.509015
vn 0.934642 0.355591 0.000000
vn 0.793202 0.608959 0.000000
vn 0.674027 0.590145 0.444315
vn 0.402381 0.310278 0.861288
vn 0.786641 0.349427 0.509015
vn 0.674027 0.590145 0.444315
vn 0.341555 0.575689 0.742915
vn 0.000000 0.295602 0.955311
vn 0.402381 0.310278 0.861288
vn 0.341555 0.575689 0.742915
vn 0.000000 0.565595 0.824683
vn -0.402583 0.309718 0.861395
vn 0.000000 0.295602 0.955311
vn 0.000000 0.565595 0.824683
vn -0.340466 0.573908 0.744790
vn -0.787323 0.347614 0.509203
vn -0.402583 0.309718 0.861395
vn -0.340466 0.573908 0.744790
vn -0.673430 0.589980 0.445440
vn -0.935556 0.353178 0.000000
vn -0.787323 0.347614 0.509203
vn -0.673430 0.589980 0.445440
vn -0.794476 0.607296 0.000000
vn -0.787323 0.347613 -0.509204
vn -0.935556 0.353178 0.000000
vn -0.794476 0.607296 0.000000
vn -0.673429 0.589979 -0.445441
vn -0.386245 -0.417434 0.822535
vn 0.000000 -0.399257 0.916839
vn 0.000000 -0.337040 0.941490
vn -0.389328 -0.345815 0.853719
vn 0.000000 -0.399257 0.916839
vn 0.386244 -0.417434 0.822535
vn 0.389328 -0.345816 0.853718
vn 0.000000 -0.337040 0.941490
vn -0.739796 -0.464381 0.486881
vn -0.386245 -0.417434 0.822535
vn -0.389328 -0.345815 0.853719
vn -0.768760 -0.366383 0.524187
vn -0.879254 -0.476354 0.000000
vn -0.739796 -0.464381 0.486881
vn -0.768760 -0.366383 0.524187
vn -0.924783 -0.380495 0.000000
vn 0.386244 -0.417434 0.822535
vn 0.739796 -0.464380 0.486881
vn 0.768760 -0.366383 0.524187
vn 0.389328 -0.345816 0.853718
vn 0.739796 -0.464380 0.486881
vn 0.879254 -0.476354 0.000000
vn 0.924783 -0.380495 0.000000
vn 0.768760 -0.366383 0.524187
vn -0.935556 0.353178 0.000000
vn -0.787323 0.347613 -0.509204
vn -0.802636 0.266664 -0.533541
vn -0.960739 0.277452 0.000000
vn -0.402640 0.310276 -0.861168
vn -0.000132 0.297142 -0.954833
vn 0.000000 0.245766 -0.969329
vn -0.402451 0.252140 -0.880033
vn 0.402311 0.311891 -0.860738
vn 0.786598 0.350004 -0.508685
vn 0.802636 0.266664 -0.533541
vn 0.402452 0.252140 -0.880033
vn -0.787323 0.347613 -0.509204
vn -0.402640 0.310276 -0.861168
vn -0.402451 0.252140 -0.880033
vn -0.802636 0.266664 -0.533541
vn -0.000132 0.297142 -0.954833
vn 0.402311 0.311891 -0.860738
vn 0.402452 0.252140 -0.880033
vn 0.000000 0.245766 -0.969329
vn 0.786598 0.350004 -0.508685
vn 0.934642 0.355591 0.000000
vn 0.960740 0.277452 0.000000
vn 0.802636 0.266664 -0.533541
vn 0.000000 -0.399262 -0.916837
vn -0.386244 -0.417437 -0.822534
vn -0.389328 -0.345813 -0.853720
vn 0.000000 -0.337034 -0.941493
vn 0.386244 -0.417437 -0.822534
vn 0.000000 -0.399262 -0.916837
vn 0.000000 -0.337034 -0.941493
vn 0.389328 -0.345813 -0.853719
vn -0.386244 -0.417437 -0.822534
vn -0.739796 -0.464381 -0.486881
vn -0.768761 -0.366385 -0.524184
vn -0.389328 -0.345813 -0.853720
vn -0.739796 -0.464381 -0.486881
vn -0.879254 -0.476354 0.000000
vn -0.924783 -0.380495 0.000000
vn -0.768761 -0.366385 -0.524184
vn 0.739796 -0.464380 -0.486881
vn 0.386244 -0.417437 -0.822534
vn 0.389328 -0.345813 -0.853719
vn 0.768761 -0.366385 -0.524184
vn 0.879254 -0.476354 0.000000
vn 0.739796 -0.464380 -0.486881
vn 0.768761 -0.366385 -0.524184
vn 0.924783 -0.380495 0.000000
vn -0.787323 0.347614 0.509203
vn -0.935556 0.353178 0.000000
vn -0.960739 0.277452 0.000000
vn -0.802636 0.266667 0.533540
vn 0.000000 0.295602 0.955311
vn -0.402583 0.309718 0.861395
vn -0.402452 0.252143 0.880032
vn 0.000000 0.245764 0.969330
vn 0.786641 0.349427 0.509015
vn 0.402381 0.310278 0.861288
vn 0.402451 0.252142 0.880033
vn 0.802636 0.266666 0.533540
vn -0.402583 0.309718 0.861395
vn -0.787323 0.347614 0.509203
vn -0.802636 0.266667 0.533540
vn -0.402452 0.252143 0.880032
vn 0.402381 0.310278 0.861288
vn 0.000000 0.295602 0.955311
vn 0.000000 0.245764 0.969330
vn 0.402451 0.252142 0.880033
vn 0.934642 0.355591 0.000000
vn 0.786641 0.349427 0.509015
vn 0.802636 0.266666 0.533540
vn 0.960740 0.277452 0.000000
vn -0.000501 0.221713 0.975112
vn -0.427081 0.222916 0.876305
vn -0.317445 0.682868 0.657967
vn 0.000421 0.660611 0.750728
vn -0.219488 0.835526 0.503708
vn 0.029010 0.793700 0.607617
vn 0.000306 -0.205313 0.978696
vn -0.448271 -0.150138 0.881199
vn 0.029010 0.793700 0.607617
vn 0.385703 0.653318 0.651466
vn 0.429629 -0.213972 0.877289
vn 0.000306 -0.205313 0.978696
vn 0.406733 0.232073 0.883578
vn -0.000501 0.221713 0.975112
vn 0.000421 0.660611 0.750728
vn 0.315362 0.671732 0.670315
vn -0.427081 0.222916 0.876305
vn -0.816637 0.210410 0.537431
vn -0.583048 0.718268 0.379666
vn -0.317445 0.682868 0.657967
vn -0.407539 0.864714 0.293568
vn -0.219488 0.835526 0.503708
vn -0.448271 -0.150138 0.881199
vn -0.825532 -0.126382 0.550022
vn -0.816637 0.210410 0.537431
vn -0.977124 0.212670 0.000000
vn -0.693041 0.720898 0.000000
vn -0.583048 0.718268 0.379666
vn -0.480074 0.877228 0.000000
vn -0.407539 0.864714 0.293568
vn -0.825532 -0.126382 0.550022
vn -0.987835 -0.155505 0.000000
vn 0.385703 0.653318 0.651466
vn 0.802595 0.436819 0.406239
vn 0.821041 -0.246008 0.515143
vn 0.429629 -0.213972 0.877289
vn 0.804906 0.253321 0.536615
vn 0.406733 0.232073 0.883578
vn 0.315362 0.671732 0.670315
vn 0.618154 0.681297 0.392071
vn 0.968274 0.249893 0.000000
vn 0.804906 0.253321 0.536615
vn 0.618154 0.681297 0.392071
vn 0.732899 0.680337 0.000000
vn 0.802595 0.436819 0.406239
vn 0.922532 0.385920 0.000000
vn 0.957774 -0.287521 0.000000
vn 0.821041 -0.246008 0.515143
vn 0.029011 0.793698 -0.607619
vn -0.219488 0.835525 -0.503709
vn -0.448270 -0.150136 -0.881200
vn 0.000306 -0.205312 -0.978697
vn -0.427079 0.222918 -0.876305
vn -0.000501 0.221712 -0.975112
vn 0.000421 0.660613 -0.750727
vn -0.317444 0.682869 -0.657966
vn -0.000501 0.221712 -0.975112
vn 0.406731 0.232074 -0.883579
vn 0.315361 0.671733 -0.670315
vn 0.000421 0.660613 -0.750727
vn 0.385704 0.653315 -0.651469
vn 0.029011 0.793698 -0.607619
vn 0.000306 -0.205312 -0.978697
vn 0.429628 -0.213970 -0.877290
vn -0.219488 0.835525 -0.503709
vn -0.407540 0.864713 -0.293569
vn -0.825532 -0.126382 -0.550023
vn -0.448270 -0.150136 -0.881200
vn -0.816637 0.210411 -0.537431
vn -0.427079 0.222918 -0.876305
vn -0.317444 0.682869 -0.657966
vn -0.583048 0.718269 -0.379665
vn -0.407540 0.864713 -0.293569
vn -0.480074 0.877228 0.000000
vn -0.987835 -0.155505 0.000000
vn -0.825532 -0.126382 -0.550023
vn -0.977124 0.212670 0.000000
vn -0.816637 0.210411 -0.537431
vn -0.583048 0.718269 -0.379665
vn -0.693041 0.720898 0.000000
vn 0.406731 0.232074 -0.883579
vn 0.804905 0.253322 -0.536615
vn 0.618155 0.681297 -0.392070
vn 0.315361 0.671733 -0.670315
vn 0.802596 0.436815 -0.406241
vn 0.385704 0.653315 -0.651469
vn 0.429628 -0.213970 -0.877290
vn 0.821041 -0.246008 -0.515143
vn 0.922532 0.385920 0.000000
vn 0.802596 0.436815 -0.406241
vn 0.821041 -0.246008 -0.515143
vn 0.957774 -0.287521 0.000000
vn 0.804905 0.253322 -0.536615
vn 0.968274 0.249893 0.000000
vn 0.732899 0.680337 0.000000
vn 0.618155 0.681297 -0.392070
vn 0.631370 -0.729963 -0.261774
vn 0.483128 -0.729879 -0.483594
vn 0.706766 0.000000 -0.707447
vn 0.923749 0.000000 -0.382999
vn 0.483128 -0.729879 -0.483594
vn 0.261413 -0.729795 -0.631714
vn 0.382369 0.000000 -0.924010
vn 0.706766 0.000000 -0.707447
vn 0.261413 -0.729795 -0.631714
vn 0.018978 -0.905110 -0.424754
vn 0.044634 0.000000 -0.999003
vn 0.382369 0.000000 -0.924010
vn -0.018978 -0.905110 -0.424754
vn -0.261413 -0.729795 -0.631714
vn -0.382369 0.000000 -0.924010
vn -0.044634 0.000000 -0.999003
vn -0.261413 -0.729795 -0.631714
vn -0.483128 -0.729879 -0.483595
vn -0.706765 0.000000 -0.707448
vn -0.382369 0.000000 -0.924010
vn -0.483128 -0.729879 -0.483595
vn -0.631371 -0.729963 -0.261774
vn -0.923749 0.000000 -0.382998
vn -0.706765 0.000000 -0.707448
vn -0.631371 -0.729963 -0.261774
vn -0.683449 -0.729998 0.000000
vn -1.000000 -0.000001 0.000000
vn -0.923749 0.000000 -0.382998
vn -0.683449 -0.729998 0.000000
vn -0.631370 -0.729963 0.261774
vn -0.923750 -0.000001 0.382997
vn -1.000000 -0.000001 0.000000
vn -0.631370 -0.729963 0.261774
vn -0.483128 -0.729880 0.483594
vn -0.706766 -0.000001 0.707447
vn -0.923750 -0.000001 0.382997
vn -0.483128 -0.729880 0.483594
vn -0.261412 -0.729795 0.631714
vn -0.382369 0.000000 0.924010
vn -0.706766 -0.000001 0.707447
vn -0.261412 -0.729795 0.631714
vn -0.018977 -0.905110 0.424755
vn -0.044634 0.000000 0.999003
vn -0.382369 0.000000 0.924010
vn 0.018977 -0.905110 0.424754
vn 0.261412 -0.729795 0.631714
vn 0.382368 0.000001 0.924010
vn 0.044634 0.000000 0.999003
vn 0.261412 -0.729795 0.631714
vn 0.483128 -0.729879 0.483595
vn 0.706764 0.000001 0.707449
vn 0.382368 0.000001 0.924010
vn 0.483128 -0.729879 0.483595
vn 0.631370 -0.729963 0.261775
vn 0.923749 -0.000001 0.382999
vn 0.706764 0.000001 0.707449
vn 0.631370 -0.729963 0.261775
vn 0.683449 -0.729998 0.000001
vn 1.000000 -0.000001 0.000001
vn 0.923749 -0.000001 0.382999
vn 0.683449 -0.729998 0.000001
vn 0.631370 -0.729963 -0.261774
vn 0.923749 0.000000 -0.382999
vn 1.000000 -0.000001 0.000001
vn 0.483128 -0.729879 -0.483594
vn 0.631370 -0.729963 -0.261774
vn 0.000000 -1.000000 0.000000
vn 0.261413 -0.729795 -0.631714
vn 0.483128 -0.729879 -0.483594
vn 0.000000 -1.000000 0.000000
vn 0.018978 -0.905110 -0.424754
vn 0.261413 -0.729795 -0.631714
vn 0.000000 -1.000000 0.000000
vn -0.261413 -0.729795 -0.631714
vn -0.018978 -0.905110 -0.424754
vn 0.000000 -1.000000 0.000000
vn -0.483128 -0.729879 -0.483595
vn -0.261413 -0.729795 -0.631714
vn 0.000000 -1.000000 0.000000
vn -0.631371 -0.729963 -0.261774
vn -0.483128 -0.729879 -0.483595
vn 0.000000 -1.000000 0.000000
vn -0.683449 -0.729998 0.000000
vn -0.631371 -0.729963 -0.261774
vn 0.000000 -1.000000 0.000000
vn -0.631370 -0.729963 0.261774
vn -0.683449 -0.729998 0.000000
vn 0.000000 -1.000000 0.000000
vn -0.483128 -0.729880 0.483594
vn -0.631370 -0.729963 0.261774
vn 0.000000 -1.000000 0.000000
vn -0.261412 -0.729795 0.631714
vn -0.483128 -0.729880 0.483594
vn 0.000000 -1.000000 0.000000
vn -0.018977 -0.905110 0.424755
vn -0.261412 -0.729795 0.631714
vn 0.000000 -1.000000 0.000000
vn 0.261412 -0.729795 0.631714
vn 0.018977 -0.905110 0.424754
vn 0.000000 -1.000000 0.000000
vn 0.483128 -0.729879 0.483595
vn 0.261412 -0.729795 0.631714
vn 0.000000 -1.000000 0.000000
vn 0.631370 -0.729963 0.261775
vn 0.483128 -0.729879 0.483595
vn 0.000000 -1.000000 0.000000
vn 0.683449 -0.729998 0.000001
vn 0.631370 -0.729963 0.261775
vn 0.000000 -1.000000 0.000000
vn 0.631370 -0.729963 -0.261774
vn 0.683449 -0.729998 0.000001
vn 0.000000 -1.000000 0.000000
vn -0.400609 0.900485 0.169231
vn -0.307073 0.898008 0.315099
vn 0.000000 1.000000 0.000000
vn -0.307073 0.898008 0.315099
vn -0.164312 0.894239 0.416339
vn 0.000000 1.000000 0.000000
vn -0.164312 0.894239 0.416339
vn -0.010635 0.962844 0.269850
vn 0.000000 1.000000 0.000000
vn 0.010635 0.962844 0.269850
vn 0.164312 0.894239 0.416339
vn 0.000000 1.000000 0.000000
vn 0.164312 0.894239 0.416339
vn 0.307073 0.898008 0.315100
vn 0.000000 1.000000 0.000000
vn 0.307073 0.898008 0.315100
vn 0.400608 0.900486 0.169231
vn 0.000000 1.000000 0.000000
vn 0.400608 0.900486 0.169231
vn 0.433096 0.901348 0.000000
vn 0.000000 1.000000 0.000000
vn 0.433096 0.901348 0.000000
vn 0.400608 0.900486 -0.169230
vn 0.000000 1.000000 0.000000
vn 0.400608 0.900486 -0.169230
vn 0.307074 0.898008 -0.315099
vn 0.000000 1.000000 0.000000
vn 0.307074 0.898008 -0.315099
vn 0.164312 0.894239 -0.416339
vn 0.000000 1.000000 0.000000
vn 0.164312 0.894239 -0.416339
vn 0.010635 0.962844 -0.269850
vn 0.000000 1.000000 0.000000
vn -0.010635 0.962844 -0.269850
vn -0.164312 0.894239 -0.416339
vn 0.000000 1.000000 0.000000
vn -0.164312 0.894239 -0.416339
vn -0.307072 0.898008 -0.315099
vn 0.000000 1.000000 0.000000
vn -0.307072 0.898008 -0.315099
vn -0.400609 0.900485 -0.169232
vn 0.000000 1.000000 0.000000
vn -0.400609 0.900485 -0.169232
vn -0.433095 0.901348 0.000000
vn 0.000000 1.000000 0.000000
vn -0.433095 0.901348 0.000000
vn -0.400609 0.900485 0.169231
vn 0.000000 1.000000 0.000000
vn -0.018978 -0.905110 -0.424754
vn -0.044634 0.000000 -0.999003
vn 0.044634 0.000000 -0.999003
vn 0.018978 -0.905110 -0.424754
vn 0.044634 0.000000 0.999003
vn -0.044634 0.000000 0.999003
vn -0.018977 -0.905110 0.424755
vn 0.018977 -0.905110 0.424754
vn 0.000000 -1.000000 0.000000
vn -0.018978 -0.905110 -0.424754
vn 0.018978 -0.905110 -0.424754
vn 0.000000 -1.000000 0.000000
vn -0.018977 -0.905110 0.424755
vn 0.000000 -1.000000 0.000000
vn 0.000000 -1.000000 0.000000
vn 0.018977 -0.905110 0.424754
vn 0.010635 0.962844 0.269850
vn 0.000000 1.000000 0.000000
vn 0.000000 1.000000 0.000000
vn -0.010635 0.962844 0.269850
vn 0.000000 1.000000 0.000000
vn 0.010635 0.962844 -0.269850
vn -0.010635 0.962844 -0.269850
vn 0.000000 1.000000 0.000000
vn 0.298279 0.946360 -0.124226
vn 0.244987 0.937597 -0.246767
vn -0.383092 0.844403 0.374465
vn -0.460343 0.867736 0.187397
vn 0.244987 0.937597 -0.246767
vn 0.148448 0.919706 -0.363460
vn -0.238728 0.798493 0.552647
vn -0.383092 0.844403 0.374465
vn 0.148448 0.919706 -0.363460
vn 0.022255 0.855186 -0.517843
vn -0.031780 0.768743 0.638768
vn -0.238728 0.798493 0.552647
vn -0.022255 0.855186 -0.517844
vn -0.148448 0.919707 -0.363460
vn 0.238728 0.798492 0.552648
vn 0.031780 0.768743 0.638768
vn -0.148448 0.919707 -0.363460
vn -0.244987 0.937596 -0.246768
vn 0.383092 0.844403 0.374465
vn 0.238728 0.798492 0.552648
vn -0.244987 0.937596 -0.246768
vn -0.298280 0.946360 -0.124226
vn 0.460344 0.867736 0.187398
vn 0.383092 0.844403 0.374465
vn -0.298280 0.946360 -0.124226
vn -0.315292 0.948995 0.000000
vn 0.484429 0.874830 0.000000
vn 0.460344 0.867736 0.187398
vn -0.315292 0.948995 0.000000
vn -0.298280 0.946360 0.124225
vn 0.460344 0.867736 -0.187397
vn 0.484429 0.874830 0.000000
vn -0.298280 0.946360 0.124225
vn -0.244987 0.937597 0.246767
vn 0.383091 0.844404 -0.374463
vn 0.460344 0.867736 -0.187397
vn -0.244987 0.937597 0.246767
vn -0.148448 0.919706 0.363461
vn 0.238728 0.798492 -0.552648
vn 0.383091 0.844404 -0.374463
vn -0.148448 0.919706 0.363461
vn -0.022255 0.855184 0.517846
vn 0.031781 0.768742 -0.638769
vn 0.238728 0.798492 -0.552648
vn 0.022255 0.855184 0.517846
vn 0.148448 0.919706 0.363461
vn -0.238728 0.798491 -0.552649
vn -0.031781 0.768741 -0.638770
vn 0.148448 0.919706 0.363461
vn 0.244985 0.937597 0.246767
vn -0.383091 0.844403 -0.374465
vn -0.238728 0.798491 -0.552649
vn 0.244985 0.937597 0.246767
vn 0.298279 0.946360 0.124226
vn -0.460343 0.867737 -0.187397
vn -0.383091 0.844403 -0.374465
vn 0.298279 0.946360 0.124226
vn 0.315291 0.948995 0.000000
vn -0.484430 0.874830 0.000000
vn -0.460343 0.867737 -0.187397
vn 0.315291 0.948995 0.000000
vn 0.298279 0.946360 -0.124226
vn -0.460343 0.867736 0.187397
vn -0.484430 0.874830 0.000000
vn 0.022255 0.855186 -0.517843
vn -0.022255 0.855186 -0.517844
vn 0.031780 0.768743 0.638768
vn -0.031780 0.768743 0.638768
vn -0.022255 0.855184 0.517846
vn 0.022255 0.855184 0.517846
vn -0.031781 0.768741 -0.638770
vn 0.031781 0.768742 -0.638769
vn -0.460343 0.867736 0.187397
vn -0.383092 0.844403 0.374465
vn -0.307073 0.898008 0.315099
vn -0.400609 0.900485 0.169231
vn -0.383092 0.844403 0.374465
vn -0.238728 0.798493 0.552647
vn -0.164312 0.894239 0.416339
vn -0.307073 0.898008 0.315099
vn -0.238728 0.798493 0.552647
vn -0.031780 0.768743 0.638768
vn -0.010635 0.962844 0.269850
vn -0.164312 0.894239 0.416339
vn 0.031780 0.768743 0.638768
vn 0.238728 0.798492 0.552648
vn 0.164312 0.894239 0.416339
vn 0.010635 0.962844 0.269850
vn 0.238728 0.798492 0.552648
vn 0.383092 0.844403 0.374465
vn 0.307073 0.898008 0.315100
vn 0.164312 0.894239 0.416339
vn 0.383092 0.844403 0.374465
vn 0.460344 0.867736 0.187398
vn 0.400608 0.900486 0.169231
vn 0.307073 0.898008 0.315100
vn 0.460344 0.867736 0.187398
vn 0.484429 0.874830 0.000000
vn 0.433096 0.901348 0.000000
vn 0.400608 0.900486 0.169231
vn 0.484429 0.874830 0.000000
vn 0.460344 0.867736 -0.187397
vn 0.400608 0.900486 -0.169230
vn 0.433096 0.901348 0.000000
vn 0.460344 0.867736 -0.187397
vn 0.383091 0.844404 -0.374463
vn 0.307074 0.898008 -0.315099
vn 0.400608 0.900486 -0.169230
vn 0.383091 0.844404 -0.374463
vn 0.238728 0.798492 -0.552648
vn 0.164312 0.894239 -0.416339
vn 0.307074 0.898008 -0.315099
vn 0.238728 0.798492 -0.552648
vn 0.031781 0.768742 -0.638769
vn 0.010635 0.962844 -0.269850
vn 0.164312 0.894239 -0.416339
vn -0.031781 0.768741 -0.638770
vn -0.238728 0.798491 -0.552649
vn -0.164312 0.894239 -0.416339
vn -0.010635 0.962844 -0.269850
vn -0.238728 0.798491 -0.552649
vn -0.383091 0.844403 -0.374465
vn -0.307072 0.898008 -0.315099
vn -0.164312 0.894239 -0.416339
vn -0.383091 0.844403 -0.374465
vn -0.460343 0.867737 -0.187397
vn -0.400609 0.900485 -0.169232
vn -0.307072 0.898008 -0.315099
vn -0.460343 0.867737 -0.187397
vn -0.484430 0.874830 0.000000
vn -0.433095 0.901348 0.000000
vn -0.400609 0.900485 -0.169232
vn -0.484430 0.874830 0.000000
vn -0.460343 0.867736 0.187397
vn -0.400609 0.900485 0.169231
vn -0.433095 0.901348 0.000000
vn -0.031780 0.768743 0.638768
vn 0.031780 0.768743 0.638768
vn 0.010635 0.962844 0.269850
vn -0.010635 0.962844 0.269850
vn 0.031781 0.768742 -0.638769
vn -0.031781 0.768741 -0.638770
vn -0.010635 0.962844 -0.269850
vn 0.010635 0.962844 -0.269850
vn 0.044634 0.000000 -0.999003
vn -0.044634 0.000000 -0.999003
vn -0.022255 0.855186 -0.517844
vn 0.022255 0.855186 -0.517843
vn 0.382369 0.000000 -0.924010
vn 0.044634 0.000000 -0.999003
vn 0.022255 0.855186 -0.517843
vn 0.148448 0.919706 -0.363460
vn 0.706766 0.000000 -0.707447
vn 0.382369 0.000000 -0.924010
vn 0.148448 0.919706 -0.363460
vn 0.244987 0.937597 -0.246767
vn 0.923749 0.000000 -0.382999
vn 0.706766 0.000000 -0.707447
vn 0.244987 0.937597 -0.246767
vn 0.298279 0.946360 -0.124226
vn 1.000000 -0.000001 0.000001
vn 0.923749 0.000000 -0.382999
vn 0.298279 0.946360 -0.124226
vn 0.315291 0.948995 0.000000
vn 0.923749 -0.000001 0.382999
vn 1.000000 -0.000001 0.000001
vn 0.315291 0.948995 0.000000
vn 0.298279 0.946360 0.124226
vn 0.706764 0.000001 0.707449
vn 0.923749 -0.000001 0.382999
vn 0.298279 0.946360 0.124226
vn 0.244985 0.937597 0.246767
vn 0.382368 0.000001 0.924010
vn 0.706764 0.000001 0.707449
vn 0.244985 0.937597 0.246767
vn 0.148448 0.919706 0.363461
vn 0.044634 0.000000 0.999003
vn 0.382368 0.000001 0.924010
vn 0.148448 0.919706 0.363461
vn 0.022255 0.855184 0.517846
vn -0.022255 0.855184 0.517846
vn -0.044634 0.000000 0.999003
vn 0.044634 0.000000 0.999003
vn 0.022255 0.855184 0.517846
vn -0.382369 0.000000 0.924010
vn -0.044634 0.000000 0.999003
vn -0.022255 0.855184 0.517846
vn -0.148448 0.919706 0.363461
vn -0.706766 -0.000001 0.707447
vn -0.382369 0.000000 0.924010
vn -0.148448 0.919706 0.363461
vn -0.244987 0.937597 0.246767
vn -0.923750 -0.000001 0.382997
vn -0.706766 -0.000001 0.707447
vn -0.244987 0.937597 0.246767
vn -0.298280 0.946360 0.124225
vn -1.000000 -0.000001 0.000000
vn -0.923750 -0.000001 0.382997
vn -0.298280 0.946360 0.124225
vn -0.315292 0.948995 0.000000
vn -0.923749 0.000000 -0.382998
vn -1.000000 -0.000001 0.000000
vn -0.315292 0.948995 0.000000
vn -0.298280 0.946360 -0.124226
vn -0.706765 0.000000 -0.707448
vn -0.923749 0.000000 -0.382998
vn -0.298280 0.946360 -0.124226
vn -0.244987 0.937596 -0.246768
vn -0.382369 0.000000 -0.924010
vn -0.706765 0.000000 -0.707448
vn -0.244987 0.937596 -0.246768
vn -0.148448 0.919707 -0.363460
vn -0.044634 0.000000 -0.999003
vn -0.382369 0.000000 -0.924010
vn -0.148448 0.919707 -0.363460
vn -0.022255 0.855186 -0.517844
vn 0.327260 -0.932507 -0.152749
vn 0.226005 -0.932715 -0.281007
vn 0.226005 0.932715 -0.281007
vn 0.327260 0.932507 -0.152749
vn 0.226005 -0.932715 -0.281007
vn -0.049125 -0.930320 -0.363445
vn -0.049125 0.930320 -0.363445
vn 0.226005 0.932715 -0.281007
vn -0.049125 -0.930320 -0.363445
vn -0.215512 -0.939017 -0.267960
vn -0.215512 0.939017 -0.267960
vn -0.049125 0.930320 -0.363445
vn -0.215512 -0.939017 -0.267960
vn -0.334631 -0.925242 -0.178742
vn -0.334631 0.925242 -0.178742
vn -0.215512 0.939017 -0.267960
vn -0.334631 -0.925242 -0.178742
vn -0.383193 -0.923668 0.000000
vn -0.383193 0.923668 0.000000
vn -0.334631 0.925242 -0.178742
vn -0.383193 -0.923668 0.000000
vn -0.334632 -0.925242 0.178742
vn -0.334632 0.925242 0.178742
vn -0.383193 0.923668 0.000000
vn -0.334632 -0.925242 0.178742
vn -0.215511 -0.939017 0.267960
vn -0.215511 0.939017 0.267961
vn -0.334632 0.925242 0.178742
vn -0.215511 -0.939017 0.267960
vn -0.049125 -0.930320 0.363445
vn -0.049125 0.930320 0.363445
vn -0.215511 0.939017 0.267961
vn -0.049125 -0.930320 0.363445
vn 0.226004 -0.932715 0.281007
vn 0.226004 0.932715 0.281007
vn -0.049125 0.930320 0.363445
vn 0.226004 -0.932715 0.281007
vn 0.327260 -0.932507 0.152749
vn 0.327260 0.932507 0.152749
vn 0.226004 0.932715 0.281007
vn 0.327260 -0.932507 0.152749
vn 0.383193 -0.923668 0.000000
vn 0.383193 0.923668 0.000000
vn 0.327260 0.932507 0.152749
vn 0.383193 -0.923668 0.000000
vn 0.327260 -0.932507 -0.152749
vn 0.327260 0.932507 -0.152749
vn 0.383193 0.923668 0.000000
vn 0.226005 -0.932715 -0.281007
vn 0.327260 -0.932507 -0.152749
vn 0.000000 -1.000000 0.000000
vn -0.049125 -0.930320 -0.363445
vn 0.226005 -0.932715 -0.281007
vn 0.000000 -1.000000 0.000000
vn -0.215512 -0.939017 -0.267960
vn -0.049125 -0.930320 -0.363445
vn 0.000000 -1.000000 0.000000
vn -0.334631 -0.925242 -0.178742
vn -0.215512 -0.939017 -0.267960
vn 0.000000 -1.000000 0.000000
vn -0.383193 -0.923668 0.000000
vn -0.334631 -0.925242 -0.178742
vn 0.000000 -1.000000 0.000000
vn -0.334632 -0.925242 0.178742
vn -0.383193 -0.923668 0.000000
vn 0.000000 -1.000000 0.000000
vn -0.215511 -0.939017 0.267960
vn -0.334632 -0.925242 0.178742
vn 0.000000 -1.000000 0.000000
vn -0.049125 -0.930320 0.363445
vn -0.215511 -0.939017 0.267960
vn 0.000000 -1.000000 0.000000
vn 0.226004 -0.932715 0.281007
vn -0.049125 -0.930320 0.363445
vn 0.000000 -1.000000 0.000000
vn 0.327260 -0.932507 0.152749
vn 0.226004 -0.932715 0.281007
vn 0.000000 -1.000000 0.000000
vn 0.383193 -0.923668 0.000000
vn 0.327260 -0.932507 0.152749
vn 0.000000 -1.000000 0.000000
vn 0.327260 -0.932507 -0.152749
vn 0.383193 -0.923668 0.000000
vn 0.000000 -1.000000 0.000000
vn 0.327260 0.932507 -0.152749
vn 0.226005 0.932715 -0.281007
vn 0.000000 1.000000 0.000000
vn 0.226005 0.932715 -0.281007
vn -0.049125 0.930320 -0.363445
vn 0.000000 1.000000 0.000000
vn -0.049125 0.930320 -0.363445
vn -0.215512 0.939017 -0.267960
vn 0.000000 1.000000 0.000000
vn -0.215512 0.939017 -0.267960
vn -0.334631 0.925242 -0.178742
vn 0.000000 1.000000 0.000000
vn -0.334631 0.925242 -0.178742
vn -0.383193 0.923668 0.000000
vn 0.000000 1.000000 0.000000
vn -0.383193 0.923668 0.000000
vn -0.334632 0.925242 0.178742
vn 0.000000 1.000000 0.000000
vn -0.334632 0.925242 0.178742
vn -0.215511 0.939017 0.267961
vn 0.000000 1.000000 0.000000
vn -0.215511 0.939017 0.267961
vn -0.049125 0.930320 0.363445
vn 0.000000 1.000000 0.000000
vn -0.049125 0.930320 0.363445
vn 0.226004 0.932715 0.281007
vn 0.000000 1.000000 0.000000
vn 0.226004 0.932715 0.281007
vn 0.327260 0.932507 0.152749
vn 0.000000 1.000000 0.000000
vn 0.327260 0.932507 0.152749
vn 0.383193 0.923668 0.000000
vn 0.000000 1.000000 0.000000
vn 0.383193 0.923668 0.000000
vn 0.327260 0.932507 -0.152749
vn 0.000000 1.000000 0.000000
vn 0.660261 -0.751037 0.000000
vn 0.652478 -0.658658 -0.374756
vn 0.801673 -0.297049 -0.518731
vn 1.000000 0.000000 0.000000
vn 0.652478 -0.658658 0.374756
vn 0.660261 -0.751037 0.000000
vn 1.000000 0.000000 0.000000
vn 0.799644 -0.297406 0.521650
vn 1.000000 0.000000 0.000000
vn 0.801673 -0.297049 -0.518731
vn 0.863461 -0.053540 -0.501567
vn 1.000000 0.000000 0.000000
vn 0.799644 -0.297406 0.521650
vn 1.000000 0.000000 0.000000
vn 1.000000 0.000000 0.000000
vn 0.859112 -0.054010 0.508930
vn 1.000000 0.000000 0.000000
vn 0.863461 -0.053540 -0.501567
vn 0.870853 -0.005326 -0.491515
vn 1.000000 0.000000 0.000000
vn 0.859112 -0.054010 0.508930
vn 1.000000 0.000000 0.000000
vn 1.000000 0.000000 0.000000
vn 0.865688 -0.005426 0.500554
vn 1.000000 0.000000 0.000000
vn 0.870853 -0.005326 -0.491515
vn 0.079909 -0.011082 -0.996741
vn 0.212924 -0.977069 0.000016
vn 0.865688 -0.005426 0.500554
vn 1.000000 0.000000 0.000000
vn 0.212924 -0.977069 0.000016
vn 0.079909 -0.011082 0.996741
vn 0.073340 -0.406247 0.910815
vn 0.377180 -0.573911 -0.726885
vn 0.824205 -0.339151 -0.453500
vn 0.875816 -0.053727 -0.479645
vn 0.079909 -0.011082 -0.996741
vn 0.037651 -0.904556 0.424690
vn -0.145080 -0.935367 0.322553
vn 0.008183 -0.999967 -0.000012
vn 0.212924 -0.977069 0.000016
vn 0.079909 -0.011082 -0.996741
vn 0.033590 -0.908188 -0.417212
vn 0.374434 -0.572226 0.729628
vn 0.037651 -0.904556 0.424690
vn 0.034355 -0.903734 0.426715
vn 0.377180 -0.573911 -0.726885
vn 0.073340 -0.406247 0.910815
vn 0.079909 -0.011082 0.996741
vn 0.037625 -0.904882 -0.423996
vn 0.377180 -0.573911 -0.726885
vn 0.034355 -0.903734 0.426715
vn 0.374434 -0.572226 0.729628
vn 0.073316 -0.406911 -0.910521
vn 0.875816 -0.053727 0.479645
vn 0.809400 -0.377062 0.450218
vn 0.374434 -0.572226 0.729628
vn 0.033590 -0.908188 -0.417212
vn 0.073316 -0.406911 -0.910521
vn -0.555205 -0.732487 0.393967
vn 0.008183 -0.999967 -0.000012
vn -0.145080 -0.935367 0.322553
vn -0.554479 -0.733313 -0.393453
vn 0.008183 -0.999967 -0.000012
vn -0.717245 -0.696821 0.000000
vn 0.212924 -0.977069 0.000016
vn 0.008183 -0.999967 -0.000012
vn -0.144844 -0.935554 -0.322117
vn 0.037625 -0.904882 -0.423996
vn 0.079909 -0.011082 0.996741
vn -0.717245 -0.696821 0.000000
vn 0.008183 -0.999967 -0.000012
vn -0.555205 -0.732487 0.393967
vn -0.144844 -0.935554 -0.322117
vn 0.008183 -0.999967 -0.000012
vn -0.554479 -0.733313 -0.393453
s off
g Furance_low:pCube3
usemtl initialShadingGroup
f 133/1/1 158/2/2 159/3/3 136/4/4
f 136/5/5 159/6/6 160/7/7 138/8/8
f 93/9/9 193/10/10 194/11/11 96/12/12
f 139/13/13 157/14/14 158/2/15 133/1/16
f 134/15/17 140/16/18 137/17/19 135/18/20
f 138/19/21 139/13/22 133/1/23 136/4/24
f 96/12/25 97/20/26 98/21/27 93/9/28
f 96/12/29 194/11/30 195/22/31 97/20/32
f 100/23/33 99/24/34 95/25/35 94/26/36
f 98/27/37 192/28/38 193/29/39 93/30/40
f 54/31/41 53/32/42 55/33/43 56/34/44
f 56/35/45 177/36/46 178/37/47 54/38/48
f 57/39/49 59/40/50 60/41/51 58/42/52
f 53/32/53 209/43/54 210/44/55 55/33/56
f 62/45/57 61/46/58 63/47/59 64/48/60
f 64/49/61 180/50/62 181/51/63 62/52/64
f 65/53/65 67/54/66 68/55/67 66/56/68
f 61/46/69 206/57/70 207/58/71 63/47/72
f 70/59/73 69/60/74 71/61/75 72/62/76
f 72/63/77 183/64/78 184/65/79 70/66/80
f 73/67/81 75/68/82 76/69/83 74/70/84
f 69/60/85 203/71/86 204/72/87 71/61/88
f 78/73/89 77/74/90 79/75/91 80/76/92
f 80/77/93 186/78/94 187/79/95 78/80/96
f 81/81/97 83/82/98 84/83/99 82/84/100
f 77/74/101 200/85/102 201/86/103 79/75/104
f 86/87/105 85/88/106 87/89/107 88/90/108
f 88/91/109 189/92/110 190/93/111 86/94/112
f 89/95/113 91/96/114 92/97/115 90/98/116
f 85/88/117 197/99/118 198/100/119 87/89/120
f 45/101/121 46/102/122 47/103/123 48/104/124
f 46/102/125 142/105/126 143/106/127 47/103/128
f 51/107/129 50/108/130 49/109/131 52/110/132
f 48/111/133 174/112/134 175/113/135 45/114/136
f 101/115/137 102/116/138 103/117/139 104/118/140
f 102/116/141 145/119/142 146/120/143 103/117/144
f 107/121/145 106/122/146 105/123/147 108/124/148
f 104/125/149 171/126/150 172/127/151 101/128/152
f 109/129/153 110/130/154 111/131/155 112/132/156
f 110/130/157 148/133/158 149/134/159 111/131/160
f 115/135/161 114/136/162 113/137/163 116/138/164
f 112/139/165 168/140/166 169/141/167 109/142/168
f 117/143/169 118/144/170 119/145/171 120/146/172
f 118/144/173 151/147/174 152/148/175 119/145/176
f 123/149/177 122/150/178 121/151/179 124/152/180
f 120/153/181 165/154/182 166/155/183 117/156/184
f 126/157/185 125/158/186 127/159/187 128/160/188
f 128/161/189 162/162/190 163/163/191 126/164/192
f 129/165/193 131/166/194 132/167/195 130/168/196
f 125/158/197 154/169/198 155/170/199 127/159/200
f 1/171/201 2/172/202 46/102/203 45/101/204
f 26/173/205 25/174/206 48/104/207 47/103/208
f 2/172/209 141/175/210 142/105/211 46/102/212
f 143/106/213 144/176/214 26/173/215 47/103/216
f 28/177/217 27/178/218 50/108/219 51/107/220
f 3/179/221 4/180/222 52/110/223 49/109/224
f 25/181/225 173/182/226 174/112/227 48/111/228
f 175/113/229 176/183/230 1/184/231 45/114/232
f 6/185/233 5/186/234 53/32/235 54/31/236
f 2/172/237 1/171/238 56/34/239 55/33/240
f 1/184/241 176/183/242 177/36/243 56/35/244
f 178/37/245 179/187/246 6/188/247 54/38/248
f 4/180/249 3/179/250 59/40/251 57/39/252
f 8/189/253 7/190/254 58/42/255 60/41/256
f 5/186/257 208/191/258 209/43/259 53/32/260
f 210/44/261 141/175/262 2/172/263 55/33/264
f 10/192/265 9/193/266 61/46/267 62/45/268
f 5/186/269 6/185/270 64/48/271 63/47/272
f 6/188/273 179/187/274 180/50/275 64/49/276
f 181/51/277 182/194/278 10/195/279 62/52/280
f 7/190/281 8/189/282 67/54/283 65/53/284
f 12/196/285 11/197/286 66/56/287 68/55/288
f 9/193/289 205/198/290 206/57/291 61/46/292
f 207/58/293 208/191/294 5/186/295 63/47/296
f 14/199/297 13/200/298 69/60/299 70/59/300
f 9/193/301 10/192/302 72/62/303 71/61/304
f 10/195/305 182/194/306 183/64/307 72/63/308
f 184/65/309 185/201/310 14/202/311 70/66/312
f 11/197/313 12/196/314 75/68/315 73/67/316
f 16/203/317 15/204/318 74/70/319 76/69/320
f 13/200/321 202/205/322 203/71/323 69/60/324
f 204/72/325 205/198/326 9/193/327 71/61/328
f 18/206/329 17/207/330 77/74/331 78/73/332
f 13/200/333 14/199/334 80/76/335 79/75/336
f 14/202/337 185/201/338 186/78/339 80/77/340
f 187/79/341 188/208/342 18/209/343 78/80/344
f 15/204/345 16/203/346 83/82/347 81/81/348
f 20/210/349 19/211/350 82/84/351 84/83/352
f 17/207/353 199/212/354 200/85/355 77/74/356
f 201/86/357 202/205/358 13/200/359 79/75/360
f 22/213/361 21/214/362 85/88/363 86/87/364
f 17/207/365 18/206/366 88/90/367 87/89/368
f 18/209/369 188/208/370 189/92/371 88/91/372
f 190/93/373 191/215/374 22/216/375 86/94/376
f 19/211/377 20/210/378 91/96/379 89/95/380
f 24/217/381 23/218/382 90/98/383 92/97/384
f 21/214/385 196/219/386 197/99/387 85/88/388
f 198/100/389 199/212/390 17/207/391 87/89/392
f 21/214/393 22/213/394 98/21/395 97/20/396
f 195/22/397 196/219/398 21/214/399 97/20/400
f 23/218/401 24/217/402 99/24/403 100/23/404
f 22/216/405 191/215/406 192/28/407 98/27/408
f 25/174/409 26/173/410 102/116/411 101/115/412
f 30/220/413 29/221/414 104/118/415 103/117/416
f 26/173/417 144/176/418 145/119/419 102/116/420
f 146/120/421 147/222/422 30/220/423 103/117/424
f 32/223/425 31/224/426 106/122/427 107/121/428
f 27/178/429 28/177/430 108/124/431 105/123/432
f 29/225/433 170/226/434 171/126/435 104/125/436
f 172/127/437 173/182/438 25/181/439 101/128/440
f 29/221/441 30/220/442 110/130/443 109/129/444
f 34/227/445 33/228/446 112/132/447 111/131/448
f 30/220/449 147/222/450 148/133/451 110/130/452
f 149/134/453 150/229/454 34/227/455 111/131/456
f 36/230/457 35/231/458 114/136/459 115/135/460
f 31/224/461 32/223/462 116/138/463 113/137/464
f 33/232/465 167/233/466 168/140/467 112/139/468
f 169/141/469 170/226/470 29/225/471 109/142/472
f 33/228/473 34/227/474 118/144/475 117/143/476
f 41/234/477 42/235/478 120/146/479 119/145/480
f 34/227/481 150/229/482 151/147/483 118/144/484
f 152/148/485 153/236/486 41/234/487 119/145/488
f 43/237/489 44/238/490 122/150/491 123/149/492
f 35/231/493 36/230/494 124/152/495 121/151/496
f 42/239/497 164/240/498 165/154/499 120/153/500
f 166/155/501 167/233/502 33/232/503 117/156/504
f 42/235/505 41/234/506 125/158/507 126/157/508
f 38/241/509 37/242/510 128/160/511 127/159/512
f 37/243/513 161/244/514 162/162/515 128/161/516
f 163/163/517 164/240/518 42/239/519 126/164/520
f 40/245/521 39/246/522 131/166/523 129/165/524
f 44/238/525 43/237/526 130/168/527 132/167/528
f 41/234/529 153/236/530 154/169/531 125/158/532
f 155/170/533 156/247/534 38/241/535 127/159/536
f 160/7/537 161/244/538 37/243/539 138/8/540
f 38/241/541 156/247/542 157/14/543 139/13/544
f 39/246/545 40/245/546 137/17/547 140/16/548
f 37/242/549 38/241/550 139/13/551 138/19/552
f 142/105/553 141/175/554 3/248/555 49/249/556
f 143/106/557 142/105/558 49/249/559 50/250/560
f 27/251/561 144/176/562 143/106/563 50/250/564
f 145/119/565 144/176/566 27/251/567 105/252/568
f 146/120/569 145/119/570 105/252/571 106/253/572
f 31/254/573 147/222/574 146/120/575 106/253/576
f 148/133/577 147/222/578 31/254/579 113/255/580
f 149/134/581 148/133/582 113/255/583 114/256/584
f 35/257/585 150/229/586 149/134/587 114/256/588
f 151/147/589 150/229/590 35/257/591 121/258/592
f 152/148/593 151/147/594 121/258/595 122/259/596
f 44/260/597 153/236/598 152/148/599 122/259/600
f 154/169/601 153/236/602 44/260/603 132/261/604
f 155/170/605 154/169/606 132/261/607 131/262/608
f 39/263/609 156/247/610 155/170/611 131/262/612
f 157/14/613 156/247/614 39/263/615 140/264/616
f 158/2/617 157/14/618 140/264/619 134/265/620
f 159/3/621 158/2/622 134/265/623 135/266/624
f 160/7/625 159/6/626 135/18/627 137/17/628
f 40/245/629 161/244/630 160/7/631 137/17/632
f 162/162/633 161/244/634 40/245/635 129/165/636
f 163/163/637 162/162/638 129/165/639 130/168/640
f 43/237/641 164/240/642 163/163/643 130/168/644
f 165/154/645 164/240/646 43/237/647 123/149/648
f 166/155/649 165/154/650 123/149/651 124/152/652
f 36/230/653 167/233/654 166/155/655 124/152/656
f 168/140/657 167/233/658 36/230/659 115/135/660
f 169/141/661 168/140/662 115/135/663 116/138/664
f 32/223/665 170/226/666 169/141/667 116/138/668
f 171/126/669 170/226/670 32/223/671 107/121/672
f 172/127/673 171/126/674 107/121/675 108/124/676
f 28/177/677 173/182/678 172/127/679 108/124/680
f 174/112/681 173/182/682 28/177/683 51/107/684
f 175/113/685 174/112/686 51/107/687 52/110/688
f 4/180/689 176/183/690 175/113/691 52/110/692
f 177/36/693 176/183/694 4/180/695 57/39/696
f 178/37/697 177/36/698 57/39/699 58/42/700
f 7/190/701 179/187/702 178/37/703 58/42/704
f 180/50/705 179/187/706 7/190/707 65/53/708
f 181/51/709 180/50/710 65/53/711 66/56/712
f 11/197/713 182/194/714 181/51/715 66/56/716
f 183/64/717 182/194/718 11/197/719 73/67/720
f 184/65/721 183/64/722 73/67/723 74/70/724
f 15/204/725 185/201/726 184/65/727 74/70/728
f 186/78/729 185/201/730 15/204/731 81/81/732
f 187/79/733 186/78/734 81/81/735 82/84/736
f 19/211/737 188/208/738 187/79/739 82/84/740
f 189/92/741 188/208/742 19/211/743 89/95/744
f 190/93/745 189/92/746 89/95/747 90/98/748
f 23/218/749 191/215/750 190/93/751 90/98/752
f 192/28/753 191/215/754 23/218/755 100/23/756
f 193/29/757 192/28/758 100/23/759 94/26/760
f 194/11/761 193/10/762 94/267/763 95/268/764
f 195/22/765 194/11/766 95/268/767 99/269/768
f 24/270/769 196/219/770 195/22/771 99/269/772
f 197/99/773 196/219/774 24/270/775 92/271/776
f 198/100/777 197/99/778 92/271/779 91/272/780
f 20/273/781 199/212/782 198/100/783 91/272/784
f 200/85/785 199/212/786 20/273/787 84/274/788
f 201/86/789 200/85/790 84/274/791 83/275/792
f 16/276/793 202/205/794 201/86/795 83/275/796
f 203/71/797 202/205/798 16/276/799 76/277/800
f 204/72/801 203/71/802 76/277/803 75/278/804
f 12/279/805 205/198/806 204/72/807 75/278/808
f 206/57/809 205/198/810 12/279/811 68/280/812
f 207/58/813 206/57/814 68/280/815 67/281/816
f 8/282/817 208/191/818 207/58/819 67/281/820
f 209/43/821 208/191/822 8/282/823 60/283/824
f 210/44/825 209/43/826 60/283/827 59/284/828
f 3/248/829 141/175/830 210/44/831 59/284/832
f 366/285/833 367/286/834 219/287/835 214/288/836
f 214/288/837 219/287/838 220/289/839 215/290/840
f 215/290/841 220/289/842 221/291/843 216/292/844
f 216/292/845 221/291/846 222/293/847 217/294/848
f 211/295/849 217/294/850 222/293/851 223/296/852
f 219/287/853 224/297/854 226/298/855 220/289/856
f 220/289/857 226/298/858 227/299/859 221/291/860
f 221/291/861 227/299/862 228/300/863 222/293/864
f 222/293/865 228/300/866 229/301/867 223/296/868
f 226/298/869 232/302/870 233/303/871 227/299/872
f 227/299/873 233/303/874 234/304/875 228/300/876
f 228/300/877 234/304/878 235/305/879 229/301/880
f 248/306/881 356/307/882 357/308/883 247/309/884
f 232/302/885 237/310/886 238/311/887 233/303/888
f 233/303/889 238/311/890 239/312/891 234/304/892
f 234/304/893 239/312/894 240/313/895 235/305/896
f 237/310/897 286/314/898 287/315/899 238/311/900
f 238/311/901 287/315/902 288/316/903 239/312/904
f 239/312/905 288/316/906 289/317/907 240/313/908
f 243/318/909 250/319/910 251/320/911 244/321/912
f 244/321/913 251/320/914 252/322/915 245/323/916
f 245/323/917 252/322/918 253/324/919 246/325/920
f 464/326/921 465/327/922 466/328/923 467/329/924
f 464/326/925 468/330/926 469/331/927 465/327/928
f 255/332/929 256/333/930 262/334/931 263/335/932
f 256/333/933 261/336/934 266/337/935 262/334/936
f 416/338/937 417/339/938 418/340/939 419/341/940
f 261/336/941 269/342/942 270/343/943 266/337/944
f 417/339/945 420/344/946 421/345/947 418/340/948
f 422/346/949 416/338/950 419/341/951 423/347/952
f 424/348/953 422/346/954 423/347/955 425/349/956
f 269/342/957 271/350/958 272/351/959 270/343/960
f 420/344/961 426/352/962 427/353/963 421/345/964
f 426/352/965 428/354/966 429/355/967 427/353/968
f 230/356/969 232/302/970 226/298/971 224/297/972
f 241/357/973 237/310/974 232/302/975 230/356/976
f 241/357/977 292/358/978 286/314/979 237/310/980
f 242/359/981 291/360/982 292/358/983 241/357/984
f 291/360/985 373/361/986 290/362/987
f 249/363/988 260/364/989 250/319/990 243/318/991
f 467/329/992 466/328/993 470/365/994 471/366/995
f 471/366/996 470/365/997 472/367/998 473/368/999
f 254/369/1000 265/370/1001 260/364/1002 249/363/1003
f 263/335/1004 267/371/1005 257/372/1006 255/332/1007
f 267/371/1008 264/373/1009 258/374/1010 257/372/1011
f 259/375/1012 268/376/1013 265/370/1014 254/369/1015
f 468/330/1016 474/377/1017 475/378/1018 469/331/1019
f 476/379/1020 477/380/1021 475/378/1022 474/377/1023
f 367/286/1024 368/381/1025 224/297/1026 219/287/1027
f 230/356/1028 369/382/1029 370/383/1030
f 218/384/1031 364/385/1032 365/386/1033 225/387/1034
f 278/388/1035 279/389/1036 280/390/1037
f 282/391/1038 281/392/1039 278/388/1040
f 283/393/1041 278/388/1042 284/394/1043
f 281/392/1044 279/389/1045 278/388/1046
f 283/393/1047 282/391/1048 278/388/1049
f 285/395/1050 284/394/1051 278/388/1052
f 242/359/1053 371/396/1054 372/397/1055
f 236/398/1056 355/399/1057 356/307/1058 248/306/1059
f 355/400/1060 365/401/1061 383/402/1062 384/403/1063
f 368/381/1064 369/382/1065 230/356/1066 224/297/1067
f 370/383/1068 371/396/1069 242/359/1070
f 363/404/1071 364/385/1072 218/384/1073 213/405/1074
f 427/353/1075 429/355/1076 430/406/1077 431/407/1078
f 418/340/1079 421/345/1080 432/408/1081 433/409/1082
f 423/347/1083 419/341/1084 434/410/1085 435/411/1086
f 421/345/1087 427/353/1088 431/407/1089 432/408/1090
f 419/341/1091 418/340/1092 433/409/1093 434/410/1094
f 425/349/1095 423/347/1096 435/411/1097 436/412/1098
f 431/407/1099 430/406/1100 437/413/1101 438/414/1102
f 433/409/1103 432/408/1104 439/415/1105 440/416/1106
f 435/411/1107 434/410/1108 441/417/1109 442/418/1110
f 432/408/1111 431/407/1112 438/414/1113 439/415/1114
f 434/410/1115 433/409/1116 440/416/1117 441/417/1118
f 436/412/1119 435/411/1120 442/418/1121 443/419/1122
f 287/315/1123 286/314/1124 243/318/1125 244/321/1126
f 288/316/1127 287/315/1128 244/321/1129 245/323/1130
f 289/317/1131 288/316/1132 245/323/1133 246/325/1134
f 291/360/1135 290/362/1136 259/375/1137 254/369/1138
f 292/358/1139 291/360/1140 254/369/1141 249/363/1142
f 286/314/1143 292/358/1144 249/363/1145 243/318/1146
f 379/420/1147 380/421/1148 295/422/1149 300/423/1150
f 295/422/1151 296/424/1152 301/425/1153 300/423/1154
f 296/424/1155 297/426/1156 302/427/1157 301/425/1158
f 297/426/1159 298/428/1160 303/429/1161 302/427/1162
f 211/430/1163 223/431/1164 303/429/1165 298/428/1166
f 300/423/1167 301/425/1168 306/432/1169 304/433/1170
f 301/425/1171 302/427/1172 307/434/1173 306/432/1174
f 302/427/1175 303/429/1176 308/435/1177 307/434/1178
f 303/429/1179 223/431/1180 229/436/1181 308/435/1182
f 306/432/1183 307/434/1184 312/437/1185 311/438/1186
f 307/434/1187 308/435/1188 313/439/1189 312/437/1190
f 308/435/1191 229/436/1192 235/440/1193 313/439/1194
f 323/441/1195 247/442/1196 357/443/1197 358/444/1198
f 311/438/1199 312/437/1200 316/445/1201 315/446/1202
f 312/437/1203 313/439/1204 317/447/1205 316/445/1206
f 313/439/1207 235/440/1208 240/448/1209 317/447/1210
f 315/446/1211 316/445/1212 351/449/1213 350/450/1214
f 316/445/1215 317/447/1216 352/451/1217 351/449/1218
f 317/447/1219 240/448/1220 289/452/1221 352/451/1222
f 320/453/1223 321/454/1224 326/455/1225 325/456/1226
f 321/454/1227 322/457/1228 327/458/1229 326/455/1230
f 322/457/1231 246/459/1232 253/460/1233 327/458/1234
f 478/461/1235 479/462/1236 480/463/1237 481/464/1238
f 478/461/1239 481/464/1240 482/465/1241 483/466/1242
f 329/467/1243 335/468/1244 334/469/1245 330/470/1246
f 330/470/1247 334/469/1248 337/471/1249 333/472/1250
f 444/473/1251 445/474/1252 446/475/1253 447/476/1254
f 333/472/1255 337/471/1256 340/477/1257 339/478/1258
f 448/479/1259 444/473/1260 447/476/1261 449/480/1262
f 445/474/1263 450/481/1264 451/482/1265 446/475/1266
f 450/481/1267 424/483/1268 425/484/1269 451/482/1270
f 339/478/1271 340/477/1272 272/351/1273 271/350/1274
f 452/485/1275 448/479/1276 449/480/1277 453/486/1278
f 428/354/1279 452/485/1280 453/486/1281 429/355/1282
f 309/487/1283 304/433/1284 306/432/1285 311/438/1286
f 318/488/1287 309/487/1288 311/438/1289 315/446/1290
f 318/488/1291 315/446/1292 350/450/1293 354/489/1294
f 319/490/1295 318/488/1296 354/489/1297 353/491/1298
f 373/492/1299 353/491/1300 290/493/1301
f 324/494/1302 320/453/1303 325/456/1304 332/495/1305
f 479/462/1306 484/496/1307 485/497/1308 480/463/1309
f 484/496/1310 473/498/1311 472/499/1312 485/497/1313
f 328/500/1314 324/494/1315 332/495/1316 336/501/1317
f 335/468/1318 329/467/1319 331/502/1320 338/503/1321
f 338/503/1322 331/502/1323 258/504/1324 264/505/1325
f 259/506/1326 328/500/1327 336/501/1328 268/507/1329
f 483/466/1330 482/465/1331 486/508/1332 487/509/1333
f 476/379/1334 487/509/1335 486/508/1336 477/380/1337
f 378/510/1338 379/420/1339 300/423/1340 304/433/1341
f 309/487/1342 318/488/1343 319/490/1344 376/511/1345
f 299/512/1346 305/513/1347 360/514/1348 361/515/1349
f 278/388/1350 280/390/1351 345/516/1352
f 347/517/1353 278/388/1354 346/518/1355
f 348/519/1356 349/520/1357 278/388/1358
f 346/518/1359 278/388/1360 345/516/1361
f 348/519/1362 278/388/1363 347/517/1364
f 285/395/1365 278/388/1366 349/520/1367
f 319/490/1368 374/521/1369 375/522/1370
f 314/523/1371 323/441/1372 358/444/1373 359/524/1374
f 305/513/1375 310/525/1376 314/523/1377 359/524/1378 360/514/1379
f 377/526/1380 378/510/1381 304/433/1382 309/487/1383
f 375/522/1384 376/511/1385 319/490/1386
f 361/515/1387 362/527/1388 294/528/1389 299/512/1390
f 453/486/1391 454/529/1392 430/406/1393 429/355/1394
f 447/476/1395 455/530/1396 456/531/1397 449/480/1398
f 451/482/1399 457/532/1400 458/533/1401 446/475/1402
f 449/480/1403 456/531/1404 454/529/1405 453/486/1406
f 446/475/1407 458/533/1408 455/530/1409 447/476/1410
f 425/484/1411 436/534/1412 457/532/1413 451/482/1414
f 454/529/1415 459/535/1416 437/413/1417 430/406/1418
f 455/530/1419 460/536/1420 461/537/1421 456/531/1422
f 457/532/1423 462/538/1424 463/539/1425 458/533/1426
f 456/531/1427 461/537/1428 459/535/1429 454/529/1430
f 458/533/1431 463/539/1432 460/536/1433 455/530/1434
f 436/534/1435 443/540/1436 462/538/1437 457/532/1438
f 351/449/1439 321/454/1440 320/453/1441 350/450/1442
f 352/451/1443 322/457/1444 321/454/1445 351/449/1446
f 289/452/1447 246/459/1448 322/457/1449 352/451/1450
f 353/491/1451 328/500/1452 259/506/1453 290/493/1454
f 354/489/1455 324/494/1456 328/500/1457 353/491/1458
f 350/450/1459 320/453/1460 324/494/1461 354/489/1462
f 356/541/1463 355/400/1464 384/403/1465 385/542/1466
f 357/543/1467 356/541/1468 385/542/1469 386/544/1470
f 358/545/1471 357/543/1472 386/544/1473 387/546/1474
f 359/547/1475 358/545/1476 387/546/1477 388/548/1478
f 361/549/1479 360/550/1480 389/551/1481 390/552/1482
f 390/552/1483 391/553/1484 362/554/1485 361/549/1486
f 360/550/1487 359/547/1488 388/548/1489 389/551/1490
f 381/555/1491 382/556/1492 364/557/1493 363/558/1494
f 365/401/1495 364/557/1496 382/556/1497 383/402/1498
f 225/387/1499 365/386/1500 355/399/1501 236/398/1502 231/559/1503
f 213/405/1504 218/384/1505 367/286/1506 366/285/1507
f 218/384/1508 225/387/1509 368/381/1510 367/286/1511
f 225/387/1512 231/559/1513 236/398/1514 369/382/1515 368/381/1516
f 370/383/1517 369/382/1518 236/398/1519
f 236/398/1520 248/306/1521 371/396/1522 370/383/1523
f 372/397/1524 371/396/1525 248/306/1526 247/309/1527
f 247/309/1528 373/361/1529 372/397/1530
f 247/442/1531 374/521/1532 373/492/1533
f 375/522/1534 374/521/1535 247/442/1536 323/441/1537
f 314/523/1538 376/511/1539 375/522/1540 323/441/1541
f 377/526/1542 376/511/1543 314/523/1544
f 305/513/1545 378/510/1546 377/526/1547 314/523/1548 310/525/1549
f 299/512/1550 379/420/1551 378/510/1552 305/513/1553
f 294/528/1554 380/421/1555 379/420/1556 299/512/1557
f 230/356/1558 370/383/1559 242/359/1560 241/357/1561
f 309/487/1562 376/511/1563 377/526/1564
f 373/492/1565 374/521/1566 319/490/1567 353/491/1568
f 372/397/1569 373/361/1570 291/360/1571 242/359/1572
f 212/560/1573 277/561/1574 382/556/1575 381/555/1576
f 383/402/1577 382/556/1578 277/561/1579 276/562/1580
f 384/403/1581 383/402/1582 276/562/1583 275/563/1584
f 385/542/1585 384/403/1586 275/563/1587 274/564/1588
f 386/544/1589 385/542/1590 274/564/1591 273/565/1592
f 387/546/1593 386/544/1594 273/565/1595 341/566/1596
f 388/548/1597 387/546/1598 341/566/1599 342/567/1600
f 389/551/1601 388/548/1602 342/567/1603 343/568/1604
f 390/552/1605 389/551/1606 343/568/1607 344/569/1608
f 293/570/1609 391/553/1610 390/552/1611 344/569/1612
f 340/477/1613 393/571/1614 392/572/1615 272/351/1616
f 337/471/1617 394/573/1618 393/571/1619 340/477/1620
f 334/469/1621 395/574/1622 394/573/1623 337/471/1624
f 334/469/1625 335/468/1626 396/575/1627 395/574/1628
f 335/468/1629 338/503/1630 397/576/1631 396/575/1632
f 264/505/1633 398/577/1634 397/576/1635 338/503/1636
f 264/373/1637 267/371/1638 399/578/1639 398/579/1640
f 263/335/1641 400/580/1642 399/578/1643 267/371/1644
f 262/334/1645 401/581/1646 400/580/1647 263/335/1648
f 262/334/1649 266/337/1650 402/582/1651 401/581/1652
f 266/337/1653 270/343/1654 403/583/1655 402/582/1656
f 270/343/1657 272/351/1658 392/572/1659 403/583/1660
f 405/584/1661 404/585/1662 279/389/1663 281/392/1664
f 406/586/1665 405/584/1666 281/392/1667 282/391/1668
f 407/587/1669 406/586/1670 282/391/1671 283/393/1672
f 408/588/1673 407/587/1674 283/393/1675 284/394/1676
f 409/589/1677 408/588/1678 284/394/1679 285/395/1680
f 410/590/1681 409/589/1682 285/395/1683 349/520/1684
f 411/591/1685 410/590/1686 349/520/1687 348/519/1688
f 412/592/1689 411/591/1690 348/519/1691 347/517/1692
f 413/593/1693 412/592/1694 347/517/1695 346/518/1696
f 414/594/1697 413/593/1698 346/518/1699 345/516/1700
f 415/595/1701 414/594/1702 345/516/1703 280/390/1704
f 404/585/1705 415/595/1706 280/390/1707 279/389/1708
f 400/596/1709 401/597/1710 417/339/1711 416/338/1712
f 401/597/1713 402/598/1714 420/344/1715 417/339/1716
f 399/599/1717 400/596/1718 416/338/1719 422/346/1720
f 398/600/1721 399/599/1722 422/346/1723 424/348/1724
f 402/598/1725 403/601/1726 426/352/1727 420/344/1728
f 403/601/1729 392/602/1730 428/354/1731 426/352/1732
f 415/595/1733 404/585/1734 438/603/1735 437/604/1736
f 405/584/1737 406/586/1738 440/605/1739 439/606/1740
f 407/587/1741 408/588/1742 442/607/1743 441/608/1744
f 404/585/1745 405/584/1746 439/606/1747 438/603/1748
f 406/586/1749 407/587/1750 441/608/1751 440/605/1752
f 408/588/1753 409/589/1754 443/609/1755 442/607/1756
f 395/610/1757 396/611/1758 445/474/1759 444/473/1760
f 394/612/1761 395/610/1762 444/473/1763 448/479/1764
f 396/611/1765 397/613/1766 450/481/1767 445/474/1768
f 397/613/1769 398/614/1770 424/483/1771 450/481/1772
f 393/615/1773 394/612/1774 448/479/1775 452/485/1776
f 392/602/1777 393/615/1778 452/485/1779 428/354/1780
f 414/594/1781 415/595/1782 437/604/1783 459/616/1784
f 412/592/1785 413/593/1786 461/617/1787 460/618/1788
f 410/590/1789 411/591/1790 463/619/1791 462/620/1792
f 413/593/1793 414/594/1794 459/616/1795 461/617/1796
f 411/591/1797 412/592/1798 460/618/1799 463/619/1800
f 409/589/1801 410/590/1802 462/620/1803 443/609/1804
f 256/621/1805 255/622/1806 466/328/1807 465/327/1808
f 251/623/1809 250/624/1810 464/326/1811 467/329/1812
f 250/624/1813 260/625/1814 468/330/1815 464/326/1816
f 261/626/1817 256/621/1818 465/327/1819 469/331/1820
f 255/622/1821 257/627/1822 470/365/1823 466/328/1824
f 252/628/1825 251/623/1826 467/329/1827 471/366/1828
f 257/627/1829 258/629/1830 472/367/1831 470/365/1832
f 253/630/1833 252/628/1834 471/366/1835 473/368/1836
f 260/625/1837 265/631/1838 474/377/1839 468/330/1840
f 269/632/1841 261/626/1842 469/331/1843 475/378/1844
f 271/633/1845 269/632/1846 475/378/1847 477/380/1848
f 265/631/1849 268/634/1850 476/379/1851 474/377/1852
f 325/635/1853 326/636/1854 479/462/1855 478/461/1856
f 329/637/1857 330/638/1858 481/464/1859 480/463/1860
f 330/638/1861 333/639/1862 482/465/1863 481/464/1864
f 332/640/1865 325/635/1866 478/461/1867 483/466/1868
f 326/636/1869 327/641/1870 484/496/1871 479/462/1872
f 331/642/1873 329/637/1874 480/463/1875 485/497/1876
f 327/641/1877 253/643/1878 473/498/1879 484/496/1880
f 258/644/1881 331/642/1882 485/497/1883 472/499/1884
f 333/639/1885 339/645/1886 486/508/1887 482/465/1888
f 336/646/1889 332/640/1890 483/466/1891 487/509/1892
f 268/634/1893 336/646/1894 487/509/1895 476/379/1896
f 339/645/1897 271/633/1898 477/380/1899 486/508/1900
f 507/647/1901 508/648/1902 567/649/1903 568/650/1904
f 508/648/1905 511/651/1906 566/652/1907 567/649/1908
f 511/651/1909 513/653/1910 565/654/1911 566/652/1912
f 488/655/1913 489/656/1914 581/657/1915 564/658/1916
f 489/656/1917 490/659/1918 580/660/1919 581/657/1920
f 490/659/1921 491/661/1922 579/662/1923 580/660/1924
f 491/661/1925 492/663/1926 578/664/1927 579/662/1928
f 492/663/1929 493/665/1930 577/666/1931 578/664/1932
f 493/665/1933 494/667/1934 576/668/1935 577/666/1936
f 494/667/1937 495/669/1938 575/670/1939 576/668/1940
f 495/669/1941 496/671/1942 574/672/1943 575/670/1944
f 515/673/1945 516/674/1946 572/675/1947 573/676/1948
f 516/674/1949 519/677/1950 571/678/1951 572/675/1952
f 519/677/1953 521/679/1954 570/680/1955 571/678/1956
f 521/679/1957 523/681/1958 569/682/1959 570/680/1960
f 523/681/1961 507/647/1962 568/650/1963 569/682/1964
f 508/648/1965 507/647/1966 525/683/1967
f 511/651/1968 508/648/1969 525/683/1970
f 513/653/1971 511/651/1972 525/683/1973
f 489/656/1974 488/655/1975 506/684/1976
f 490/659/1977 489/656/1978 506/684/1979
f 491/661/1980 490/659/1981 506/684/1982
f 492/663/1983 491/661/1984 506/684/1985
f 493/665/1986 492/663/1987 506/684/1988
f 494/667/1989 493/665/1990 506/684/1991
f 495/669/1992 494/667/1993 506/684/1994
f 496/671/1995 495/669/1996 506/684/1997
f 516/674/1998 515/673/1999 525/683/2000
f 519/677/2001 516/674/2002 525/683/2003
f 521/679/2004 519/677/2005 525/683/2006
f 523/681/2007 521/679/2008 525/683/2009
f 507/647/2010 523/681/2011 525/683/2012
f 544/685/2013 545/686/2014 546/687/2015
f 545/686/2016 547/688/2017 546/687/2018
f 547/688/2019 548/689/2020 546/687/2021
f 549/690/2022 550/691/2023 551/692/2024
f 550/691/2025 552/693/2026 551/692/2027
f 552/693/2028 553/694/2029 551/692/2030
f 553/694/2031 554/695/2032 551/692/2033
f 554/695/2034 555/696/2035 551/692/2036
f 555/696/2037 556/697/2038 551/692/2039
f 556/697/2040 557/698/2041 551/692/2042
f 557/698/2043 558/699/2044 551/692/2045
f 559/700/2046 560/701/2047 546/687/2048
f 560/701/2049 561/702/2050 546/687/2051
f 561/702/2052 562/703/2053 546/687/2054
f 562/703/2055 563/704/2056 546/687/2057
f 563/704/2058 544/685/2059 546/687/2060
f 488/655/2061 564/658/2062 565/654/2063 513/653/2064
f 573/676/2065 574/672/2066 496/671/2067 515/673/2068
f 506/684/2069 488/655/2070 513/653/2071 525/683/2072
f 496/671/2073 506/684/2074 525/683/2075 515/673/2076
f 549/690/2077 551/692/2078 546/687/2079 548/689/2080
f 551/692/2081 558/699/2082 559/700/2083 546/687/2084
f 510/705/2085 509/706/2086 527/707/2087 526/708/2088
f 509/706/2089 512/709/2090 528/710/2091 527/707/2092
f 512/709/2093 514/711/2094 529/712/2095 528/710/2096
f 497/713/2097 498/714/2098 531/715/2099 530/716/2100
f 498/714/2101 499/717/2102 532/718/2103 531/715/2104
f 499/717/2105 500/719/2106 533/720/2107 532/718/2108
f 500/719/2109 501/721/2110 534/722/2111 533/720/2112
f 501/721/2113 502/723/2114 535/724/2115 534/722/2116
f 502/723/2117 503/725/2118 536/726/2119 535/724/2120
f 503/725/2121 504/727/2122 537/728/2123 536/726/2124
f 504/727/2125 505/729/2126 538/730/2127 537/728/2128
f 518/731/2129 517/732/2130 540/733/2131 539/734/2132
f 517/732/2133 520/735/2134 541/736/2135 540/733/2136
f 520/735/2137 522/737/2138 542/738/2139 541/736/2140
f 522/737/2141 524/739/2142 543/740/2143 542/738/2144
f 524/739/2145 510/705/2146 526/708/2147 543/740/2148
f 514/711/2149 497/713/2150 530/716/2151 529/712/2152
f 505/729/2153 518/731/2154 539/734/2155 538/730/2156
f 526/708/2157 527/707/2158 545/686/2159 544/685/2160
f 527/707/2161 528/710/2162 547/688/2163 545/686/2164
f 528/710/2165 529/712/2166 548/689/2167 547/688/2168
f 530/716/2169 531/715/2170 550/691/2171 549/690/2172
f 531/715/2173 532/718/2174 552/693/2175 550/691/2176
f 532/718/2177 533/720/2178 553/694/2179 552/693/2180
f 533/720/2181 534/722/2182 554/695/2183 553/694/2184
f 534/722/2185 535/724/2186 555/696/2187 554/695/2188
f 535/724/2189 536/726/2190 556/697/2191 555/696/2192
f 536/726/2193 537/728/2194 557/698/2195 556/697/2196
f 537/728/2197 538/730/2198 558/699/2199 557/698/2200
f 539/734/2201 540/733/2202 560/701/2203 559/700/2204
f 540/733/2205 541/736/2206 561/702/2207 560/701/2208
f 541/736/2209 542/738/2210 562/703/2211 561/702/2212
f 542/738/2213 543/740/2214 563/704/2215 562/703/2216
f 543/740/2217 526/708/2218 544/685/2219 563/704/2220
f 529/712/2221 530/716/2222 549/690/2223 548/689/2224
f 538/730/2225 539/734/2226 559/700/2227 558/699/2228
f 565/741/2229 564/742/2230 497/713/2231 514/711/2232
f 566/743/2233 565/741/2234 514/711/2235 512/709/2236
f 567/744/2237 566/743/2238 512/709/2239 509/706/2240
f 568/745/2241 567/744/2242 509/706/2243 510/705/2244
f 569/746/2245 568/745/2246 510/705/2247 524/739/2248
f 570/747/2249 569/746/2250 524/739/2251 522/737/2252
f 571/748/2253 570/747/2254 522/737/2255 520/735/2256
f 572/749/2257 571/748/2258 520/735/2259 517/732/2260
f 573/750/2261 572/749/2262 517/732/2263 518/731/2264
f 505/729/2265 574/751/2266 573/750/2267 518/731/2268
f 575/752/2269 574/751/2270 505/729/2271 504/727/2272
f 576/753/2273 575/752/2274 504/727/2275 503/725/2276
f 577/754/2277 576/753/2278 503/725/2279 502/723/2280
f 578/755/2281 577/754/2282 502/723/2283 501/721/2284
f 579/756/2285 578/755/2286 501/721/2287 500/719/2288
f 580/757/2289 579/756/2290 500/719/2291 499/717/2292
f 581/758/2293 580/757/2294 499/717/2295 498/714/2296
f 564/742/2297 581/758/2298 498/714/2299 497/713/2300
f 582/759/2301 583/760/2302 595/761/2303 594/762/2304
f 583/760/2305 584/763/2306 596/764/2307 595/761/2308
f 584/763/2309 585/765/2310 597/766/2311 596/764/2312
f 585/765/2313 586/767/2314 598/768/2315 597/766/2316
f 586/767/2317 587/769/2318 599/770/2319 598/768/2320
f 587/769/2321 588/771/2322 600/772/2323 599/770/2324
f 588/771/2325 589/773/2326 601/774/2327 600/772/2328
f 589/773/2329 590/775/2330 602/776/2331 601/774/2332
f 590/775/2333 591/777/2334 603/778/2335 602/776/2336
f 591/777/2337 592/779/2338 604/780/2339 603/778/2340
f 592/779/2341 593/781/2342 605/782/2343 604/780/2344
f 593/781/2345 582/759/2346 594/762/2347 605/782/2348
f 583/783/2349 582/784/2350 606/785/2351
f 584/786/2352 583/783/2353 606/785/2354
f 585/787/2355 584/786/2356 606/785/2357
f 586/788/2358 585/787/2359 606/785/2360
f 587/789/2361 586/788/2362 606/785/2363
f 588/790/2364 587/789/2365 606/785/2366
f 589/791/2367 588/790/2368 606/785/2369
f 590/792/2370 589/791/2371 606/785/2372
f 591/793/2373 590/792/2374 606/785/2375
f 592/794/2376 591/793/2377 606/785/2378
f 593/795/2379 592/794/2380 606/785/2381
f 582/784/2382 593/795/2383 606/785/2384
f 594/762/2385 595/761/2386 607/796/2387
f 595/761/2388 596/764/2389 607/796/2390
f 596/764/2391 597/766/2392 607/796/2393
f 597/766/2394 598/768/2395 607/796/2396
f 598/768/2397 599/770/2398 607/796/2399
f 599/770/2400 600/772/2401 607/796/2402
f 600/772/2403 601/774/2404 607/796/2405
f 601/774/2406 602/776/2407 607/796/2408
f 602/776/2409 603/778/2410 607/796/2411
f 603/778/2412 604/780/2413 607/796/2414
f 604/780/2415 605/782/2416 607/796/2417
f 605/782/2418 594/762/2419 607/796/2420
f 273/565/2421 274/564/2422 275/563/2423 609/797/2424
f 341/566/2425 273/565/2426 609/797/2427 342/567/2428
f 609/797/2429 275/563/2430 276/562/2431 610/798/2432
f 342/567/2433 609/797/2434 610/798/2435 343/568/2436
f 610/798/2437 276/562/2438 277/561/2439 611/799/2440
f 343/568/2441 610/798/2442 611/799/2443 344/569/2444
f 611/799/2445 277/561/2446 212/560/2447 608/800/2448
f 344/569/2449 611/799/2450 608/800/2451 293/570/2452
f 362/801/2453 295/802/2454 380/803/2455 294/804/2456
f 212/805/2457 215/806/2458 216/807/2459 612/808/2460 608/809/2461
f 212/805/2462 381/810/2463 214/811/2464 215/806/2465
f 391/812/2466 295/802/2467 362/801/2468
f 293/813/2469 296/814/2470 295/802/2471 391/812/2472
f 214/811/2473 363/815/2474 213/816/2475 366/817/2476
f 214/811/2477 381/810/2478 363/815/2479
f 217/818/2480 612/808/2481 216/807/2482
f 298/819/2483 612/808/2484 211/820/2485
f 608/809/2486 612/808/2487 297/821/2488 296/814/2489 293/813/2490
f 211/820/2491 612/808/2492 217/818/2493
f 297/821/2494 612/808/2495 298/819/2496
