# This file uses centimeters as units for non-parametric coordinates.

mtllib Grinder_low.mtl
g default
v 0.038820 0.619284 -0.712258
v 0.008944 0.629316 -0.712258
v 0.008944 0.629316 -0.562189
v 0.038820 0.619284 -0.562189
v 0.003929 0.608366 -0.706118
v -0.024765 0.605838 -0.706118
v -0.024765 0.605838 -0.568329
v 0.003929 0.608366 -0.568329
v -0.033107 0.625574 -0.711823
v -0.060817 0.610541 -0.711823
v -0.060817 0.610541 -0.562624
v -0.033107 0.625574 -0.562624
v -0.050356 0.591955 -0.706118
v -0.068946 0.568832 -0.706118
v -0.068946 0.568832 -0.568329
v -0.050356 0.591955 -0.568329
v -0.088264 0.576096 -0.709489
v -0.097452 0.545841 -0.709489
v -0.097452 0.545841 -0.564958
v -0.088264 0.576096 -0.564958
v -0.077705 0.539988 -0.706118
v -0.075301 0.509815 -0.706118
v -0.075301 0.509815 -0.568329
v -0.077705 0.539988 -0.568329
v -0.094135 0.501176 -0.712504
v -0.079709 0.471773 -0.712504
v -0.079709 0.471773 -0.561944
v -0.094135 0.501176 -0.561944
v -0.062098 0.482906 -0.706118
v -0.040108 0.463358 -0.706118
v -0.040108 0.463358 -0.568329
v -0.062098 0.482906 -0.568329
v -0.047955 0.443359 -0.714203
v -0.017305 0.433068 -0.714203
v -0.017305 0.433068 -0.560244
v -0.047955 0.443359 -0.560244
v -0.012677 0.454147 -0.706118
v 0.016017 0.456676 -0.706118
v 0.016017 0.456676 -0.568329
v -0.012677 0.454147 -0.568329
v 0.024372 0.436946 -0.711755
v 0.052056 0.451965 -0.711755
v 0.052056 0.451965 -0.562692
v 0.024372 0.436946 -0.562692
v 0.041608 0.470558 -0.706118
v 0.060197 0.493681 -0.706118
v 0.060197 0.493681 -0.568329
v 0.041608 0.470558 -0.568329
v 0.079321 0.485775 -0.712558
v 0.088899 0.517315 -0.712558
v 0.088899 0.517315 -0.561889
v 0.079321 0.485775 -0.561889
v 0.068957 0.522526 -0.706118
v 0.066553 0.552699 -0.706118
v 0.066553 0.552699 -0.568329
v 0.068957 0.522526 -0.568329
v 0.084738 0.562660 -0.705731
v 0.071610 0.589417 -0.705731
v 0.071610 0.589417 -0.568716
v 0.084738 0.562660 -0.568716
v 0.053350 0.579607 -0.706118
v 0.031360 0.599155 -0.706118
v 0.031360 0.599155 -0.568329
v 0.053350 0.579607 -0.568329
v -0.004374 0.531257 -0.706118
v -0.004374 0.531257 -0.568329
v 0.005577 0.623667 -0.719789
v 0.038451 0.612628 -0.719789
v 0.005577 0.623667 -0.554658
v 0.038451 0.612628 -0.554658
v -0.059480 0.604000 -0.719789
v -0.028812 0.620637 -0.719789
v -0.059480 0.604000 -0.554658
v -0.028812 0.620637 -0.554658
v -0.092257 0.541720 -0.719789
v -0.081759 0.576288 -0.719789
v -0.092257 0.541720 -0.554658
v -0.081759 0.576288 -0.554658
v -0.073553 0.473311 -0.719789
v -0.089375 0.505560 -0.719789
v -0.073553 0.473311 -0.554658
v -0.089375 0.505560 -0.554658
v -0.014325 0.438846 -0.719789
v -0.047199 0.449885 -0.719789
v -0.014325 0.438846 -0.554658
v -0.047199 0.449885 -0.554658
v 0.050732 0.458513 -0.719789
v 0.020064 0.441876 -0.719789
v 0.050732 0.458513 -0.554658
v 0.020064 0.441876 -0.554658
v 0.083509 0.520793 -0.719789
v 0.073011 0.486226 -0.719789
v 0.083509 0.520793 -0.554658
v 0.073011 0.486226 -0.554658
v 0.064805 0.589202 -0.719789
v 0.080627 0.556953 -0.719789
v 0.064805 0.589202 -0.554658
v 0.080627 0.556953 -0.554658
v 0.021486 0.555971 -0.735594
v -0.006959 0.568361 -0.735594
v -0.006959 0.568361 -0.464069
v 0.021486 0.555971 -0.464069
v -0.035404 0.555971 -0.735594
v -0.035404 0.555971 -0.464069
v -0.047186 0.526061 -0.735594
v -0.047186 0.526061 -0.464069
v -0.035404 0.496151 -0.735594
v -0.035404 0.496151 -0.464069
v -0.006959 0.483762 -0.735594
v -0.006959 0.483762 -0.464069
v 0.021486 0.496151 -0.735594
v 0.021486 0.496151 -0.464069
v 0.033268 0.526061 -0.735594
v 0.033268 0.526061 -0.464069
v -0.006959 0.526061 -0.735594
v -0.006959 0.526061 -0.464069
v 0.039890 1.279914 -0.729835
v -0.006959 1.300319 -0.729835
v -0.006959 1.300319 0.201058
v 0.039890 1.279914 0.201058
v -0.053808 1.279914 -0.729835
v -0.053808 1.279914 0.201058
v -0.073214 1.230650 -0.729835
v -0.073214 1.230650 0.201058
v -0.053808 1.181387 -0.729835
v -0.053808 1.181387 0.201058
v -0.006959 1.160982 -0.729835
v -0.006959 1.160982 0.201058
v 0.039890 1.181387 -0.729835
v 0.039890 1.181387 0.201058
v 0.059296 1.230650 -0.729835
v 0.059296 1.230650 0.201058
v -0.006959 1.230650 -0.729835
v -0.006959 1.230650 0.201058
v -0.633073 0.014698 0.510258
v -0.589667 0.014698 0.510258
v -0.555914 0.939572 0.198028
v -0.666826 0.939572 0.198028
v -0.554470 0.939572 0.142539
v -0.668270 0.939572 0.142539
v -0.666826 0.939572 0.105905
v -0.555914 0.939572 0.105905
v -0.537130 0.014698 0.269611
v -0.685609 0.014698 0.269611
v -0.731866 0.014698 0.365309
v -0.481193 0.014698 0.365309
v -0.526155 1.453141 -0.330325
v -0.574164 1.226936 -0.330325
v -0.574164 1.226936 -0.306693
v -0.526155 1.453141 -0.306693
v -0.535916 0.996859 -0.330325
v -0.535916 0.996859 -0.306693
v -0.417234 0.797934 -0.330325
v -0.417234 0.797934 -0.306693
v -0.236187 0.660448 -0.330325
v -0.236187 0.660448 -0.306693
v -0.020338 0.605331 -0.330325
v -0.020338 0.605331 -0.306693
v 0.197453 0.640975 -0.330325
v 0.197453 0.640975 -0.306693
v 0.384029 0.761952 -0.330325
v 0.384029 0.761952 -0.306693
v 0.510985 0.949846 -0.330325
v 0.510985 0.949846 -0.306693
v 0.558994 1.176051 -0.330325
v 0.558994 1.176051 -0.306693
v 0.520746 1.406129 -0.330325
v 0.520746 1.406129 -0.306693
v 0.402064 1.605053 -0.330325
v 0.402064 1.605053 -0.306693
v 0.221017 1.742538 -0.330325
v 0.221017 1.742538 -0.306693
v 0.005167 1.797656 -0.330325
v 0.005167 1.797656 -0.306693
v -0.212624 1.762012 -0.330325
v -0.212624 1.762012 -0.306693
v -0.399200 1.641035 -0.330325
v -0.399200 1.641035 -0.306693
v -0.007585 1.201494 -0.330325
v -0.526155 1.453141 0.032512
v -0.574164 1.226936 0.032512
v -0.007585 1.201494 0.032512
v -0.535916 0.996859 0.032512
v -0.417234 0.797934 0.032512
v -0.236187 0.660448 0.032512
v -0.020338 0.605331 0.032512
v 0.197453 0.640975 0.032512
v 0.384029 0.761952 0.032512
v 0.510985 0.949846 0.032512
v 0.558994 1.176051 0.032512
v 0.520746 1.406129 0.032512
v 0.402064 1.605053 0.032512
v 0.221017 1.742538 0.032512
v 0.005167 1.797656 0.032512
v -0.212624 1.762012 0.032512
v -0.399200 1.641035 0.032512
v -0.526155 1.453141 -0.173565
v -0.399200 1.641035 -0.173565
v -0.212624 1.762012 -0.173565
v 0.005167 1.797656 -0.173565
v 0.221017 1.742538 -0.173565
v 0.402064 1.605053 -0.173565
v 0.520746 1.406129 -0.173565
v 0.558994 1.176051 -0.173565
v 0.510985 0.949846 -0.173565
v 0.384029 0.761952 -0.173565
v 0.197453 0.640975 -0.173565
v -0.020338 0.605331 -0.173565
v -0.236187 0.660448 -0.173565
v -0.417234 0.797934 -0.173565
v -0.535916 0.996859 -0.173565
v -0.574164 1.226936 -0.173565
v -0.399200 1.641035 0.010213
v -0.526155 1.453141 0.010213
v -0.212624 1.762012 0.010213
v 0.005167 1.797656 0.010213
v 0.221017 1.742538 0.010213
v 0.402064 1.605053 0.010213
v 0.520746 1.406129 0.010213
v 0.558994 1.176051 0.010213
v 0.510985 0.949846 0.010213
v 0.384029 0.761952 0.010213
v 0.197453 0.640975 0.010213
v -0.020338 0.605331 0.010213
v -0.236187 0.660448 0.010213
v -0.417234 0.797934 0.010213
v -0.535916 0.996859 0.010213
v -0.574164 1.226936 0.010213
v -0.774964 0.763843 0.239301
v -0.804867 0.763843 0.091548
v -0.677835 0.763843 0.169786
v -0.642830 0.763843 0.239301
v -0.613370 0.763843 0.115942
v 0.004576 0.763843 0.115942
v 0.007404 0.763843 0.239301
v -0.881396 0.874187 0.242934
v -0.881396 0.891740 0.091922
v -0.857854 0.853933 0.078611
v -0.857854 0.853933 0.239301
v -0.881396 0.894454 -0.155701
v -0.857854 0.853933 -0.153554
v -0.642830 0.853933 0.239301
v -0.775536 0.853933 0.239301
v -0.857854 0.763843 0.078611
v -0.857854 0.763843 0.239301
v -0.857854 0.763843 -0.148780
v -0.565415 1.011079 0.092509
v -0.656996 1.011079 0.159694
v -0.656996 1.011079 0.226893
v 0.014083 1.011079 0.226893
v 0.011003 1.011079 0.092509
v -0.704952 0.763843 0.037159
v -0.782572 0.763843 -0.148780
v -0.704952 0.763843 -0.148780
v -0.656996 0.894454 0.013139
v -0.565415 0.894454 0.091922
v -0.563371 0.894454 0.091922
v -0.656996 0.894454 0.011381
v -0.656996 1.011079 0.013725
v -0.612348 0.853933 0.115942
v -0.704952 0.853933 0.036280
v 0.007704 0.894454 0.091922
v -0.656996 0.894454 -0.155701
v -0.656996 1.011079 -0.161881
v 0.007114 0.853933 0.115942
v -0.704952 0.853933 -0.153554
v -0.773085 1.011079 0.092205
v -0.772008 1.011079 0.226893
v -0.774807 1.011079 -0.161881
v -0.774964 0.763843 -0.524420
v -0.642830 0.763843 -0.524420
v -0.677835 0.763843 -0.454906
v -0.804867 0.763843 -0.376667
v -0.001616 0.763843 -0.524420
v -0.007274 0.763843 -0.401061
v -0.613370 0.763843 -0.401061
v -0.656996 0.894454 -0.546743
v -0.642830 0.853933 -0.524420
v -0.775536 0.853933 -0.524420
v -0.770515 0.884144 -0.539286
v -0.881396 0.884103 -0.546743
v -0.857854 0.853933 -0.524420
v -0.857854 0.853933 -0.363731
v -0.881396 0.894454 -0.377042
v -0.857854 0.763843 -0.524420
v -0.857854 0.763843 -0.363731
v -0.704952 0.763843 -0.322279
v -0.656996 0.894454 -0.298259
v -0.656996 0.894454 -0.296501
v -0.563371 0.894454 -0.377042
v -0.565415 0.894454 -0.377042
v -0.565415 1.011079 -0.377629
v -0.656996 1.011079 -0.298845
v -0.704952 0.853933 -0.321400
v -0.612348 0.853933 -0.401061
v -0.008673 0.894454 -0.377042
v -0.011944 1.011079 -0.377629
v -0.006981 0.853933 -0.401061
v -0.656996 1.011079 -0.444814
v -0.773085 1.011079 -0.377325
v -0.881396 0.998598 -0.515427
v -0.881396 1.003592 -0.508641
v -0.874274 1.011079 -0.498445
v -0.772119 1.011079 -0.498175
v -0.771858 0.998175 -0.514786
v -0.656996 1.011079 -0.498574
v -0.656996 0.998772 -0.515678
v -0.009169 1.011079 -0.498683
v -0.008432 0.998951 -0.515926
v -0.006687 0.903261 -0.546743
v -0.881396 1.003592 0.228793
v -0.874274 1.011079 0.226893
v -0.874274 1.011079 0.091941
v -0.881396 1.003592 0.091922
v -0.874270 1.011079 -0.161881
v -0.881396 1.003596 -0.161485
v -0.874274 1.011079 -0.377060
v -0.881396 1.003592 -0.377042
v 0.009942 0.853933 0.239301
v -0.007565 0.853933 -0.524420
v 0.763246 0.763843 0.239301
v 0.631112 0.763843 0.239301
v 0.666118 0.763843 0.169786
v 0.793149 0.763843 0.091548
v 0.601652 0.763843 0.115942
v 0.869678 0.874187 0.248105
v 0.846136 0.853933 0.239301
v 0.846136 0.853933 0.078611
v 0.869678 0.891740 0.091922
v 0.846136 0.853933 -0.158392
v 0.869678 0.894454 -0.155701
v 0.631112 0.853933 0.239301
v 0.763817 0.853933 0.239301
v 0.846136 0.763843 0.239301
v 0.846136 0.763843 0.078611
v 0.846136 0.763843 -0.148780
v 0.553697 1.011079 0.092509
v 0.645278 1.011079 0.226893
v 0.645278 1.011079 0.159694
v 0.693233 0.763843 0.037159
v 0.693233 0.763843 -0.148780
v 0.770854 0.763843 -0.148780
v 0.645278 0.894454 0.013139
v 0.645278 0.894454 0.011381
v 0.551653 0.894454 0.091922
v 0.553697 0.894454 0.091922
v 0.645278 1.011079 0.013725
v 0.693233 0.853933 0.036280
v 0.600630 0.853933 0.115942
v 0.645278 1.011079 -0.161881
v 0.645278 0.894454 -0.155701
v 0.693233 0.853933 -0.153554
v 0.761367 1.011079 0.092205
v 0.760290 1.011079 0.226893
v 0.763089 1.011079 -0.161881
v 0.763246 0.763843 -0.524420
v 0.793149 0.763843 -0.376667
v 0.666118 0.763843 -0.454906
v 0.631112 0.763843 -0.524420
v 0.601652 0.763843 -0.401061
v 0.645278 0.894454 -0.546743
v 0.758797 0.884144 -0.539286
v 0.763817 0.853933 -0.524420
v 0.631112 0.853933 -0.524420
v 0.869678 0.884103 -0.546743
v 0.869678 0.894454 -0.377042
v 0.846136 0.853933 -0.363731
v 0.846136 0.853933 -0.524420
v 0.846136 0.763843 -0.363731
v 0.846136 0.763843 -0.524420
v 0.693233 0.763843 -0.322279
v 0.645278 0.894454 -0.298259
v 0.553697 0.894454 -0.377042
v 0.551653 0.894454 -0.377042
v 0.645278 0.894454 -0.296501
v 0.645278 1.011079 -0.298845
v 0.553697 1.011079 -0.377629
v 0.600630 0.853933 -0.401061
v 0.693233 0.853933 -0.321400
v 0.761367 1.011079 -0.377325
v 0.645278 1.011079 -0.444814
v 0.869678 0.998598 -0.515427
v 0.760139 0.998175 -0.514786
v 0.760401 1.011079 -0.498175
v 0.862556 1.011079 -0.498445
v 0.869678 1.003592 -0.508641
v 0.645278 0.998772 -0.515678
v 0.645278 1.011079 -0.498574
v 0.869678 1.003592 0.228793
v 0.869678 1.003592 0.091922
v 0.862556 1.011079 0.091941
v 0.862556 1.011079 0.226893
v 0.869678 1.003596 -0.161485
v 0.862552 1.011079 -0.161881
v 0.869678 1.003592 -0.377042
v 0.862556 1.011079 -0.377060
v -0.881396 0.874187 0.584965
v -0.881396 1.003592 0.570824
v -0.656996 1.011079 0.568924
v 0.014083 1.011079 0.568924
v -0.857854 0.853933 0.581332
v -0.775536 0.853933 0.581332
v 0.009942 0.853933 0.581332
v -0.642830 0.853933 0.581332
v -0.772008 1.011079 0.568924
v -0.874274 1.011079 0.568924
v 0.763817 0.853933 0.581332
v 0.631112 0.853933 0.581332
v 0.869678 0.874187 0.590137
v 0.846136 0.853933 0.581332
v 0.760290 1.011079 0.568924
v 0.862556 1.011079 0.568924
v 0.645278 1.011079 0.568924
v 0.869678 1.003592 0.570824
v -0.818415 0.898297 0.635985
v -0.818415 0.974204 0.624272
v -0.610157 0.978596 0.622698
v 0.012648 0.978596 0.622698
v -0.796567 0.886416 0.632975
v -0.720170 0.886416 0.632975
v 0.008805 0.886416 0.632975
v -0.597010 0.886416 0.632975
v -0.716897 0.978596 0.622698
v -0.811806 0.978596 0.622698
v 0.708452 0.886416 0.632975
v 0.585292 0.886416 0.632975
v 0.806697 0.898297 0.640268
v 0.784849 0.886416 0.632975
v 0.705178 0.978596 0.622698
v 0.800088 0.978596 0.622698
v 0.598440 0.978596 0.622698
v 0.806697 0.974204 0.624272
v 0.160916 1.319495 -0.706232
v 0.125786 1.374779 -0.706232
v 0.125786 1.374779 -0.568216
v 0.160916 1.319495 -0.568216
v 0.092849 1.348365 -0.700584
v 0.044576 1.382282 -0.700584
v 0.044576 1.382282 -0.573863
v 0.092849 1.348365 -0.573863
v 0.054999 1.424426 -0.705832
v -0.006658 1.437322 -0.705832
v -0.006658 1.437322 -0.568615
v 0.054999 1.424426 -0.568615
v -0.012366 1.394193 -0.700584
v -0.069307 1.382282 -0.700584
v -0.069307 1.382282 -0.573863
v -0.012366 1.394193 -0.573863
v -0.091095 1.419258 -0.703685
v -0.141730 1.383681 -0.703685
v -0.141730 1.383681 -0.570762
v -0.091095 1.419258 -0.570762
v -0.117580 1.348365 -0.700584
v -0.149835 1.297606 -0.700584
v -0.149835 1.297606 -0.573863
v -0.117580 1.348365 -0.573863
v -0.189858 1.308861 -0.706457
v -0.202234 1.243436 -0.706457
v -0.202234 1.243436 -0.567990
v -0.189858 1.308861 -0.567990
v -0.161162 1.237729 -0.700584
v -0.149835 1.177855 -0.700584
v -0.149835 1.177855 -0.573863
v -0.161162 1.237729 -0.573863
v -0.186103 1.156681 -0.708021
v -0.150063 1.099963 -0.708021
v -0.150063 1.099963 -0.566427
v -0.186103 1.156681 -0.566427
v -0.117580 1.127094 -0.700584
v -0.069308 1.093177 -0.700584
v -0.069308 1.093177 -0.573863
v -0.117580 1.127094 -0.573863
v -0.079703 1.051028 -0.705769
v -0.018102 1.038144 -0.705769
v -0.018102 1.038144 -0.568678
v -0.079703 1.051028 -0.568678
v -0.012366 1.081268 -0.700584
v 0.044576 1.093177 -0.700584
v 0.044576 1.093177 -0.573863
v -0.012366 1.081268 -0.573863
v 0.065288 1.055447 -0.706507
v 0.118074 1.092534 -0.706507
v 0.118074 1.092534 -0.567940
v 0.065288 1.055447 -0.567940
v 0.092849 1.127094 -0.700584
v 0.125104 1.177855 -0.700584
v 0.125104 1.177855 -0.573863
v 0.092849 1.127094 -0.573863
v 0.165683 1.169541 -0.700230
v 0.176946 1.229081 -0.700230
v 0.176946 1.229081 -0.574218
v 0.165683 1.169541 -0.574218
v 0.136430 1.237729 -0.700584
v 0.125104 1.297606 -0.700584
v 0.125104 1.297606 -0.573863
v 0.136430 1.237729 -0.573863
v -0.012366 1.237729 -0.700584
v -0.012366 1.237729 -0.573863
v 0.113727 1.370319 -0.713158
v 0.152383 1.309487 -0.713158
v 0.113727 1.370319 -0.561290
v 0.152383 1.309487 -0.561290
v -0.012366 1.425240 -0.713158
v 0.055875 1.410966 -0.713158
v -0.012366 1.425240 -0.561290
v 0.055875 1.410966 -0.561290
v -0.138459 1.370319 -0.713158
v -0.080607 1.410966 -0.713158
v -0.138459 1.370319 -0.561290
v -0.080607 1.410966 -0.561290
v -0.190688 1.237729 -0.713158
v -0.177114 1.309487 -0.713158
v -0.190688 1.237729 -0.561290
v -0.177114 1.309487 -0.561290
v -0.138459 1.105140 -0.713158
v -0.177114 1.165973 -0.713158
v -0.138459 1.105140 -0.561290
v -0.177114 1.165973 -0.561290
v -0.012366 1.050220 -0.713158
v -0.080607 1.064493 -0.713158
v -0.012366 1.050220 -0.561290
v -0.080607 1.064493 -0.561290
v 0.113727 1.105140 -0.713158
v 0.055875 1.064493 -0.713158
v 0.113727 1.105140 -0.561290
v 0.055875 1.064493 -0.561290
v 0.165957 1.237729 -0.713158
v 0.152383 1.165973 -0.713158
v 0.165957 1.237729 -0.561290
v 0.152383 1.165973 -0.561290
v 0.173260 1.224012 -0.680049
v 0.126827 1.333134 -0.680049
v 0.139321 1.370893 -0.685076
v 0.191987 1.251446 -0.685076
v 0.064209 1.403193 -0.680049
v 0.070777 1.447582 -0.685076
v -0.005204 1.427334 -0.680049
v -0.005204 1.474008 -0.685076
v -0.074617 1.403193 -0.680049
v -0.081185 1.447582 -0.685076
v -0.145985 1.345866 -0.680049
v -0.158479 1.383625 -0.685076
v -0.195459 1.259962 -0.680049
v -0.214186 1.287397 -0.685076
v -0.122667 0.644171 -0.680049
v -0.134363 0.616736 -0.685076
v -0.093162 0.536477 -0.680049
v -0.103226 0.499077 -0.685076
v -0.053813 0.468255 -0.680049
v -0.059040 0.423754 -0.685076
v -0.005204 0.460252 -0.680049
v -0.005204 0.413578 -0.685076
v 0.043404 0.468255 -0.680049
v 0.048631 0.423754 -0.685076
v 0.082754 0.536477 -0.680049
v 0.092818 0.499077 -0.685076
v 0.112259 0.644171 -0.680049
v 0.123955 0.616736 -0.685076
v 0.191987 1.251446 -0.584478
v 0.173260 1.224012 -0.579452
v 0.112259 0.644171 -0.579452
v 0.123955 0.616736 -0.584478
v 0.139321 1.370893 -0.584478
v 0.126827 1.333134 -0.579452
v 0.070777 1.447582 -0.584478
v 0.064209 1.403193 -0.579452
v -0.005204 1.474008 -0.584478
v -0.005204 1.427334 -0.579452
v -0.081185 1.447582 -0.584478
v -0.074617 1.403193 -0.579452
v -0.158479 1.383625 -0.584478
v -0.145985 1.345865 -0.579452
v -0.214186 1.287397 -0.584478
v -0.195459 1.259962 -0.579452
v -0.134363 0.616736 -0.584478
v -0.122667 0.644171 -0.579452
v -0.103226 0.499077 -0.584478
v -0.093162 0.536477 -0.579452
v -0.059040 0.423754 -0.584478
v -0.053813 0.468255 -0.579452
v -0.005204 0.413578 -0.584478
v -0.005204 0.460252 -0.579452
v 0.048631 0.423754 -0.584478
v 0.043404 0.468255 -0.579452
v 0.092818 0.499077 -0.584478
v 0.082754 0.536477 -0.579452
v 0.538807 0.014698 0.510258
v 0.582213 0.014698 0.510258
v 0.615965 0.939572 0.198028
v 0.505054 0.939572 0.198028
v 0.617410 0.939572 0.142539
v 0.503610 0.939572 0.142539
v 0.505054 0.939572 0.105905
v 0.615965 0.939572 0.105905
v 0.634749 0.014698 0.269611
v 0.486270 0.014698 0.269611
v 0.440013 0.014698 0.365309
v 0.690687 0.014698 0.365309
v -0.108313 0.601690 -0.414513
v -0.108317 0.627131 -0.441848
v -0.132557 0.601639 -0.441788
v 0.127794 0.601639 -0.441788
v 0.103549 0.627131 -0.441852
v 0.103549 0.601690 -0.414513
v -0.132557 0.601536 -0.496350
v -0.108313 0.627029 -0.496413
v -0.108313 0.601484 -0.523625
v 0.103549 0.601484 -0.523625
v 0.103546 0.627029 -0.496409
v 0.127794 0.601536 -0.496350
v -0.132557 0.040253 -0.495021
v -0.108313 0.040204 -0.522296
v -0.108313 0.005862 -0.494958
v 0.103549 0.005862 -0.494958
v 0.103553 0.040200 -0.522296
v 0.127794 0.040253 -0.495021
v -0.132557 0.040356 -0.440460
v -0.108313 0.005965 -0.440396
v -0.108313 0.040408 -0.413184
v 0.103549 0.040408 -0.413184
v 0.103546 0.005965 -0.440400
v 0.127794 0.040359 -0.440460
v -0.575717 0.014698 -0.766118
v -0.619123 0.014698 -0.766118
v -0.541965 0.939572 -0.453888
v -0.652876 0.939572 -0.453888
v -0.541965 0.939572 -0.361764
v -0.652876 0.939572 -0.361764
v -0.523181 0.014698 -0.525471
v -0.671659 0.014698 -0.525471
v -0.540521 0.939572 -0.398399
v -0.476924 0.014698 -0.621168
v -0.727597 0.014698 -0.621168
v -0.654320 0.939572 -0.398399
v 0.548981 0.370636 0.329695
v 0.617377 0.370636 0.329695
v 0.548981 0.442556 0.329695
v 0.617377 0.442556 0.329695
v 0.548981 0.442556 -0.494886
v 0.617377 0.442556 -0.494886
v 0.548981 0.370636 -0.494886
v 0.617377 0.370636 -0.494886
v -0.630674 0.370636 0.359008
v -0.562279 0.370636 0.359008
v -0.630674 0.442556 0.359008
v -0.562279 0.442556 0.359008
v -0.630674 0.442556 -0.481367
v -0.562279 0.442556 -0.481367
v -0.630674 0.370636 -0.481367
v -0.562279 0.370636 -0.481367
v 0.582213 0.014698 -0.766118
v 0.538807 0.014698 -0.766118
v 0.615965 0.939572 -0.453888
v 0.505054 0.939572 -0.453888
v 0.615965 0.939572 -0.361764
v 0.505054 0.939572 -0.361764
v 0.634749 0.014698 -0.525471
v 0.486270 0.014698 -0.525471
v 0.617410 0.939572 -0.398399
v 0.681006 0.014698 -0.621168
v 0.430333 0.014698 -0.621168
v 0.503610 0.939572 -0.398399
v -0.112114 0.947861 0.201361
v -0.084180 1.230441 0.201361
v -0.061562 1.287857 0.201361
v -0.006959 1.311640 0.201361
v 0.047644 1.287857 0.201361
v 0.070261 1.230441 0.201361
v 0.047644 1.173025 0.201361
v -0.006959 1.149242 0.201361
v -0.061562 1.173025 0.201361
v 0.103188 0.947861 0.201361
v 0.103188 1.362929 0.201361
v -0.112114 1.362929 0.201361
v -0.112114 0.947861 0.099632
v -0.112114 1.362929 0.099632
v 0.103188 0.947861 0.099632
v 0.103188 1.362929 0.099632
v -0.084180 1.230441 0.099632
v -0.061562 1.173025 0.099632
v -0.006959 1.149242 0.099632
v 0.047644 1.173025 0.099632
v 0.070261 1.230441 0.099632
v 0.047644 1.287857 0.099632
v -0.006959 1.311641 0.099632
v -0.061562 1.287857 0.099632
v 0.031360 0.599155 -0.706118
v 0.003929 0.608366 -0.706118
v -0.024765 0.605838 -0.706118
v -0.050356 0.591955 -0.706118
v -0.068946 0.568832 -0.706118
v -0.077705 0.539988 -0.706118
v -0.075301 0.509815 -0.706118
v -0.062098 0.482906 -0.706118
v -0.040108 0.463358 -0.706118
v -0.012677 0.454147 -0.706118
v 0.016017 0.456676 -0.706118
v 0.041608 0.470558 -0.706118
v 0.060197 0.493681 -0.706118
v 0.068957 0.522526 -0.706118
v 0.066553 0.552699 -0.706118
v 0.053350 0.579607 -0.706118
v 0.031360 0.599155 -0.568329
v 0.003929 0.608366 -0.568329
v -0.024765 0.605838 -0.568329
v -0.050356 0.591955 -0.568329
v -0.068946 0.568832 -0.568329
v -0.077705 0.539988 -0.568329
v -0.075301 0.509815 -0.568329
v -0.062098 0.482906 -0.568329
v -0.040108 0.463358 -0.568329
v -0.012677 0.454147 -0.568329
v 0.016017 0.456676 -0.568329
v 0.041608 0.470558 -0.568329
v 0.060197 0.493681 -0.568329
v 0.068957 0.522526 -0.568329
v 0.066553 0.552699 -0.568329
v 0.053350 0.579607 -0.568329
v -0.004374 0.531257 -0.706118
v -0.004374 0.531257 -0.568329
v 0.038451 0.612628 -0.719789
v 0.005577 0.623667 -0.719789
v 0.005577 0.623667 -0.554658
v 0.038451 0.612628 -0.554658
v -0.028812 0.620637 -0.719789
v -0.059480 0.604000 -0.719789
v -0.059480 0.604000 -0.554658
v -0.028812 0.620637 -0.554658
v -0.081759 0.576288 -0.719789
v -0.092257 0.541720 -0.719789
v -0.092257 0.541720 -0.554658
v -0.081759 0.576288 -0.554658
v -0.089375 0.505560 -0.719789
v -0.073553 0.473311 -0.719789
v -0.073553 0.473311 -0.554658
v -0.089375 0.505560 -0.554658
v -0.047199 0.449885 -0.719789
v -0.014325 0.438846 -0.719789
v -0.014325 0.438846 -0.554658
v -0.047199 0.449885 -0.554658
v 0.020064 0.441876 -0.719789
v 0.050732 0.458513 -0.719789
v 0.050732 0.458513 -0.554658
v 0.020064 0.441876 -0.554658
v 0.073011 0.486226 -0.719789
v 0.083509 0.520793 -0.719789
v 0.083509 0.520793 -0.554658
v 0.073011 0.486226 -0.554658
v 0.080627 0.556953 -0.719789
v 0.064805 0.589202 -0.719789
v 0.064805 0.589202 -0.554658
v 0.080627 0.556953 -0.554658
v 0.038820 0.619284 -0.712258
v 0.008944 0.629316 -0.712258
v 0.008944 0.629316 -0.562189
v 0.038820 0.619284 -0.562189
v -0.033107 0.625574 -0.711823
v -0.060817 0.610541 -0.711823
v -0.060817 0.610541 -0.562624
v -0.033107 0.625574 -0.562624
v -0.088264 0.576096 -0.709489
v -0.097452 0.545841 -0.709489
v -0.097452 0.545841 -0.564958
v -0.088264 0.576096 -0.564958
v -0.094135 0.501176 -0.712504
v -0.079709 0.471773 -0.712504
v -0.079709 0.471773 -0.561944
v -0.094135 0.501176 -0.561944
v -0.047955 0.443359 -0.714203
v -0.017305 0.433068 -0.714203
v -0.017305 0.433068 -0.560244
v -0.047955 0.443359 -0.560244
v 0.024372 0.436946 -0.711755
v 0.052056 0.451965 -0.711755
v 0.052056 0.451965 -0.562692
v 0.024372 0.436946 -0.562692
v 0.079321 0.485775 -0.712558
v 0.088899 0.517315 -0.712558
v 0.088899 0.517315 -0.561889
v 0.079321 0.485775 -0.561889
v 0.084738 0.562660 -0.705731
v 0.071610 0.589417 -0.705731
v 0.071610 0.589417 -0.568716
v 0.084738 0.562660 -0.568716
v 0.021486 0.555971 -0.735594
v -0.006959 0.568361 -0.735594
v -0.035404 0.555971 -0.735594
v -0.047186 0.526061 -0.735594
v -0.035404 0.496151 -0.735594
v -0.006959 0.483762 -0.735594
v 0.021486 0.496151 -0.735594
v 0.033268 0.526061 -0.735594
v 0.021486 0.555971 -0.464069
v -0.006959 0.568361 -0.464069
v -0.035404 0.555971 -0.464069
v -0.047186 0.526061 -0.464069
v -0.035404 0.496151 -0.464069
v -0.006959 0.483762 -0.464069
v 0.021486 0.496151 -0.464069
v 0.033268 0.526061 -0.464069
v -0.006959 0.526061 -0.735594
v -0.006959 0.526061 -0.464069
v 0.039890 1.279914 -0.729835
v -0.006959 1.300319 -0.729835
v -0.053808 1.279914 -0.729835
v -0.073214 1.230650 -0.729835
v -0.053808 1.181387 -0.729835
v -0.006959 1.160982 -0.729835
v 0.039890 1.181387 -0.729835
v 0.059296 1.230650 -0.729835
v 0.039890 1.279914 0.201058
v -0.006959 1.300319 0.201058
v -0.053808 1.279914 0.201058
v -0.073214 1.230650 0.201058
v -0.053808 1.181387 0.201058
v -0.006959 1.160982 0.201058
v 0.039890 1.181387 0.201058
v 0.059296 1.230650 0.201058
v -0.006959 1.230650 -0.729835
v -0.006959 1.230650 0.201058
v -0.633073 0.014698 0.510258
v -0.589667 0.014698 0.510258
v -0.666826 0.939572 0.198028
v -0.555914 0.939572 0.198028
v -0.666826 0.939572 0.105905
v -0.555914 0.939572 0.105905
v -0.685609 0.014698 0.269611
v -0.537130 0.014698 0.269611
v -0.668270 0.939572 0.142539
v -0.731866 0.014698 0.365309
v -0.481193 0.014698 0.365309
v -0.554470 0.939572 0.142539
v -0.526155 1.453141 -0.330325
v -0.574164 1.226936 -0.330325
v -0.535916 0.996859 -0.330325
v -0.417234 0.797934 -0.330325
v -0.236187 0.660448 -0.330325
v -0.020338 0.605331 -0.330325
v 0.197453 0.640975 -0.330325
v 0.384029 0.761952 -0.330325
v 0.510985 0.949846 -0.330325
v 0.558994 1.176051 -0.330325
v 0.520746 1.406129 -0.330325
v 0.402064 1.605053 -0.330325
v 0.221017 1.742538 -0.330325
v 0.005167 1.797656 -0.330325
v -0.212624 1.762012 -0.330325
v -0.399200 1.641035 -0.330325
v -0.526155 1.453141 0.032512
v -0.574164 1.226936 0.032512
v -0.535916 0.996859 0.032512
v -0.417234 0.797934 0.032512
v -0.236187 0.660448 0.032512
v -0.020338 0.605331 0.032512
v 0.197453 0.640975 0.032512
v 0.384029 0.761952 0.032512
v 0.510985 0.949846 0.032512
v 0.558994 1.176051 0.032512
v 0.520746 1.406129 0.032512
v 0.402064 1.605053 0.032512
v 0.221017 1.742538 0.032512
v 0.005167 1.797656 0.032512
v -0.212624 1.762012 0.032512
v -0.399200 1.641035 0.032512
v -0.007585 1.201494 -0.330325
v -0.007585 1.201494 0.032512
v -0.526155 1.453141 -0.306693
v -0.399200 1.641035 -0.306693
v -0.212624 1.762012 -0.306693
v 0.005167 1.797656 -0.306693
v 0.221017 1.742538 -0.306693
v 0.402064 1.605053 -0.306693
v 0.520746 1.406129 -0.306693
v 0.558994 1.176051 -0.306693
v 0.510985 0.949846 -0.306693
v 0.384029 0.761952 -0.306693
v 0.197453 0.640975 -0.306693
v -0.020338 0.605331 -0.306693
v -0.236187 0.660448 -0.306693
v -0.417234 0.797934 -0.306693
v -0.535916 0.996859 -0.306693
v -0.574164 1.226936 -0.306693
v -0.526155 1.453141 0.010213
v -0.399200 1.641035 0.010213
v -0.212624 1.762012 0.010213
v 0.005167 1.797656 0.010213
v 0.221017 1.742538 0.010213
v 0.402064 1.605053 0.010213
v 0.520746 1.406129 0.010213
v 0.558994 1.176051 0.010213
v 0.510985 0.949846 0.010213
v 0.384029 0.761952 0.010213
v 0.197453 0.640975 0.010213
v -0.020338 0.605331 0.010213
v -0.236187 0.660448 0.010213
v -0.417234 0.797934 0.010213
v -0.535916 0.996859 0.010213
v -0.574164 1.226936 0.010213
v -0.881396 0.874187 0.242934
v -0.656996 1.011079 0.226893
v -0.881396 0.891740 0.091922
v -0.857854 0.853933 0.078611
v -0.642830 0.853933 0.239301
v -0.857854 0.853933 0.239301
v -0.857854 0.763843 0.078611
v -0.642830 0.763843 0.239301
v -0.857854 0.763843 0.239301
v -0.881396 0.894454 -0.155701
v -0.656996 1.011079 -0.161881
v -0.656996 0.894454 -0.155701
v -0.857854 0.853933 -0.153554
v -0.704952 0.853933 -0.153554
v -0.857854 0.763843 -0.148780
v -0.704952 0.763843 -0.148780
v -0.656996 0.894454 0.013139
v -0.565415 0.894454 0.091922
v -0.656996 1.011079 0.013725
v -0.773085 1.011079 0.092205
v -0.656996 1.011079 0.159694
v -0.565415 1.011079 0.092509
v -0.656996 0.894454 0.011381
v -0.563371 0.894454 0.091922
v -0.704952 0.853933 0.036280
v -0.612348 0.853933 0.115942
v -0.704952 0.763843 0.037159
v -0.613370 0.763843 0.115942
v -0.677835 0.763843 0.169786
v -0.804867 0.763843 0.091548
v -0.772008 1.011079 0.226893
v -0.774807 1.011079 -0.161881
v -0.775536 0.853933 0.239301
v -0.774964 0.763843 0.239301
v -0.782572 0.763843 -0.148780
v -0.881396 0.884103 -0.546743
v -0.656996 0.894454 -0.546743
v -0.881396 0.894454 -0.377042
v -0.857854 0.853933 -0.363731
v -0.642830 0.853933 -0.524420
v -0.857854 0.853933 -0.524420
v -0.857854 0.763843 -0.363731
v -0.642830 0.763843 -0.524420
v -0.857854 0.763843 -0.524420
v -0.656996 0.894454 -0.298259
v -0.565415 0.894454 -0.377042
v -0.656996 1.011079 -0.298845
v -0.773085 1.011079 -0.377325
v -0.656996 1.011079 -0.444814
v -0.565415 1.011079 -0.377629
v -0.656996 0.894454 -0.296501
v -0.563371 0.894454 -0.377042
v -0.704952 0.853933 -0.321400
v -0.612348 0.853933 -0.401061
v -0.704952 0.763843 -0.322279
v -0.613370 0.763843 -0.401061
v -0.677835 0.763843 -0.454906
v -0.804867 0.763843 -0.376667
v -0.770515 0.884144 -0.539286
v -0.775536 0.853933 -0.524420
v -0.774964 0.763843 -0.524420
v -0.881396 0.998598 -0.515427
v -0.772119 1.011079 -0.498175
v -0.771858 0.998175 -0.514786
v -0.656996 1.011079 -0.498574
v -0.656996 0.998772 -0.515678
v -0.874274 1.011079 0.226893
v -0.881396 1.003592 0.228793
v -0.881396 1.003592 0.091922
v -0.874274 1.011079 0.091941
v -0.881396 1.003596 -0.161485
v -0.874270 1.011079 -0.161881
v -0.881396 1.003592 -0.377042
v -0.874274 1.011079 -0.377060
v -0.874274 1.011079 -0.498445
v -0.881396 1.003592 -0.508641
v 0.014083 1.011079 0.226893
v 0.009942 0.853933 0.239301
v 0.007404 0.763843 0.239301
v 0.011003 1.011079 0.092509
v 0.004576 0.763843 0.115942
v 0.007704 0.894454 0.091922
v 0.007114 0.853933 0.115942
v -0.007274 0.763843 -0.401061
v -0.001616 0.763843 -0.524420
v -0.006687 0.903261 -0.546743
v -0.007565 0.853933 -0.524420
v -0.011944 1.011079 -0.377629
v -0.008673 0.894454 -0.377042
v -0.006981 0.853933 -0.401061
v -0.009169 1.011079 -0.498683
v -0.008432 0.998951 -0.515926
v 0.869678 0.874187 0.248105
v 0.645278 1.011079 0.226893
v 0.869678 0.891740 0.091922
v 0.846136 0.853933 0.078611
v 0.631112 0.853933 0.239301
v 0.846136 0.853933 0.239301
v 0.846136 0.763843 0.078611
v 0.631112 0.763843 0.239301
v 0.846136 0.763843 0.239301
v 0.869678 0.894454 -0.155701
v 0.645278 1.011079 -0.161881
v 0.645278 0.894454 -0.155701
v 0.846136 0.853933 -0.158392
v 0.693233 0.853933 -0.153554
v 0.846136 0.763843 -0.148780
v 0.693233 0.763843 -0.148780
v 0.645278 0.894454 0.013139
v 0.553697 0.894454 0.091922
v 0.645278 1.011079 0.013725
v 0.761367 1.011079 0.092205
v 0.645278 1.011079 0.159694
v 0.553697 1.011079 0.092509
v 0.645278 0.894454 0.011381
v 0.551653 0.894454 0.091922
v 0.693233 0.853933 0.036280
v 0.600630 0.853933 0.115942
v 0.693233 0.763843 0.037159
v 0.601652 0.763843 0.115942
v 0.666118 0.763843 0.169786
v 0.793149 0.763843 0.091548
v 0.760290 1.011079 0.226893
v 0.763089 1.011079 -0.161881
v 0.763817 0.853933 0.239301
v 0.763246 0.763843 0.239301
v 0.770854 0.763843 -0.148780
v 0.869678 0.884103 -0.546743
v 0.645278 0.894454 -0.546743
v 0.869678 0.894454 -0.377042
v 0.846136 0.853933 -0.363731
v 0.631112 0.853933 -0.524420
v 0.846136 0.853933 -0.524420
v 0.846136 0.763843 -0.363731
v 0.631112 0.763843 -0.524420
v 0.846136 0.763843 -0.524420
v 0.645278 0.894454 -0.298259
v 0.553697 0.894454 -0.377042
v 0.645278 1.011079 -0.298845
v 0.761367 1.011079 -0.377325
v 0.645278 1.011079 -0.444814
v 0.553697 1.011079 -0.377629
v 0.645278 0.894454 -0.296501
v 0.551653 0.894454 -0.377042
v 0.693233 0.853933 -0.321400
v 0.600630 0.853933 -0.401061
v 0.693233 0.763843 -0.322279
v 0.601652 0.763843 -0.401061
v 0.666118 0.763843 -0.454906
v 0.793149 0.763843 -0.376667
v 0.758797 0.884144 -0.539286
v 0.763817 0.853933 -0.524420
v 0.763246 0.763843 -0.524420
v 0.869678 0.998598 -0.515427
v 0.760401 1.011079 -0.498175
v 0.760139 0.998175 -0.514786
v 0.645278 1.011079 -0.498574
v 0.645278 0.998772 -0.515678
v 0.862556 1.011079 0.226893
v 0.869678 1.003592 0.228793
v 0.869678 1.003592 0.091922
v 0.862556 1.011079 0.091941
v 0.869678 1.003596 -0.161485
v 0.862552 1.011079 -0.161881
v 0.869678 1.003592 -0.377042
v 0.862556 1.011079 -0.377060
v 0.862556 1.011079 -0.498445
v 0.869678 1.003592 -0.508641
v -0.881396 0.874187 0.584965
v -0.881396 1.003592 0.570824
v -0.656996 1.011079 0.568924
v 0.014083 1.011079 0.568924
v -0.857854 0.853933 0.581332
v -0.775536 0.853933 0.581332
v -0.642830 0.853933 0.581332
v 0.009942 0.853933 0.581332
v -0.772008 1.011079 0.568924
v -0.874274 1.011079 0.568924
v 0.763817 0.853933 0.581332
v 0.631112 0.853933 0.581332
v 0.869678 0.874187 0.590137
v 0.846136 0.853933 0.581332
v 0.862556 1.011079 0.568924
v 0.760290 1.011079 0.568924
v 0.645278 1.011079 0.568924
v 0.869678 1.003592 0.570824
v -0.818415 0.898297 0.635985
v -0.818415 0.974204 0.624272
v -0.610157 0.978596 0.622698
v 0.012648 0.978596 0.622698
v -0.796567 0.886416 0.632975
v -0.720170 0.886416 0.632975
v -0.597010 0.886416 0.632975
v 0.008805 0.886416 0.632975
v -0.716897 0.978596 0.622698
v -0.811806 0.978596 0.622698
v 0.708452 0.886416 0.632975
v 0.585292 0.886416 0.632975
v 0.806697 0.898297 0.640268
v 0.784849 0.886416 0.632975
v 0.800088 0.978596 0.622698
v 0.705178 0.978596 0.622698
v 0.598440 0.978596 0.622698
v 0.806697 0.974204 0.624272
v 0.125104 1.297606 -0.700584
v 0.092849 1.348365 -0.700584
v 0.044576 1.382282 -0.700584
v -0.012366 1.394193 -0.700584
v -0.069307 1.382282 -0.700584
v -0.117580 1.348365 -0.700584
v -0.149835 1.297606 -0.700584
v -0.161162 1.237729 -0.700584
v -0.149835 1.177855 -0.700584
v -0.117580 1.127094 -0.700584
v -0.069308 1.093177 -0.700584
v -0.012366 1.081268 -0.700584
v 0.044576 1.093177 -0.700584
v 0.092849 1.127094 -0.700584
v 0.125104 1.177855 -0.700584
v 0.136430 1.237729 -0.700584
v 0.125104 1.297606 -0.573863
v 0.092849 1.348365 -0.573863
v 0.044576 1.382282 -0.573863
v -0.012366 1.394193 -0.573863
v -0.069307 1.382282 -0.573863
v -0.117580 1.348365 -0.573863
v -0.149835 1.297606 -0.573863
v -0.161162 1.237729 -0.573863
v -0.149835 1.177855 -0.573863
v -0.117580 1.127094 -0.573863
v -0.069308 1.093177 -0.573863
v -0.012366 1.081268 -0.573863
v 0.044576 1.093177 -0.573863
v 0.092849 1.127094 -0.573863
v 0.125104 1.177855 -0.573863
v 0.136430 1.237729 -0.573863
v -0.012366 1.237729 -0.700584
v -0.012366 1.237729 -0.573863
v 0.152383 1.309487 -0.713158
v 0.113727 1.370319 -0.713158
v 0.113727 1.370319 -0.561290
v 0.152383 1.309487 -0.561290
v 0.055875 1.410966 -0.713158
v -0.012366 1.425240 -0.713158
v -0.012366 1.425240 -0.561290
v 0.055875 1.410966 -0.561290
v -0.080607 1.410966 -0.713158
v -0.138459 1.370319 -0.713158
v -0.138459 1.370319 -0.561290
v -0.080607 1.410966 -0.561290
v -0.177114 1.309487 -0.713158
v -0.190688 1.237729 -0.713158
v -0.190688 1.237729 -0.561290
v -0.177114 1.309487 -0.561290
v -0.177114 1.165973 -0.713158
v -0.138459 1.105140 -0.713158
v -0.138459 1.105140 -0.561290
v -0.177114 1.165973 -0.561290
v -0.080607 1.064493 -0.713158
v -0.012366 1.050220 -0.713158
v -0.012366 1.050220 -0.561290
v -0.080607 1.064493 -0.561290
v 0.055875 1.064493 -0.713158
v 0.113727 1.105140 -0.713158
v 0.113727 1.105140 -0.561290
v 0.055875 1.064493 -0.561290
v 0.152383 1.165973 -0.713158
v 0.165957 1.237729 -0.713158
v 0.165957 1.237729 -0.561290
v 0.152383 1.165973 -0.561290
v 0.160916 1.319495 -0.706232
v 0.125786 1.374779 -0.706232
v 0.125786 1.374779 -0.568216
v 0.160916 1.319495 -0.568216
v 0.054999 1.424426 -0.705832
v -0.006658 1.437322 -0.705832
v -0.006658 1.437322 -0.568615
v 0.054999 1.424426 -0.568615
v -0.091095 1.419258 -0.703685
v -0.141730 1.383681 -0.703685
v -0.141730 1.383681 -0.570762
v -0.091095 1.419258 -0.570762
v -0.189858 1.308861 -0.706457
v -0.202234 1.243436 -0.706457
v -0.202234 1.243436 -0.567990
v -0.189858 1.308861 -0.567990
v -0.186103 1.156681 -0.708021
v -0.150063 1.099963 -0.708021
v -0.150063 1.099963 -0.566427
v -0.186103 1.156681 -0.566427
v -0.079703 1.051028 -0.705769
v -0.018102 1.038144 -0.705769
v -0.018102 1.038144 -0.568678
v -0.079703 1.051028 -0.568678
v 0.065288 1.055447 -0.706507
v 0.118074 1.092534 -0.706507
v 0.118074 1.092534 -0.567940
v 0.065288 1.055447 -0.567940
v 0.165683 1.169541 -0.700230
v 0.176946 1.229081 -0.700230
v 0.176946 1.229081 -0.574218
v 0.165683 1.169541 -0.574218
v 0.173260 1.224012 -0.579452
v 0.126827 1.333134 -0.579452
v 0.064209 1.403193 -0.579452
v -0.005204 1.427334 -0.579452
v -0.074617 1.403193 -0.579452
v -0.145985 1.345865 -0.579452
v -0.195459 1.259962 -0.579452
v -0.122667 0.644171 -0.579452
v -0.093162 0.536477 -0.579452
v -0.053813 0.468255 -0.579452
v -0.005204 0.460252 -0.579452
v 0.043404 0.468255 -0.579452
v 0.082754 0.536477 -0.579452
v 0.112259 0.644171 -0.579452
v 0.191987 1.251446 -0.584478
v 0.139321 1.370893 -0.584478
v 0.070777 1.447582 -0.584478
v -0.005204 1.474008 -0.584478
v -0.081185 1.447582 -0.584478
v -0.158479 1.383625 -0.584478
v -0.214186 1.287397 -0.584478
v -0.134363 0.616736 -0.584478
v -0.103226 0.499077 -0.584478
v -0.059040 0.423754 -0.584478
v -0.005204 0.413578 -0.584478
v 0.048631 0.423754 -0.584478
v 0.092818 0.499077 -0.584478
v 0.123955 0.616736 -0.584478
v 0.173260 1.224012 -0.680049
v 0.191987 1.251446 -0.685076
v 0.126827 1.333134 -0.680049
v 0.139321 1.370893 -0.685076
v 0.064209 1.403193 -0.680049
v 0.070777 1.447582 -0.685076
v -0.005204 1.427334 -0.680049
v -0.005204 1.474008 -0.685076
v -0.074617 1.403193 -0.680049
v -0.081185 1.447582 -0.685076
v -0.145985 1.345866 -0.680049
v -0.158479 1.383625 -0.685076
v -0.195459 1.259962 -0.680049
v -0.214186 1.287397 -0.685076
v -0.122667 0.644171 -0.680049
v -0.134363 0.616736 -0.685076
v -0.093162 0.536477 -0.680049
v -0.103226 0.499077 -0.685076
v -0.053813 0.468255 -0.680049
v -0.059040 0.423754 -0.685076
v -0.005204 0.460252 -0.680049
v -0.005204 0.413578 -0.685076
v 0.043404 0.468255 -0.680049
v 0.048631 0.423754 -0.685076
v 0.082754 0.536477 -0.680049
v 0.092818 0.499077 -0.685076
v 0.112259 0.644171 -0.680049
v 0.123955 0.616736 -0.685076
v 0.538807 0.014698 0.510258
v 0.582213 0.014698 0.510258
v 0.505054 0.939572 0.198028
v 0.615965 0.939572 0.198028
v 0.505054 0.939572 0.105905
v 0.615965 0.939572 0.105905
v 0.486270 0.014698 0.269611
v 0.634749 0.014698 0.269611
v 0.503610 0.939572 0.142539
v 0.440013 0.014698 0.365309
v 0.690687 0.014698 0.365309
v 0.617410 0.939572 0.142539
v -0.526155 1.453141 -0.173565
v -0.399200 1.641035 -0.173565
v -0.212624 1.762012 -0.173565
v 0.005167 1.797656 -0.173565
v 0.221017 1.742538 -0.173565
v 0.402064 1.605053 -0.173565
v 0.520746 1.406129 -0.173565
v 0.558994 1.176051 -0.173565
v 0.510985 0.949846 -0.173565
v 0.384029 0.761952 -0.173565
v 0.197453 0.640975 -0.173565
v -0.020338 0.605331 -0.173565
v -0.236187 0.660448 -0.173565
v -0.417234 0.797934 -0.173565
v -0.535916 0.996859 -0.173565
v -0.574164 1.226936 -0.173565
vt 0.554644 0.557032
vt 0.555268 0.565721
vt 0.533220 0.564689
vt 0.533788 0.561232
vt 0.553031 0.571120
vt 0.550428 0.578693
vt 0.531095 0.570466
vt 0.532411 0.566264
vt 0.548554 0.584320
vt 0.542841 0.590999
vt 0.527994 0.574847
vt 0.530854 0.572780
vt 0.537501 0.593353
vt 0.529976 0.597042
vt 0.522276 0.577466
vt 0.526290 0.575430
vt 0.524658 0.599329
vt 0.515599 0.599976
vt 0.516953 0.578536
vt 0.520569 0.579068
vt 0.510213 0.598151
vt 0.502095 0.595281
vt 0.511042 0.576174
vt 0.515412 0.577534
vt 0.496511 0.593404
vt 0.489605 0.587311
vt 0.506665 0.572859
vt 0.508791 0.575860
vt 0.487596 0.581913
vt 0.484061 0.574448
vt 0.503991 0.567317
vt 0.506113 0.571235
vt 0.481150 0.569113
vt 0.480638 0.560237
vt 0.503292 0.562008
vt 0.502653 0.565455
vt 0.483362 0.554956
vt 0.486043 0.547435
vt 0.505283 0.556249
vt 0.503959 0.560398
vt 0.488037 0.541868
vt 0.493767 0.535292
vt 0.508343 0.551902
vt 0.505507 0.553945
vt 0.499115 0.533090
vt 0.506552 0.529523
vt 0.514079 0.549435
vt 0.510079 0.551387
vt 0.511661 0.526865
vt 0.520750 0.526228
vt 0.519520 0.548717
vt 0.515876 0.548094
vt 0.525923 0.528540
vt 0.533854 0.531349
vt 0.525488 0.550797
vt 0.521121 0.549420
vt 0.538824 0.534151
vt 0.545290 0.539775
vt 0.530214 0.553396
vt 0.528035 0.550601
vt 0.548387 0.544381
vt 0.551950 0.551728
vt 0.532348 0.559391
vt 0.530203 0.555452
vt 0.584146 0.679110
vt 0.577668 0.674990
vt 0.591198 0.659779
vt 0.591698 0.680287
vt 0.599173 0.678342
vt 0.605435 0.673571
vt 0.609529 0.666700
vt 0.610833 0.658776
vt 0.609147 0.651004
vt 0.604729 0.644568
vt 0.598251 0.640447
vt 0.590699 0.639270
vt 0.583223 0.641215
vt 0.576962 0.645986
vt 0.572867 0.652857
vt 0.571564 0.660782
vt 0.573250 0.668554
vt 0.518176 0.563430
vt 0.581994 0.684130
vt 0.574230 0.679192
vt 0.532631 0.565178
vt 0.556304 0.567582
vt 0.533020 0.560803
vt 0.555441 0.555005
vt 0.601111 0.683390
vt 0.592152 0.685721
vt 0.527214 0.574757
vt 0.542284 0.593134
vt 0.530581 0.571962
vt 0.550590 0.583493
vt 0.614409 0.668814
vt 0.609502 0.677048
vt 0.516572 0.577698
vt 0.513604 0.601441
vt 0.520836 0.578141
vt 0.526783 0.600563
vt 0.614116 0.648957
vt 0.616136 0.658272
vt 0.506772 0.572123
vt 0.487629 0.586656
vt 0.509619 0.575622
vt 0.497335 0.595383
vt 0.600403 0.635427
vt 0.608167 0.640365
vt 0.503780 0.561474
vt 0.480016 0.558406
vt 0.503348 0.565951
vt 0.480618 0.571035
vt 0.581286 0.636167
vt 0.590245 0.633836
vt 0.509159 0.552041
vt 0.494364 0.533175
vt 0.505793 0.554794
vt 0.485956 0.542612
vt 0.567988 0.650743
vt 0.572895 0.642509
vt 0.520004 0.549324
vt 0.522570 0.525271
vt 0.515491 0.548846
vt 0.509733 0.526062
vt 0.568281 0.670600
vt 0.566261 0.661286
vt 0.529560 0.554462
vt 0.548283 0.539670
vt 0.527021 0.551385
vt 0.538502 0.531081
vt 0.580272 0.686148
vt 0.573216 0.681660
vt 0.601294 0.686142
vt 0.593199 0.688248
vt 0.616815 0.670999
vt 0.612520 0.678206
vt 0.616672 0.648764
vt 0.618513 0.657256
vt 0.601836 0.633662
vt 0.609075 0.638266
vt 0.581103 0.633401
vt 0.589191 0.631297
vt 0.566061 0.649051
vt 0.570538 0.641538
vt 0.564139 0.670737
vt 0.562463 0.663009
vt 0.606197 0.259046
vt 0.604197 0.252587
vt 0.675667 0.251389
vt 0.673898 0.257641
vt 0.600261 0.245921
vt 0.679100 0.245097
vt 0.601185 0.295569
vt 0.604627 0.288905
vt 0.676339 0.287702
vt 0.680310 0.294770
vt 0.606728 0.282668
vt 0.673971 0.281199
vt 0.607710 0.276877
vt 0.672825 0.275297
vt 0.607791 0.271181
vt 0.672606 0.269601
vt 0.607257 0.265268
vt 0.673001 0.263752
vt 0.597093 0.271305
vt 0.683315 0.269601
vt 0.536501 0.493515
vt 0.525298 0.495125
vt 0.521981 0.260637
vt 0.533102 0.261999
vt 0.513878 0.498720
vt 0.510778 0.257315
vt 0.502038 0.505296
vt 0.499260 0.251317
vt 0.592990 0.503963
vt 0.581473 0.497964
vt 0.578372 0.256559
vt 0.590212 0.249984
vt 0.570269 0.494643
vt 0.566952 0.260154
vt 0.559148 0.493280
vt 0.555749 0.261764
vt 0.547833 0.493040
vt 0.544417 0.262239
vt 0.548012 0.510699
vt 0.544238 0.244580
vt 0.682332 0.695885
vt 0.689863 0.694461
vt 0.700331 0.857606
vt 0.678911 0.857557
vt 0.708067 0.865249
vt 0.672007 0.866508
vt 0.783141 0.689588
vt 0.772136 0.689880
vt 0.764536 0.602680
vt 0.778626 0.602333
vt 0.654627 0.685236
vt 0.719153 0.684524
vt 0.786864 0.594867
vt 0.786276 0.690726
vt 0.754588 0.597348
vt 0.769306 0.691704
vt 0.273293 0.832581
vt 0.258411 0.788276
vt 0.262559 0.785940
vt 0.278003 0.831982
vt 0.227857 0.752258
vt 0.230830 0.748538
vt 0.186480 0.730290
vt 0.187829 0.725735
vt 0.140908 0.725656
vt 0.140411 0.720951
vt 0.098135 0.738728
vt 0.095856 0.734599
vt 0.064380 0.767317
vt 0.060669 0.764408
vt 0.044502 0.807266
vt 0.039940 0.806022
vt 0.041616 0.852832
vt 0.036907 0.853431
vt 0.056499 0.897137
vt 0.052351 0.899473
vt 0.087053 0.933156
vt 0.084080 0.936875
vt 0.128429 0.955123
vt 0.127081 0.959678
vt 0.174002 0.959757
vt 0.174499 0.964462
vt 0.216774 0.946685
vt 0.219054 0.950815
vt 0.250530 0.918096
vt 0.254240 0.921006
vt 0.270408 0.878147
vt 0.274970 0.879391
vt 0.157455 0.842707
vt 0.371198 0.903969
vt 0.354550 0.865404
vt 0.454857 0.841255
vt 0.353431 0.822968
vt 0.368026 0.783487
vt 0.395795 0.753133
vt 0.432243 0.736277
vt 0.471940 0.735131
vt 0.509206 0.749851
vt 0.538517 0.778541
vt 0.555165 0.817106
vt 0.556284 0.859543
vt 0.541689 0.899022
vt 0.513920 0.929376
vt 0.477472 0.946232
vt 0.437775 0.947379
vt 0.400509 0.932659
vt 0.304557 0.828528
vt 0.300759 0.886322
vt 0.275301 0.937350
vt 0.232088 0.974082
vt 0.177480 0.991027
vt 0.119620 0.985423
vt 0.067409 0.957917
vt 0.029010 0.912713
vt 0.010353 0.856885
vt 0.014151 0.799091
vt 0.039609 0.748063
vt 0.082822 0.711331
vt 0.137430 0.694386
vt 0.195290 0.699990
vt 0.247501 0.727496
vt 0.285900 0.772700
vt 0.398354 0.936035
vt 0.367896 0.906273
vt 0.437101 0.951312
vt 0.478382 0.950119
vt 0.516272 0.932621
vt 0.545120 0.901133
vt 0.560272 0.860203
vt 0.559108 0.816220
vt 0.541819 0.776237
vt 0.511361 0.746475
vt 0.472614 0.731197
vt 0.431333 0.732391
vt 0.393443 0.749889
vt 0.364595 0.781377
vt 0.349443 0.822307
vt 0.350607 0.866290
vt 0.274986 0.343460
vt 0.290202 0.340888
vt 0.280947 0.353802
vt 0.273465 0.356969
vt 0.286605 0.360660
vt 0.286391 0.426425
vt 0.273065 0.426680
vt 0.271046 0.327079
vt 0.288074 0.320886
vt 0.290253 0.325333
vt 0.272267 0.330168
vt 0.316413 0.319788
vt 0.316058 0.324843
vt 0.263800 0.355996
vt 0.266398 0.339834
vt 0.291413 0.335101
vt 0.276857 0.336298
vt 0.315326 0.334616
vt 0.240461 0.528645
vt 0.218723 0.557819
vt 0.197074 0.557390
vt 0.197710 0.340530
vt 0.241838 0.342033
vt 0.295314 0.351228
vt 0.315127 0.342830
vt 0.314918 0.351345
vt 0.821152 0.424984
vt 0.823703 0.407721
vt 0.823752 0.407407
vt 0.821153 0.425276
vt 0.800147 0.420877
vt 0.802469 0.404368
vt 0.832651 0.414932
vt 0.833070 0.429680
vt 0.849621 0.416831
vt 0.848389 0.435348
vt 0.811478 0.304700
vt 0.833223 0.306404
vt 0.813905 0.455271
vt 0.792355 0.448838
vt 0.841804 0.306883
vt 0.858481 0.308458
vt 0.823788 0.458310
vt 0.839173 0.464479
vt 0.265601 0.558615
vt 0.240022 0.596671
vt 0.197076 0.594923
vt 0.321416 0.597946
vt 0.322117 0.558977
vt 0.353567 0.344656
vt 0.354689 0.357768
vt 0.347268 0.354541
vt 0.338784 0.341524
vt 0.354768 0.425979
vt 0.341418 0.425291
vt 0.341572 0.361221
vt 0.369092 0.354958
vt 0.364244 0.356913
vt 0.362063 0.341674
vt 0.365524 0.341363
vt 0.361057 0.328562
vt 0.357811 0.331985
vt 0.339608 0.326253
vt 0.342019 0.321713
vt 0.352437 0.337473
vt 0.337900 0.335738
vt 0.333298 0.351736
vt 0.803016 0.475735
vt 0.803151 0.475499
vt 0.793849 0.491984
vt 0.793968 0.491724
vt 0.774406 0.482487
vt 0.783323 0.467391
vt 0.814375 0.480882
vt 0.805014 0.491738
vt 0.828971 0.488233
vt 0.818697 0.501965
vt 0.747842 0.570097
vt 0.730505 0.557661
vt 0.754274 0.575582
vt 0.767466 0.585603
vt 0.366102 0.559173
vt 0.392462 0.530263
vt 0.413677 0.560206
vt 0.389598 0.595809
vt 0.428611 0.627294
vt 0.426337 0.626638
vt 0.423310 0.624201
vt 0.428087 0.596192
vt 0.434886 0.597103
vt 0.431220 0.561259
vt 0.438103 0.561743
vt 0.435805 0.351119
vt 0.442714 0.350978
vt 0.395952 0.351436
vt 0.471215 0.607126
vt 0.455855 0.646878
vt 0.473695 0.565355
vt 0.475482 0.350826
vt 0.195262 0.632338
vt 0.196174 0.628875
vt 0.239357 0.630313
vt 0.239268 0.633733
vt 0.321720 0.630888
vt 0.321673 0.634321
vt 0.389491 0.628627
vt 0.389733 0.632034
vt 0.238105 0.670497
vt 0.185970 0.675859
vt 0.320806 0.669974
vt 0.396182 0.668265
vt 0.263433 0.426935
vt 0.370231 0.425515
vt 0.364442 0.425394
vt 0.274459 0.507017
vt 0.273093 0.493529
vt 0.280572 0.496738
vt 0.289555 0.509702
vt 0.286307 0.489941
vt 0.269734 0.523166
vt 0.271577 0.520267
vt 0.289470 0.525268
vt 0.287245 0.529694
vt 0.315805 0.525996
vt 0.315575 0.531059
vt 0.263476 0.494413
vt 0.265838 0.510554
vt 0.276234 0.514188
vt 0.290719 0.515506
vt 0.314625 0.516222
vt 0.245622 0.166100
vt 0.203211 0.136135
vt 0.224805 0.136290
vt 0.294654 0.499366
vt 0.314393 0.499491
vt 0.314498 0.508007
vt 0.832201 0.191627
vt 0.832225 0.191347
vt 0.831773 0.210368
vt 0.831723 0.210040
vt 0.810178 0.210209
vt 0.810610 0.192154
vt 0.844539 0.189571
vt 0.841340 0.203944
vt 0.860631 0.187061
vt 0.858549 0.204632
vt 0.807885 0.162875
vt 0.830266 0.160874
vt 0.840531 0.160211
vt 0.856912 0.157808
vt 0.271563 0.136793
vt 0.247032 0.097912
vt 0.204222 0.098551
vt 0.328427 0.099004
vt 0.327966 0.138065
vt 0.352934 0.506456
vt 0.338104 0.509516
vt 0.346705 0.496512
vt 0.354143 0.493343
vt 0.341078 0.489770
vt 0.368574 0.496285
vt 0.364871 0.509856
vt 0.361413 0.509513
vt 0.363743 0.494284
vt 0.360292 0.522627
vt 0.341200 0.529338
vt 0.338827 0.524779
vt 0.357076 0.519177
vt 0.337182 0.515288
vt 0.351748 0.513641
vt 0.332637 0.499306
vt 0.823284 0.139266
vt 0.818686 0.121372
vt 0.818653 0.121094
vt 0.823377 0.139514
vt 0.802343 0.142904
vt 0.797301 0.125525
vt 0.829264 0.124509
vt 0.835728 0.136935
vt 0.845268 0.118431
vt 0.851796 0.133506
vt 0.775051 0.031138
vt 0.796334 0.029057
vt 0.804216 0.026286
vt 0.819747 0.020536
vt 0.372088 0.139172
vt 0.396490 0.103139
vt 0.419550 0.139363
vt 0.397494 0.168751
vt 0.436350 0.072731
vt 0.441751 0.103073
vt 0.434935 0.103798
vt 0.430963 0.075672
vt 0.434058 0.073321
vt 0.444015 0.138488
vt 0.437125 0.138786
vt 0.464166 0.053967
vt 0.478327 0.094145
vt 0.479470 0.135965
vt 0.202925 0.060757
vt 0.247169 0.060750
vt 0.247166 0.064176
vt 0.203723 0.064214
vt 0.329675 0.062607
vt 0.329627 0.066044
vt 0.397648 0.066893
vt 0.397309 0.070294
vt 0.193180 0.017282
vt 0.246960 0.023979
vt 0.329795 0.026920
vt 0.405142 0.030848
vt 0.068246 0.653943
vt 0.091779 0.623349
vt 0.086684 0.556062
vt 0.085179 0.338167
vt 0.284129 0.154603
vt 0.286323 0.156712
vt 0.257740 0.175266
vt 0.255656 0.173122
vt 0.289127 0.164991
vt 0.261292 0.182418
vt 0.295427 0.176681
vt 0.331573 0.227968
vt 0.304953 0.247359
vt 0.267830 0.193980
vt 0.089785 0.590870
vt 0.092584 0.620488
vt 0.367502 0.275558
vt 0.376730 0.285191
vt 0.351925 0.306036
vt 0.343047 0.296284
vt 0.383892 0.290409
vt 0.384740 0.293440
vt 0.358398 0.314599
vt 0.357379 0.311672
vt 0.096456 0.100040
vt 0.100774 0.071089
vt 0.092408 0.134590
vt 0.100015 0.068184
vt 0.076099 0.036930
vt 0.052621 0.621281
vt 0.072233 0.610346
vt 0.065904 0.542470
vt 0.064640 0.338388
vt 0.255059 0.183215
vt 0.253208 0.181453
vt 0.258862 0.190215
vt 0.300189 0.250730
vt 0.265569 0.201009
vt 0.068003 0.577772
vt 0.072818 0.607816
vt 0.343818 0.305945
vt 0.335667 0.296358
vt 0.349954 0.314170
vt 0.349149 0.311687
vt 0.074348 0.112488
vt 0.080085 0.082641
vt 0.071243 0.147506
vt 0.079592 0.080089
vt 0.059759 0.068489
vt 0.052810 0.076032
vt 0.045764 0.614073
vt 0.039353 0.585456
vt 0.035724 0.540465
vt 0.034545 0.339262
vt 0.041009 0.148643
vt 0.045850 0.104185
vt 0.646881 0.614427
vt 0.633875 0.620234
vt 0.629329 0.598133
vt 0.636145 0.596685
vt 0.625389 0.618827
vt 0.613950 0.618272
vt 0.615161 0.595148
vt 0.625217 0.595122
vt 0.604679 0.618346
vt 0.592010 0.613207
vt 0.604647 0.594832
vt 0.610072 0.598625
vt 0.586949 0.606045
vt 0.579527 0.597545
vt 0.597014 0.582404
vt 0.603902 0.589639
vt 0.573402 0.590728
vt 0.568401 0.578160
vt 0.589918 0.574624
vt 0.590872 0.581157
vt 0.569585 0.569595
vt 0.570508 0.557896
vt 0.593521 0.559870
vt 0.593189 0.570244
vt 0.570470 0.548914
vt 0.576194 0.535552
vt 0.594566 0.548971
vt 0.590330 0.554797
vt 0.583287 0.530885
vt 0.592294 0.523135
vt 0.607127 0.540839
vt 0.599580 0.548194
vt 0.598465 0.516437
vt 0.611955 0.510942
vt 0.615523 0.533761
vt 0.608464 0.535020
vt 0.620328 0.512944
vt 0.631693 0.513782
vt 0.629564 0.536776
vt 0.619420 0.536707
vt 0.640971 0.513943
vt 0.653466 0.519384
vt 0.640130 0.537277
vt 0.634805 0.533412
vt 0.658321 0.526612
vt 0.665516 0.535223
vt 0.647486 0.549623
vt 0.640716 0.542422
vt 0.671881 0.541887
vt 0.676728 0.555000
vt 0.654105 0.557690
vt 0.653407 0.551028
vt 0.674735 0.563399
vt 0.673541 0.574968
vt 0.650272 0.571804
vt 0.650952 0.561726
vt 0.671379 0.582974
vt 0.666209 0.593752
vt 0.649793 0.582656
vt 0.653547 0.576983
vt 0.661586 0.599721
vt 0.652973 0.607807
vt 0.637189 0.590735
vt 0.644362 0.583391
vt 0.537327 0.632361
vt 0.544206 0.643287
vt 0.514640 0.656019
vt 0.526994 0.625036
vt 0.514780 0.622429
vt 0.502545 0.624935
vt 0.492151 0.632173
vt 0.485181 0.643041
vt 0.482696 0.655886
vt 0.485074 0.668750
vt 0.491954 0.679676
vt 0.502287 0.687001
vt 0.514501 0.689608
vt 0.526735 0.687102
vt 0.537129 0.679864
vt 0.544099 0.668996
vt 0.546584 0.656151
vt 0.621982 0.565836
vt 0.542297 0.627372
vt 0.550541 0.640466
vt 0.627684 0.596885
vt 0.631321 0.621458
vt 0.636301 0.594348
vt 0.649755 0.613690
vt 0.514920 0.615238
vt 0.529557 0.618364
vt 0.604382 0.592736
vt 0.589244 0.612202
vt 0.611914 0.597117
vt 0.607246 0.619999
vt 0.487378 0.626995
vt 0.499834 0.618321
vt 0.591462 0.572871
vt 0.566791 0.575428
vt 0.593357 0.581425
vt 0.573646 0.593901
vt 0.475808 0.655753
vt 0.478786 0.640360
vt 0.596635 0.548782
vt 0.577274 0.532936
vt 0.591740 0.556600
vt 0.568909 0.551336
vt 0.486984 0.684665
vt 0.478739 0.671571
vt 0.617041 0.534917
vt 0.614550 0.510139
vt 0.608184 0.537225
vt 0.595774 0.517324
vt 0.514361 0.696799
vt 0.499723 0.693673
vt 0.640316 0.539368
vt 0.656222 0.520443
vt 0.632897 0.534875
vt 0.638465 0.512226
vt 0.541902 0.685042
vt 0.529446 0.693717
vt 0.652746 0.559259
vt 0.677730 0.557723
vt 0.651138 0.550659
vt 0.671323 0.539031
vt 0.553473 0.656284
vt 0.550495 0.671677
vt 0.647168 0.582764
vt 0.667442 0.597421
vt 0.651821 0.574878
vt 0.674910 0.581590
vt 0.545213 0.626221
vt 0.552706 0.638121
vt 0.516242 0.612246
vt 0.529467 0.615070
vt 0.486305 0.623574
vt 0.497207 0.615981
vt 0.472977 0.654449
vt 0.475692 0.640414
vt 0.484305 0.685882
vt 0.476618 0.673673
vt 0.513031 0.699796
vt 0.499818 0.696975
vt 0.543023 0.688038
vt 0.531658 0.695953
vt 0.890105 0.421123
vt 0.892474 0.472393
vt 0.879954 0.483111
vt 0.883219 0.432664
vt 0.892023 0.513237
vt 0.875739 0.519866
vt 0.892057 0.546332
vt 0.872437 0.546959
vt 0.893480 0.579333
vt 0.876604 0.574089
vt 0.893648 0.619216
vt 0.879819 0.610161
vt 0.890632 0.661391
vt 0.884349 0.649811
vt 0.873929 0.914886
vt 0.866732 0.924691
vt 0.872019 0.960867
vt 0.862910 0.974483
vt 0.879447 0.024143
vt 0.875398 0.054598
vt 0.859593 0.059277
vt 0.869003 0.031119
vt 0.877707 0.077507
vt 0.858461 0.077006
vt 0.877169 0.099989
vt 0.860718 0.094491
vt 0.881201 0.134753
vt 0.870810 0.122952
vt 0.883159 0.181700
vt 0.876442 0.171714
vt 0.939824 0.430056
vt 0.932214 0.419348
vt 0.924369 0.180645
vt 0.930457 0.170366
vt 0.944088 0.480221
vt 0.931529 0.470415
vt 0.948661 0.518533
vt 0.932595 0.512409
vt 0.951319 0.546738
vt 0.932656 0.546449
vt 0.949131 0.575027
vt 0.932581 0.579961
vt 0.945947 0.612616
vt 0.932219 0.620619
vt 0.940898 0.654327
vt 0.933040 0.664836
vt 0.921194 0.928282
vt 0.915364 0.917770
vt 0.916948 0.977372
vt 0.910407 0.962696
vt 0.913443 0.019722
vt 0.923954 0.027009
vt 0.933786 0.056985
vt 0.918308 0.053246
vt 0.936184 0.074396
vt 0.917601 0.076188
vt 0.936153 0.092214
vt 0.921114 0.099507
vt 0.931654 0.121947
vt 0.922274 0.133929
vt 0.971948 0.170274
vt 0.981176 0.428057
vt 0.985023 0.477571
vt 0.988866 0.515388
vt 0.991144 0.545590
vt 0.990010 0.576358
vt 0.986651 0.614293
vt 0.982417 0.657190
vt 0.962337 0.931697
vt 0.957752 0.981710
vt 0.963174 0.013931
vt 0.972273 0.046801
vt 0.975899 0.068502
vt 0.976790 0.090104
vt 0.974080 0.123802
vt 0.766955 0.781761
vt 0.774191 0.780431
vt 0.784142 0.937016
vt 0.763583 0.936964
vt 0.791563 0.944353
vt 0.756956 0.945554
vt 0.706207 0.653225
vt 0.695843 0.653047
vt 0.692912 0.570717
vt 0.706162 0.571126
vt 0.740365 0.771548
vt 0.802305 0.770909
vt 0.714274 0.564533
vt 0.709103 0.654441
vt 0.683831 0.565210
vt 0.693124 0.654658
vt 0.380902 0.964067
vt 0.340904 0.925511
vt 0.431866 0.983823
vt 0.486127 0.982123
vt 0.535783 0.959256
vt 0.573418 0.918377
vt 0.593078 0.865468
vt 0.591473 0.808689
vt 0.568811 0.756999
vt 0.528813 0.718442
vt 0.477849 0.698687
vt 0.423588 0.700387
vt 0.373932 0.723254
vt 0.336297 0.764132
vt 0.316637 0.817042
vt 0.318242 0.873821
vt 0.624365 0.413765
vt 0.618189 0.414796
vt 0.614845 0.317341
vt 0.621029 0.317781
vt 0.623708 0.419939
vt 0.660556 0.412618
vt 0.661587 0.418932
vt 0.781837 0.377213
vt 0.772499 0.385679
vt 0.767723 0.377927
vt 0.772672 0.372898
vt 0.666708 0.413239
vt 0.657357 0.316481
vt 0.663575 0.315615
vt 0.721897 0.386738
vt 0.712676 0.378134
vt 0.721257 0.373482
vt 0.726439 0.378067
vt 0.766333 0.371782
vt 0.765064 0.269061
vt 0.771634 0.267861
vt 0.727695 0.372227
vt 0.719564 0.268568
vt 0.726044 0.269619
vt 0.766003 0.262061
vt 0.770310 0.253339
vt 0.780495 0.263589
vt 0.724971 0.262340
vt 0.710123 0.264725
vt 0.720256 0.254548
vt 0.620005 0.310296
vt 0.657908 0.309164
vt 0.833017 0.676536
vt 0.841288 0.675112
vt 0.850646 0.853854
vt 0.827196 0.853534
vt 0.859017 0.862318
vt 0.819527 0.863248
vt 0.847923 0.645150
vt 0.837579 0.644483
vt 0.838537 0.562106
vt 0.851753 0.563140
vt 0.802816 0.664548
vt 0.873478 0.664608
vt 0.860166 0.556938
vt 0.850758 0.646501
vt 0.829726 0.556177
vt 0.834787 0.645964
vt 0.588344 0.910662
vt 0.598834 0.910857
vt 0.598629 0.921886
vt 0.588140 0.921692
vt 0.598435 0.932376
vt 0.725088 0.924231
vt 0.724894 0.934721
vt 0.735578 0.924426
vt 0.725293 0.913202
vt 0.735782 0.913396
vt 0.725488 0.902712
vt 0.599028 0.900368
vt 0.599233 0.889338
vt 0.725692 0.891683
vt 0.598273 0.953689
vt 0.598211 0.964180
vt 0.587180 0.964115
vt 0.587242 0.953624
vt 0.598084 0.985702
vt 0.598146 0.975211
vt 0.727048 0.975974
vt 0.726986 0.986464
vt 0.738207 0.954517
vt 0.738144 0.965007
vt 0.727113 0.964942
vt 0.727175 0.954451
vt 0.598339 0.942658
vt 0.727240 0.943420
vt 0.618963 0.717462
vt 0.625560 0.716367
vt 0.631786 0.858919
vt 0.613099 0.858484
vt 0.638399 0.865723
vt 0.606912 0.866166
vt 0.745449 0.750224
vt 0.734866 0.749730
vt 0.734358 0.665536
vt 0.747882 0.666354
vt 0.594972 0.707698
vt 0.651289 0.708217
vt 0.756367 0.659864
vt 0.748370 0.751554
vt 0.725247 0.659636
vt 0.732040 0.751294
vt 0.651102 0.021342
vt 0.758047 0.021686
vt 0.675853 0.133266
vt 0.703013 0.121540
vt 0.730098 0.133441
vt 0.741240 0.161996
vt 0.757384 0.227858
vt 0.729914 0.190480
vt 0.650440 0.227514
vt 0.702754 0.202206
vt 0.675670 0.190305
vt 0.664527 0.161750
vt 0.611319 0.044355
vt 0.593775 0.128697
vt 0.524814 0.046279
vt 0.569665 0.118798
vt 0.544546 0.129206
vt 0.535406 0.154659
vt 0.524898 0.209359
vt 0.543518 0.183810
vt 0.613370 0.204831
vt 0.567145 0.190472
vt 0.594777 0.180334
vt 0.603556 0.153593
vt 0.632883 0.021791
vt 0.639854 0.232178
vt 0.501755 0.021892
vt 0.497277 0.230429
vt 0.573344 0.174812
vt 0.558425 0.173237
vt 0.583193 0.164660
vt 0.548745 0.163096
vt 0.584637 0.149870
vt 0.551129 0.145782
vt 0.578996 0.135572
vt 0.563220 0.135284
vn 0.318320 0.947984 0.000000
vn 0.318320 0.947984 0.000000
vn 0.318320 0.947984 0.000000
vn 0.318320 0.947984 0.000000
vn -0.648564 0.644231 -0.405379
vn 0.530781 0.742385 -0.408822
vn 0.530782 0.742385 0.408821
vn -0.648565 0.644230 0.405379
vn -0.209675 0.976893 -0.041431
vn -0.699077 0.713831 -0.041682
vn -0.699077 0.713831 0.041682
vn -0.209675 0.976893 0.041431
vn -0.918407 0.019623 -0.395150
vn -0.176067 0.892527 -0.415205
vn -0.176065 0.892528 0.415205
vn -0.918407 0.019622 0.395150
vn -0.839437 0.541940 -0.040593
vn -0.998937 0.021777 -0.040621
vn -0.998937 0.021777 0.040621
vn -0.839436 0.541940 0.040593
vn -0.674467 -0.617317 -0.404985
vn -0.768444 0.498173 -0.401643
vn -0.768444 0.498174 0.401643
vn -0.674467 -0.617318 0.404985
vn -0.980038 -0.194591 -0.040751
vn -0.749128 -0.661192 -0.040413
vn -0.749124 -0.661196 0.040412
vn -0.980039 -0.194586 0.040751
vn -0.017769 -0.909239 -0.415895
vn -0.903381 -0.165199 -0.395742
vn -0.903381 -0.165198 0.395742
vn -0.017768 -0.909239 0.415895
vn -0.554064 -0.831435 -0.041585
vn -0.055221 -0.997625 -0.041177
vn -0.055221 -0.997625 0.041177
vn -0.554064 -0.831435 0.041585
vn 0.648562 -0.644232 -0.405380
vn -0.530785 -0.742383 -0.408821
vn -0.530786 -0.742382 0.408821
vn 0.648563 -0.644231 0.405380
vn 0.209262 -0.976981 -0.041440
vn 0.699365 -0.713548 -0.041684
vn 0.699365 -0.713548 0.041684
vn 0.209263 -0.976981 0.041440
vn 0.918406 -0.019625 -0.395151
vn 0.176067 -0.892528 -0.415204
vn 0.176066 -0.892528 0.415204
vn 0.918407 -0.019624 0.395151
vn 0.847730 -0.528897 -0.040276
vn 0.998507 -0.036620 -0.040522
vn 0.998507 -0.036620 0.040522
vn 0.847730 -0.528896 0.040276
vn 0.674468 0.617316 -0.404986
vn 0.768446 -0.498172 -0.401641
vn 0.768445 -0.498173 0.401642
vn 0.674467 0.617317 0.404986
vn 0.984516 0.170516 -0.040642
vn 0.731759 0.680339 -0.040842
vn 0.731759 0.680339 0.040842
vn 0.984516 0.170516 0.040642
vn 0.017776 0.909239 -0.415894
vn 0.903382 0.165200 -0.395741
vn 0.903382 0.165199 0.395740
vn 0.017774 0.909239 0.415894
vn -0.648564 0.644231 -0.405379
vn 0.903382 0.165200 -0.395741
vn 0.000001 0.000000 -1.000000
vn 0.530781 0.742385 -0.408822
vn -0.648564 0.644231 -0.405379
vn 0.000001 0.000000 -1.000000
vn -0.918407 0.019623 -0.395150
vn 0.530781 0.742385 -0.408822
vn 0.000001 0.000000 -1.000000
vn -0.176067 0.892527 -0.415205
vn -0.918407 0.019623 -0.395150
vn 0.000001 0.000000 -1.000000
vn -0.674467 -0.617317 -0.404985
vn -0.176067 0.892527 -0.415205
vn 0.000001 0.000000 -1.000000
vn -0.768444 0.498173 -0.401643
vn -0.674467 -0.617317 -0.404985
vn 0.000001 0.000000 -1.000000
vn -0.017769 -0.909239 -0.415895
vn -0.768444 0.498173 -0.401643
vn 0.000001 0.000000 -1.000000
vn -0.903381 -0.165199 -0.395742
vn -0.017769 -0.909239 -0.415895
vn 0.000001 0.000000 -1.000000
vn 0.648562 -0.644232 -0.405380
vn -0.903381 -0.165199 -0.395742
vn 0.000001 0.000000 -1.000000
vn -0.530785 -0.742383 -0.408821
vn 0.648562 -0.644232 -0.405380
vn 0.000001 0.000000 -1.000000
vn 0.918406 -0.019625 -0.395151
vn -0.530785 -0.742383 -0.408821
vn 0.000001 0.000000 -1.000000
vn 0.176067 -0.892528 -0.415204
vn 0.918406 -0.019625 -0.395151
vn 0.000001 0.000000 -1.000000
vn 0.674468 0.617316 -0.404986
vn 0.176067 -0.892528 -0.415204
vn 0.000001 0.000000 -1.000000
vn 0.768446 -0.498172 -0.401641
vn 0.674468 0.617316 -0.404986
vn 0.000001 0.000000 -1.000000
vn 0.017776 0.909239 -0.415894
vn 0.768446 -0.498172 -0.401641
vn 0.000001 0.000000 -1.000000
vn 0.903382 0.165200 -0.395741
vn 0.017776 0.909239 -0.415894
vn 0.000001 0.000000 -1.000000
vn 0.903382 0.165199 0.395740
vn -0.648565 0.644230 0.405379
vn 0.000000 0.000000 1.000000
vn -0.648565 0.644230 0.405379
vn 0.530782 0.742385 0.408821
vn 0.000000 0.000000 1.000000
vn 0.530782 0.742385 0.408821
vn -0.918407 0.019622 0.395150
vn 0.000000 0.000000 1.000000
vn -0.918407 0.019622 0.395150
vn -0.176065 0.892528 0.415205
vn 0.000000 0.000000 1.000000
vn -0.176065 0.892528 0.415205
vn -0.674467 -0.617318 0.404985
vn 0.000000 0.000000 1.000000
vn -0.674467 -0.617318 0.404985
vn -0.768444 0.498174 0.401643
vn 0.000000 0.000000 1.000000
vn -0.768444 0.498174 0.401643
vn -0.017768 -0.909239 0.415895
vn 0.000000 0.000000 1.000000
vn -0.017768 -0.909239 0.415895
vn -0.903381 -0.165198 0.395742
vn 0.000000 0.000000 1.000000
vn -0.903381 -0.165198 0.395742
vn 0.648563 -0.644231 0.405380
vn 0.000000 0.000000 1.000000
vn 0.648563 -0.644231 0.405380
vn -0.530786 -0.742382 0.408821
vn 0.000000 0.000000 1.000000
vn -0.530786 -0.742382 0.408821
vn 0.918407 -0.019624 0.395151
vn 0.000000 0.000000 1.000000
vn 0.918407 -0.019624 0.395151
vn 0.176066 -0.892528 0.415204
vn 0.000000 0.000000 1.000000
vn 0.176066 -0.892528 0.415204
vn 0.674467 0.617317 0.404986
vn 0.000000 0.000000 1.000000
vn 0.674467 0.617317 0.404986
vn 0.768445 -0.498173 0.401642
vn 0.000000 0.000000 1.000000
vn 0.768445 -0.498173 0.401642
vn 0.017774 0.909239 0.415894
vn 0.000000 0.000000 1.000000
vn 0.017774 0.909239 0.415894
vn 0.903382 0.165199 0.395740
vn 0.000000 0.000000 1.000000
vn 0.903382 0.165200 -0.395741
vn -0.648564 0.644231 -0.405379
vn -0.932343 0.121464 -0.340564
vn 0.835681 -0.425325 -0.347470
vn -0.648564 0.644231 -0.405379
vn -0.648565 0.644230 0.405379
vn -0.932343 0.121461 0.340565
vn -0.932343 0.121464 -0.340564
vn -0.648565 0.644230 0.405379
vn 0.903382 0.165199 0.395740
vn 0.835680 -0.425327 0.347471
vn -0.932343 0.121461 0.340565
vn 0.903382 0.165199 0.395740
vn 0.903382 0.165200 -0.395741
vn 0.835681 -0.425325 -0.347470
vn 0.835680 -0.425327 0.347471
vn 0.530781 0.742385 -0.408822
vn -0.918407 0.019623 -0.395150
vn -0.755364 -0.551181 -0.354435
vn 0.897650 0.274734 -0.344596
vn -0.918407 0.019623 -0.395150
vn -0.918407 0.019622 0.395150
vn -0.755363 -0.551182 0.354436
vn -0.755364 -0.551181 -0.354435
vn -0.918407 0.019622 0.395150
vn 0.530782 0.742385 0.408821
vn 0.897649 0.274733 0.344597
vn -0.755363 -0.551182 0.354436
vn 0.530782 0.742385 0.408821
vn 0.530781 0.742385 -0.408822
vn 0.897650 0.274734 -0.344596
vn 0.897649 0.274733 0.344597
vn -0.176067 0.892527 -0.415205
vn -0.674467 -0.617317 -0.404985
vn -0.161897 -0.909523 -0.382828
vn 0.411972 0.830264 -0.375421
vn -0.674467 -0.617317 -0.404985
vn -0.674467 -0.617318 0.404985
vn -0.161894 -0.909523 0.382829
vn -0.161897 -0.909523 -0.382828
vn -0.674467 -0.617318 0.404985
vn -0.176065 0.892528 0.415205
vn 0.411974 0.830263 0.375421
vn -0.161894 -0.909523 0.382829
vn -0.176065 0.892528 0.415205
vn -0.176067 0.892527 -0.415205
vn 0.411972 0.830264 -0.375421
vn 0.411974 0.830263 0.375421
vn -0.768444 0.498173 -0.401643
vn -0.017769 -0.909239 -0.415895
vn 0.586590 -0.729683 -0.351390
vn -0.276324 0.890430 -0.361635
vn -0.017769 -0.909239 -0.415895
vn -0.017768 -0.909239 0.415895
vn 0.586582 -0.729684 0.351402
vn 0.586590 -0.729683 -0.351390
vn -0.017768 -0.909239 0.415895
vn -0.768444 0.498174 0.401643
vn -0.276329 0.890423 0.361647
vn 0.586582 -0.729684 0.351402
vn -0.768444 0.498174 0.401643
vn -0.768444 0.498173 -0.401643
vn -0.276324 0.890430 -0.361635
vn -0.276329 0.890423 0.361647
vn -0.903381 -0.165199 -0.395742
vn 0.648562 -0.644232 -0.405380
vn 0.940713 -0.097860 -0.324780
vn -0.829465 0.449555 -0.331495
vn 0.648562 -0.644232 -0.405380
vn 0.648563 -0.644231 0.405380
vn 0.940713 -0.097858 0.324781
vn 0.940713 -0.097860 -0.324780
vn 0.648563 -0.644231 0.405380
vn -0.903381 -0.165198 0.395742
vn -0.829463 0.449556 0.331496
vn 0.940713 -0.097858 0.324781
vn -0.903381 -0.165198 0.395742
vn -0.903381 -0.165199 -0.395742
vn -0.829465 0.449555 -0.331495
vn -0.829463 0.449556 0.331496
vn -0.530785 -0.742383 -0.408821
vn 0.918406 -0.019625 -0.395151
vn 0.755764 0.550323 -0.354917
vn -0.897212 -0.275564 -0.345073
vn 0.918406 -0.019625 -0.395151
vn 0.918407 -0.019624 0.395151
vn 0.755762 0.550325 0.354917
vn 0.755764 0.550323 -0.354917
vn 0.918407 -0.019624 0.395151
vn -0.530786 -0.742382 0.408821
vn -0.897212 -0.275562 0.345073
vn 0.755762 0.550325 0.354917
vn -0.530786 -0.742382 0.408821
vn -0.530785 -0.742383 -0.408821
vn -0.897212 -0.275564 -0.345073
vn -0.897212 -0.275562 0.345073
vn 0.176067 -0.892528 -0.415204
vn 0.674468 0.617316 -0.404986
vn 0.117784 0.924604 -0.362262
vn -0.456062 -0.816119 -0.354905
vn 0.674468 0.617316 -0.404986
vn 0.674467 0.617317 0.404986
vn 0.117781 0.924605 0.362262
vn 0.117784 0.924604 -0.362262
vn 0.674467 0.617317 0.404986
vn 0.176066 -0.892528 0.415204
vn -0.456064 -0.816118 0.354904
vn 0.117781 0.924605 0.362262
vn 0.176066 -0.892528 0.415204
vn 0.176067 -0.892528 -0.415204
vn -0.456062 -0.816119 -0.354905
vn -0.456064 -0.816118 0.354904
vn 0.768446 -0.498172 -0.401641
vn 0.017776 0.909239 -0.415894
vn -0.492664 0.779181 -0.387505
vn 0.370636 -0.839477 -0.397375
vn 0.017776 0.909239 -0.415894
vn 0.017774 0.909239 0.415894
vn -0.492665 0.779179 0.387506
vn -0.492664 0.779181 -0.387505
vn 0.017774 0.909239 0.415894
vn 0.768445 -0.498173 0.401642
vn 0.370634 -0.839477 0.397377
vn -0.492665 0.779179 0.387506
vn 0.768445 -0.498173 0.401642
vn 0.768446 -0.498172 -0.401641
vn 0.370636 -0.839477 -0.397375
vn 0.370634 -0.839477 0.397377
vn 0.835681 -0.425325 -0.347470
vn -0.932343 0.121464 -0.340564
vn 0.039193 0.998366 -0.041597
vn 0.566778 0.822809 -0.041812
vn -0.932343 0.121464 -0.340564
vn -0.932343 0.121461 0.340565
vn 0.039193 0.998366 0.041597
vn 0.039193 0.998366 -0.041597
vn -0.932343 0.121461 0.340565
vn 0.835680 -0.425327 0.347471
vn 0.566778 0.822809 0.041812
vn 0.039193 0.998366 0.041597
vn 0.835680 -0.425327 0.347471
vn 0.835681 -0.425325 -0.347470
vn 0.566778 0.822809 -0.041812
vn 0.566778 0.822809 0.041812
vn 0.897650 0.274734 -0.344596
vn -0.755364 -0.551181 -0.354435
vn -0.699077 0.713831 -0.041682
vn -0.209675 0.976893 -0.041431
vn -0.755364 -0.551181 -0.354435
vn -0.755363 -0.551182 0.354436
vn -0.699077 0.713831 0.041682
vn -0.699077 0.713831 -0.041682
vn -0.755363 -0.551182 0.354436
vn 0.897649 0.274733 0.344597
vn -0.209675 0.976893 0.041431
vn -0.699077 0.713831 0.041682
vn 0.897649 0.274733 0.344597
vn 0.897650 0.274734 -0.344596
vn -0.209675 0.976893 -0.041431
vn -0.209675 0.976893 0.041431
vn 0.411972 0.830264 -0.375421
vn -0.161897 -0.909523 -0.382828
vn -0.998937 0.021777 -0.040621
vn -0.839437 0.541940 -0.040593
vn -0.161897 -0.909523 -0.382828
vn -0.161894 -0.909523 0.382829
vn -0.998937 0.021777 0.040621
vn -0.998937 0.021777 -0.040621
vn -0.161894 -0.909523 0.382829
vn 0.411974 0.830263 0.375421
vn -0.839436 0.541940 0.040593
vn -0.998937 0.021777 0.040621
vn 0.411974 0.830263 0.375421
vn 0.411972 0.830264 -0.375421
vn -0.839437 0.541940 -0.040593
vn -0.839436 0.541940 0.040593
vn -0.276324 0.890430 -0.361635
vn 0.586590 -0.729683 -0.351390
vn -0.749128 -0.661192 -0.040413
vn -0.980038 -0.194591 -0.040751
vn 0.586590 -0.729683 -0.351390
vn 0.586582 -0.729684 0.351402
vn -0.749124 -0.661196 0.040412
vn -0.749128 -0.661192 -0.040413
vn 0.586582 -0.729684 0.351402
vn -0.276329 0.890423 0.361647
vn -0.980039 -0.194586 0.040751
vn -0.749124 -0.661196 0.040412
vn -0.276329 0.890423 0.361647
vn -0.276324 0.890430 -0.361635
vn -0.980038 -0.194591 -0.040751
vn -0.980039 -0.194586 0.040751
vn -0.829465 0.449555 -0.331495
vn 0.940713 -0.097860 -0.324780
vn -0.055221 -0.997625 -0.041177
vn -0.554064 -0.831435 -0.041585
vn 0.940713 -0.097860 -0.324780
vn 0.940713 -0.097858 0.324781
vn -0.055221 -0.997625 0.041177
vn -0.055221 -0.997625 -0.041177
vn 0.940713 -0.097858 0.324781
vn -0.829463 0.449556 0.331496
vn -0.554064 -0.831435 0.041585
vn -0.055221 -0.997625 0.041177
vn -0.829463 0.449556 0.331496
vn -0.829465 0.449555 -0.331495
vn -0.554064 -0.831435 -0.041585
vn -0.554064 -0.831435 0.041585
vn -0.897212 -0.275564 -0.345073
vn 0.755764 0.550323 -0.354917
vn 0.699365 -0.713548 -0.041684
vn 0.209262 -0.976981 -0.041440
vn 0.755764 0.550323 -0.354917
vn 0.755762 0.550325 0.354917
vn 0.699365 -0.713548 0.041684
vn 0.699365 -0.713548 -0.041684
vn 0.755762 0.550325 0.354917
vn -0.897212 -0.275562 0.345073
vn 0.209263 -0.976981 0.041440
vn 0.699365 -0.713548 0.041684
vn -0.897212 -0.275562 0.345073
vn -0.897212 -0.275564 -0.345073
vn 0.209262 -0.976981 -0.041440
vn 0.209263 -0.976981 0.041440
vn -0.456062 -0.816119 -0.354905
vn 0.117784 0.924604 -0.362262
vn 0.998507 -0.036620 -0.040522
vn 0.847730 -0.528897 -0.040276
vn 0.117784 0.924604 -0.362262
vn 0.117781 0.924605 0.362262
vn 0.998507 -0.036620 0.040522
vn 0.998507 -0.036620 -0.040522
vn 0.117781 0.924605 0.362262
vn -0.456064 -0.816118 0.354904
vn 0.847730 -0.528896 0.040276
vn 0.998507 -0.036620 0.040522
vn -0.456064 -0.816118 0.354904
vn -0.456062 -0.816119 -0.354905
vn 0.847730 -0.528897 -0.040276
vn 0.847730 -0.528896 0.040276
vn 0.370636 -0.839477 -0.397375
vn -0.492664 0.779181 -0.387505
vn 0.731759 0.680339 -0.040842
vn 0.984516 0.170516 -0.040642
vn -0.492664 0.779181 -0.387505
vn -0.492665 0.779179 0.387506
vn 0.731759 0.680339 0.040842
vn 0.731759 0.680339 -0.040842
vn -0.492665 0.779179 0.387506
vn 0.370634 -0.839477 0.397377
vn 0.984516 0.170516 0.040642
vn 0.731759 0.680339 0.040842
vn 0.370634 -0.839477 0.397377
vn 0.370636 -0.839477 -0.397375
vn 0.984516 0.170516 -0.040642
vn 0.984516 0.170516 0.040642
vn 0.399319 0.916812 0.000000
vn 0.399319 0.916812 0.000000
vn 0.399319 0.916812 0.000000
vn 0.399319 0.916812 0.000000
vn 0.000000 0.998350 -0.057428
vn -0.723464 0.688016 -0.056857
vn -0.723464 0.688016 0.056857
vn 0.000000 0.998350 0.057428
vn -0.723464 0.688016 -0.056857
vn -0.998415 0.000000 -0.056290
vn -0.998415 0.000000 0.056290
vn -0.723464 0.688016 0.056857
vn -0.998415 0.000000 -0.056290
vn -0.723466 -0.688015 -0.056857
vn -0.723466 -0.688015 0.056857
vn -0.998415 0.000000 0.056290
vn -0.723466 -0.688015 -0.056857
vn 0.000000 -0.998350 -0.057428
vn 0.000000 -0.998350 0.057428
vn -0.723466 -0.688015 0.056857
vn 0.000000 -0.998350 -0.057428
vn 0.723465 -0.688015 -0.056857
vn 0.723465 -0.688015 0.056857
vn 0.000000 -0.998350 0.057428
vn 0.723465 -0.688015 -0.056857
vn 0.998415 0.000000 -0.056290
vn 0.998415 0.000000 0.056290
vn 0.723465 -0.688015 0.056857
vn 0.998415 0.000000 -0.056290
vn 0.723464 0.688017 -0.056857
vn 0.723464 0.688016 0.056857
vn 0.998415 0.000000 0.056290
vn 0.000000 0.998350 -0.057428
vn 0.723464 0.688017 -0.056857
vn 0.000000 0.000000 -1.000000
vn -0.723464 0.688016 -0.056857
vn 0.000000 0.998350 -0.057428
vn 0.000000 0.000000 -1.000000
vn -0.998415 0.000000 -0.056290
vn -0.723464 0.688016 -0.056857
vn 0.000000 0.000000 -1.000000
vn -0.723466 -0.688015 -0.056857
vn -0.998415 0.000000 -0.056290
vn 0.000000 0.000000 -1.000000
vn 0.000000 -0.998350 -0.057428
vn -0.723466 -0.688015 -0.056857
vn 0.000000 0.000000 -1.000000
vn 0.723465 -0.688015 -0.056857
vn 0.000000 -0.998350 -0.057428
vn 0.000000 0.000000 -1.000000
vn 0.998415 0.000000 -0.056290
vn 0.723465 -0.688015 -0.056857
vn 0.000000 0.000000 -1.000000
vn 0.723464 0.688017 -0.056857
vn 0.998415 0.000000 -0.056290
vn 0.000000 0.000000 -1.000000
vn 0.723464 0.688016 0.056857
vn 0.000000 0.998350 0.057428
vn 0.000000 0.000000 1.000000
vn 0.000000 0.998350 0.057428
vn -0.723464 0.688016 0.056857
vn 0.000000 0.000000 1.000000
vn -0.723464 0.688016 0.056857
vn -0.998415 0.000000 0.056290
vn 0.000000 0.000000 1.000000
vn -0.998415 0.000000 0.056290
vn -0.723466 -0.688015 0.056857
vn 0.000000 0.000000 1.000000
vn -0.723466 -0.688015 0.056857
vn 0.000000 -0.998350 0.057428
vn 0.000000 0.000000 1.000000
vn 0.000000 -0.998350 0.057428
vn 0.723465 -0.688015 0.056857
vn 0.000000 0.000000 1.000000
vn 0.723465 -0.688015 0.056857
vn 0.998415 0.000000 0.056290
vn 0.000000 0.000000 1.000000
vn 0.998415 0.000000 0.056290
vn 0.723464 0.688016 0.056857
vn 0.000000 0.000000 1.000000
vn 0.724368 0.688870 -0.027349
vn 0.000000 0.999618 -0.027624
vn 0.000000 0.999618 0.027624
vn 0.724369 0.688870 0.027349
vn 0.000000 0.999618 -0.027624
vn -0.724369 0.688870 -0.027349
vn -0.724369 0.688870 0.027349
vn 0.000000 0.999618 0.027624
vn -0.724369 0.688870 -0.027349
vn -0.999633 0.000000 -0.027075
vn -0.999633 0.000000 0.027075
vn -0.724369 0.688870 0.027349
vn -0.999633 0.000000 -0.027075
vn -0.724362 -0.688877 -0.027349
vn -0.724362 -0.688877 0.027349
vn -0.999633 0.000000 0.027075
vn -0.724362 -0.688877 -0.027349
vn 0.000000 -0.999618 -0.027624
vn 0.000000 -0.999618 0.027624
vn -0.724362 -0.688877 0.027349
vn 0.000000 -0.999618 -0.027624
vn 0.724362 -0.688877 -0.027349
vn 0.724362 -0.688877 0.027349
vn 0.000000 -0.999618 0.027624
vn 0.724362 -0.688877 -0.027349
vn 0.999633 0.000000 -0.027075
vn 0.999633 0.000000 0.027075
vn 0.724362 -0.688877 0.027349
vn 0.999633 0.000000 -0.027075
vn 0.724368 0.688870 -0.027349
vn 0.724369 0.688870 0.027349
vn 0.999633 0.000000 0.027075
vn 0.000000 0.999618 -0.027624
vn 0.724368 0.688870 -0.027349
vn 0.000000 0.000000 -1.000000
vn -0.724369 0.688870 -0.027349
vn 0.000000 0.999618 -0.027624
vn 0.000000 0.000000 -1.000000
vn -0.999633 0.000000 -0.027075
vn -0.724369 0.688870 -0.027349
vn 0.000000 0.000000 -1.000000
vn -0.724362 -0.688877 -0.027349
vn -0.999633 0.000000 -0.027075
vn 0.000000 0.000000 -1.000000
vn 0.000000 -0.999618 -0.027624
vn -0.724362 -0.688877 -0.027349
vn 0.000000 0.000000 -1.000000
vn 0.724362 -0.688877 -0.027349
vn 0.000000 -0.999618 -0.027624
vn 0.000000 0.000000 -1.000000
vn 0.999633 0.000000 -0.027075
vn 0.724362 -0.688877 -0.027349
vn 0.000000 0.000000 -1.000000
vn 0.724368 0.688870 -0.027349
vn 0.999633 0.000000 -0.027075
vn 0.000000 0.000000 -1.000000
vn 0.724369 0.688870 0.027349
vn 0.000000 0.999618 0.027624
vn 0.000000 0.000000 1.000000
vn 0.000000 0.999618 0.027624
vn -0.724369 0.688870 0.027349
vn 0.000000 0.000000 1.000000
vn -0.724369 0.688870 0.027349
vn -0.999633 0.000000 0.027075
vn 0.000000 0.000000 1.000000
vn -0.999633 0.000000 0.027075
vn -0.724362 -0.688877 0.027349
vn 0.000000 0.000000 1.000000
vn -0.724362 -0.688877 0.027349
vn 0.000000 -0.999618 0.027624
vn 0.000000 0.000000 1.000000
vn 0.000000 -0.999618 0.027624
vn 0.724362 -0.688877 0.027349
vn 0.000000 0.000000 1.000000
vn 0.724362 -0.688877 0.027349
vn 0.999633 0.000000 0.027075
vn 0.000000 0.000000 1.000000
vn 0.999633 0.000000 0.027075
vn 0.724369 0.688870 0.027349
vn 0.000000 0.000000 1.000000
vn -0.563384 0.054797 0.824376
vn 0.552132 0.060154 0.831584
vn 0.623400 0.278708 0.730544
vn -0.639465 0.273611 0.718486
vn -0.639465 0.273611 0.718486
vn 0.623400 0.278708 0.730544
vn 0.986343 0.141733 0.083899
vn -0.986303 0.136408 0.092735
vn -0.356696 -0.124415 -0.925899
vn 0.348115 -0.124921 -0.929091
vn 0.397685 -0.290248 -0.870404
vn -0.410008 -0.288488 -0.865256
vn -0.975764 -0.076385 0.205063
vn 0.975810 -0.058716 0.210589
vn 0.552132 0.060154 0.831584
vn -0.563384 0.054797 0.824376
vn 0.552132 0.060154 0.831584
vn 0.975810 -0.058716 0.210589
vn 0.986343 0.141733 0.083899
vn 0.623400 0.278708 0.730544
vn -0.986303 0.136408 0.092735
vn -0.975764 -0.076385 0.205063
vn -0.563384 0.054797 0.824376
vn -0.639465 0.273611 0.718486
vn -0.410008 -0.288488 -0.865256
vn -0.975764 -0.076385 0.205063
vn -0.986303 0.136408 0.092735
vn -0.356696 -0.124415 -0.925899
vn -0.410008 -0.288488 -0.865256
vn 0.397685 -0.290248 -0.870404
vn 0.975810 -0.058716 0.210589
vn -0.975764 -0.076385 0.205063
vn 0.986343 0.141733 0.083899
vn 0.975810 -0.058716 0.210589
vn 0.397685 -0.290248 -0.870404
vn 0.348115 -0.124921 -0.929091
vn -0.986303 0.136408 0.092735
vn 0.986343 0.141733 0.083899
vn 0.348115 -0.124921 -0.929091
vn -0.356696 -0.124415 -0.925899
vn -0.085825 0.036262 -0.995650
vn -0.094175 0.002015 -0.995554
vn -0.999771 0.021386 0.000000
vn -0.921152 0.389203 0.000000
vn -0.094175 0.002015 -0.995554
vn -0.088523 -0.032382 -0.995548
vn -0.939139 -0.343538 0.000000
vn -0.999771 0.021386 0.000000
vn -0.088523 -0.032382 -0.995548
vn -0.069679 -0.062081 -0.995636
vn -0.746641 -0.665228 0.000000
vn -0.939139 -0.343538 0.000000
vn -0.069679 -0.062081 -0.995636
vn -0.040132 -0.082701 -0.995766
vn -0.436582 -0.899664 0.000000
vn -0.746641 -0.665228 0.000000
vn -0.040132 -0.082701 -0.995766
vn -0.004077 -0.090788 -0.995862
vn -0.044861 -0.998993 0.000000
vn -0.436582 -0.899664 0.000000
vn -0.004077 -0.090788 -0.995862
vn 0.032800 -0.084685 -0.995868
vn 0.361178 -0.932497 0.000000
vn -0.044861 -0.998993 0.000000
vn 0.032800 -0.084685 -0.995868
vn 0.064403 -0.065375 -0.995780
vn 0.701792 -0.712382 0.000000
vn 0.361178 -0.932497 0.000000
vn 0.064403 -0.065375 -0.995780
vn 0.085825 -0.036263 -0.995650
vn 0.921152 -0.389204 0.000000
vn 0.701792 -0.712382 0.000000
vn 0.085825 -0.036263 -0.995650
vn 0.094175 -0.002015 -0.995554
vn 0.999771 -0.021386 0.000000
vn 0.921152 -0.389204 0.000000
vn 0.094175 -0.002015 -0.995554
vn 0.088523 0.032382 -0.995548
vn 0.939138 0.343539 0.000000
vn 0.999771 -0.021386 0.000000
vn 0.088523 0.032382 -0.995548
vn 0.069679 0.062082 -0.995636
vn 0.746640 0.665228 0.000000
vn 0.939138 0.343539 0.000000
vn 0.069679 0.062082 -0.995636
vn 0.040133 0.082701 -0.995766
vn 0.436583 0.899664 0.000000
vn 0.746640 0.665228 0.000000
vn 0.040133 0.082701 -0.995766
vn 0.004077 0.090788 -0.995862
vn 0.044861 0.998993 0.000000
vn 0.436583 0.899664 0.000000
vn 0.004077 0.090788 -0.995862
vn -0.032800 0.084685 -0.995868
vn -0.361179 0.932497 0.000000
vn 0.044861 0.998993 0.000000
vn -0.032800 0.084685 -0.995868
vn -0.064403 0.065375 -0.995780
vn -0.701792 0.712382 0.000000
vn -0.361179 0.932497 0.000000
vn -0.064403 0.065375 -0.995780
vn -0.085825 0.036262 -0.995650
vn -0.921152 0.389203 0.000000
vn -0.701792 0.712382 0.000000
vn -0.094175 0.002015 -0.995554
vn -0.085825 0.036262 -0.995650
vn 0.000000 0.000000 -1.000000
vn -0.088523 -0.032382 -0.995548
vn -0.094175 0.002015 -0.995554
vn 0.000000 0.000000 -1.000000
vn -0.069679 -0.062081 -0.995636
vn -0.088523 -0.032382 -0.995548
vn 0.000000 0.000000 -1.000000
vn -0.040132 -0.082701 -0.995766
vn -0.069679 -0.062081 -0.995636
vn 0.000000 0.000000 -1.000000
vn -0.004077 -0.090788 -0.995862
vn -0.040132 -0.082701 -0.995766
vn 0.000000 0.000000 -1.000000
vn 0.032800 -0.084685 -0.995868
vn -0.004077 -0.090788 -0.995862
vn 0.000000 0.000000 -1.000000
vn 0.064403 -0.065375 -0.995780
vn 0.032800 -0.084685 -0.995868
vn 0.000000 0.000000 -1.000000
vn 0.085825 -0.036263 -0.995650
vn 0.064403 -0.065375 -0.995780
vn 0.000000 0.000000 -1.000000
vn 0.094175 -0.002015 -0.995554
vn 0.085825 -0.036263 -0.995650
vn 0.000000 0.000000 -1.000000
vn 0.088523 0.032382 -0.995548
vn 0.094175 -0.002015 -0.995554
vn 0.000000 0.000000 -1.000000
vn 0.069679 0.062082 -0.995636
vn 0.088523 0.032382 -0.995548
vn 0.000000 0.000000 -1.000000
vn 0.040133 0.082701 -0.995766
vn 0.069679 0.062082 -0.995636
vn 0.000000 0.000000 -1.000000
vn 0.004077 0.090788 -0.995862
vn 0.040133 0.082701 -0.995766
vn 0.000000 0.000000 -1.000000
vn -0.032800 0.084685 -0.995868
vn 0.004077 0.090788 -0.995862
vn 0.000000 0.000000 -1.000000
vn -0.064403 0.065375 -0.995780
vn -0.032800 0.084685 -0.995868
vn 0.000000 0.000000 -1.000000
vn -0.085825 0.036262 -0.995650
vn -0.064403 0.065375 -0.995780
vn 0.000000 0.000000 -1.000000
vn -0.081024 0.034234 0.996124
vn -0.088908 0.001902 0.996038
vn 0.000000 0.000000 1.000000
vn -0.088908 0.001902 0.996038
vn -0.083572 -0.030571 0.996033
vn 0.000000 0.000000 1.000000
vn -0.083572 -0.030571 0.996033
vn -0.065782 -0.058609 0.996111
vn 0.000000 0.000000 1.000000
vn -0.065782 -0.058609 0.996111
vn -0.037887 -0.078074 0.996227
vn 0.000000 0.000000 1.000000
vn -0.037887 -0.078074 0.996227
vn -0.003849 -0.085707 0.996313
vn 0.000000 0.000000 1.000000
vn -0.003849 -0.085707 0.996313
vn 0.030965 -0.079946 0.996318
vn 0.000000 0.000000 1.000000
vn 0.030965 -0.079946 0.996318
vn 0.060800 -0.061717 0.996240
vn 0.000000 0.000000 1.000000
vn 0.060800 -0.061717 0.996240
vn 0.081024 -0.034234 0.996124
vn 0.000000 0.000000 1.000000
vn 0.081024 -0.034234 0.996124
vn 0.088908 -0.001902 0.996038
vn 0.000000 0.000000 1.000000
vn 0.088908 -0.001902 0.996038
vn 0.083572 0.030571 0.996033
vn 0.000000 0.000000 1.000000
vn 0.083572 0.030571 0.996033
vn 0.065782 0.058609 0.996111
vn 0.000000 0.000000 1.000000
vn 0.065782 0.058609 0.996111
vn 0.037887 0.078074 0.996227
vn 0.000000 0.000000 1.000000
vn 0.037887 0.078074 0.996227
vn 0.003849 0.085708 0.996313
vn 0.000000 0.000000 1.000000
vn 0.003849 0.085708 0.996313
vn -0.030965 0.079946 0.996318
vn 0.000000 0.000000 1.000000
vn -0.030965 0.079946 0.996318
vn -0.060800 0.061717 0.996240
vn 0.000000 0.000000 1.000000
vn -0.060800 0.061717 0.996240
vn -0.081024 0.034234 0.996124
vn 0.000000 0.000000 1.000000
vn -0.701792 0.712382 0.000000
vn -0.921152 0.389203 0.000000
vn -0.921152 0.389203 0.000000
vn -0.701792 0.712382 0.000000
vn -0.361179 0.932497 0.000000
vn -0.701792 0.712382 0.000000
vn -0.701792 0.712382 0.000000
vn -0.361179 0.932497 0.000000
vn 0.044861 0.998993 0.000000
vn -0.361179 0.932497 0.000000
vn -0.361179 0.932497 0.000000
vn 0.044861 0.998993 0.000000
vn 0.436583 0.899664 0.000000
vn 0.044861 0.998993 0.000000
vn 0.044861 0.998993 0.000000
vn 0.436583 0.899664 0.000000
vn 0.746640 0.665228 0.000000
vn 0.436583 0.899664 0.000000
vn 0.436583 0.899664 0.000000
vn 0.746640 0.665228 0.000000
vn 0.939138 0.343539 0.000000
vn 0.746640 0.665228 0.000000
vn 0.746640 0.665228 0.000000
vn 0.939138 0.343539 0.000000
vn 0.999771 -0.021386 0.000000
vn 0.939138 0.343539 0.000000
vn 0.939138 0.343539 0.000000
vn 0.999771 -0.021387 0.000000
vn 0.921152 -0.389204 0.000000
vn 0.999771 -0.021386 0.000000
vn 0.999771 -0.021387 0.000000
vn 0.921152 -0.389204 0.000000
vn 0.701792 -0.712382 0.000000
vn 0.921152 -0.389204 0.000000
vn 0.921152 -0.389204 0.000000
vn 0.701792 -0.712382 0.000000
vn 0.361178 -0.932497 0.000000
vn 0.701792 -0.712382 0.000000
vn 0.701792 -0.712382 0.000000
vn 0.361178 -0.932497 0.000000
vn -0.044861 -0.998993 0.000000
vn 0.361178 -0.932497 0.000000
vn 0.361178 -0.932497 0.000000
vn -0.044861 -0.998993 0.000000
vn -0.436582 -0.899664 0.000000
vn -0.044861 -0.998993 0.000000
vn -0.044861 -0.998993 0.000000
vn -0.436582 -0.899664 0.000000
vn -0.746641 -0.665228 0.000000
vn -0.436582 -0.899664 0.000000
vn -0.436582 -0.899664 0.000000
vn -0.746641 -0.665228 0.000000
vn -0.939139 -0.343538 0.000000
vn -0.746641 -0.665228 0.000000
vn -0.746641 -0.665228 0.000000
vn -0.939139 -0.343538 0.000000
vn -0.999771 0.021386 0.000000
vn -0.939139 -0.343538 0.000000
vn -0.939139 -0.343538 0.000000
vn -0.999771 0.021386 0.000000
vn -0.921152 0.389203 0.000000
vn -0.999771 0.021386 0.000000
vn -0.999771 0.021386 0.000000
vn -0.921152 0.389203 0.000000
vn -0.701792 0.712382 0.000000
vn -0.921152 0.389203 0.000000
vn -0.081024 0.034234 0.996124
vn -0.060800 0.061717 0.996240
vn -0.361179 0.932497 0.000000
vn -0.701792 0.712382 0.000000
vn -0.060800 0.061717 0.996240
vn -0.030965 0.079946 0.996318
vn 0.044861 0.998993 0.000000
vn -0.361179 0.932497 0.000000
vn -0.030965 0.079946 0.996318
vn 0.003849 0.085708 0.996313
vn 0.436583 0.899664 0.000000
vn 0.044861 0.998993 0.000000
vn 0.003849 0.085708 0.996313
vn 0.037887 0.078074 0.996227
vn 0.746640 0.665228 0.000000
vn 0.436583 0.899664 0.000000
vn 0.037887 0.078074 0.996227
vn 0.065782 0.058609 0.996111
vn 0.939138 0.343539 0.000000
vn 0.746640 0.665228 0.000000
vn 0.065782 0.058609 0.996111
vn 0.083572 0.030571 0.996033
vn 0.999771 -0.021387 0.000000
vn 0.939138 0.343539 0.000000
vn 0.083572 0.030571 0.996033
vn 0.088908 -0.001902 0.996038
vn 0.921152 -0.389204 0.000000
vn 0.999771 -0.021387 0.000000
vn 0.088908 -0.001902 0.996038
vn 0.081024 -0.034234 0.996124
vn 0.701792 -0.712382 0.000000
vn 0.921152 -0.389204 0.000000
vn 0.081024 -0.034234 0.996124
vn 0.060800 -0.061717 0.996240
vn 0.361178 -0.932497 0.000000
vn 0.701792 -0.712382 0.000000
vn 0.060800 -0.061717 0.996240
vn 0.030965 -0.079946 0.996318
vn -0.044861 -0.998993 0.000000
vn 0.361178 -0.932497 0.000000
vn 0.030965 -0.079946 0.996318
vn -0.003849 -0.085707 0.996313
vn -0.436582 -0.899664 0.000000
vn -0.044861 -0.998993 0.000000
vn -0.003849 -0.085707 0.996313
vn -0.037887 -0.078074 0.996227
vn -0.746641 -0.665228 0.000000
vn -0.436582 -0.899664 0.000000
vn -0.037887 -0.078074 0.996227
vn -0.065782 -0.058609 0.996111
vn -0.939139 -0.343538 0.000000
vn -0.746641 -0.665228 0.000000
vn -0.065782 -0.058609 0.996111
vn -0.083572 -0.030571 0.996033
vn -0.999771 0.021386 0.000000
vn -0.939139 -0.343538 0.000000
vn -0.083572 -0.030571 0.996033
vn -0.088908 0.001902 0.996038
vn -0.921152 0.389203 0.000000
vn -0.999771 0.021386 0.000000
vn -0.088908 0.001902 0.996038
vn -0.081024 0.034234 0.996124
vn 0.000000 -0.771296 0.636477
vn 0.000000 -1.000000 0.000000
vn 0.000000 -1.000000 0.000000
vn 0.000000 -0.851290 0.524695
vn 0.000000 -0.851290 0.524695
vn 0.000000 -1.000000 0.000000
vn 0.047192 -0.906866 -0.418768
vn 0.000000 -0.825346 -0.564627
vn 0.000000 -0.812183 0.583403
vn -0.986655 -0.162805 -0.002681
vn -0.989141 -0.146904 -0.004331
vn -0.981801 -0.189868 -0.004045
vn -0.540521 -0.827654 0.151084
vn -0.989141 -0.146904 -0.004331
vn -0.988540 -0.150962 -0.000436
vn -0.983253 -0.182245 -0.000558
vn -0.981801 -0.189868 -0.004045
vn 0.000000 -0.967141 0.254239
vn 0.000000 -0.967076 0.254487
vn 0.000000 -0.771296 0.636477
vn 0.000000 -0.851290 0.524695
vn -0.540521 -0.827654 0.151084
vn -0.981801 -0.189868 -0.004045
vn -0.802366 -0.596832 0.000000
vn -0.749856 -0.537706 0.385472
vn -0.981801 -0.189868 -0.004045
vn -0.983253 -0.182245 -0.000558
vn -0.805624 -0.592427 0.000000
vn -0.802366 -0.596832 0.000000
vn 0.053598 0.889314 -0.454146
vn 0.000000 1.000000 0.000000
vn 0.000000 1.000000 0.000000
vn 0.000000 1.000000 0.000000
vn 0.000000 0.792608 -0.609732
vn 0.507890 -0.843172 -0.176376
vn 0.000000 -1.000000 0.000000
vn 0.000000 -1.000000 0.000000
vn 0.667134 -0.744937 0.000000
vn 0.939784 0.009299 -0.341643
vn 0.117617 0.008216 -0.993025
vn 0.054245 -0.555774 -0.829562
vn 0.571647 -0.795670 -0.200321
vn 0.117617 0.008216 -0.993025
vn 0.939784 0.009299 -0.341643
vn 0.479177 0.860001 -0.175466
vn 0.053598 0.889314 -0.454146
vn 0.571647 -0.795670 -0.200321
vn 0.054245 -0.555774 -0.829562
vn 0.133070 -0.174950 -0.975543
vn 0.893962 -0.320272 -0.313460
vn 0.893962 -0.320272 -0.313460
vn 0.133070 -0.174950 -0.975543
vn 0.047192 -0.906866 -0.418768
vn 0.507890 -0.843172 -0.176376
vn 0.117617 0.008216 -0.993025
vn 0.053598 0.889314 -0.454146
vn 0.000000 0.792608 -0.609732
vn 0.000000 -0.151799 -0.988411
vn 0.479177 0.860001 -0.175466
vn 0.939784 0.009299 -0.341643
vn 0.952750 -0.303757 0.000000
vn 0.620689 0.784057 0.000000
vn 0.117617 0.008216 -0.993025
vn 0.000000 -0.151799 -0.988411
vn 0.054245 -0.555774 -0.829562
vn 0.054245 -0.555774 -0.829562
vn 0.000000 -0.151799 -0.988411
vn 0.000000 -0.175892 -0.984410
vn 0.133070 -0.174950 -0.975543
vn 0.133070 -0.174950 -0.975543
vn 0.000000 -0.175892 -0.984410
vn 0.000000 -0.825346 -0.564627
vn 0.047192 -0.906866 -0.418768
vn 0.952750 -0.303757 0.000000
vn 0.939784 0.009299 -0.341643
vn 0.571647 -0.795670 -0.200321
vn 0.944056 -0.329785 0.000000
vn 0.952750 -0.303757 0.000000
vn 0.571647 -0.795670 -0.200321
vn 0.893962 -0.320272 -0.313460
vn 0.667134 -0.744937 0.000000
vn 0.944056 -0.329785 0.000000
vn 0.893962 -0.320272 -0.313460
vn 0.507890 -0.843172 -0.176376
vn 0.479177 0.860001 -0.175466
vn 0.000000 1.000000 0.000000
vn 0.000000 1.000000 0.000000
vn 0.053598 0.889314 -0.454146
vn 0.507890 -0.843172 -0.176376
vn 0.047192 -0.906866 -0.418768
vn 0.000000 -1.000000 0.000000
vn 0.000000 -1.000000 0.000000
vn 0.000000 1.000000 0.000000
vn 0.000000 1.000000 0.000000
vn 0.000000 1.000000 0.000000
vn 0.000000 1.000000 0.000000
vn 0.000000 1.000000 0.000000
vn 0.000000 1.000000 0.000000
vn 0.479177 0.860001 -0.175466
vn 0.620689 0.784057 0.000000
vn 0.000000 -0.771296 0.636477
vn 0.000000 -0.967076 0.254487
vn -0.540521 -0.827654 0.151084
vn -0.749856 -0.537706 0.385472
vn -0.802366 -0.596832 0.000000
vn 0.000000 -1.000000 0.000000
vn 0.000000 -0.771296 0.636477
vn -0.749856 -0.537706 0.385472
vn 0.000000 -1.000000 0.000000
vn 0.000000 -1.000000 0.000000
vn -0.802366 -0.596832 0.000000
vn -0.805624 -0.592427 0.000000
vn 0.000000 -0.771296 -0.636477
vn 0.000000 -0.851849 -0.523788
vn 0.000000 -1.000000 0.000000
vn 0.000000 -1.000000 0.000000
vn 0.000000 -0.851849 -0.523788
vn 0.000000 -0.812375 -0.583135
vn 0.000000 -0.825385 0.564570
vn 0.047918 -0.907431 0.417461
vn 0.000000 -1.000000 0.000000
vn -0.006991 0.083801 -0.996458
vn 0.000805 -0.173683 -0.984801
vn 0.003393 -0.149802 -0.988710
vn -0.001587 0.055899 -0.998435
vn -0.774690 -0.033354 -0.631461
vn -0.853948 -0.291183 -0.431261
vn -0.982765 -0.184850 0.002021
vn -0.988307 -0.152459 0.002460
vn -0.988307 -0.152459 0.002460
vn -0.982765 -0.184850 0.002021
vn -0.983253 -0.182245 -0.000558
vn -0.988540 -0.150962 -0.000436
vn 0.000805 -0.173683 -0.984801
vn 0.000000 -0.851849 -0.523788
vn 0.000000 -0.771296 -0.636477
vn 0.003393 -0.149802 -0.988710
vn -0.853948 -0.291183 -0.431261
vn -0.749856 -0.537706 -0.385472
vn -0.799692 -0.600410 0.000000
vn -0.982765 -0.184850 0.002021
vn -0.982765 -0.184850 0.002021
vn -0.799692 -0.600410 0.000000
vn -0.805624 -0.592427 0.000000
vn -0.983253 -0.182245 -0.000558
vn 0.496321 -0.848374 0.184193
vn 0.667134 -0.744937 0.000000
vn 0.000000 -1.000000 0.000000
vn 0.000000 -1.000000 0.000000
vn 0.922708 0.010489 0.385357
vn 0.563605 -0.796730 0.218108
vn 0.055507 -0.556802 0.828789
vn 0.121141 0.008312 0.992601
vn 0.121141 0.008312 0.992601
vn 0.059747 0.868933 0.491311
vn 0.472719 0.858504 0.198764
vn 0.922708 0.010489 0.385357
vn 0.563605 -0.796730 0.218108
vn 0.887478 -0.316349 0.335120
vn 0.135483 -0.175925 0.975036
vn 0.055507 -0.556802 0.828789
vn 0.887478 -0.316349 0.335120
vn 0.496321 -0.848374 0.184193
vn 0.047918 -0.907431 0.417461
vn 0.135483 -0.175925 0.975036
vn 0.121141 0.008312 0.992601
vn 0.000000 -0.151848 0.988404
vn 0.000000 0.758863 0.651250
vn 0.059747 0.868933 0.491311
vn 0.472719 0.858504 0.198764
vn 0.620689 0.784057 0.000000
vn 0.952750 -0.303757 0.000000
vn 0.922708 0.010489 0.385357
vn 0.121141 0.008312 0.992601
vn 0.055507 -0.556802 0.828789
vn 0.000000 -0.151848 0.988404
vn 0.055507 -0.556802 0.828789
vn 0.135483 -0.175925 0.975036
vn 0.000000 -0.175837 0.984419
vn 0.000000 -0.151848 0.988404
vn 0.135483 -0.175925 0.975036
vn 0.047918 -0.907431 0.417461
vn 0.000000 -0.825385 0.564570
vn 0.000000 -0.175837 0.984419
vn 0.952750 -0.303757 0.000000
vn 0.563605 -0.796730 0.218108
vn 0.922708 0.010489 0.385357
vn 0.944056 -0.329785 0.000000
vn 0.887478 -0.316349 0.335120
vn 0.563605 -0.796730 0.218108
vn 0.952750 -0.303757 0.000000
vn 0.667134 -0.744937 0.000000
vn 0.496321 -0.848374 0.184193
vn 0.887478 -0.316349 0.335120
vn 0.944056 -0.329785 0.000000
vn 0.472719 0.858504 0.198764
vn 0.059747 0.868933 0.491311
vn 0.000000 1.000000 0.000001
vn 0.000000 1.000000 0.000000
vn 0.496321 -0.848374 0.184193
vn 0.000000 -1.000000 0.000000
vn 0.000000 -1.000000 0.000000
vn 0.047918 -0.907431 0.417461
vn 0.000000 1.000000 0.000000
vn 0.620689 0.784057 0.000000
vn 0.472719 0.858504 0.198764
vn 0.000000 1.000000 0.000000
vn 0.003393 -0.149802 -0.988710
vn -0.853948 -0.291183 -0.431261
vn -0.774690 -0.033354 -0.631461
vn -0.001587 0.055899 -0.998435
vn 0.000000 -0.771296 -0.636477
vn -0.749856 -0.537706 -0.385472
vn -0.853948 -0.291183 -0.431261
vn 0.003393 -0.149802 -0.988710
vn -0.799692 -0.600410 0.000000
vn -0.749856 -0.537706 -0.385472
vn 0.000000 -0.771296 -0.636477
vn 0.000000 -1.000000 0.000000
vn 0.000000 -1.000000 0.000000
vn -0.805624 -0.592427 0.000000
vn -0.799692 -0.600410 0.000000
vn 0.000000 -1.000000 0.000000
vn -0.877112 0.158506 -0.453377
vn -0.989412 0.121279 -0.079726
vn -0.086713 0.989955 -0.111672
vn -0.000137 0.994292 -0.106696
vn -0.004581 0.337260 -0.941400
vn -0.004581 0.337260 -0.941400
vn -0.000137 0.994292 -0.106696
vn -0.000171 0.995485 -0.094922
vn -0.008233 0.386160 -0.922395
vn -0.008233 0.386160 -0.922395
vn -0.000171 0.995485 -0.094922
vn -0.000001 0.995835 -0.091172
vn -0.000020 0.394060 -0.919085
vn 0.059747 0.868933 0.491311
vn 0.000000 0.758863 0.651250
vn -0.000001 0.995835 -0.091172
vn -0.000171 0.995485 -0.094922
vn 0.000000 1.000000 0.000001
vn 0.000000 1.000000 0.000000
vn 0.000000 1.000000 0.000001
vn -0.000171 0.995485 -0.094922
vn -0.000137 0.994292 -0.106696
vn -0.004581 0.337260 -0.941400
vn -0.001587 0.055899 -0.998435
vn -0.774690 -0.033354 -0.631461
vn -0.877112 0.158506 -0.453377
vn -0.006991 0.083801 -0.996458
vn -0.008233 0.386160 -0.922395
vn -0.000020 0.394060 -0.919085
vn 0.000007 0.063946 -0.997953
vn -0.004581 0.337260 -0.941400
vn -0.008233 0.386160 -0.922395
vn -0.006991 0.083801 -0.996458
vn -0.001587 0.055899 -0.998435
vn -0.998418 0.056230 0.000000
vn -0.065341 0.997863 0.000000
vn -0.069266 0.997598 0.000000
vn -0.998325 0.057850 0.000000
vn -0.998325 0.057850 0.000000
vn -0.069266 0.997598 0.000000
vn -0.069330 0.997594 0.000000
vn -0.998147 0.060854 0.000000
vn -0.998147 0.060854 0.000000
vn -0.069330 0.997594 0.000000
vn -0.070186 0.997534 0.000000
vn -0.998460 0.055479 0.000000
vn -0.998460 0.055479 0.000000
vn -0.070186 0.997534 0.000000
vn -0.086713 0.989955 -0.111672
vn -0.989412 0.121279 -0.079726
vn -0.069266 0.997598 0.000000
vn -0.065341 0.997863 0.000000
vn 0.000000 1.000000 0.000000
vn 0.000000 1.000000 0.000000
vn -0.998325 0.057850 0.000000
vn -0.989141 -0.146904 -0.004331
vn -0.986655 -0.162805 -0.002681
vn -0.998418 0.056230 0.000000
vn -0.989141 -0.146904 -0.004331
vn -0.998325 0.057850 0.000000
vn -0.998147 0.060854 0.000000
vn -0.988540 -0.150962 -0.000436
vn -0.069266 0.997598 0.000000
vn 0.000000 1.000000 0.000000
vn 0.000000 1.000000 0.000000
vn -0.069330 0.997594 0.000000
vn -0.998460 0.055479 0.000000
vn -0.989412 0.121279 -0.079726
vn -0.877112 0.158506 -0.453377
vn -0.774690 -0.033354 -0.631461
vn -0.988307 -0.152459 0.002460
vn -0.988307 -0.152459 0.002460
vn -0.988540 -0.150962 -0.000436
vn -0.998147 0.060854 0.000000
vn -0.998460 0.055479 0.000000
vn -0.070186 0.997534 0.000000
vn -0.069330 0.997594 0.000000
vn 0.000000 1.000000 0.000000
vn 0.000000 1.000000 0.000000
vn -0.000137 0.994292 -0.106696
vn -0.086713 0.989955 -0.111672
vn -0.070186 0.997534 0.000000
vn 0.000000 1.000000 0.000000
vn 0.000000 -0.812183 0.583403
vn 0.000000 -0.967043 0.254613
vn 0.000000 -0.967141 0.254239
vn 0.000000 -0.851290 0.524695
vn 0.000007 0.063946 -0.997953
vn 0.000012 -0.164226 -0.986423
vn 0.000805 -0.173683 -0.984801
vn -0.006991 0.083801 -0.996458
vn 0.000012 -0.164226 -0.986423
vn 0.000000 -0.812375 -0.583135
vn 0.000000 -0.851849 -0.523788
vn 0.000805 -0.173683 -0.984801
vn 0.000000 -0.771296 0.636477
vn 0.000000 -0.852255 0.523126
vn 0.000000 -1.000000 0.000000
vn 0.000000 -1.000000 0.000000
vn 0.000000 -0.852255 0.523126
vn 0.000000 -0.812183 0.583403
vn 0.000000 -0.825346 -0.564627
vn -0.048798 -0.906775 -0.418782
vn 0.000000 -1.000000 0.000000
vn 0.986052 -0.166420 -0.002355
vn 0.542268 -0.826370 0.151849
vn 0.981668 -0.190559 -0.004011
vn 0.989013 -0.147769 -0.004303
vn 0.989013 -0.147769 -0.004303
vn 0.981668 -0.190559 -0.004011
vn 0.983305 -0.181964 -0.000523
vn 0.988469 -0.151421 -0.000465
vn 0.000000 -0.966936 0.255021
vn 0.000000 -0.852255 0.523126
vn 0.000000 -0.771296 0.636477
vn 0.000000 -0.967076 0.254487
vn 0.542268 -0.826370 0.151849
vn 0.749853 -0.537709 0.385473
vn 0.804124 -0.594462 0.000000
vn 0.981668 -0.190559 -0.004011
vn 0.981668 -0.190559 -0.004011
vn 0.804124 -0.594462 0.000000
vn 0.806202 -0.591640 0.000000
vn 0.983305 -0.181964 -0.000523
vn -0.056452 0.887938 -0.456487
vn 0.000000 0.792608 -0.609732
vn 0.000000 1.000000 0.000000
vn 0.000000 1.000000 0.000000
vn 0.000000 1.000000 0.000000
vn -0.507890 -0.843172 -0.176376
vn -0.667135 -0.744937 0.000000
vn 0.000000 -1.000000 0.000000
vn 0.000000 -1.000000 0.000000
vn -0.939784 0.009298 -0.341643
vn -0.571649 -0.795669 -0.200321
vn -0.056482 -0.557598 -0.828187
vn -0.123159 0.008364 -0.992352
vn -0.123159 0.008364 -0.992352
vn -0.056452 0.887938 -0.456487
vn -0.479178 0.860000 -0.175465
vn -0.939784 0.009298 -0.341643
vn -0.571649 -0.795669 -0.200321
vn -0.893963 -0.320271 -0.313459
vn -0.137452 -0.176830 -0.974596
vn -0.056482 -0.557598 -0.828187
vn -0.893963 -0.320271 -0.313459
vn -0.507890 -0.843172 -0.176376
vn -0.048798 -0.906775 -0.418782
vn -0.137452 -0.176830 -0.974596
vn -0.123159 0.008364 -0.992352
vn 0.000000 -0.151799 -0.988411
vn 0.000000 0.792608 -0.609732
vn -0.056452 0.887938 -0.456487
vn -0.479178 0.860000 -0.175465
vn -0.620690 0.784056 0.000000
vn -0.952750 -0.303756 0.000000
vn -0.939784 0.009298 -0.341643
vn -0.123159 0.008364 -0.992352
vn -0.056482 -0.557598 -0.828187
vn 0.000000 -0.151799 -0.988411
vn -0.056482 -0.557598 -0.828187
vn -0.137452 -0.176830 -0.974596
vn 0.000000 -0.175892 -0.984410
vn 0.000000 -0.151799 -0.988411
vn -0.137452 -0.176830 -0.974596
vn -0.048798 -0.906775 -0.418782
vn 0.000000 -0.825346 -0.564627
vn 0.000000 -0.175892 -0.984410
vn -0.952750 -0.303756 0.000000
vn -0.571649 -0.795669 -0.200321
vn -0.939784 0.009298 -0.341643
vn -0.944057 -0.329784 0.000000
vn -0.893963 -0.320271 -0.313459
vn -0.571649 -0.795669 -0.200321
vn -0.952750 -0.303756 0.000000
vn -0.667135 -0.744937 0.000000
vn -0.507890 -0.843172 -0.176376
vn -0.893963 -0.320271 -0.313459
vn -0.944057 -0.329784 0.000000
vn -0.479178 0.860000 -0.175465
vn -0.056452 0.887938 -0.456487
vn 0.000000 1.000000 0.000000
vn 0.000000 1.000000 0.000000
vn -0.507890 -0.843172 -0.176376
vn 0.000000 -1.000000 0.000000
vn 0.000000 -1.000000 0.000000
vn -0.048798 -0.906775 -0.418782
vn 0.000000 1.000000 0.000000
vn 0.000000 1.000000 0.000000
vn 0.000000 1.000000 0.000000
vn 0.000000 1.000000 0.000000
vn 0.000000 1.000000 0.000000
vn -0.620690 0.784056 0.000000
vn -0.479178 0.860000 -0.175465
vn 0.000000 1.000000 0.000000
vn 0.000000 -0.771296 0.636477
vn 0.749853 -0.537709 0.385473
vn 0.542268 -0.826370 0.151849
vn 0.000000 -0.967076 0.254487
vn 0.804124 -0.594462 0.000000
vn 0.749853 -0.537709 0.385473
vn 0.000000 -0.771296 0.636477
vn 0.000000 -1.000000 0.000000
vn 0.000000 -1.000000 0.000000
vn 0.806202 -0.591640 0.000000
vn 0.804124 -0.594462 0.000000
vn 0.000000 -1.000000 0.000000
vn 0.000000 -0.771296 -0.636477
vn 0.000000 -1.000000 0.000000
vn 0.000000 -1.000000 0.000000
vn 0.000000 -0.851681 -0.524060
vn 0.000000 -0.851681 -0.524060
vn 0.000000 -1.000000 0.000000
vn -0.048046 -0.906209 0.420092
vn 0.000000 -0.825385 0.564570
vn 0.000000 -0.812375 -0.583135
vn 0.006963 0.084016 -0.996440
vn 0.001587 0.055899 -0.998435
vn -0.003393 -0.149802 -0.988710
vn -0.000805 -0.174421 -0.984671
vn 0.774689 -0.033351 -0.631463
vn 0.988399 -0.151860 0.002463
vn 0.982781 -0.184761 0.002035
vn 0.853949 -0.291178 -0.431262
vn 0.988399 -0.151860 0.002463
vn 0.988469 -0.151421 -0.000465
vn 0.983305 -0.181964 -0.000523
vn 0.982781 -0.184761 0.002035
vn -0.000805 -0.174421 -0.984671
vn -0.003393 -0.149802 -0.988710
vn 0.000000 -0.771296 -0.636477
vn 0.000000 -0.851681 -0.524060
vn 0.853949 -0.291178 -0.431262
vn 0.982781 -0.184761 0.002035
vn 0.797810 -0.602909 0.000000
vn 0.749853 -0.537708 -0.385473
vn 0.982781 -0.184761 0.002035
vn 0.983305 -0.181964 -0.000523
vn 0.806202 -0.591640 0.000000
vn 0.797810 -0.602909 0.000000
vn -0.496321 -0.848374 0.184193
vn 0.000000 -1.000000 0.000000
vn 0.000000 -1.000000 0.000000
vn -0.667135 -0.744937 0.000000
vn -0.922708 0.010487 0.385357
vn -0.119520 0.008268 0.992797
vn -0.055175 -0.556531 0.828993
vn -0.563607 -0.796728 0.218109
vn -0.119520 0.008268 0.992797
vn -0.922708 0.010487 0.385357
vn -0.472719 0.858504 0.198764
vn -0.058944 0.868952 0.491374
vn -0.563607 -0.796728 0.218109
vn -0.055175 -0.556531 0.828993
vn -0.134970 -0.175825 0.975125
vn -0.887479 -0.316348 0.335119
vn -0.887479 -0.316348 0.335119
vn -0.134970 -0.175825 0.975125
vn -0.048046 -0.906209 0.420092
vn -0.496321 -0.848374 0.184193
vn -0.119520 0.008268 0.992797
vn -0.058944 0.868952 0.491374
vn 0.000000 0.758863 0.651250
vn 0.000000 -0.151848 0.988404
vn -0.472719 0.858504 0.198764
vn -0.922708 0.010487 0.385357
vn -0.952750 -0.303756 0.000000
vn -0.620690 0.784056 0.000000
vn -0.119520 0.008268 0.992797
vn 0.000000 -0.151848 0.988404
vn -0.055175 -0.556531 0.828993
vn -0.055175 -0.556531 0.828993
vn 0.000000 -0.151848 0.988404
vn 0.000000 -0.175837 0.984419
vn -0.134970 -0.175825 0.975125
vn -0.134970 -0.175825 0.975125
vn 0.000000 -0.175837 0.984419
vn 0.000000 -0.825385 0.564570
vn -0.048046 -0.906209 0.420092
vn -0.952750 -0.303756 0.000000
vn -0.922708 0.010487 0.385357
vn -0.563607 -0.796728 0.218109
vn -0.944057 -0.329784 0.000000
vn -0.952750 -0.303756 0.000000
vn -0.563607 -0.796728 0.218109
vn -0.887479 -0.316348 0.335119
vn -0.667135 -0.744937 0.000000
vn -0.944057 -0.329784 0.000000
vn -0.887479 -0.316348 0.335119
vn -0.496321 -0.848374 0.184193
vn -0.472719 0.858504 0.198764
vn 0.000000 1.000000 0.000000
vn 0.000000 1.000000 0.000000
vn -0.058944 0.868952 0.491374
vn -0.496321 -0.848374 0.184193
vn -0.048046 -0.906209 0.420092
vn 0.000000 -1.000000 0.000000
vn 0.000000 -1.000000 0.000000
vn 0.000000 1.000000 0.000000
vn 0.000000 1.000000 0.000000
vn -0.472719 0.858504 0.198764
vn -0.620690 0.784056 0.000000
vn -0.003393 -0.149802 -0.988710
vn 0.001587 0.055899 -0.998435
vn 0.774689 -0.033351 -0.631463
vn 0.853949 -0.291178 -0.431262
vn 0.000000 -0.771296 -0.636477
vn -0.003393 -0.149802 -0.988710
vn 0.853949 -0.291178 -0.431262
vn 0.749853 -0.537708 -0.385473
vn 0.797810 -0.602909 0.000000
vn 0.000000 -1.000000 0.000000
vn 0.000000 -0.771296 -0.636477
vn 0.749853 -0.537708 -0.385473
vn 0.000000 -1.000000 0.000000
vn 0.000000 -1.000000 0.000000
vn 0.797810 -0.602909 0.000000
vn 0.806202 -0.591640 0.000000
vn 0.877112 0.158505 -0.453377
vn 0.004581 0.337261 -0.941400
vn 0.000137 0.994292 -0.106696
vn 0.086715 0.989955 -0.111671
vn 0.989411 0.121279 -0.079727
vn 0.004581 0.337261 -0.941400
vn 0.008193 0.386496 -0.922255
vn 0.000169 0.995528 -0.094465
vn 0.000137 0.994292 -0.106696
vn 0.008193 0.386496 -0.922255
vn -0.000020 0.394060 -0.919085
vn -0.000001 0.995835 -0.091172
vn 0.000169 0.995528 -0.094465
vn -0.058944 0.868952 0.491374
vn 0.000000 1.000000 0.000000
vn 0.000169 0.995528 -0.094465
vn -0.000001 0.995835 -0.091172
vn 0.000000 0.758863 0.651250
vn 0.000000 1.000000 0.000000
vn 0.000137 0.994292 -0.106696
vn 0.000169 0.995528 -0.094465
vn 0.000000 1.000000 0.000000
vn 0.004581 0.337261 -0.941400
vn 0.877112 0.158505 -0.453377
vn 0.774689 -0.033351 -0.631463
vn 0.001587 0.055899 -0.998435
vn 0.006963 0.084016 -0.996440
vn 0.000007 0.063946 -0.997953
vn -0.000020 0.394060 -0.919085
vn 0.008193 0.386496 -0.922255
vn 0.998400 0.056547 0.000000
vn 0.998345 0.057503 0.000000
vn 0.069266 0.997598 0.000000
vn 0.065341 0.997863 0.000000
vn 0.998345 0.057503 0.000000
vn 0.998147 0.060851 0.000000
vn 0.069331 0.997594 0.000000
vn 0.069266 0.997598 0.000000
vn 0.998147 0.060851 0.000000
vn 0.998460 0.055477 0.000000
vn 0.070186 0.997534 0.000000
vn 0.069331 0.997594 0.000000
vn 0.998460 0.055477 0.000000
vn 0.989411 0.121279 -0.079727
vn 0.086715 0.989955 -0.111671
vn 0.070186 0.997534 0.000000
vn 0.069266 0.997598 0.000000
vn 0.000000 1.000000 0.000000
vn 0.000000 1.000000 0.000000
vn 0.065341 0.997863 0.000000
vn 0.998345 0.057503 0.000000
vn 0.998400 0.056547 0.000000
vn 0.986052 -0.166420 -0.002355
vn 0.989013 -0.147769 -0.004303
vn 0.989013 -0.147769 -0.004303
vn 0.988469 -0.151421 -0.000465
vn 0.998147 0.060851 0.000000
vn 0.998345 0.057503 0.000000
vn 0.069266 0.997598 0.000000
vn 0.069331 0.997594 0.000000
vn 0.000000 1.000000 0.000000
vn 0.000000 1.000000 0.000000
vn 0.998460 0.055477 0.000000
vn 0.988399 -0.151860 0.002463
vn 0.774689 -0.033351 -0.631463
vn 0.877112 0.158505 -0.453377
vn 0.989411 0.121279 -0.079727
vn 0.988399 -0.151860 0.002463
vn 0.998460 0.055477 0.000000
vn 0.998147 0.060851 0.000000
vn 0.988469 -0.151421 -0.000465
vn 0.070186 0.997534 0.000000
vn 0.000000 1.000000 0.000000
vn 0.000000 1.000000 0.000000
vn 0.069331 0.997594 0.000000
vn 0.000137 0.994292 -0.106696
vn 0.000000 1.000000 0.000000
vn 0.070186 0.997534 0.000000
vn 0.086715 0.989955 -0.111671
vn 0.000000 -0.812183 0.583403
vn 0.000000 -0.852255 0.523126
vn 0.000000 -0.966936 0.255021
vn 0.000000 -0.967043 0.254613
vn 0.000007 0.063946 -0.997953
vn 0.006963 0.084016 -0.996440
vn -0.000805 -0.174421 -0.984671
vn 0.000012 -0.164226 -0.986423
vn 0.000012 -0.164226 -0.986423
vn -0.000805 -0.174421 -0.984671
vn 0.000000 -0.851681 -0.524060
vn 0.000000 -0.812375 -0.583135
vn -0.998418 0.056230 0.000000
vn -0.986655 -0.162805 -0.002681
vn -0.980992 -0.145999 0.127828
vn -0.993433 0.058940 0.098065
vn 0.000000 1.000000 0.000000
vn 0.000000 1.000000 0.000000
vn 0.000000 0.998276 0.058699
vn 0.000000 0.996857 0.079225
vn -0.986655 -0.162805 -0.002681
vn -0.540521 -0.827654 0.151084
vn -0.200022 -0.976813 0.076338
vn -0.980992 -0.145999 0.127828
vn -0.540521 -0.827654 0.151084
vn 0.000000 -0.967076 0.254487
vn 0.000000 -0.997408 0.071956
vn -0.200022 -0.976813 0.076338
vn 0.000000 -0.967141 0.254239
vn 0.000000 -0.967043 0.254613
vn 0.000000 -0.996823 0.079648
vn 0.000000 -0.998187 0.060193
vn 0.000000 1.000000 0.000000
vn 0.000000 1.000000 0.000000
vn 0.000000 0.996999 0.077409
vn 0.000000 0.998276 0.058699
vn 0.000000 -0.967076 0.254487
vn 0.000000 -0.967141 0.254239
vn 0.000000 -0.998187 0.060193
vn 0.000000 -0.997408 0.071956
vn 0.000000 1.000000 0.000000
vn -0.065341 0.997863 0.000000
vn -0.076507 0.995585 0.054373
vn 0.000000 0.996999 0.077409
vn -0.065341 0.997863 0.000000
vn -0.998418 0.056230 0.000000
vn -0.993433 0.058940 0.098065
vn -0.076507 0.995585 0.054373
vn 0.000000 -0.966936 0.255021
vn 0.000000 -0.967076 0.254487
vn 0.000000 -0.997408 0.071957
vn 0.000000 -0.998161 0.060625
vn 0.542268 -0.826370 0.151849
vn 0.986052 -0.166420 -0.002355
vn 0.981150 -0.136849 0.136442
vn 0.206712 -0.975764 0.071792
vn 0.065341 0.997863 0.000000
vn 0.000000 1.000000 0.000000
vn 0.000000 0.996999 0.077409
vn 0.076507 0.995585 0.054373
vn 0.000000 1.000000 0.000000
vn 0.000000 1.000000 0.000000
vn 0.000000 0.996857 0.079225
vn 0.000000 0.998248 0.059172
vn 0.000000 1.000000 0.000000
vn 0.000000 1.000000 0.000000
vn 0.000000 0.998248 0.059172
vn 0.000000 0.996999 0.077409
vn 0.000000 -0.967076 0.254487
vn 0.542268 -0.826370 0.151849
vn 0.206712 -0.975764 0.071792
vn 0.000000 -0.997408 0.071957
vn 0.986052 -0.166420 -0.002355
vn 0.998400 0.056547 0.000000
vn 0.993618 0.061571 0.094512
vn 0.981150 -0.136849 0.136442
vn 0.998400 0.056547 0.000000
vn 0.065341 0.997863 0.000000
vn 0.076507 0.995585 0.054373
vn 0.993618 0.061571 0.094512
vn 0.000000 -0.967043 0.254613
vn 0.000000 -0.966936 0.255021
vn 0.000000 -0.998161 0.060625
vn 0.000000 -0.996823 0.079648
vn -0.993433 0.058940 0.098065
vn -0.980992 -0.145999 0.127828
vn -0.518784 -0.049569 0.853467
vn -0.535314 0.145303 0.832061
vn 0.000000 0.996857 0.079225
vn 0.000000 0.998276 0.058699
vn 0.000000 0.531814 0.846861
vn 0.000000 0.467523 0.883981
vn -0.980992 -0.145999 0.127828
vn -0.200022 -0.976813 0.076338
vn -0.026389 -0.388141 0.921222
vn -0.518784 -0.049569 0.853467
vn -0.200022 -0.976813 0.076338
vn 0.000000 -0.997408 0.071956
vn 0.000000 -0.354698 0.934981
vn -0.026389 -0.388141 0.921222
vn 0.000000 -0.998187 0.060193
vn 0.000000 -0.996823 0.079648
vn 0.000000 -0.322392 0.946606
vn 0.000000 -0.376978 0.926222
vn 0.000000 0.998276 0.058699
vn 0.000000 0.996999 0.077409
vn 0.000000 0.470965 0.882152
vn 0.000000 0.531814 0.846861
vn 0.000000 -0.997408 0.071956
vn 0.000000 -0.998187 0.060193
vn 0.000000 -0.376978 0.926222
vn 0.000000 -0.354698 0.934981
vn 0.000000 0.996999 0.077409
vn -0.076507 0.995585 0.054373
vn -0.003197 0.573889 0.818927
vn 0.000000 0.470965 0.882152
vn -0.076507 0.995585 0.054373
vn -0.993433 0.058940 0.098065
vn -0.535314 0.145303 0.832061
vn -0.003197 0.573889 0.818927
vn 0.000000 -0.998161 0.060625
vn 0.000000 -0.997408 0.071957
vn 0.000000 -0.354698 0.934981
vn 0.000000 -0.377602 0.925968
vn 0.206712 -0.975764 0.071792
vn 0.981150 -0.136849 0.136442
vn 0.492277 -0.041997 0.869425
vn 0.014257 -0.400835 0.916039
vn 0.076507 0.995585 0.054373
vn 0.000000 0.996999 0.077409
vn 0.000000 0.470965 0.882152
vn -0.005228 0.575288 0.817934
vn 0.000000 0.998248 0.059172
vn 0.000000 0.996857 0.079225
vn 0.000000 0.467523 0.883981
vn 0.000000 0.529326 0.848419
vn 0.000000 0.996999 0.077409
vn 0.000000 0.998248 0.059172
vn 0.000000 0.529326 0.848419
vn 0.000000 0.470965 0.882152
vn 0.000000 -0.997408 0.071957
vn 0.206712 -0.975764 0.071792
vn 0.014257 -0.400835 0.916039
vn 0.000000 -0.354698 0.934981
vn 0.981150 -0.136849 0.136442
vn 0.993618 0.061571 0.094512
vn 0.514512 0.181186 0.838123
vn 0.492277 -0.041997 0.869425
vn 0.993618 0.061571 0.094512
vn 0.076507 0.995585 0.054373
vn -0.005228 0.575288 0.817934
vn 0.514512 0.181186 0.838123
vn 0.000000 -0.996823 0.079648
vn 0.000000 -0.998161 0.060625
vn 0.000000 -0.377602 0.925968
vn 0.000000 -0.322392 0.946606
vn -0.005228 0.575288 0.817934
vn 0.014257 -0.400835 0.916039
vn 0.492277 -0.041997 0.869425
vn 0.514512 0.181186 0.838123
vn -0.535314 0.145303 0.832061
vn -0.518784 -0.049569 0.853467
vn -0.026389 -0.388141 0.921222
vn -0.003197 0.573889 0.818927
vn -0.003197 0.573889 0.818927
vn -0.026389 -0.388141 0.921222
vn 0.000000 -0.354698 0.934981
vn 0.000000 0.470965 0.882152
vn 0.000000 0.470965 0.882152
vn 0.000000 -0.354698 0.934981
vn 0.000000 -0.376978 0.926222
vn 0.000000 0.531814 0.846861
vn 0.000000 0.531814 0.846861
vn 0.000000 -0.376978 0.926222
vn 0.000000 -0.322392 0.946606
vn 0.000000 0.467523 0.883981
vn 0.000000 0.467523 0.883981
vn 0.000000 -0.322392 0.946606
vn 0.000000 -0.377602 0.925968
vn 0.000000 0.529326 0.848419
vn 0.000000 0.529326 0.848419
vn 0.000000 -0.377602 0.925968
vn 0.000000 -0.354698 0.934981
vn 0.000000 0.470965 0.882152
vn 0.000000 0.470965 0.882152
vn 0.000000 -0.354698 0.934981
vn 0.014257 -0.400835 0.916039
vn -0.005228 0.575288 0.817934
vn 0.006963 0.084016 -0.996440
vn 0.008193 0.386496 -0.922255
vn 0.004581 0.337261 -0.941400
vn 0.001587 0.055899 -0.998435
vn 0.938753 0.331295 -0.094798
vn 0.694296 0.713672 -0.092870
vn 0.694300 0.713669 0.092871
vn 0.938751 0.331299 0.094799
vn -0.024075 0.677910 -0.734750
vn 0.657455 0.237747 -0.715004
vn 0.657451 0.237753 0.715004
vn -0.024067 0.677910 0.734751
vn 0.434020 0.895676 -0.096910
vn -0.041589 0.994498 -0.096149
vn -0.041584 0.994498 0.096149
vn 0.434016 0.895678 0.096911
vn -0.515402 0.461151 -0.722288
vn 0.293438 0.616639 -0.730514
vn 0.293430 0.616642 0.730514
vn -0.515396 0.461156 0.722289
vn -0.347257 0.932751 -0.096892
vn -0.754649 0.648739 -0.098197
vn -0.754647 0.648741 0.098198
vn -0.347260 0.932750 0.096893
vn -0.701114 -0.019734 -0.712776
vn -0.249667 0.633473 -0.732379
vn -0.249674 0.633469 0.732380
vn -0.701114 -0.019727 0.712777
vn -0.912640 0.398205 -0.092308
vn -0.995043 -0.034885 -0.093128
vn -0.995043 -0.034880 0.093130
vn -0.912642 0.398201 0.092309
vn -0.483220 -0.490950 -0.724891
vn -0.640771 0.274943 -0.716812
vn -0.640773 0.274936 0.716812
vn -0.483225 -0.490944 0.724891
vn -0.935016 -0.342292 -0.092636
vn -0.703411 -0.705034 -0.090227
vn -0.703413 -0.705032 0.090227
vn -0.935015 -0.342294 0.092637
vn 0.024071 -0.677914 -0.734747
vn -0.657457 -0.237747 -0.715001
vn -0.657454 -0.237754 0.715002
vn 0.024062 -0.677914 0.734748
vn -0.434352 -0.895508 -0.096970
vn 0.041987 -0.994475 -0.096215
vn 0.041982 -0.994475 0.096216
vn -0.434348 -0.895510 0.096972
vn 0.515404 -0.461151 -0.722287
vn -0.293453 -0.616638 -0.730509
vn -0.293445 -0.616640 0.730510
vn 0.515398 -0.461156 0.722288
vn 0.362876 -0.927106 -0.093780
vn 0.744787 -0.660391 -0.095792
vn 0.744784 -0.660394 0.095793
vn 0.362881 -0.927104 0.093782
vn 0.701114 0.019738 -0.712776
vn 0.249679 -0.633472 -0.732376
vn 0.249686 -0.633468 0.732377
vn 0.701114 0.019730 0.712777
vn 0.900899 -0.423009 -0.097178
vn 0.993348 0.061374 -0.097430
vn 0.993348 0.061374 0.097429
vn 0.900900 -0.423009 0.097178
vn 0.483231 0.490947 -0.724885
vn 0.640778 -0.274942 -0.716806
vn 0.640780 -0.274934 0.716807
vn 0.483236 0.490941 0.724886
vn -0.024075 0.677910 -0.734750
vn 0.640778 -0.274942 -0.716806
vn 0.000000 0.000000 -1.000000
vn 0.657455 0.237747 -0.715004
vn -0.024075 0.677910 -0.734750
vn 0.000000 0.000000 -1.000000
vn -0.515402 0.461151 -0.722288
vn 0.657455 0.237747 -0.715004
vn 0.000000 0.000000 -1.000000
vn 0.293438 0.616639 -0.730514
vn -0.515402 0.461151 -0.722288
vn 0.000000 0.000000 -1.000000
vn -0.701114 -0.019734 -0.712776
vn 0.293438 0.616639 -0.730514
vn 0.000000 0.000000 -1.000000
vn -0.249667 0.633473 -0.732379
vn -0.701114 -0.019734 -0.712776
vn 0.000000 0.000000 -1.000000
vn -0.483220 -0.490950 -0.724891
vn -0.249667 0.633473 -0.732379
vn 0.000000 0.000000 -1.000000
vn -0.640771 0.274943 -0.716812
vn -0.483220 -0.490950 -0.724891
vn 0.000000 0.000000 -1.000000
vn 0.024071 -0.677914 -0.734747
vn -0.640771 0.274943 -0.716812
vn 0.000000 0.000000 -1.000000
vn -0.657457 -0.237747 -0.715001
vn 0.024071 -0.677914 -0.734747
vn 0.000000 0.000000 -1.000000
vn 0.515404 -0.461151 -0.722287
vn -0.657457 -0.237747 -0.715001
vn 0.000000 0.000000 -1.000000
vn -0.293453 -0.616638 -0.730509
vn 0.515404 -0.461151 -0.722287
vn 0.000000 0.000000 -1.000000
vn 0.701114 0.019738 -0.712776
vn -0.293453 -0.616638 -0.730509
vn 0.000000 0.000000 -1.000000
vn 0.249679 -0.633472 -0.732376
vn 0.701114 0.019738 -0.712776
vn 0.000000 0.000000 -1.000000
vn 0.483231 0.490947 -0.724885
vn 0.249679 -0.633472 -0.732376
vn 0.000000 0.000000 -1.000000
vn 0.640778 -0.274942 -0.716806
vn 0.483231 0.490947 -0.724885
vn 0.000000 0.000000 -1.000000
vn 0.640780 -0.274934 0.716807
vn -0.024067 0.677910 0.734751
vn 0.000000 0.000000 1.000000
vn -0.024067 0.677910 0.734751
vn 0.657451 0.237753 0.715004
vn 0.000000 0.000000 1.000000
vn 0.657451 0.237753 0.715004
vn -0.515396 0.461156 0.722289
vn 0.000000 0.000000 1.000000
vn -0.515396 0.461156 0.722289
vn 0.293430 0.616642 0.730514
vn 0.000000 0.000000 1.000000
vn 0.293430 0.616642 0.730514
vn -0.701114 -0.019727 0.712777
vn 0.000000 0.000000 1.000000
vn -0.701114 -0.019727 0.712777
vn -0.249674 0.633469 0.732380
vn 0.000000 0.000000 1.000000
vn -0.249674 0.633469 0.732380
vn -0.483225 -0.490944 0.724891
vn 0.000000 0.000000 1.000000
vn -0.483225 -0.490944 0.724891
vn -0.640773 0.274936 0.716812
vn 0.000000 0.000000 1.000000
vn -0.640773 0.274936 0.716812
vn 0.024062 -0.677914 0.734748
vn 0.000000 0.000000 1.000000
vn 0.024062 -0.677914 0.734748
vn -0.657454 -0.237754 0.715002
vn 0.000000 0.000000 1.000000
vn -0.657454 -0.237754 0.715002
vn 0.515398 -0.461156 0.722288
vn 0.000000 0.000000 1.000000
vn 0.515398 -0.461156 0.722288
vn -0.293445 -0.616640 0.730510
vn 0.000000 0.000000 1.000000
vn -0.293445 -0.616640 0.730510
vn 0.701114 0.019730 0.712777
vn 0.000000 0.000000 1.000000
vn 0.701114 0.019730 0.712777
vn 0.249686 -0.633468 0.732377
vn 0.000000 0.000000 1.000000
vn 0.249686 -0.633468 0.732377
vn 0.483236 0.490941 0.724886
vn 0.000000 0.000000 1.000000
vn 0.483236 0.490941 0.724886
vn 0.640780 -0.274934 0.716807
vn 0.000000 0.000000 1.000000
vn 0.640778 -0.274942 -0.716806
vn -0.024075 0.677910 -0.734750
vn -0.594491 0.642268 -0.483811
vn 0.386913 -0.776423 -0.497459
vn -0.024075 0.677910 -0.734750
vn -0.024067 0.677910 0.734751
vn -0.594494 0.642275 0.483797
vn -0.594491 0.642268 -0.483811
vn -0.024067 0.677910 0.734751
vn 0.640780 -0.274934 0.716807
vn 0.386921 -0.776428 0.497445
vn -0.594494 0.642275 0.483797
vn 0.640780 -0.274934 0.716807
vn 0.640778 -0.274942 -0.716806
vn 0.386913 -0.776423 -0.497459
vn 0.386921 -0.776428 0.497445
vn 0.657455 0.237747 -0.715004
vn -0.515402 0.461151 -0.722288
vn -0.876948 0.055144 -0.477411
vn 0.831987 -0.273216 -0.482858
vn -0.515402 0.461151 -0.722288
vn -0.515396 0.461156 0.722289
vn -0.876955 0.055146 0.477398
vn -0.876948 0.055144 -0.477411
vn -0.515396 0.461156 0.722289
vn 0.657451 0.237753 0.715004
vn 0.831994 -0.273216 0.482844
vn -0.876955 0.055146 0.477398
vn 0.657451 0.237753 0.715004
vn 0.657455 0.237747 -0.715004
vn 0.831987 -0.273216 -0.482858
vn 0.831994 -0.273216 0.482844
vn 0.293438 0.616639 -0.730514
vn -0.701114 -0.019734 -0.712776
vn -0.676324 -0.541018 -0.499885
vn 0.777620 0.397795 -0.486895
vn -0.701114 -0.019734 -0.712776
vn -0.701114 -0.019727 0.712777
vn -0.676331 -0.541020 0.499873
vn -0.676324 -0.541018 -0.499885
vn -0.701114 -0.019727 0.712777
vn 0.293430 0.616642 0.730514
vn 0.777625 0.397800 0.486883
vn -0.676331 -0.541020 0.499873
vn 0.293430 0.616642 0.730514
vn 0.293438 0.616639 -0.730514
vn 0.777620 0.397795 -0.486895
vn 0.777625 0.397800 0.486883
vn -0.249667 0.633473 -0.732379
vn -0.483220 -0.490950 -0.724891
vn -0.045960 -0.866163 -0.497644
vn 0.300694 0.817078 -0.491902
vn -0.483220 -0.490950 -0.724891
vn -0.483225 -0.490944 0.724891
vn -0.045964 -0.866171 0.497630
vn -0.045960 -0.866163 -0.497644
vn -0.483225 -0.490944 0.724891
vn -0.249674 0.633469 0.732380
vn 0.300694 0.817086 0.491889
vn -0.045964 -0.866171 0.497630
vn -0.249674 0.633469 0.732380
vn -0.249667 0.633473 -0.732379
vn 0.300694 0.817078 -0.491902
vn 0.300694 0.817086 0.491889
vn -0.640771 0.274943 -0.716812
vn 0.024071 -0.677914 -0.734747
vn 0.615486 -0.628702 -0.475301
vn -0.367177 0.791066 -0.489281
vn 0.024071 -0.677914 -0.734747
vn 0.024062 -0.677914 0.734748
vn 0.615485 -0.628710 0.475292
vn 0.615486 -0.628702 -0.475301
vn 0.024062 -0.677914 0.734748
vn -0.640773 0.274936 0.716812
vn -0.367186 0.791068 0.489271
vn 0.615485 -0.628710 0.475292
vn -0.640773 0.274936 0.716812
vn -0.640771 0.274943 -0.716812
vn -0.367177 0.791066 -0.489281
vn -0.367186 0.791068 0.489271
vn -0.657457 -0.237747 -0.715001
vn 0.515404 -0.461151 -0.722287
vn 0.876758 -0.055913 -0.477670
vn -0.832092 0.272435 -0.483117
vn 0.515404 -0.461151 -0.722287
vn 0.515398 -0.461156 0.722288
vn 0.876765 -0.055916 0.477657
vn 0.876758 -0.055913 -0.477670
vn 0.515398 -0.461156 0.722288
vn -0.657454 -0.237754 0.715002
vn -0.832100 0.272434 0.483104
vn 0.876765 -0.055916 0.477657
vn -0.657454 -0.237754 0.715002
vn -0.657457 -0.237747 -0.715001
vn -0.832092 0.272435 -0.483117
vn -0.832100 0.272434 0.483104
vn -0.293453 -0.616638 -0.730509
vn 0.701114 0.019738 -0.712776
vn 0.658991 0.571507 -0.488989
vn -0.798523 -0.369075 -0.475547
vn 0.701114 0.019738 -0.712776
vn 0.701114 0.019730 0.712777
vn 0.659000 0.571509 0.488976
vn 0.658991 0.571507 -0.488989
vn 0.701114 0.019730 0.712777
vn -0.293445 -0.616640 0.730510
vn -0.798528 -0.369080 0.475534
vn 0.659000 0.571509 0.488976
vn -0.293445 -0.616640 0.730510
vn -0.293453 -0.616638 -0.730509
vn -0.798523 -0.369075 -0.475547
vn -0.798528 -0.369080 0.475534
vn 0.249679 -0.633472 -0.732376
vn 0.483231 0.490947 -0.724885
vn 0.121336 0.846072 -0.519077
vn -0.223280 -0.828389 -0.513729
vn 0.483231 0.490947 -0.724885
vn 0.483236 0.490941 0.724886
vn 0.121347 0.846074 0.519070
vn 0.121336 0.846072 -0.519077
vn 0.483236 0.490941 0.724886
vn 0.249686 -0.633468 0.732377
vn -0.223271 -0.828395 0.513723
vn 0.121347 0.846074 0.519070
vn 0.249686 -0.633468 0.732377
vn 0.249679 -0.633472 -0.732376
vn -0.223280 -0.828389 -0.513729
vn -0.223271 -0.828395 0.513723
vn 0.386913 -0.776423 -0.497459
vn -0.594491 0.642268 -0.483811
vn 0.694296 0.713672 -0.092870
vn 0.938753 0.331295 -0.094798
vn -0.594491 0.642268 -0.483811
vn -0.594494 0.642275 0.483797
vn 0.694300 0.713669 0.092871
vn 0.694296 0.713672 -0.092870
vn -0.594494 0.642275 0.483797
vn 0.386921 -0.776428 0.497445
vn 0.938751 0.331299 0.094799
vn 0.694300 0.713669 0.092871
vn 0.386921 -0.776428 0.497445
vn 0.386913 -0.776423 -0.497459
vn 0.938753 0.331295 -0.094798
vn 0.938751 0.331299 0.094799
vn 0.831987 -0.273216 -0.482858
vn -0.876948 0.055144 -0.477411
vn -0.041589 0.994498 -0.096149
vn 0.434020 0.895676 -0.096910
vn -0.876948 0.055144 -0.477411
vn -0.876955 0.055146 0.477398
vn -0.041584 0.994498 0.096149
vn -0.041589 0.994498 -0.096149
vn -0.876955 0.055146 0.477398
vn 0.831994 -0.273216 0.482844
vn 0.434016 0.895678 0.096911
vn -0.041584 0.994498 0.096149
vn 0.831994 -0.273216 0.482844
vn 0.831987 -0.273216 -0.482858
vn 0.434020 0.895676 -0.096910
vn 0.434016 0.895678 0.096911
vn 0.777620 0.397795 -0.486895
vn -0.676324 -0.541018 -0.499885
vn -0.754649 0.648739 -0.098197
vn -0.347257 0.932751 -0.096892
vn -0.676324 -0.541018 -0.499885
vn -0.676331 -0.541020 0.499873
vn -0.754647 0.648741 0.098198
vn -0.754649 0.648739 -0.098197
vn -0.676331 -0.541020 0.499873
vn 0.777625 0.397800 0.486883
vn -0.347260 0.932750 0.096893
vn -0.754647 0.648741 0.098198
vn 0.777625 0.397800 0.486883
vn 0.777620 0.397795 -0.486895
vn -0.347257 0.932751 -0.096892
vn -0.347260 0.932750 0.096893
vn 0.300694 0.817078 -0.491902
vn -0.045960 -0.866163 -0.497644
vn -0.995043 -0.034885 -0.093128
vn -0.912640 0.398205 -0.092308
vn -0.045960 -0.866163 -0.497644
vn -0.045964 -0.866171 0.497630
vn -0.995043 -0.034880 0.093130
vn -0.995043 -0.034885 -0.093128
vn -0.045964 -0.866171 0.497630
vn 0.300694 0.817086 0.491889
vn -0.912642 0.398201 0.092309
vn -0.995043 -0.034880 0.093130
vn 0.300694 0.817086 0.491889
vn 0.300694 0.817078 -0.491902
vn -0.912640 0.398205 -0.092308
vn -0.912642 0.398201 0.092309
vn -0.367177 0.791066 -0.489281
vn 0.615486 -0.628702 -0.475301
vn -0.703411 -0.705034 -0.090227
vn -0.935016 -0.342292 -0.092636
vn 0.615486 -0.628702 -0.475301
vn 0.615485 -0.628710 0.475292
vn -0.703413 -0.705032 0.090227
vn -0.703411 -0.705034 -0.090227
vn 0.615485 -0.628710 0.475292
vn -0.367186 0.791068 0.489271
vn -0.935015 -0.342294 0.092637
vn -0.703413 -0.705032 0.090227
vn -0.367186 0.791068 0.489271
vn -0.367177 0.791066 -0.489281
vn -0.935016 -0.342292 -0.092636
vn -0.935015 -0.342294 0.092637
vn -0.832092 0.272435 -0.483117
vn 0.876758 -0.055913 -0.477670
vn 0.041987 -0.994475 -0.096215
vn -0.434352 -0.895508 -0.096970
vn 0.876758 -0.055913 -0.477670
vn 0.876765 -0.055916 0.477657
vn 0.041982 -0.994475 0.096216
vn 0.041987 -0.994475 -0.096215
vn 0.876765 -0.055916 0.477657
vn -0.832100 0.272434 0.483104
vn -0.434348 -0.895510 0.096972
vn 0.041982 -0.994475 0.096216
vn -0.832100 0.272434 0.483104
vn -0.832092 0.272435 -0.483117
vn -0.434352 -0.895508 -0.096970
vn -0.434348 -0.895510 0.096972
vn -0.798523 -0.369075 -0.475547
vn 0.658991 0.571507 -0.488989
vn 0.744787 -0.660391 -0.095792
vn 0.362876 -0.927106 -0.093780
vn 0.658991 0.571507 -0.488989
vn 0.659000 0.571509 0.488976
vn 0.744784 -0.660394 0.095793
vn 0.744787 -0.660391 -0.095792
vn 0.659000 0.571509 0.488976
vn -0.798528 -0.369080 0.475534
vn 0.362881 -0.927104 0.093782
vn 0.744784 -0.660394 0.095793
vn -0.798528 -0.369080 0.475534
vn -0.798523 -0.369075 -0.475547
vn 0.362876 -0.927106 -0.093780
vn 0.362881 -0.927104 0.093782
vn -0.223280 -0.828389 -0.513729
vn 0.121336 0.846072 -0.519077
vn 0.993348 0.061374 -0.097430
vn 0.900899 -0.423009 -0.097178
vn 0.121336 0.846072 -0.519077
vn 0.121347 0.846074 0.519070
vn 0.993348 0.061374 0.097429
vn 0.993348 0.061374 -0.097430
vn 0.121347 0.846074 0.519070
vn -0.223271 -0.828395 0.513723
vn 0.900900 -0.423009 0.097178
vn 0.993348 0.061374 0.097429
vn -0.223271 -0.828395 0.513723
vn -0.223280 -0.828389 -0.513729
vn 0.900899 -0.423009 -0.097178
vn 0.900900 -0.423009 0.097178
vn -0.973033 0.024045 -0.229411
vn -0.811611 -0.490404 -0.317478
vn 0.821865 0.504219 -0.265144
vn 0.994492 -0.023838 -0.102063
vn -0.811611 -0.490404 -0.317478
vn -0.531432 -0.739366 -0.413422
vn 0.553956 0.770652 -0.315006
vn 0.821865 0.504219 -0.265144
vn -0.531432 -0.739366 -0.413422
vn 0.000000 -0.874840 -0.484413
vn 0.000000 0.939810 -0.341699
vn 0.553956 0.770652 -0.315006
vn 0.000000 -0.874840 -0.484413
vn 0.458112 -0.787647 -0.412001
vn -0.479693 0.809447 -0.338660
vn 0.000000 0.939810 -0.341699
vn 0.458112 -0.787647 -0.412001
vn 0.718882 -0.602397 -0.346881
vn -0.737308 0.608085 -0.294296
vn -0.479693 0.809447 -0.338660
vn 0.718882 -0.602397 -0.346881
vn 0.970707 0.035606 -0.237615
vn -0.994955 -0.034806 -0.094091
vn -0.737308 0.608085 -0.294296
vn -0.994955 -0.034806 -0.094091
vn 0.970707 0.035606 -0.237615
vn 0.967857 0.135738 -0.211726
vn -0.986593 -0.137731 -0.087543
vn 0.967857 0.135738 -0.211726
vn 0.907281 0.351267 -0.231200
vn -0.913768 -0.352765 -0.201459
vn -0.986593 -0.137731 -0.087543
vn 0.907281 0.351267 -0.231200
vn 0.597739 0.680453 -0.423901
vn -0.639699 -0.723565 -0.259307
vn -0.913768 -0.352765 -0.201459
vn 0.597739 0.680453 -0.423901
vn 0.000000 0.893358 -0.449345
vn 0.000000 -0.928203 -0.372075
vn -0.639699 -0.723565 -0.259307
vn 0.000000 0.893358 -0.449345
vn -0.597739 0.680453 -0.423901
vn 0.639699 -0.723564 -0.259307
vn 0.000000 -0.928203 -0.372075
vn -0.597739 0.680453 -0.423901
vn -0.907281 0.351267 -0.231200
vn 0.913767 -0.352765 -0.201460
vn 0.639699 -0.723564 -0.259307
vn -0.907281 0.351267 -0.231200
vn -0.969021 0.126329 -0.212224
vn 0.987706 -0.128913 -0.088426
vn 0.913767 -0.352765 -0.201460
vn 0.987706 -0.128913 -0.088426
vn -0.969021 0.126329 -0.212224
vn -0.973033 0.024045 -0.229411
vn 0.994492 -0.023838 -0.102063
vn 0.995096 -0.016860 0.097463
vn -0.963780 0.016353 0.266198
vn -0.960917 0.127919 0.245511
vn 0.987759 -0.131410 0.084043
vn -0.963780 0.016353 0.266198
vn 0.995096 -0.016860 0.097463
vn 0.823043 0.512050 0.245773
vn -0.797298 -0.489197 0.353557
vn -0.797298 -0.489197 0.353557
vn 0.823043 0.512050 0.245773
vn 0.552621 0.779937 0.293783
vn -0.513540 -0.725845 0.457630
vn -0.513540 -0.725845 0.457630
vn 0.552621 0.779937 0.293783
vn 0.000000 0.947585 0.319505
vn 0.000000 -0.846588 0.532248
vn 0.000000 -0.846588 0.532248
vn 0.000000 0.947585 0.319505
vn -0.480501 0.818613 0.314629
vn 0.444435 -0.772399 0.453738
vn 0.444435 -0.772399 0.453738
vn -0.480501 0.818613 0.314629
vn -0.738335 0.616836 0.272717
vn 0.703222 -0.597862 0.384760
vn 0.703222 -0.597862 0.384760
vn -0.738335 0.616836 0.272717
vn -0.995525 -0.027929 0.090274
vn 0.960491 0.028016 0.276899
vn -0.986654 -0.139958 0.083220
vn 0.959813 0.136998 0.244928
vn 0.960491 0.028016 0.276899
vn -0.995525 -0.027929 0.090274
vn 0.959813 0.136998 0.244928
vn -0.986654 -0.139958 0.083220
vn -0.913917 -0.360325 0.186876
vn 0.897795 0.355722 0.259665
vn 0.897795 0.355722 0.259665
vn -0.913917 -0.360325 0.186876
vn -0.632696 -0.734653 0.244909
vn 0.570883 0.669178 0.475704
vn 0.570883 0.669178 0.475704
vn -0.632696 -0.734653 0.244909
vn 0.000000 -0.938289 0.345853
vn 0.000000 0.870634 0.491932
vn 0.000000 0.870634 0.491932
vn 0.000000 -0.938289 0.345853
vn 0.632696 -0.734653 0.244909
vn -0.570883 0.669178 0.475704
vn -0.570883 0.669178 0.475704
vn 0.632696 -0.734653 0.244909
vn 0.913917 -0.360325 0.186876
vn -0.897795 0.355722 0.259665
vn -0.897795 0.355722 0.259665
vn 0.913917 -0.360325 0.186876
vn 0.987759 -0.131410 0.084043
vn -0.960917 0.127919 0.245511
vn 0.987706 -0.128913 -0.088426
vn 0.994492 -0.023838 -0.102063
vn 0.995096 -0.016860 0.097463
vn 0.987759 -0.131410 0.084043
vn -0.963780 0.016353 0.266198
vn -0.797298 -0.489197 0.353557
vn -0.811611 -0.490404 -0.317478
vn -0.973033 0.024045 -0.229411
vn 0.823043 0.512050 0.245773
vn 0.995096 -0.016860 0.097463
vn 0.994492 -0.023838 -0.102063
vn 0.821865 0.504219 -0.265144
vn -0.797298 -0.489197 0.353557
vn -0.513540 -0.725845 0.457630
vn -0.531432 -0.739366 -0.413422
vn -0.811611 -0.490404 -0.317478
vn 0.552621 0.779937 0.293783
vn 0.823043 0.512050 0.245773
vn 0.821865 0.504219 -0.265144
vn 0.553956 0.770652 -0.315006
vn -0.513540 -0.725845 0.457630
vn 0.000000 -0.846588 0.532248
vn 0.000000 -0.874840 -0.484413
vn -0.531432 -0.739366 -0.413422
vn 0.000000 0.947585 0.319505
vn 0.552621 0.779937 0.293783
vn 0.553956 0.770652 -0.315006
vn 0.000000 0.939810 -0.341699
vn 0.000000 -0.846588 0.532248
vn 0.444435 -0.772399 0.453738
vn 0.458112 -0.787647 -0.412001
vn 0.000000 -0.874840 -0.484413
vn -0.480501 0.818613 0.314629
vn 0.000000 0.947585 0.319505
vn 0.000000 0.939810 -0.341699
vn -0.479693 0.809447 -0.338660
vn 0.444435 -0.772399 0.453738
vn 0.703222 -0.597862 0.384760
vn 0.718882 -0.602397 -0.346881
vn 0.458112 -0.787647 -0.412001
vn -0.738335 0.616836 0.272717
vn -0.480501 0.818613 0.314629
vn -0.479693 0.809447 -0.338660
vn -0.737308 0.608085 -0.294296
vn 0.703222 -0.597862 0.384760
vn 0.960491 0.028016 0.276899
vn 0.970707 0.035606 -0.237615
vn 0.718882 -0.602397 -0.346881
vn -0.995525 -0.027929 0.090274
vn -0.738335 0.616836 0.272717
vn -0.737308 0.608085 -0.294296
vn -0.994955 -0.034806 -0.094091
vn 0.970707 0.035606 -0.237615
vn 0.960491 0.028016 0.276899
vn 0.959813 0.136998 0.244928
vn 0.967857 0.135738 -0.211726
vn -0.994955 -0.034806 -0.094091
vn -0.986593 -0.137731 -0.087543
vn -0.986654 -0.139958 0.083220
vn -0.995525 -0.027929 0.090274
vn 0.959813 0.136998 0.244928
vn 0.897795 0.355722 0.259665
vn 0.907281 0.351267 -0.231200
vn 0.967857 0.135738 -0.211726
vn -0.913917 -0.360325 0.186876
vn -0.986654 -0.139958 0.083220
vn -0.986593 -0.137731 -0.087543
vn -0.913768 -0.352765 -0.201459
vn 0.897795 0.355722 0.259665
vn 0.570883 0.669178 0.475704
vn 0.597739 0.680453 -0.423901
vn 0.907281 0.351267 -0.231200
vn -0.632696 -0.734653 0.244909
vn -0.913917 -0.360325 0.186876
vn -0.913768 -0.352765 -0.201459
vn -0.639699 -0.723565 -0.259307
vn 0.570883 0.669178 0.475704
vn 0.000000 0.870634 0.491932
vn 0.000000 0.893358 -0.449345
vn 0.597739 0.680453 -0.423901
vn 0.000000 -0.938289 0.345853
vn -0.632696 -0.734653 0.244909
vn -0.639699 -0.723565 -0.259307
vn 0.000000 -0.928203 -0.372075
vn 0.000000 0.870634 0.491932
vn -0.570883 0.669178 0.475704
vn -0.597739 0.680453 -0.423901
vn 0.000000 0.893358 -0.449345
vn 0.632696 -0.734653 0.244909
vn 0.000000 -0.938289 0.345853
vn 0.000000 -0.928203 -0.372075
vn 0.639699 -0.723564 -0.259307
vn -0.570883 0.669178 0.475704
vn -0.897795 0.355722 0.259665
vn -0.907281 0.351267 -0.231200
vn -0.597739 0.680453 -0.423901
vn 0.913917 -0.360325 0.186876
vn 0.632696 -0.734653 0.244909
vn 0.639699 -0.723564 -0.259307
vn 0.913767 -0.352765 -0.201460
vn -0.897795 0.355722 0.259665
vn -0.960917 0.127919 0.245511
vn -0.969021 0.126329 -0.212224
vn -0.907281 0.351267 -0.231200
vn 0.987759 -0.131410 0.084043
vn 0.913917 -0.360325 0.186876
vn 0.913767 -0.352765 -0.201460
vn 0.987706 -0.128913 -0.088426
vn -0.969021 0.126329 -0.212224
vn -0.960917 0.127919 0.245511
vn -0.963780 0.016353 0.266198
vn -0.973033 0.024045 -0.229411
vn -0.563384 0.054797 0.824376
vn 0.552132 0.060154 0.831584
vn 0.623400 0.278708 0.730544
vn -0.639464 0.273611 0.718486
vn -0.639464 0.273611 0.718486
vn 0.623400 0.278708 0.730544
vn 0.986343 0.141733 0.083899
vn -0.986303 0.136408 0.092735
vn -0.356696 -0.124415 -0.925899
vn 0.348115 -0.124921 -0.929091
vn 0.397685 -0.290248 -0.870404
vn -0.410008 -0.288489 -0.865256
vn -0.975763 -0.076385 0.205063
vn 0.975810 -0.058716 0.210589
vn 0.552132 0.060154 0.831584
vn -0.563384 0.054797 0.824376
vn 0.552132 0.060154 0.831584
vn 0.975810 -0.058716 0.210589
vn 0.986343 0.141733 0.083899
vn 0.623400 0.278708 0.730544
vn -0.986303 0.136408 0.092735
vn -0.975763 -0.076385 0.205063
vn -0.563384 0.054797 0.824376
vn -0.639464 0.273611 0.718486
vn -0.410008 -0.288489 -0.865256
vn -0.975763 -0.076385 0.205063
vn -0.986303 0.136408 0.092735
vn -0.356696 -0.124415 -0.925899
vn -0.410008 -0.288489 -0.865256
vn 0.397685 -0.290248 -0.870404
vn 0.975810 -0.058716 0.210589
vn -0.975763 -0.076385 0.205063
vn 0.986343 0.141733 0.083899
vn 0.975810 -0.058716 0.210589
vn 0.397685 -0.290248 -0.870404
vn 0.348115 -0.124921 -0.929091
vn -0.986303 0.136408 0.092735
vn 0.986343 0.141733 0.083899
vn 0.348115 -0.124921 -0.929091
vn -0.356696 -0.124415 -0.925899
vn -0.701792 0.712382 0.000000
vn -0.921152 0.389203 0.000000
vn -0.921152 0.389203 0.000000
vn -0.701792 0.712382 0.000000
vn -0.361179 0.932497 0.000000
vn -0.701792 0.712382 0.000000
vn -0.701792 0.712382 0.000000
vn -0.361179 0.932497 0.000000
vn 0.044861 0.998993 0.000000
vn -0.361179 0.932497 0.000000
vn -0.361179 0.932497 0.000000
vn 0.044861 0.998993 0.000000
vn 0.436583 0.899664 0.000000
vn 0.044861 0.998993 0.000000
vn 0.044861 0.998993 0.000000
vn 0.436583 0.899664 0.000000
vn 0.746640 0.665228 0.000000
vn 0.436583 0.899664 0.000000
vn 0.436583 0.899664 0.000000
vn 0.746640 0.665228 0.000000
vn 0.939138 0.343539 0.000000
vn 0.746640 0.665228 0.000000
vn 0.746640 0.665228 0.000000
vn 0.939138 0.343539 0.000000
vn 0.999771 -0.021387 0.000000
vn 0.939138 0.343539 0.000000
vn 0.939138 0.343539 0.000000
vn 0.999771 -0.021387 0.000000
vn 0.921152 -0.389204 0.000000
vn 0.999771 -0.021387 0.000000
vn 0.999771 -0.021387 0.000000
vn 0.921152 -0.389204 0.000000
vn 0.701792 -0.712382 0.000000
vn 0.921152 -0.389204 0.000000
vn 0.921152 -0.389204 0.000000
vn 0.701792 -0.712382 0.000000
vn 0.361178 -0.932497 0.000000
vn 0.701792 -0.712382 0.000000
vn 0.701792 -0.712382 0.000000
vn 0.361178 -0.932497 0.000000
vn -0.044861 -0.998993 0.000000
vn 0.361178 -0.932497 0.000000
vn 0.361178 -0.932497 0.000000
vn -0.044861 -0.998993 0.000000
vn -0.436582 -0.899664 0.000000
vn -0.044861 -0.998993 0.000000
vn -0.044861 -0.998993 0.000000
vn -0.436582 -0.899664 0.000000
vn -0.746641 -0.665228 0.000000
vn -0.436582 -0.899664 0.000000
vn -0.436582 -0.899664 0.000000
vn -0.746641 -0.665228 0.000000
vn -0.939139 -0.343538 0.000000
vn -0.746641 -0.665228 0.000000
vn -0.746641 -0.665228 0.000000
vn -0.939139 -0.343538 0.000000
vn -0.999771 0.021386 0.000000
vn -0.939139 -0.343538 0.000000
vn -0.939139 -0.343538 0.000000
vn -0.999771 0.021386 0.000000
vn -0.921152 0.389203 0.000000
vn -0.999771 0.021386 0.000000
vn -0.999771 0.021386 0.000000
vn -0.921152 0.389203 0.000000
vn -0.111643 0.045392 0.992711
vn -0.959823 0.031994 0.278777
vn -0.960184 -0.030665 0.277682
vn -0.110784 -0.040260 0.993029
vn -0.082176 0.955918 0.281901
vn -0.111643 0.045392 0.992711
vn 0.111644 0.045390 0.992711
vn 0.082176 0.955918 0.281901
vn -0.959823 0.031994 0.278777
vn -0.082176 0.955918 0.281901
vn -0.082161 0.954821 -0.285598
vn -0.959780 0.030690 -0.279072
vn 0.959823 0.031996 0.278777
vn 0.111644 0.045390 0.992711
vn 0.110781 -0.040259 0.993029
vn 0.960182 -0.030664 0.277687
vn 0.082176 0.955918 0.281901
vn 0.959823 0.031996 0.278777
vn 0.959785 0.030693 -0.279055
vn 0.082162 0.954821 -0.285598
vn -0.959780 0.030690 -0.279072
vn -0.111603 0.040689 -0.992920
vn -0.110826 -0.044897 -0.992825
vn -0.960229 -0.031968 -0.277379
vn -0.111603 0.040689 -0.992920
vn -0.082161 0.954821 -0.285598
vn 0.082162 0.954821 -0.285598
vn 0.111604 0.040688 -0.992920
vn 0.111604 0.040688 -0.992920
vn 0.959785 0.030693 -0.279055
vn 0.960230 -0.031968 -0.277373
vn 0.110823 -0.044897 -0.992826
vn -0.960229 -0.031968 -0.277379
vn -0.104794 -0.924379 -0.366798
vn -0.104788 -0.922997 0.370265
vn -0.960184 -0.030665 0.277682
vn -0.104794 -0.924379 -0.366798
vn -0.110826 -0.044897 -0.992825
vn 0.110823 -0.044897 -0.992826
vn 0.104791 -0.924375 -0.366810
vn 0.104791 -0.924375 -0.366810
vn 0.960230 -0.031968 -0.277373
vn 0.960182 -0.030664 0.277687
vn 0.104792 -0.922998 0.370261
vn -0.110784 -0.040260 0.993029
vn -0.104788 -0.922997 0.370265
vn 0.104792 -0.922998 0.370261
vn 0.110781 -0.040259 0.993029
vn -0.082176 0.955918 0.281901
vn 0.082176 0.955918 0.281901
vn 0.082162 0.954821 -0.285598
vn -0.082161 0.954821 -0.285598
vn -0.111603 0.040689 -0.992920
vn 0.111604 0.040688 -0.992920
vn 0.110823 -0.044897 -0.992826
vn -0.110826 -0.044897 -0.992825
vn -0.104794 -0.924379 -0.366798
vn 0.104791 -0.924375 -0.366810
vn 0.104792 -0.922998 0.370261
vn -0.104788 -0.922997 0.370265
vn -0.110784 -0.040260 0.993029
vn 0.110781 -0.040259 0.993029
vn 0.111644 0.045390 0.992711
vn -0.111643 0.045392 0.992711
vn 0.959823 0.031996 0.278777
vn 0.960182 -0.030664 0.277687
vn 0.960230 -0.031968 -0.277373
vn 0.959785 0.030693 -0.279055
vn -0.960184 -0.030665 0.277682
vn -0.959823 0.031994 0.278777
vn -0.959780 0.030690 -0.279072
vn -0.960229 -0.031968 -0.277379
vn -0.111643 0.045392 0.992711
vn -0.082176 0.955918 0.281901
vn -0.959823 0.031994 0.278777
vn 0.959823 0.031996 0.278777
vn 0.082176 0.955918 0.281901
vn 0.111644 0.045390 0.992711
vn -0.959780 0.030690 -0.279072
vn -0.082161 0.954821 -0.285598
vn -0.111603 0.040689 -0.992920
vn 0.111604 0.040688 -0.992920
vn 0.082162 0.954821 -0.285598
vn 0.959785 0.030693 -0.279055
vn -0.960229 -0.031968 -0.277379
vn -0.110826 -0.044897 -0.992825
vn -0.104794 -0.924379 -0.366798
vn 0.104791 -0.924375 -0.366810
vn 0.110823 -0.044897 -0.992826
vn 0.960230 -0.031968 -0.277373
vn -0.960184 -0.030665 0.277682
vn -0.104788 -0.922997 0.370265
vn -0.110784 -0.040260 0.993029
vn 0.110781 -0.040259 0.993029
vn 0.104792 -0.922998 0.370261
vn 0.960182 -0.030664 0.277687
vn 0.563387 0.054796 -0.824374
vn -0.552134 0.060153 -0.831583
vn -0.623402 0.278708 -0.730542
vn 0.639466 0.273611 -0.718485
vn 0.639466 0.273611 -0.718485
vn -0.623402 0.278708 -0.730542
vn -0.986343 0.141733 -0.083899
vn 0.986303 0.136408 -0.092735
vn 0.356695 -0.124415 0.925899
vn -0.348115 -0.124921 0.929091
vn -0.397685 -0.290247 0.870404
vn 0.410007 -0.288488 0.865256
vn 0.975764 -0.076384 -0.205063
vn -0.975810 -0.058716 -0.210588
vn -0.552134 0.060153 -0.831583
vn 0.563387 0.054796 -0.824374
vn -0.552134 0.060153 -0.831583
vn -0.975810 -0.058716 -0.210588
vn -0.986343 0.141733 -0.083899
vn -0.623402 0.278708 -0.730542
vn 0.986303 0.136408 -0.092735
vn 0.975764 -0.076384 -0.205063
vn 0.563387 0.054796 -0.824374
vn 0.639466 0.273611 -0.718485
vn 0.410007 -0.288488 0.865256
vn 0.975764 -0.076384 -0.205063
vn 0.986303 0.136408 -0.092735
vn 0.356695 -0.124415 0.925899
vn 0.410007 -0.288488 0.865256
vn -0.397685 -0.290247 0.870404
vn -0.975810 -0.058716 -0.210588
vn 0.975764 -0.076384 -0.205063
vn -0.986343 0.141733 -0.083899
vn -0.975810 -0.058716 -0.210588
vn -0.397685 -0.290247 0.870404
vn -0.348115 -0.124921 0.929091
vn 0.986303 0.136408 -0.092735
vn -0.986343 0.141733 -0.083899
vn -0.348115 -0.124921 0.929091
vn 0.356695 -0.124415 0.925899
vn -0.723332 -0.687889 0.059997
vn 0.723332 -0.687889 0.059997
vn 0.723332 0.687889 0.059997
vn -0.723332 0.687889 0.059997
vn -0.723332 0.687889 0.059997
vn 0.723332 0.687889 0.059997
vn 0.723332 0.687889 -0.059997
vn -0.723332 0.687889 -0.059997
vn -0.723332 0.687889 -0.059997
vn 0.723332 0.687889 -0.059997
vn 0.723332 -0.687889 -0.059997
vn -0.723332 -0.687889 -0.059997
vn -0.723332 -0.687889 -0.059997
vn 0.723332 -0.687889 -0.059997
vn 0.723332 -0.687889 0.059997
vn -0.723332 -0.687889 0.059997
vn 0.723332 -0.687889 0.059997
vn 0.723332 -0.687889 -0.059997
vn 0.723332 0.687889 -0.059997
vn 0.723332 0.687889 0.059997
vn -0.723332 -0.687889 -0.059997
vn -0.723332 -0.687889 0.059997
vn -0.723332 0.687889 0.059997
vn -0.723332 0.687889 -0.059997
vn -0.723381 -0.687935 0.058874
vn 0.723381 -0.687935 0.058874
vn 0.723381 0.687935 0.058874
vn -0.723381 0.687935 0.058874
vn -0.723381 0.687935 0.058874
vn 0.723381 0.687935 0.058874
vn 0.723381 0.687935 -0.058874
vn -0.723381 0.687935 -0.058874
vn -0.723381 0.687935 -0.058874
vn 0.723381 0.687935 -0.058874
vn 0.723381 -0.687935 -0.058874
vn -0.723381 -0.687935 -0.058874
vn -0.723381 -0.687935 -0.058874
vn 0.723381 -0.687935 -0.058874
vn 0.723381 -0.687935 0.058874
vn -0.723381 -0.687935 0.058874
vn 0.723381 -0.687935 0.058874
vn 0.723381 -0.687935 -0.058874
vn 0.723381 0.687935 -0.058874
vn 0.723381 0.687935 0.058874
vn -0.723381 -0.687935 -0.058874
vn -0.723381 -0.687935 0.058874
vn -0.723381 0.687935 0.058874
vn -0.723381 0.687935 -0.058874
vn 0.563386 0.054796 -0.824375
vn -0.552134 0.060152 -0.831583
vn -0.623402 0.278708 -0.730542
vn 0.639466 0.273611 -0.718485
vn 0.639466 0.273611 -0.718485
vn -0.623402 0.278708 -0.730542
vn -0.986343 0.141733 -0.083900
vn 0.986303 0.136408 -0.092735
vn 0.356695 -0.124415 0.925899
vn -0.348115 -0.124921 0.929091
vn -0.397685 -0.290247 0.870404
vn 0.410007 -0.288488 0.865257
vn 0.975764 -0.076385 -0.205063
vn -0.975810 -0.058716 -0.210589
vn -0.552134 0.060152 -0.831583
vn 0.563386 0.054796 -0.824375
vn -0.552134 0.060152 -0.831583
vn -0.975810 -0.058716 -0.210589
vn -0.986343 0.141733 -0.083900
vn -0.623402 0.278708 -0.730542
vn 0.986303 0.136408 -0.092735
vn 0.975764 -0.076385 -0.205063
vn 0.563386 0.054796 -0.824375
vn 0.639466 0.273611 -0.718485
vn 0.410007 -0.288488 0.865257
vn 0.975764 -0.076385 -0.205063
vn 0.986303 0.136408 -0.092735
vn 0.356695 -0.124415 0.925899
vn 0.410007 -0.288488 0.865257
vn -0.397685 -0.290247 0.870404
vn -0.975810 -0.058716 -0.210589
vn 0.975764 -0.076385 -0.205063
vn -0.986343 0.141733 -0.083900
vn -0.975810 -0.058716 -0.210589
vn -0.397685 -0.290247 0.870404
vn -0.348115 -0.124921 0.929091
vn 0.986303 0.136408 -0.092735
vn -0.986343 0.141733 -0.083900
vn -0.348115 -0.124921 0.929091
vn 0.356695 -0.124415 0.925899
vn -0.808854 -0.419564 0.411972
vn 0.837020 -0.434174 0.333003
vn 0.000000 0.000000 1.000000
vn 0.000000 0.000000 1.000000
vn 0.837020 -0.434174 0.333003
vn 0.000000 0.000000 1.000000
vn 0.000000 0.000000 1.000000
vn 0.837020 -0.434174 0.333003
vn 0.000000 0.000000 1.000000
vn 0.000000 0.000000 1.000000
vn 0.837020 -0.434174 0.333003
vn 0.000000 0.000000 1.000000
vn 0.837020 -0.434174 0.333003
vn 0.879570 0.456245 0.134900
vn 0.000000 0.000000 1.000000
vn 0.000000 0.000000 1.000000
vn 0.879570 0.456245 0.134900
vn 0.000000 0.000000 1.000000
vn 0.879570 0.456245 0.134900
vn -0.883778 0.458428 0.093702
vn 0.000000 0.000000 1.000000
vn 0.000000 0.000000 1.000000
vn -0.883778 0.458428 0.093702
vn 0.000000 0.000000 1.000000
vn 0.000000 0.000000 1.000000
vn -0.883778 0.458428 0.093702
vn 0.000000 0.000000 1.000000
vn 0.000000 0.000000 1.000000
vn 0.000000 0.000000 1.000000
vn -0.808854 -0.419564 0.411972
vn -0.808854 -0.419564 0.411972
vn 0.000000 0.000000 1.000000
vn -0.883778 0.458428 0.093702
vn 0.000000 0.000000 1.000000
vn 0.000000 0.000000 1.000000
vn -0.883778 0.458428 0.093702
vn -0.808854 -0.419564 -0.411972
vn 0.000000 0.000000 -1.000000
vn 0.837020 -0.434174 -0.333003
vn 0.000000 0.000000 -1.000000
vn 0.000000 0.000000 -1.000000
vn 0.837020 -0.434174 -0.333003
vn 0.000000 0.000000 -1.000000
vn 0.000000 0.000000 -1.000000
vn 0.837020 -0.434174 -0.333003
vn 0.000000 0.000000 -1.000000
vn 0.000000 0.000000 -1.000000
vn 0.837020 -0.434174 -0.333003
vn 0.837020 -0.434174 -0.333003
vn 0.000000 0.000000 -1.000000
vn 0.879570 0.456245 -0.134900
vn 0.000000 0.000000 -1.000000
vn 0.000000 0.000000 -1.000000
vn 0.879570 0.456245 -0.134900
vn 0.879570 0.456245 -0.134900
vn 0.000000 0.000000 -1.000000
vn -0.883778 0.458428 -0.093702
vn 0.000000 0.000000 -1.000000
vn 0.000000 0.000000 -1.000000
vn -0.883778 0.458428 -0.093702
vn 0.000000 0.000000 -1.000000
vn 0.000000 0.000000 -1.000000
vn -0.883778 0.458428 -0.093702
vn 0.000000 0.000000 -1.000000
vn -0.808854 -0.419564 -0.411972
vn 0.000000 0.000000 -1.000000
vn -0.808854 -0.419564 -0.411972
vn -0.883778 0.458428 -0.093702
vn 0.000000 0.000000 -1.000000
vn 0.000000 0.000000 -1.000000
vn 0.000000 0.000000 -1.000000
vn -0.883778 0.458428 -0.093702
vn -0.808854 -0.419564 0.411972
vn -0.883778 0.458428 0.093702
vn -0.883778 0.458428 -0.093702
vn -0.808854 -0.419564 -0.411972
vn -0.808854 -0.419564 0.411972
vn -0.808854 -0.419564 -0.411972
vn 0.837020 -0.434174 -0.333003
vn 0.837020 -0.434174 0.333003
vn 0.837020 -0.434174 0.333003
vn 0.837020 -0.434174 -0.333003
vn 0.879570 0.456245 -0.134900
vn 0.879570 0.456245 0.134900
vn 0.879570 0.456245 0.134900
vn 0.879570 0.456245 -0.134900
vn -0.883778 0.458428 -0.093702
vn -0.883778 0.458428 0.093702
vn 0.000000 0.000000 1.000000
vn 0.000000 0.000000 -1.000000
vn 0.000000 0.000000 -1.000000
vn 0.000000 0.000000 1.000000
vn 0.000000 0.000000 1.000000
vn 0.000000 0.000000 -1.000000
vn 0.000000 0.000000 -1.000000
vn 0.000000 0.000000 1.000000
vn 0.000000 0.000000 1.000000
vn 0.000000 0.000000 -1.000000
vn 0.000000 0.000000 -1.000000
vn 0.000000 0.000000 1.000000
vn 0.000000 0.000000 1.000000
vn 0.000000 0.000000 -1.000000
vn 0.000000 0.000000 -1.000000
vn 0.000000 0.000000 1.000000
vn 0.000000 0.000000 1.000000
vn 0.000000 0.000000 -1.000000
vn 0.000000 0.000000 -1.000000
vn 0.000000 0.000000 1.000000
vn 0.000000 0.000000 1.000000
vn 0.000000 0.000000 1.000000
vn 0.000000 0.000000 -1.000000
vn 0.000000 0.000000 -1.000000
vn 0.000000 0.000000 1.000000
vn 0.000000 0.000000 -1.000000
vn 0.000000 0.000000 -1.000000
vn 0.000000 0.000000 1.000000
vn 0.000000 0.000000 1.000000
vn 0.000000 0.000000 -1.000000
vn 0.000000 0.000000 -1.000000
vn 0.000000 0.000000 1.000000
s off
g Grinder_low:textureEditorIsolateSelectSetgrindstone2
usemtl initialShadingGroup
f 1/1/1 2/2/2 3/3/3 4/4/4
f 5/5/5 6/6/6 7/7/7 8/8/8
f 9/9/9 10/10/10 11/11/11 12/12/12
f 13/13/13 14/14/14 15/15/15 16/16/16
f 17/17/17 18/18/18 19/19/19 20/20/20
f 21/21/21 22/22/22 23/23/23 24/24/24
f 25/25/25 26/26/26 27/27/27 28/28/28
f 29/29/29 30/30/30 31/31/31 32/32/32
f 33/33/33 34/34/34 35/35/35 36/36/36
f 37/37/37 38/38/38 39/39/39 40/40/40
f 41/41/41 42/42/42 43/43/43 44/44/44
f 45/45/45 46/46/46 47/47/47 48/48/48
f 49/49/49 50/50/50 51/51/51 52/52/52
f 53/53/53 54/54/54 55/55/55 56/56/56
f 57/57/57 58/58/58 59/59/59 60/60/60
f 61/61/61 62/62/62 63/63/63 64/64/64
f 5/65/65 62/66/66 65/67/67
f 6/68/68 5/65/69 65/67/70
f 13/69/71 6/68/72 65/67/73
f 14/70/74 13/69/75 65/67/76
f 21/71/77 14/70/78 65/67/79
f 22/72/80 21/71/81 65/67/82
f 29/73/83 22/72/84 65/67/85
f 30/74/86 29/73/87 65/67/88
f 37/75/89 30/74/90 65/67/91
f 38/76/92 37/75/93 65/67/94
f 45/77/95 38/76/96 65/67/97
f 46/78/98 45/77/99 65/67/100
f 53/79/101 46/78/102 65/67/103
f 54/80/104 53/79/105 65/67/106
f 61/81/107 54/80/108 65/67/109
f 62/66/110 61/81/111 65/67/112
f 63/63/113 8/8/114 66/82/115
f 8/8/116 7/7/117 66/82/118
f 7/7/119 16/16/120 66/82/121
f 16/16/122 15/15/123 66/82/124
f 15/15/125 24/24/126 66/82/127
f 24/24/128 23/23/129 66/82/130
f 23/23/131 32/32/132 66/82/133
f 32/32/134 31/31/135 66/82/136
f 31/31/137 40/40/138 66/82/139
f 40/40/140 39/39/141 66/82/142
f 39/39/143 48/48/144 66/82/145
f 48/48/146 47/47/147 66/82/148
f 47/47/149 56/56/150 66/82/151
f 56/56/152 55/55/153 66/82/154
f 55/55/155 64/64/156 66/82/157
f 64/64/158 63/63/159 66/82/160
f 62/66/161 5/65/162 67/83/163 68/84/164
f 5/5/165 8/8/166 69/85/167 67/86/168
f 8/8/169 63/63/170 70/87/171 69/85/172
f 63/63/173 62/62/174 68/88/175 70/87/176
f 6/68/177 13/69/178 71/89/179 72/90/180
f 13/13/181 16/16/182 73/91/183 71/92/184
f 16/16/185 7/7/186 74/93/187 73/91/188
f 7/7/189 6/6/190 72/94/191 74/93/192
f 14/70/193 21/71/194 75/95/195 76/96/196
f 21/21/197 24/24/198 77/97/199 75/98/200
f 24/24/201 15/15/202 78/99/203 77/97/204
f 15/15/205 14/14/206 76/100/207 78/99/208
f 22/72/209 29/73/210 79/101/211 80/102/212
f 29/29/213 32/32/214 81/103/215 79/104/216
f 32/32/217 23/23/218 82/105/219 81/103/220
f 23/23/221 22/22/222 80/106/223 82/105/224
f 30/74/225 37/75/226 83/107/227 84/108/228
f 37/37/229 40/40/230 85/109/231 83/110/232
f 40/40/233 31/31/234 86/111/235 85/109/236
f 31/31/237 30/30/238 84/112/239 86/111/240
f 38/76/241 45/77/242 87/113/243 88/114/244
f 45/45/245 48/48/246 89/115/247 87/116/248
f 48/48/249 39/39/250 90/117/251 89/115/252
f 39/39/253 38/38/254 88/118/255 90/117/256
f 46/78/257 53/79/258 91/119/259 92/120/260
f 53/53/261 56/56/262 93/121/263 91/122/264
f 56/56/265 47/47/266 94/123/267 93/121/268
f 47/47/269 46/46/270 92/124/271 94/123/272
f 54/80/273 61/81/274 95/125/275 96/126/276
f 61/61/277 64/64/278 97/127/279 95/128/280
f 64/64/281 55/55/282 98/129/283 97/127/284
f 55/55/285 54/54/286 96/130/287 98/129/288
f 68/84/289 67/83/290 2/131/291 1/132/292
f 67/86/293 69/85/294 3/3/295 2/2/296
f 69/85/297 70/87/298 4/4/299 3/3/300
f 70/87/301 68/88/302 1/1/303 4/4/304
f 72/90/305 71/89/306 10/133/307 9/134/308
f 71/92/309 73/91/310 11/11/311 10/10/312
f 73/91/313 74/93/314 12/12/315 11/11/316
f 74/93/317 72/94/318 9/9/319 12/12/320
f 76/96/321 75/95/322 18/135/323 17/136/324
f 75/98/325 77/97/326 19/19/327 18/18/328
f 77/97/329 78/99/330 20/20/331 19/19/332
f 78/99/333 76/100/334 17/17/335 20/20/336
f 80/102/337 79/101/338 26/137/339 25/138/340
f 79/104/341 81/103/342 27/27/343 26/26/344
f 81/103/345 82/105/346 28/28/347 27/27/348
f 82/105/349 80/106/350 25/25/351 28/28/352
f 84/108/353 83/107/354 34/139/355 33/140/356
f 83/110/357 85/109/358 35/35/359 34/34/360
f 85/109/361 86/111/362 36/36/363 35/35/364
f 86/111/365 84/112/366 33/33/367 36/36/368
f 88/114/369 87/113/370 42/141/371 41/142/372
f 87/116/373 89/115/374 43/43/375 42/42/376
f 89/115/377 90/117/378 44/44/379 43/43/380
f 90/117/381 88/118/382 41/41/383 44/44/384
f 92/120/385 91/119/386 50/143/387 49/144/388
f 91/122/389 93/121/390 51/51/391 50/50/392
f 93/121/393 94/123/394 52/52/395 51/51/396
f 94/123/397 92/124/398 49/49/399 52/52/400
f 96/126/401 95/125/402 58/145/403 57/146/404
f 95/128/405 97/127/406 59/59/407 58/58/408
f 97/127/409 98/129/410 60/60/411 59/59/412
f 98/129/413 96/130/414 57/57/415 60/60/416
f 99/147/417 100/148/418 101/149/419 102/150/420
f 100/148/421 103/151/422 104/152/423 101/149/424
f 103/153/425 105/154/426 106/155/427 104/156/428
f 105/154/429 107/157/430 108/158/431 106/155/432
f 107/157/433 109/159/434 110/160/435 108/158/436
f 109/159/437 111/161/438 112/162/439 110/160/440
f 111/161/441 113/163/442 114/164/443 112/162/444
f 113/163/445 99/147/446 102/150/447 114/164/448
f 100/148/449 99/147/450 115/165/451
f 103/151/452 100/148/453 115/165/454
f 105/154/455 103/153/456 115/165/457
f 107/157/458 105/154/459 115/165/460
f 109/159/461 107/157/462 115/165/463
f 111/161/464 109/159/465 115/165/466
f 113/163/467 111/161/468 115/165/469
f 99/147/470 113/163/471 115/165/472
f 102/150/473 101/149/474 116/166/475
f 101/149/476 104/152/477 116/166/478
f 104/156/479 106/155/480 116/166/481
f 106/155/482 108/158/483 116/166/484
f 108/158/485 110/160/486 116/166/487
f 110/160/488 112/162/489 116/166/490
f 112/162/491 114/164/492 116/166/493
f 114/164/494 102/150/495 116/166/496
f 117/167/497 118/168/498 119/169/499 120/170/500
f 118/168/501 121/171/502 122/172/503 119/169/504
f 121/171/505 123/173/506 124/174/507 122/172/508
f 123/175/509 125/176/510 126/177/511 124/178/512
f 125/176/513 127/179/514 128/180/515 126/177/516
f 127/179/517 129/181/518 130/182/519 128/180/520
f 129/181/521 131/183/522 132/184/523 130/182/524
f 131/183/525 117/167/526 120/170/527 132/184/528
f 118/168/529 117/167/530 133/185/531
f 121/171/532 118/168/533 133/185/534
f 123/173/535 121/171/536 133/185/537
f 125/176/538 123/175/539 133/185/540
f 127/179/541 125/176/542 133/185/543
f 129/181/544 127/179/545 133/185/546
f 131/183/547 129/181/548 133/185/549
f 117/167/550 131/183/551 133/185/552
f 120/170/553 119/169/554 134/186/555
f 119/169/556 122/172/557 134/186/558
f 122/172/559 124/174/560 134/186/561
f 124/178/562 126/177/563 134/186/564
f 126/177/565 128/180/566 134/186/567
f 128/180/568 130/182/569 134/186/570
f 130/182/571 132/184/572 134/186/573
f 132/184/574 120/170/575 134/186/576
f 135/187/577 136/188/578 137/189/579 138/190/580
f 138/190/581 137/189/582 139/191/583 140/192/584
f 141/193/585 142/194/586 143/195/587 144/196/588
f 145/197/589 146/198/590 136/188/591 135/187/592
f 136/188/593 146/198/594 139/191/595 137/189/596
f 140/192/597 145/197/598 135/187/599 138/190/600
f 144/196/601 145/199/602 140/200/603 141/193/604
f 144/196/605 143/195/606 146/201/607 145/199/608
f 139/202/609 146/201/610 143/195/611 142/194/612
f 140/200/613 139/202/614 142/194/615 141/193/616
f 147/203/617 148/204/618 149/205/619 150/206/620
f 148/204/621 151/207/622 152/208/623 149/205/624
f 151/207/625 153/209/626 154/210/627 152/208/628
f 153/209/629 155/211/630 156/212/631 154/210/632
f 155/211/633 157/213/634 158/214/635 156/212/636
f 157/213/637 159/215/638 160/216/639 158/214/640
f 159/215/641 161/217/642 162/218/643 160/216/644
f 161/217/645 163/219/646 164/220/647 162/218/648
f 163/219/649 165/221/650 166/222/651 164/220/652
f 165/221/653 167/223/654 168/224/655 166/222/656
f 167/223/657 169/225/658 170/226/659 168/224/660
f 169/225/661 171/227/662 172/228/663 170/226/664
f 171/227/665 173/229/666 174/230/667 172/228/668
f 173/229/669 175/231/670 176/232/671 174/230/672
f 175/231/673 177/233/674 178/234/675 176/232/676
f 177/233/677 147/203/678 150/206/679 178/234/680
f 148/204/681 147/203/682 179/235/683
f 151/207/684 148/204/685 179/235/686
f 153/209/687 151/207/688 179/235/689
f 155/211/690 153/209/691 179/235/692
f 157/213/693 155/211/694 179/235/695
f 159/215/696 157/213/697 179/235/698
f 161/217/699 159/215/700 179/235/701
f 163/219/702 161/217/703 179/235/704
f 165/221/705 163/219/706 179/235/707
f 167/223/708 165/221/709 179/235/710
f 169/225/711 167/223/712 179/235/713
f 171/227/714 169/225/715 179/235/716
f 173/229/717 171/227/718 179/235/719
f 175/231/720 173/229/721 179/235/722
f 177/233/723 175/231/724 179/235/725
f 147/203/726 177/233/727 179/235/728
f 180/236/729 181/237/730 182/238/731
f 181/237/732 183/239/733 182/238/734
f 183/239/735 184/240/736 182/238/737
f 184/240/738 185/241/739 182/238/740
f 185/241/741 186/242/742 182/238/743
f 186/242/744 187/243/745 182/238/746
f 187/243/747 188/244/748 182/238/749
f 188/244/750 189/245/751 182/238/752
f 189/245/753 190/246/754 182/238/755
f 190/246/756 191/247/757 182/238/758
f 191/247/759 192/248/760 182/238/761
f 192/248/762 193/249/763 182/238/764
f 193/249/765 194/250/766 182/238/767
f 194/250/768 195/251/769 182/238/770
f 195/251/771 196/252/772 182/238/773
f 196/252/774 180/236/775 182/238/776
f 178/234/777 150/206/778 197/253/779 198/254/780
f 176/232/781 178/234/782 198/254/783 199/255/784
f 174/230/785 176/232/786 199/255/787 200/256/788
f 172/228/789 174/230/790 200/256/791 201/257/792
f 170/226/793 172/228/794 201/257/795 202/258/796
f 168/224/797 170/226/798 202/258/799 203/259/800
f 166/222/801 168/224/802 203/259/803 204/260/804
f 164/220/805 166/222/806 204/260/807 205/261/808
f 162/218/809 164/220/810 205/261/811 206/262/812
f 160/216/813 162/218/814 206/262/815 207/263/816
f 158/214/817 160/216/818 207/263/819 208/264/820
f 156/212/821 158/214/822 208/264/823 209/265/824
f 154/210/825 156/212/826 209/265/827 210/266/828
f 152/208/829 154/210/830 210/266/831 211/267/832
f 149/205/833 152/208/834 211/267/835 212/268/836
f 150/206/837 149/205/838 212/268/839 197/253/840
f 213/269/841 214/270/842 180/236/843 196/252/844
f 215/271/845 213/269/846 196/252/847 195/251/848
f 216/272/849 215/271/850 195/251/851 194/250/852
f 217/273/853 216/272/854 194/250/855 193/249/856
f 218/274/857 217/273/858 193/249/859 192/248/860
f 219/275/861 218/274/862 192/248/863 191/247/864
f 220/276/865 219/275/866 191/247/867 190/246/868
f 221/277/869 220/276/870 190/246/871 189/245/872
f 222/278/873 221/277/874 189/245/875 188/244/876
f 223/279/877 222/278/878 188/244/879 187/243/880
f 224/280/881 223/279/882 187/243/883 186/242/884
f 225/281/885 224/280/886 186/242/887 185/241/888
f 226/282/889 225/281/890 185/241/891 184/240/892
f 227/283/893 226/282/894 184/240/895 183/239/896
f 228/284/897 227/283/898 183/239/899 181/237/900
f 214/270/901 228/284/902 181/237/903 180/236/904
f 229/285/905 230/286/906 231/287/907 232/288/908
f 232/288/909 231/287/910 233/289/911 234/290/912 235/291/913
f 236/292/914 237/293/915 238/294/916 239/295/917
f 237/293/918 240/296/919 241/297/920 238/294/921
f 242/298/922 243/299/923 229/285/924 232/288/925
f 239/295/926 238/294/927 244/300/928 245/301/929
f 238/294/930 241/297/931 246/302/932 244/300/933
f 247/303/934 248/304/935 249/305/936 250/306/937 251/307/938
f 252/308/939 230/286/940 253/309/941 254/310/942
f 255/311/943 256/312/944 257/313/945 258/314/946
f 256/312/947 255/311/948 259/315/949 247/316/950
f 258/314/951 257/313/952 260/317/953 261/318/954
f 261/318/955 260/317/956 233/319/957 252/320/958
f 256/312/959 247/316/960 251/321/961 262/322/962
f 259/315/963 255/311/964 263/323/965 264/324/966
f 256/312/967 262/322/968 257/313/969
f 257/313/970 262/322/971 265/325/972 260/317/973
f 260/317/974 265/325/975 234/326/976 233/319/977
f 263/323/978 255/311/979 258/314/980
f 266/327/981 263/323/982 258/314/983 261/318/984
f 254/328/985 266/327/986 261/318/987 252/320/988
f 259/329/989 267/330/990 248/304/991 247/303/992
f 252/308/993 233/289/994 231/287/995 230/286/996
f 267/330/997 268/331/998 249/305/999 248/304/1000
f 269/332/1001 267/330/1002 259/329/1003 264/333/1004
f 229/285/1005 243/299/1006 239/295/1007 245/301/1008
f 244/300/1009 230/286/1010 229/285/1011 245/301/1012
f 253/309/1013 230/286/1014 244/300/1015 246/302/1016
f 270/334/1017 271/335/1018 272/336/1019 273/337/1020
f 271/335/1021 274/338/1022 275/339/1023 276/340/1024 272/336/1025
f 277/341/1026 278/342/1027 279/343/1028 280/344/1029
f 281/345/1030 282/346/1031 283/347/1032 284/348/1033
f 284/348/1034 283/347/1035 241/297/1036 240/296/1037
f 278/342/1038 271/335/1039 270/334/1040 279/343/1041
f 282/346/1042 285/349/1043 286/350/1044 283/347/1045
f 283/347/1046 286/350/1047 246/302/1048 241/297/1049
f 287/351/1050 254/310/1051 253/309/1052 273/337/1053
f 288/352/1054 289/353/1055 290/354/1056 291/355/1057
f 291/355/1058 292/356/1059 293/357/1060 288/352/1061
f 289/353/1062 294/358/1063 295/359/1064 290/354/1065
f 294/358/1066 287/360/1067 276/361/1068 295/359/1069
f 291/355/1070 296/362/1071 297/363/1072 292/356/1073
f 293/357/1074 264/324/1075 263/323/1076 288/352/1077
f 291/355/1078 290/354/1079 296/362/1080
f 290/354/1081 295/359/1082 298/364/1083 296/362/1084
f 295/359/1085 276/361/1086 275/365/1087 298/364/1088
f 263/323/1089 289/353/1090 288/352/1091
f 266/327/1092 294/358/1093 289/353/1094 263/323/1095
f 254/328/1096 287/360/1097 294/358/1098 266/327/1099
f 293/366/1100 292/367/1101 299/368/1102 300/369/1103
f 287/351/1104 273/337/1105 272/336/1106 276/340/1107
f 269/332/1108 264/333/1109 293/366/1110 300/369/1111
f 279/343/1112 282/346/1113 281/345/1114 280/344/1115
f 270/334/1116 285/349/1117 282/346/1118 279/343/1119
f 286/350/1120 285/349/1121 270/334/1122 273/337/1123
f 253/309/1124 246/302/1125 286/350/1126 273/337/1127
f 301/370/1128 302/371/1129 303/372/1130 304/373/1131 305/374/1132
f 305/374/1133 304/373/1134 306/375/1135 307/376/1136
f 307/376/1137 306/375/1138 308/377/1139 309/378/1140
f 292/367/1141 297/379/1142 308/377/1143 306/375/1144 299/368/1145
f 300/369/1146 299/368/1147 306/375/1148 304/373/1149
f 305/374/1150 280/380/1151 281/381/1152 301/370/1153
f 277/382/1154 307/376/1155 309/378/1156 310/383/1157
f 305/374/1158 307/376/1159 277/382/1160 280/380/1161
f 311/384/1162 312/385/1163 313/386/1164 314/387/1165
f 314/387/1166 313/386/1167 315/388/1168 316/389/1169
f 316/389/1170 315/388/1171 317/390/1172 318/391/1173
f 318/391/1174 317/390/1175 303/372/1176 302/371/1177
f 313/386/1178 312/385/1179 268/331/1180 267/330/1181
f 314/387/1182 237/392/1183 236/393/1184 311/384/1185
f 237/392/1186 314/387/1187 316/389/1188 240/394/1189
f 313/386/1190 267/330/1191 269/332/1192 315/388/1193
f 318/391/1194 302/371/1195 301/370/1196 281/381/1197 284/395/1198
f 284/395/1199 240/394/1200 316/389/1201 318/391/1202
f 317/390/1203 315/388/1204 269/332/1205 300/369/1206
f 304/373/1207 303/372/1208 317/390/1209 300/369/1210
f 235/291/1211 319/396/1212 242/298/1213 232/288/1214
f 310/397/1215 320/398/1216 278/342/1217 277/341/1218
f 320/398/1219 274/338/1220 271/335/1221 278/342/1222
f 321/399/1223 322/400/1224 323/401/1225 324/402/1226
f 322/400/1227 235/291/1228 234/290/1229 325/403/1230 323/401/1231
f 326/404/1232 327/405/1233 328/406/1234 329/407/1235
f 329/407/1236 328/406/1237 330/408/1238 331/409/1239
f 332/410/1240 322/400/1241 321/399/1242 333/411/1243
f 327/405/1244 334/412/1245 335/413/1246 328/406/1247
f 328/406/1248 335/413/1249 336/414/1250 330/408/1251
f 337/415/1252 251/307/1253 250/306/1254 338/416/1255 339/417/1256
f 340/418/1257 341/419/1258 342/420/1259 324/402/1260
f 343/421/1261 344/422/1262 345/423/1263 346/424/1264
f 346/424/1265 337/425/1266 347/426/1267 343/421/1268
f 344/422/1269 348/427/1270 349/428/1271 345/423/1272
f 348/427/1273 340/429/1274 325/430/1275 349/428/1276
f 346/424/1277 262/322/1278 251/321/1279 337/425/1280
f 347/426/1281 350/431/1282 351/432/1283 343/421/1284
f 346/424/1285 345/423/1286 262/322/1287
f 345/423/1288 349/428/1289 265/325/1290 262/322/1291
f 349/428/1292 325/430/1293 234/326/1294 265/325/1295
f 351/432/1296 344/422/1297 343/421/1298
f 352/433/1299 348/427/1300 344/422/1301 351/432/1302
f 341/434/1303 340/429/1304 348/427/1305 352/433/1306
f 347/435/1307 337/415/1308 339/417/1309 353/436/1310
f 340/418/1311 324/402/1312 323/401/1313 325/403/1314
f 353/436/1315 339/417/1316 338/416/1317 354/437/1318
f 355/438/1319 350/439/1320 347/435/1321 353/436/1322
f 321/399/1323 334/412/1324 327/405/1325 333/411/1326
f 335/413/1327 334/412/1328 321/399/1329 324/402/1330
f 342/420/1331 336/414/1332 335/413/1333 324/402/1334
f 356/440/1335 357/441/1336 358/442/1337 359/443/1338
f 359/443/1339 358/442/1340 360/444/1341 275/339/1342 274/338/1343
f 361/445/1344 362/446/1345 363/447/1346 364/448/1347
f 365/449/1348 366/450/1349 367/451/1350 368/452/1351
f 366/450/1352 331/409/1353 330/408/1354 367/451/1355
f 364/448/1356 363/447/1357 356/440/1358 359/443/1359
f 368/452/1360 367/451/1361 369/453/1362 370/454/1363
f 367/451/1364 330/408/1365 336/414/1366 369/453/1367
f 371/455/1368 357/441/1369 342/420/1370 341/419/1371
f 372/456/1372 373/457/1373 374/458/1374 375/459/1375
f 373/457/1376 372/456/1377 376/460/1378 377/461/1379
f 375/459/1380 374/458/1381 378/462/1382 379/463/1383
f 379/463/1384 378/462/1385 360/464/1386 371/465/1387
f 373/457/1388 377/461/1389 297/466/1390 296/467/1391
f 376/460/1392 372/456/1393 351/432/1394 350/431/1395
f 373/457/1396 296/467/1397 374/458/1398
f 374/458/1399 296/467/1400 298/468/1401 378/462/1402
f 378/462/1403 298/468/1404 275/469/1405 360/464/1406
f 351/432/1407 372/456/1408 375/459/1409
f 352/433/1410 351/432/1411 375/459/1412 379/463/1413
f 341/434/1414 352/433/1415 379/463/1416 371/465/1417
f 376/470/1418 380/471/1419 381/472/1420 377/473/1421
f 371/455/1422 360/444/1423 358/442/1424 357/441/1425
f 355/438/1426 380/471/1427 376/470/1428 350/439/1429
f 363/447/1430 362/446/1431 365/449/1432 368/452/1433
f 356/440/1434 363/447/1435 368/452/1436 370/454/1437
f 369/453/1438 357/441/1439 356/440/1440 370/454/1441
f 342/420/1442 357/441/1443 369/453/1444 336/414/1445
f 382/474/1446 383/475/1447 384/476/1448 385/477/1449 386/478/1450
f 383/475/1451 387/479/1452 388/480/1453 384/476/1454
f 387/479/1455 309/378/1456 308/377/1457 388/480/1458
f 377/473/1459 381/472/1460 388/480/1461 308/377/1462 297/379/1463
f 380/471/1464 384/476/1465 388/480/1466 381/472/1467
f 383/475/1468 382/474/1469 365/481/1470 362/482/1471
f 361/483/1472 310/383/1473 309/378/1474 387/479/1475
f 389/484/1476 390/485/1477 391/486/1478 392/487/1479
f 390/485/1480 393/488/1481 394/489/1482 391/486/1483
f 393/488/1484 395/490/1485 396/491/1486 394/489/1487
f 395/490/1488 386/478/1489 385/477/1490 396/491/1491
f 391/486/1492 353/436/1493 354/437/1494 392/487/1495
f 390/485/1496 389/484/1497 326/492/1498 329/493/1499
f 329/493/1500 331/494/1501 393/488/1502 390/485/1503
f 391/486/1504 394/489/1505 355/438/1506 353/436/1507
f 395/490/1508 366/495/1509 365/481/1510 382/474/1511 386/478/1512
f 366/495/1513 395/490/1514 393/488/1515 331/494/1516
f 396/491/1517 380/471/1518 355/438/1519 394/489/1520
f 384/476/1521 380/471/1522 396/491/1523 385/477/1524
f 235/291/1525 322/400/1526 332/410/1527 319/396/1528
f 310/397/1529 361/445/1530 364/448/1531 320/398/1532
f 320/398/1533 364/448/1534 359/443/1535 274/338/1536
f 311/384/1537 236/393/1538 397/496/1539 398/497/1540
f 250/306/1541 249/305/1542 399/498/1543 400/499/1544
f 236/500/1545 239/501/1546 401/502/1547 397/503/1548
f 239/501/1549 243/504/1550 402/505/1551 401/502/1552
f 242/506/1553 319/507/1554 403/508/1555 404/509/1556
f 249/305/1557 268/331/1558 405/510/1559 399/498/1560
f 243/504/1561 242/506/1562 404/509/1563 402/505/1564
f 268/331/1565 312/385/1566 406/511/1567 405/510/1568
f 312/385/1569 311/384/1570 398/497/1571 406/511/1572
f 332/512/1573 333/513/1574 407/514/1575 408/515/1576
f 327/516/1577 326/517/1578 409/518/1579 410/519/1580
f 392/487/1581 354/437/1582 411/520/1583 412/521/1584
f 338/416/1585 250/306/1586 400/499/1587 413/522/1588
f 354/437/1589 338/416/1590 413/522/1591 411/520/1592
f 333/513/1593 327/516/1594 410/519/1595 407/514/1596
f 326/492/1597 389/484/1598 414/523/1599 409/524/1600
f 389/484/1601 392/487/1602 412/521/1603 414/523/1604
f 319/507/1605 332/512/1606 408/515/1607 403/508/1608
f 398/497/1609 397/496/1610 415/525/1611 416/526/1612
f 400/499/1613 399/498/1614 417/527/1615 418/528/1616
f 397/503/1617 401/502/1618 419/529/1619 415/530/1620
f 401/502/1621 402/505/1622 420/531/1623 419/529/1624
f 404/509/1625 403/508/1626 421/532/1627 422/533/1628
f 399/498/1629 405/510/1630 423/534/1631 417/527/1632
f 402/505/1633 404/509/1634 422/533/1635 420/531/1636
f 405/510/1637 406/511/1638 424/535/1639 423/534/1640
f 406/511/1641 398/497/1642 416/526/1643 424/535/1644
f 408/515/1645 407/514/1646 425/536/1647 426/537/1648
f 410/519/1649 409/518/1650 427/538/1651 428/539/1652
f 412/521/1653 411/520/1654 429/540/1655 430/541/1656
f 413/522/1657 400/499/1658 418/528/1659 431/542/1660
f 411/520/1661 413/522/1662 431/542/1663 429/540/1664
f 407/514/1665 410/519/1666 428/539/1667 425/536/1668
f 409/524/1669 414/523/1670 432/543/1671 427/544/1672
f 414/523/1673 412/521/1674 430/541/1675 432/543/1676
f 403/508/1677 408/515/1678 426/537/1679 421/532/1680
f 430/541/1681 428/545/1682 427/544/1683 432/543/1684
f 416/526/1685 415/525/1686 419/546/1687 424/535/1688
f 424/535/1689 419/546/1690 420/547/1691 423/534/1692
f 423/534/1693 420/547/1694 422/548/1695 417/527/1696
f 417/527/1697 422/548/1698 421/549/1699 418/528/1700
f 418/528/1701 421/549/1702 426/550/1703 431/542/1704
f 431/542/1705 426/550/1706 425/551/1707 429/540/1708
f 429/540/1709 425/551/1710 428/545/1711 430/541/1712
f 361/483/1713 387/479/1714 383/475/1715 362/482/1716
f 433/552/1717 434/553/1718 435/554/1719 436/555/1720
f 437/556/1721 438/557/1722 439/558/1723 440/559/1724
f 441/560/1725 442/561/1726 443/562/1727 444/563/1728
f 445/564/1729 446/565/1730 447/566/1731 448/567/1732
f 449/568/1733 450/569/1734 451/570/1735 452/571/1736
f 453/572/1737 454/573/1738 455/574/1739 456/575/1740
f 457/576/1741 458/577/1742 459/578/1743 460/579/1744
f 461/580/1745 462/581/1746 463/582/1747 464/583/1748
f 465/584/1749 466/585/1750 467/586/1751 468/587/1752
f 469/588/1753 470/589/1754 471/590/1755 472/591/1756
f 473/592/1757 474/593/1758 475/594/1759 476/595/1760
f 477/596/1761 478/597/1762 479/598/1763 480/599/1764
f 481/600/1765 482/601/1766 483/602/1767 484/603/1768
f 485/604/1769 486/605/1770 487/606/1771 488/607/1772
f 489/608/1773 490/609/1774 491/610/1775 492/611/1776
f 493/612/1777 494/613/1778 495/614/1779 496/615/1780
f 437/616/1781 494/617/1782 497/618/1783
f 438/619/1784 437/616/1785 497/618/1786
f 445/620/1787 438/619/1788 497/618/1789
f 446/621/1790 445/620/1791 497/618/1792
f 453/622/1793 446/621/1794 497/618/1795
f 454/623/1796 453/622/1797 497/618/1798
f 461/624/1799 454/623/1800 497/618/1801
f 462/625/1802 461/624/1803 497/618/1804
f 469/626/1805 462/625/1806 497/618/1807
f 470/627/1808 469/626/1809 497/618/1810
f 477/628/1811 470/627/1812 497/618/1813
f 478/629/1814 477/628/1815 497/618/1816
f 485/630/1817 478/629/1818 497/618/1819
f 486/631/1820 485/630/1821 497/618/1822
f 493/632/1823 486/631/1824 497/618/1825
f 494/617/1826 493/632/1827 497/618/1828
f 495/614/1829 440/559/1830 498/633/1831
f 440/559/1832 439/558/1833 498/633/1834
f 439/558/1835 448/567/1836 498/633/1837
f 448/567/1838 447/566/1839 498/633/1840
f 447/566/1841 456/575/1842 498/633/1843
f 456/575/1844 455/574/1845 498/633/1846
f 455/574/1847 464/583/1848 498/633/1849
f 464/583/1850 463/582/1851 498/633/1852
f 463/582/1853 472/591/1854 498/633/1855
f 472/591/1856 471/590/1857 498/633/1858
f 471/590/1859 480/599/1860 498/633/1861
f 480/599/1862 479/598/1863 498/633/1864
f 479/598/1865 488/607/1866 498/633/1867
f 488/607/1868 487/606/1869 498/633/1870
f 487/606/1871 496/615/1872 498/633/1873
f 496/615/1874 495/614/1875 498/633/1876
f 494/617/1877 437/616/1878 499/634/1879 500/635/1880
f 437/556/1881 440/559/1882 501/636/1883 499/637/1884
f 440/559/1885 495/614/1886 502/638/1887 501/636/1888
f 495/614/1889 494/613/1890 500/639/1891 502/638/1892
f 438/619/1893 445/620/1894 503/640/1895 504/641/1896
f 445/564/1897 448/567/1898 505/642/1899 503/643/1900
f 448/567/1901 439/558/1902 506/644/1903 505/642/1904
f 439/558/1905 438/557/1906 504/645/1907 506/644/1908
f 446/621/1909 453/622/1910 507/646/1911 508/647/1912
f 453/572/1913 456/575/1914 509/648/1915 507/649/1916
f 456/575/1917 447/566/1918 510/650/1919 509/648/1920
f 447/566/1921 446/565/1922 508/651/1923 510/650/1924
f 454/623/1925 461/624/1926 511/652/1927 512/653/1928
f 461/580/1929 464/583/1930 513/654/1931 511/655/1932
f 464/583/1933 455/574/1934 514/656/1935 513/654/1936
f 455/574/1937 454/573/1938 512/657/1939 514/656/1940
f 462/625/1941 469/626/1942 515/658/1943 516/659/1944
f 469/588/1945 472/591/1946 517/660/1947 515/661/1948
f 472/591/1949 463/582/1950 518/662/1951 517/660/1952
f 463/582/1953 462/581/1954 516/663/1955 518/662/1956
f 470/627/1957 477/628/1958 519/664/1959 520/665/1960
f 477/596/1961 480/599/1962 521/666/1963 519/667/1964
f 480/599/1965 471/590/1966 522/668/1967 521/666/1968
f 471/590/1969 470/589/1970 520/669/1971 522/668/1972
f 478/629/1973 485/630/1974 523/670/1975 524/671/1976
f 485/604/1977 488/607/1978 525/672/1979 523/673/1980
f 488/607/1981 479/598/1982 526/674/1983 525/672/1984
f 479/598/1985 478/597/1986 524/675/1987 526/674/1988
f 486/631/1989 493/632/1990 527/676/1991 528/677/1992
f 493/612/1993 496/615/1994 529/678/1995 527/679/1996
f 496/615/1997 487/606/1998 530/680/1999 529/678/2000
f 487/606/2001 486/605/2002 528/681/2003 530/680/2004
f 500/635/2005 499/634/2006 434/682/2007 433/683/2008
f 499/637/2009 501/636/2010 435/554/2011 434/553/2012
f 501/636/2013 502/638/2014 436/555/2015 435/554/2016
f 502/638/2017 500/639/2018 433/552/2019 436/555/2020
f 504/641/2021 503/640/2022 442/684/2023 441/685/2024
f 503/643/2025 505/642/2026 443/562/2027 442/561/2028
f 505/642/2029 506/644/2030 444/563/2031 443/562/2032
f 506/644/2033 504/645/2034 441/560/2035 444/563/2036
f 508/647/2037 507/646/2038 450/686/2039 449/687/2040
f 507/649/2041 509/648/2042 451/570/2043 450/569/2044
f 509/648/2045 510/650/2046 452/571/2047 451/570/2048
f 510/650/2049 508/651/2050 449/568/2051 452/571/2052
f 512/653/2053 511/652/2054 458/688/2055 457/689/2056
f 511/655/2057 513/654/2058 459/578/2059 458/577/2060
f 513/654/2061 514/656/2062 460/579/2063 459/578/2064
f 514/656/2065 512/657/2066 457/576/2067 460/579/2068
f 516/659/2069 515/658/2070 466/690/2071 465/691/2072
f 515/661/2073 517/660/2074 467/586/2075 466/585/2076
f 517/660/2077 518/662/2078 468/587/2079 467/586/2080
f 518/662/2081 516/663/2082 465/584/2083 468/587/2084
f 520/665/2085 519/664/2086 474/692/2087 473/693/2088
f 519/667/2089 521/666/2090 475/594/2091 474/593/2092
f 521/666/2093 522/668/2094 476/595/2095 475/594/2096
f 522/668/2097 520/669/2098 473/592/2099 476/595/2100
f 524/671/2101 523/670/2102 482/694/2103 481/695/2104
f 523/673/2105 525/672/2106 483/602/2107 482/601/2108
f 525/672/2109 526/674/2110 484/603/2111 483/602/2112
f 526/674/2113 524/675/2114 481/600/2115 484/603/2116
f 528/681/2117 527/679/2118 490/609/2119 489/608/2120
f 527/679/2121 529/678/2122 491/610/2123 490/609/2124
f 529/678/2125 530/680/2126 492/611/2127 491/610/2128
f 530/680/2129 528/681/2130 489/608/2131 492/611/2132
f 531/696/2133 532/697/2134 533/698/2135 534/699/2136
f 532/697/2137 535/700/2138 536/701/2139 533/698/2140
f 535/700/2141 537/702/2142 538/703/2143 536/701/2144
f 537/702/2145 539/704/2146 540/705/2147 538/703/2148
f 539/704/2149 541/706/2150 542/707/2151 540/705/2152
f 541/706/2153 543/708/2154 544/709/2155 542/707/2156
f 544/709/2157 543/708/2158 545/710/2159 546/711/2160
f 545/710/2161 547/712/2162 548/713/2163 546/711/2164
f 547/714/2165 549/715/2166 550/716/2167 548/717/2168
f 549/715/2169 551/718/2170 552/719/2171 550/716/2172
f 551/718/2173 553/720/2174 554/721/2175 552/719/2176
f 553/720/2177 555/722/2178 556/723/2179 554/721/2180
f 555/722/2181 557/724/2182 558/725/2183 556/723/2184
f 558/725/2185 557/724/2186 531/696/2187 534/699/2188
f 559/726/2189 560/727/2190 561/728/2191 562/729/2192
f 560/727/2193 559/726/2194 563/730/2195 564/731/2196
f 564/731/2197 563/730/2198 565/732/2199 566/733/2200
f 566/733/2201 565/732/2202 567/734/2203 568/735/2204
f 568/735/2205 567/734/2206 569/736/2207 570/737/2208
f 570/737/2209 569/736/2210 571/738/2211 572/739/2212
f 572/739/2213 571/738/2214 573/740/2215 574/741/2216
f 575/742/2217 576/743/2218 574/741/2219 573/740/2220
f 576/743/2221 575/742/2222 577/744/2223 578/745/2224
f 578/746/2225 577/747/2226 579/748/2227 580/749/2228
f 580/749/2229 579/748/2230 581/750/2231 582/751/2232
f 582/751/2233 581/750/2234 583/752/2235 584/753/2236
f 584/753/2237 583/752/2238 585/754/2239 586/755/2240
f 586/755/2241 585/754/2242 562/729/2243 561/728/2244
f 558/756/2245 534/757/2246 559/726/2247 562/729/2248
f 560/727/2249 564/731/2250 532/697/2251 531/696/2252
f 563/730/2253 559/726/2254 534/757/2255 533/758/2256
f 564/731/2257 566/733/2258 535/700/2259 532/697/2260
f 565/732/2261 563/730/2262 533/758/2263 536/759/2264
f 566/733/2265 568/735/2266 537/702/2267 535/700/2268
f 567/734/2269 565/732/2270 536/759/2271 538/760/2272
f 568/735/2273 570/737/2274 539/704/2275 537/702/2276
f 569/736/2277 567/734/2278 538/760/2279 540/761/2280
f 570/737/2281 572/739/2282 541/706/2283 539/704/2284
f 571/738/2285 569/736/2286 540/761/2287 542/762/2288
f 572/739/2289 574/741/2290 543/708/2291 541/706/2292
f 573/740/2293 571/738/2294 542/762/2295 544/763/2296
f 543/708/2297 574/741/2298 576/743/2299 545/710/2300
f 544/763/2301 546/764/2302 575/742/2303 573/740/2304
f 576/743/2305 578/745/2306 547/712/2307 545/710/2308
f 577/744/2309 575/742/2310 546/764/2311 548/765/2312
f 578/746/2313 580/749/2314 549/715/2315 547/714/2316
f 579/748/2317 577/747/2318 548/766/2319 550/767/2320
f 580/749/2321 582/751/2322 551/718/2323 549/715/2324
f 581/750/2325 579/748/2326 550/767/2327 552/768/2328
f 582/751/2329 584/753/2330 553/720/2331 551/718/2332
f 583/752/2333 581/750/2334 552/768/2335 554/769/2336
f 584/753/2337 586/755/2338 555/722/2339 553/720/2340
f 585/754/2341 583/752/2342 554/769/2343 556/770/2344
f 586/755/2345 561/728/2346 557/724/2347 555/722/2348
f 562/729/2349 585/754/2350 556/770/2351 558/756/2352
f 557/724/2353 561/728/2354 560/727/2355 531/696/2356
f 587/771/2357 588/772/2358 589/773/2359 590/774/2360
f 590/774/2361 589/773/2362 591/775/2363 592/776/2364
f 593/777/2365 594/778/2366 595/779/2367 596/780/2368
f 597/781/2369 598/782/2370 588/772/2371 587/771/2372
f 588/772/2373 598/782/2374 591/775/2375 589/773/2376
f 592/776/2377 597/781/2378 587/771/2379 590/774/2380
f 596/780/2381 597/783/2382 592/784/2383 593/777/2384
f 596/780/2385 595/779/2386 598/785/2387 597/783/2388
f 591/786/2389 598/785/2390 595/779/2391 594/778/2392
f 592/784/2393 591/786/2394 594/778/2395 593/777/2396
f 198/787/2397 197/788/2398 214/270/2399 213/269/2400
f 199/789/2401 198/787/2402 213/269/2403 215/271/2404
f 200/790/2405 199/789/2406 215/271/2407 216/272/2408
f 201/791/2409 200/790/2410 216/272/2411 217/273/2412
f 202/792/2413 201/791/2414 217/273/2415 218/274/2416
f 203/793/2417 202/792/2418 218/274/2419 219/275/2420
f 204/794/2421 203/793/2422 219/275/2423 220/276/2424
f 205/795/2425 204/794/2426 220/276/2427 221/277/2428
f 206/796/2429 205/795/2430 221/277/2431 222/278/2432
f 207/797/2433 206/796/2434 222/278/2435 223/279/2436
f 208/798/2437 207/797/2438 223/279/2439 224/280/2440
f 209/799/2441 208/798/2442 224/280/2443 225/281/2444
f 210/800/2445 209/799/2446 225/281/2447 226/282/2448
f 211/801/2449 210/800/2450 226/282/2451 227/283/2452
f 212/802/2453 211/801/2454 227/283/2455 228/284/2456
f 197/788/2457 212/802/2458 228/284/2459 214/270/2460
f 599/803/2461 601/804/2462 617/805/2463 619/806/2464
f 600/807/2465 599/803/2466 604/808/2467 603/809/2468
f 601/810/2469 600/811/2470 606/812/2471 605/813/2472
f 602/814/2473 604/808/2474 620/815/2475 622/816/2476
f 603/817/2477 602/818/2478 610/819/2479 609/820/2480
f 605/813/2481 607/821/2482 612/822/2483 611/823/2484
f 607/821/2485 606/812/2486 609/820/2487 608/824/2488
f 608/824/2489 610/819/2490 616/825/2491 615/826/2492
f 611/823/2493 613/827/2494 618/828/2495 617/829/2496
f 613/827/2497 612/822/2498 615/826/2499 614/830/2500
f 614/830/2501 616/825/2502 622/831/2503 621/832/2504
f 619/806/2505 618/833/2506 621/834/2507 620/815/2508
f 600/811/2509 603/817/2510 609/820/2511 606/812/2512
f 607/821/2513 608/824/2514 615/826/2515 612/822/2516
f 613/827/2517 614/830/2518 621/832/2519 618/828/2520
f 619/806/2521 620/815/2522 604/808/2523 599/803/2524
f 602/818/2525 622/831/2526 616/825/2527 610/819/2528
f 617/829/2529 601/810/2530 605/813/2531 611/823/2532
f 599/803/2533 600/807/2534 601/804/2535
f 602/814/2536 603/809/2537 604/808/2538
f 605/813/2539 606/812/2540 607/821/2541
f 608/824/2542 609/820/2543 610/819/2544
f 611/823/2545 612/822/2546 613/827/2547
f 614/830/2548 615/826/2549 616/825/2550
f 617/805/2551 618/833/2552 619/806/2553
f 620/815/2554 621/834/2555 622/816/2556
f 623/835/2557 624/836/2558 626/837/2559 625/838/2560
f 625/838/2561 626/837/2562 634/839/2563 631/840/2564
f 627/841/2565 628/842/2566 630/843/2567 629/844/2568
f 632/845/2569 633/846/2570 624/836/2571 623/835/2572
f 624/836/2573 633/846/2574 634/839/2575 626/837/2576
f 631/840/2577 632/845/2578 623/835/2579 625/838/2580
f 629/844/2581 632/847/2582 631/848/2583 627/841/2584
f 629/844/2585 630/843/2586 633/849/2587 632/847/2588
f 634/850/2589 633/849/2590 630/843/2591 628/842/2592
f 631/848/2593 634/850/2594 628/842/2595 627/841/2596
f 635/851/2597 636/852/2598 638/853/2599 637/854/2600
f 637/855/2601 638/853/2602 640/856/2603 639/857/2604
f 639/858/2605 640/856/2606 642/859/2607 641/860/2608
f 641/861/2609 642/859/2610 636/852/2611 635/862/2612
f 636/852/2613 642/859/2614 640/856/2615 638/853/2616
f 641/861/2617 635/862/2618 637/863/2619 639/864/2620
f 643/865/2621 644/866/2622 646/867/2623 645/868/2624
f 645/869/2625 646/870/2626 648/871/2627 647/872/2628
f 647/873/2629 648/874/2630 650/875/2631 649/876/2632
f 649/876/2633 650/875/2634 644/866/2635 643/865/2636
f 644/866/2637 650/875/2638 648/871/2639 646/870/2640
f 649/876/2641 643/865/2642 645/877/2643 647/878/2644
f 651/879/2645 652/880/2646 654/881/2647 653/882/2648
f 653/882/2649 654/881/2650 662/883/2651 659/884/2652
f 655/885/2653 656/886/2654 658/887/2655 657/888/2656
f 660/889/2657 661/890/2658 652/880/2659 651/879/2660
f 652/880/2661 661/890/2662 662/883/2663 654/881/2664
f 659/884/2665 660/889/2666 651/879/2667 653/882/2668
f 657/888/2669 660/891/2670 659/892/2671 655/885/2672
f 657/888/2673 658/887/2674 661/893/2675 660/891/2676
f 662/894/2677 661/893/2678 658/887/2679 656/886/2680
f 659/892/2681 662/894/2682 656/886/2683 655/885/2684
f 663/895/2685 672/896/2686 671/897/2687
f 671/897/2688 672/896/2689 670/898/2690
f 670/898/2691 672/896/2692 669/899/2693
f 669/899/2694 672/896/2695 668/900/2696
f 672/896/2697 673/901/2698 668/900/2699
f 668/900/2700 673/901/2701 667/902/2702
f 673/901/2703 674/903/2704 667/902/2705
f 667/902/2706 674/903/2707 666/904/2708
f 666/904/2709 674/903/2710 665/905/2711
f 671/897/2712 664/906/2713 663/895/2714
f 663/895/2715 664/906/2716 674/903/2717
f 664/906/2718 665/905/2719 674/903/2720
f 675/907/2721 680/908/2722 677/909/2723
f 680/908/2724 681/910/2725 677/909/2726
f 681/910/2727 682/911/2728 677/909/2729
f 682/911/2730 683/912/2731 677/909/2732
f 677/909/2733 683/912/2734 678/913/2735
f 683/912/2736 684/914/2737 678/913/2738
f 678/913/2739 684/914/2740 676/915/2741
f 684/914/2742 685/916/2743 676/915/2744
f 685/916/2745 686/917/2746 676/915/2747
f 680/908/2748 675/907/2749 679/918/2750
f 675/907/2751 676/915/2752 679/918/2753
f 686/917/2754 679/918/2755 676/915/2756
f 663/919/2757 674/920/2758 676/915/2759 675/907/2760
f 663/919/2761 675/907/2762 677/909/2763 672/921/2764
f 672/921/2765 677/909/2766 678/913/2767 673/922/2768
f 673/922/2769 678/913/2770 676/915/2771 674/920/2772
f 666/923/2773 685/916/2774 684/914/2775 667/924/2776
f 665/925/2777 686/917/2778 685/916/2779 666/923/2780
f 667/924/2781 684/914/2782 683/912/2783 668/926/2784
f 664/927/2785 679/918/2786 686/917/2787 665/925/2788
f 668/926/2789 683/912/2790 682/911/2791 669/928/2792
f 664/927/2793 671/929/2794 680/908/2795 679/918/2796
f 669/928/2797 682/911/2798 681/910/2799 670/930/2800
f 670/930/2801 681/910/2802 680/908/2803 671/929/2804
