# This file uses centimeters as units for non-parametric coordinates.

mtllib Dwarf_low.mtl
g default
v -0.346189 1.811334 0.111852
v -0.313745 1.827198 0.126956
v -0.332529 1.793809 0.172666
v -0.294249 1.797288 0.224768
v -0.301497 1.808080 0.189142
v -0.241606 1.820841 0.254197
v -0.247224 1.833244 0.217495
v -0.259473 1.852363 0.155310
v -0.188706 1.858156 0.253068
v -0.199550 1.866873 0.216478
v -0.149723 1.899234 0.221683
v -0.135103 1.933068 0.168452
v -0.158472 1.908966 0.186090
v -0.148763 1.950594 0.107639
v -0.174143 1.925669 0.123977
v -0.215221 1.883577 0.154365
v -0.187043 1.947114 0.055537
v -0.208643 1.922533 0.077022
v -0.239686 1.923562 0.026107
v -0.292586 1.886247 0.027237
v -0.261969 1.899558 0.045224
v -0.331568 1.845169 0.058621
v -0.300569 1.857691 0.078984
v -0.247243 1.880666 0.110781
v -0.349901 1.871514 0.070331
v -0.364521 1.837679 0.123562
v -0.350861 1.820153 0.184375
v -0.312581 1.823633 0.236478
v -0.259939 1.847185 0.265907
v -0.207039 1.884500 0.264778
v -0.168056 1.925578 0.233393
v -0.153436 1.959413 0.180162
v -0.167096 1.976938 0.119348
v -0.205376 1.973459 0.067246
v -0.258019 1.949906 0.037818
v -0.310918 1.912591 0.038947
v -0.376635 1.863565 0.046359
v -0.395553 1.819782 0.115241
v -0.377877 1.797104 0.193935
v -0.328342 1.801607 0.261356
v -0.260221 1.832084 0.299438
v -0.191767 1.880370 0.297977
v -0.141323 1.933526 0.257365
v -0.122404 1.977309 0.188483
v -0.140080 1.999988 0.109789
v -0.189615 1.995485 0.042368
v -0.257736 1.965008 0.004286
v -0.326190 1.916721 0.005747
v -0.318011 1.779323 0.008914
v -0.336930 1.735540 0.077796
v -0.319253 1.712862 0.156490
v -0.269719 1.717364 0.223911
v -0.201598 1.747842 0.261993
v -0.133143 1.796128 0.260532
v -0.082699 1.849284 0.219920
v -0.063781 1.893067 0.151038
v -0.081457 1.915746 0.072344
v -0.130992 1.911243 0.004923
v -0.199113 1.880766 -0.033160
v -0.267566 1.832480 -0.031699
v -0.331521 1.798737 0.017543
v -0.350440 1.754954 0.086425
v -0.332763 1.732276 0.165119
v -0.283229 1.736778 0.232540
v -0.215108 1.767256 0.270623
v -0.146654 1.815542 0.269162
v -0.096209 1.868698 0.228549
v -0.083166 1.920924 0.163420
v -0.094967 1.935160 0.080973
v -0.144502 1.930657 0.013552
v -0.212623 1.900180 -0.024530
v -0.281076 1.851893 -0.023069
v -0.088277 1.887055 0.199669
v -0.074767 1.867641 0.191039
v -0.089028 1.927540 0.107412
v -0.075518 1.908126 0.098783
v -0.060383 1.902792 0.202236
v -0.060753 1.933427 0.161743
v -0.051612 1.881366 0.196536
v -0.053381 1.913241 0.154569
v -0.056471 1.938210 0.111265
v -0.055817 1.915726 0.104865
v -0.000396 1.944865 0.112242
v -0.000396 1.937867 0.165369
v -0.000396 1.909111 0.201093
v -0.000396 1.890542 0.188720
v -0.000396 1.913874 0.154784
v -0.000396 1.926600 0.108301
v 0.345396 1.811334 0.111852
v 0.312953 1.827198 0.126956
v 0.331736 1.793809 0.172666
v 0.293456 1.797288 0.224767
v 0.300704 1.808080 0.189142
v 0.240813 1.820841 0.254197
v 0.246432 1.833244 0.217495
v 0.258681 1.852363 0.155310
v 0.187913 1.858156 0.253068
v 0.198758 1.866873 0.216478
v 0.148931 1.899234 0.221683
v 0.134311 1.933068 0.168452
v 0.157680 1.908966 0.186090
v 0.147971 1.950594 0.107639
v 0.173351 1.925669 0.123977
v 0.214429 1.883577 0.154365
v 0.186250 1.947114 0.055537
v 0.207850 1.922533 0.077022
v 0.238894 1.923562 0.026107
v 0.291793 1.886248 0.027237
v 0.261176 1.899558 0.045224
v 0.330776 1.845169 0.058621
v 0.299777 1.857691 0.078984
v 0.246451 1.880666 0.110781
v 0.349109 1.871514 0.070331
v 0.363729 1.837679 0.123562
v 0.350069 1.820153 0.184375
v 0.311789 1.823633 0.236477
v 0.259146 1.847185 0.265907
v 0.206246 1.884500 0.264778
v 0.167264 1.925578 0.233393
v 0.152643 1.959413 0.180162
v 0.166303 1.976938 0.119348
v 0.204583 1.973459 0.067246
v 0.257226 1.949906 0.037818
v 0.310126 1.912592 0.038947
v 0.375842 1.863566 0.046359
v 0.394761 1.819782 0.115241
v 0.377084 1.797104 0.193935
v 0.327549 1.801607 0.261356
v 0.259429 1.832084 0.299438
v 0.190974 1.880370 0.297977
v 0.140530 1.933526 0.257365
v 0.121612 1.977309 0.188483
v 0.139288 1.999988 0.109789
v 0.188823 1.995485 0.042368
v 0.256944 1.965008 0.004286
v 0.325397 1.916721 0.005747
v 0.317219 1.779324 0.008914
v 0.336138 1.735541 0.077796
v 0.318461 1.712862 0.156490
v 0.268926 1.717364 0.223911
v 0.200805 1.747842 0.261993
v 0.132351 1.796128 0.260532
v 0.081907 1.849284 0.219920
v 0.062989 1.893067 0.151038
v 0.080665 1.915746 0.072344
v 0.130199 1.911243 0.004923
v 0.198320 1.880766 -0.033160
v 0.266774 1.832480 -0.031699
v 0.330729 1.798737 0.017543
v 0.349647 1.754954 0.086425
v 0.331971 1.732276 0.165119
v 0.282436 1.736778 0.232540
v 0.214315 1.767256 0.270622
v 0.145861 1.815542 0.269162
v 0.095417 1.868698 0.228549
v 0.082374 1.920924 0.163420
v 0.094175 1.935160 0.080973
v 0.143709 1.930657 0.013552
v 0.211830 1.900180 -0.024530
v 0.280284 1.851893 -0.023069
v 0.087485 1.887055 0.199669
v 0.073975 1.867641 0.191039
v 0.088236 1.927540 0.107412
v 0.074726 1.908126 0.098783
v 0.059591 1.902792 0.202236
v 0.059960 1.933427 0.161743
v 0.050820 1.881366 0.196536
v 0.052588 1.913241 0.154569
v 0.055678 1.938210 0.111265
v 0.055025 1.915726 0.104865
vt 0.874863 0.543256
vt 0.869435 0.533852
vt 0.880294 0.528034
vt 0.885333 0.536764
vt 0.868872 0.547401
vt 0.862849 0.536965
vt 0.862851 0.524917
vt 0.869047 0.521538
vt 0.868877 0.514483
vt 0.879313 0.508461
vt 0.879907 0.515721
vt 0.891362 0.508462
vt 0.890765 0.515723
vt 0.890373 0.528036
vt 0.901795 0.514488
vt 0.901623 0.521543
vt 0.901231 0.533857
vt 0.907817 0.524924
vt 0.907816 0.536972
vt 0.901790 0.547406
vt 0.895800 0.543260
vt 0.891354 0.553429
vt 0.885331 0.549752
vt 0.879305 0.553427
vt 0.916958 0.713006
vt 0.907072 0.715432
vt 0.904464 0.710832
vt 0.916955 0.707704
vt 0.926815 0.715956
vt 0.929372 0.711261
vt 0.936725 0.733139
vt 0.934059 0.723173
vt 0.938512 0.720379
vt 0.941969 0.732952
vt 0.934067 0.743234
vt 0.938715 0.745725
vt 0.926695 0.750718
vt 0.929441 0.755209
vt 0.906485 0.750520
vt 0.916563 0.753479
vt 0.916607 0.758923
vt 0.903688 0.755111
vt 0.899339 0.742759
vt 0.894689 0.745180
vt 0.896905 0.732530
vt 0.891653 0.732346
vt 0.899743 0.722558
vt 0.895221 0.719835
vt 0.901569 0.705540
vt 0.917006 0.701665
vt 0.932345 0.705982
vt 0.943638 0.717248
vt 0.947951 0.732759
vt 0.944009 0.748583
vt 0.932571 0.760310
vt 0.916659 0.765277
vt 0.900339 0.760334
vt 0.889302 0.747743
vt 0.885664 0.731969
vt 0.890127 0.716615
vt 0.894501 0.693674
vt 0.916576 0.687846
vt 0.938658 0.693660
vt 0.955073 0.709530
vt 0.961645 0.731470
vt 0.956678 0.753944
vt 0.941547 0.771563
vt 0.898255 0.775046
vt 0.891695 0.770341
vt 0.876942 0.753420
vt 0.871901 0.731414
vt 0.878221 0.709616
vt 0.932789 0.776774
vt 0.479658 0.109140
vt 0.487465 0.095649
vt 0.537877 0.124795
vt 0.530085 0.138300
vt 0.516574 0.087880
vt 0.530079 0.095687
vt 0.537876 0.109198
vt 0.500977 0.087867
vt 0.525549 0.140918
vt 0.516371 0.145926
vt 0.479645 0.124722
vt 0.500896 0.146027
vt 0.487448 0.138261
vt 0.507391 0.146007
vt 0.892109 0.689540
vt 0.916506 0.683068
vt 0.940916 0.689447
vt 0.959077 0.706922
vt 0.966408 0.731075
vt 0.961117 0.755768
vt 0.945267 0.774850
vt 0.893415 0.778043
vt 0.887881 0.773387
vt 0.872570 0.755288
vt 0.867131 0.731191
vt 0.874122 0.707162
vt 0.937357 0.780187
vt 0.916363 0.776372
vt 0.822539 0.782697
vt 0.820738 0.773571
vt 0.826522 0.774358
vt 0.827227 0.783444
vt 0.821869 0.769204
vt 0.827172 0.769989
vt 0.824734 0.761154
vt 0.828799 0.760793
vt 0.823340 0.798077
vt 0.821580 0.793608
vt 0.827864 0.792836
vt 0.827367 0.797127
vt 0.823595 0.750736
vt 0.827563 0.751783
vt 0.838096 0.792624
vt 0.838097 0.782652
vt 0.838098 0.773767
vt 0.838099 0.769530
vt 0.838100 0.761268
vt 0.838101 0.751975
vt 0.838095 0.796115
vt 0.933412 0.533857
vt 0.944269 0.528036
vt 0.949310 0.536764
vt 0.938842 0.543260
vt 0.926827 0.536973
vt 0.932853 0.547406
vt 0.949312 0.549752
vt 0.943288 0.553429
vt 0.959780 0.543256
vt 0.965771 0.547401
vt 0.955337 0.553427
vt 0.965208 0.533852
vt 0.971793 0.536965
vt 0.954348 0.528034
vt 0.965595 0.521538
vt 0.971791 0.524917
vt 0.954736 0.515721
vt 0.955330 0.508461
vt 0.965765 0.514483
vt 0.943877 0.515723
vt 0.943281 0.508462
vt 0.933020 0.521543
vt 0.932848 0.514488
vt 0.926825 0.524924
vt 0.916158 0.599202
vt 0.916294 0.593877
vt 0.928705 0.597227
vt 0.926032 0.601852
vt 0.906284 0.601771
vt 0.903818 0.597102
vt 0.896241 0.619002
vt 0.891000 0.618792
vt 0.894557 0.606181
vt 0.898992 0.608986
vt 0.898820 0.629187
vt 0.894165 0.631634
vt 0.906134 0.636756
vt 0.903359 0.641200
vt 0.926387 0.636651
vt 0.929121 0.641302
vt 0.916151 0.645006
vt 0.916250 0.639571
vt 0.933656 0.628953
vt 0.938261 0.631469
vt 0.936150 0.618853
vt 0.941399 0.618698
vt 0.933335 0.609004
vt 0.937871 0.606248
vt 0.916348 0.587823
vt 0.931676 0.591935
vt 0.900934 0.591818
vt 0.885021 0.618553
vt 0.889471 0.603008
vt 0.888852 0.634449
vt 0.900195 0.646270
vt 0.932415 0.646568
vt 0.916044 0.651356
vt 0.943611 0.634095
vt 0.947383 0.618367
vt 0.942997 0.603046
vt 0.916988 0.573996
vt 0.938912 0.580106
vt 0.894823 0.579451
vt 0.871349 0.617137
vt 0.878157 0.595169
vt 0.876146 0.639714
vt 0.891152 0.657459
vt 0.940990 0.656653
vt 0.934387 0.661294
vt 0.955908 0.639880
vt 0.961143 0.617931
vt 0.954994 0.596135
vt 0.899870 0.662736
vt 0.530108 0.070573
vt 0.480305 0.040382
vt 0.488395 0.027056
vt 0.538183 0.057239
vt 0.530998 0.027981
vt 0.538509 0.041649
vt 0.502066 0.019556
vt 0.517659 0.019895
vt 0.516452 0.078081
vt 0.480199 0.056065
vt 0.480192 0.045618
vt 0.487543 0.069691
vt 0.484411 0.063974
vt 0.500859 0.077756
vt 0.917139 0.569219
vt 0.941361 0.575999
vt 0.892639 0.575203
vt 0.874190 0.592510
vt 0.866591 0.616699
vt 0.871696 0.641510
vt 0.887415 0.660726
vt 0.944781 0.659730
vt 0.939207 0.664335
vt 0.960265 0.641782
vt 0.965914 0.617747
vt 0.959117 0.593718
vt 0.895290 0.666118
vt 0.916282 0.662462
vt 0.853656 0.782701
vt 0.848967 0.783447
vt 0.849674 0.774361
vt 0.855459 0.773575
vt 0.849025 0.769991
vt 0.854329 0.769208
vt 0.847401 0.760795
vt 0.851466 0.761157
vt 0.852850 0.798081
vt 0.848824 0.797130
vt 0.848328 0.792839
vt 0.854612 0.793613
vt 0.848639 0.751786
vt 0.852607 0.750740
vn -0.536602 0.771093 0.342744
vn -0.536600 0.771093 0.342747
vn -0.536598 0.771091 0.342755
vn -0.536594 0.771097 0.342747
vn -0.536602 0.771092 0.342748
vn -0.536604 0.771091 0.342748
vn -0.536604 0.771091 0.342748
vn -0.536604 0.771091 0.342748
vn -0.536600 0.771091 0.342752
vn -0.536595 0.771097 0.342747
vn -0.536600 0.771094 0.342745
vn -0.536598 0.771093 0.342750
vn -0.536598 0.771093 0.342750
vn -0.536600 0.771094 0.342745
vn -0.536602 0.771093 0.342745
vn -0.536599 0.771094 0.342748
vn -0.536599 0.771094 0.342748
vn -0.536595 0.771096 0.342750
vn -0.536599 0.771094 0.342748
vn -0.536602 0.771093 0.342745
vn -0.536600 0.771093 0.342747
vn -0.536600 0.771094 0.342745
vn -0.536599 0.771094 0.342748
vn -0.536600 0.771094 0.342745
vn -0.536597 0.771095 0.342748
vn -0.536595 0.771096 0.342750
vn -0.536600 0.771094 0.342745
vn -0.536604 0.771091 0.342746
vn -0.536600 0.771093 0.342748
vn -0.536597 0.771095 0.342748
vn -0.536597 0.771095 0.342748
vn -0.536600 0.771093 0.342748
vn -0.536597 0.771095 0.342748
vn -0.536596 0.771096 0.342747
vn -0.536597 0.771095 0.342748
vn -0.536596 0.771096 0.342747
vn -0.536597 0.771095 0.342748
vn -0.536597 0.771096 0.342746
vn -0.536599 0.771096 0.342743
vn -0.536597 0.771096 0.342746
vn -0.536599 0.771094 0.342749
vn -0.536599 0.771096 0.342743
vn -0.536599 0.771094 0.342749
vn -0.536602 0.771092 0.342748
vn -0.536600 0.771094 0.342745
vn -0.536600 0.771093 0.342747
vn -0.536604 0.771091 0.342746
vn -0.536600 0.771091 0.342752
vn -0.536604 0.771091 0.342748
vn -0.536595 0.771097 0.342747
vn 0.843805 0.486622 0.226256
vn 0.726917 0.216117 0.651832
vn 0.726917 0.216117 0.651832
vn 0.843805 0.486621 0.226257
vn 0.734596 0.626735 -0.259947
vn 0.843805 0.486622 0.226256
vn 0.843805 0.486621 0.226257
vn 0.734596 0.626734 -0.259947
vn 0.007679 0.410617 -0.911776
vn 0.428553 0.598915 -0.676494
vn 0.428551 0.598914 -0.676495
vn 0.007679 0.410617 -0.911776
vn -0.415251 0.112292 -0.902750
vn 0.007679 0.410617 -0.911776
vn 0.007679 0.410617 -0.911776
vn -0.415250 0.112293 -0.902750
vn -0.726919 -0.216122 -0.651828
vn -0.415251 0.112292 -0.902750
vn -0.415250 0.112293 -0.902750
vn -0.726919 -0.216122 -0.651829
vn -0.734594 -0.626739 0.259942
vn -0.843805 -0.486623 -0.226255
vn -0.843805 -0.486622 -0.226257
vn -0.734594 -0.626739 0.259943
vn -0.428549 -0.598924 0.676488
vn -0.734594 -0.626739 0.259942
vn -0.734594 -0.626739 0.259943
vn -0.428547 -0.598924 0.676490
vn -0.007671 -0.410626 0.911772
vn -0.428549 -0.598924 0.676488
vn -0.428547 -0.598924 0.676490
vn -0.007672 -0.410626 0.911772
vn 0.415255 -0.112299 0.902747
vn -0.007671 -0.410626 0.911772
vn -0.007672 -0.410626 0.911772
vn 0.415255 -0.112299 0.902747
vn 0.726917 0.216117 0.651832
vn 0.415255 -0.112299 0.902747
vn 0.415255 -0.112299 0.902747
vn 0.726917 0.216117 0.651832
vn -0.843805 -0.486623 -0.226255
vn -0.726919 -0.216122 -0.651828
vn -0.726919 -0.216122 -0.651829
vn -0.843805 -0.486622 -0.226257
vn 0.428553 0.598915 -0.676494
vn 0.734596 0.626735 -0.259947
vn 0.734596 0.626734 -0.259947
vn 0.428551 0.598914 -0.676495
vn -0.536598 0.771094 0.342748
vn -0.536600 0.771094 0.342745
vn -0.536600 0.771094 0.342745
vn -0.536598 0.771094 0.342748
vn -0.536596 0.771095 0.342748
vn -0.536598 0.771094 0.342748
vn -0.536598 0.771094 0.342748
vn -0.536596 0.771095 0.342748
vn -0.536597 0.771094 0.342750
vn -0.536597 0.771094 0.342750
vn -0.536597 0.771094 0.342750
vn -0.536597 0.771094 0.342750
vn -0.536599 0.771095 0.342746
vn -0.536597 0.771094 0.342750
vn -0.536597 0.771094 0.342750
vn -0.536599 0.771094 0.342746
vn -0.536602 0.771092 0.342746
vn -0.536599 0.771095 0.342746
vn -0.536599 0.771094 0.342746
vn -0.536602 0.771092 0.342746
vn -0.536605 0.771089 0.342749
vn -0.536606 0.771089 0.342748
vn -0.536606 0.771089 0.342748
vn -0.536605 0.771089 0.342749
vn -0.536599 0.771092 0.342750
vn -0.536605 0.771089 0.342749
vn -0.536605 0.771089 0.342749
vn -0.536599 0.771092 0.342750
vn -0.536600 0.771093 0.342749
vn -0.536599 0.771092 0.342750
vn -0.536599 0.771092 0.342750
vn -0.536600 0.771093 0.342749
vn -0.536601 0.771093 0.342747
vn -0.536600 0.771093 0.342749
vn -0.536600 0.771093 0.342749
vn -0.536601 0.771093 0.342747
vn -0.536600 0.771094 0.342745
vn -0.536601 0.771093 0.342747
vn -0.536601 0.771093 0.342747
vn -0.536600 0.771094 0.342745
vn -0.536606 0.771089 0.342748
vn -0.536602 0.771092 0.342746
vn -0.536602 0.771092 0.342746
vn -0.536606 0.771089 0.342748
vn -0.536597 0.771094 0.342750
vn -0.536596 0.771095 0.342748
vn -0.536596 0.771095 0.342748
vn -0.536597 0.771094 0.342750
vn -0.843803 -0.486626 -0.226255
vn -0.726917 -0.216119 -0.651831
vn -0.726917 -0.216119 -0.651832
vn -0.843803 -0.486626 -0.226256
vn -0.734593 -0.626740 0.259943
vn -0.843803 -0.486626 -0.226255
vn -0.843803 -0.486626 -0.226256
vn -0.734593 -0.626740 0.259943
vn -0.007677 -0.410620 0.911774
vn -0.428552 -0.598919 0.676491
vn -0.428551 -0.598920 0.676490
vn -0.007677 -0.410621 0.911774
vn 0.415254 -0.112295 0.902748
vn -0.007677 -0.410620 0.911774
vn -0.007677 -0.410621 0.911774
vn 0.415254 -0.112296 0.902748
vn 0.706683 0.188669 0.681912
vn 0.415254 -0.112295 0.902748
vn 0.415254 -0.112296 0.902748
vn 0.700754 0.180911 0.690083
vn 0.711436 0.631831 -0.307651
vn 0.843723 0.483554 0.233039
vn 0.817040 0.576317 -0.017433
vn 0.704368 0.632969 -0.321273
vn 0.428551 0.598923 -0.676488
vn 0.711436 0.631831 -0.307651
vn 0.704368 0.632969 -0.321273
vn 0.428549 0.598923 -0.676488
vn 0.007675 0.410624 -0.911773
vn 0.428551 0.598923 -0.676488
vn 0.428549 0.598923 -0.676488
vn 0.007674 0.410623 -0.911773
vn -0.415254 0.112298 -0.902748
vn 0.007675 0.410624 -0.911773
vn 0.007674 0.410623 -0.911773
vn -0.415254 0.112297 -0.902748
vn -0.726917 -0.216119 -0.651831
vn -0.415254 0.112298 -0.902748
vn -0.415254 0.112297 -0.902748
vn -0.726917 -0.216119 -0.651832
vn 0.843723 0.483554 0.233039
vn 0.706683 0.188669 0.681912
vn 0.700754 0.180911 0.690083
vn 0.813065 0.363768 0.454531
vn -0.428552 -0.598919 0.676491
vn -0.734593 -0.626740 0.259943
vn -0.734593 -0.626740 0.259943
vn -0.428551 -0.598920 0.676490
vn 0.536600 -0.771093 -0.342748
vn 0.536599 -0.771093 -0.342749
vn 0.536599 -0.771093 -0.342749
vn 0.536600 -0.771093 -0.342748
vn 0.536601 -0.771093 -0.342746
vn 0.536601 -0.771093 -0.342746
vn 0.536598 -0.771094 -0.342749
vn 0.536598 -0.771094 -0.342749
vn 0.536598 -0.771094 -0.342749
vn 0.536599 -0.771093 -0.342749
vn 0.536599 -0.771093 -0.342749
vn 0.536598 -0.771094 -0.342749
vn 0.536600 -0.771093 -0.342748
vn 0.536599 -0.771094 -0.342748
vn 0.536599 -0.771094 -0.342749
vn 0.536599 -0.771094 -0.342749
vn 0.536600 -0.771093 -0.342748
vn 0.536598 -0.771094 -0.342749
vn 0.536598 -0.771094 -0.342749
vn 0.536599 -0.771094 -0.342749
vn 0.536599 -0.771094 -0.342749
vn 0.536598 -0.771094 -0.342749
vn -0.843803 -0.486626 -0.226256
vn -0.726917 -0.216119 -0.651832
vn -0.726914 -0.216120 -0.651834
vn -0.843802 -0.486627 -0.226256
vn -0.734593 -0.626740 0.259943
vn -0.843803 -0.486626 -0.226256
vn -0.843802 -0.486627 -0.226256
vn -0.734592 -0.626742 0.259942
vn -0.428551 -0.598920 0.676490
vn -0.734593 -0.626740 0.259943
vn -0.734592 -0.626742 0.259942
vn -0.428549 -0.598923 0.676489
vn -0.007677 -0.410621 0.911774
vn -0.428551 -0.598920 0.676490
vn -0.428549 -0.598923 0.676489
vn -0.007675 -0.410624 0.911773
vn 0.415254 -0.112296 0.902748
vn -0.007677 -0.410621 0.911774
vn -0.007675 -0.410624 0.911773
vn 0.415259 -0.112297 0.902746
vn 0.700754 0.180911 0.690083
vn 0.415254 -0.112296 0.902748
vn 0.415259 -0.112297 0.902746
vn 0.675885 0.149558 0.721673
vn 0.704368 0.632969 -0.321273
vn 0.817040 0.576317 -0.017433
vn 0.817035 0.576325 -0.017425
vn 0.673343 0.636085 -0.376835
vn 0.428549 0.598923 -0.676488
vn 0.704368 0.632969 -0.321273
vn 0.673343 0.636085 -0.376835
vn 0.428550 0.598925 -0.676486
vn 0.007674 0.410623 -0.911773
vn 0.428549 0.598923 -0.676488
vn 0.428550 0.598925 -0.676486
vn 0.007675 0.410623 -0.911773
vn -0.415254 0.112297 -0.902748
vn 0.007674 0.410623 -0.911773
vn 0.007675 0.410623 -0.911773
vn -0.415253 0.112296 -0.902748
vn -0.726917 -0.216119 -0.651832
vn -0.415254 0.112297 -0.902748
vn -0.415253 0.112296 -0.902748
vn -0.726914 -0.216120 -0.651834
vn 0.813067 0.363765 0.454530
vn 0.813065 0.363768 0.454531
vn 0.700754 0.180911 0.690083
vn 0.675885 0.149558 0.721673
vn 0.843723 0.483554 0.233039
vn 0.813065 0.363768 0.454531
vn 0.843819 0.493094 0.211726
vn 0.817040 0.576317 -0.017433
vn 0.843723 0.483554 0.233039
vn 0.843819 0.493094 0.211726
vn -0.413803 0.834023 0.364929
vn -0.409142 0.710792 0.572169
vn -0.202499 0.769091 0.606213
vn -0.200059 0.916119 0.347424
vn 0.032123 -0.315267 0.948459
vn 0.032123 -0.315267 0.948459
vn 0.093295 -0.360671 0.928015
vn 0.090367 -0.358540 0.929130
vn 0.711054 -0.611325 -0.347395
vn 0.707754 -0.643041 -0.292546
vn 0.257837 -0.895720 -0.362223
vn 0.301560 -0.788575 -0.535920
vn 0.054041 0.353286 -0.933953
vn 0.054041 0.353286 -0.933953
vn 0.015916 0.278413 -0.960330
vn 0.023638 0.293732 -0.955595
vn -0.389837 0.915023 0.103728
vn -0.413803 0.834023 0.364929
vn -0.200059 0.916119 0.347424
vn -0.197581 0.974326 0.107942
vn 0.707754 -0.643041 -0.292546
vn 0.698466 -0.682719 -0.214569
vn 0.326594 -0.926544 -0.186689
vn 0.257837 -0.895720 -0.362223
vn 0.000000 0.994048 0.108944
vn -0.197581 0.974326 0.107942
vn -0.200059 0.916119 0.347424
vn 0.000000 0.927145 0.374704
vn -0.200059 0.916119 0.347424
vn -0.202499 0.769091 0.606213
vn 0.000000 0.788597 0.614910
vn 0.000000 0.927145 0.374704
vn 0.000000 -0.388278 0.921542
vn 0.090367 -0.358540 0.929130
vn 0.093295 -0.360671 0.928015
vn -0.000001 -0.388278 0.921542
vn 0.000000 -0.808343 -0.588712
vn 0.301560 -0.788575 -0.535920
vn 0.257837 -0.895720 -0.362223
vn 0.000000 -0.926614 -0.376015
vn 0.000000 -0.926614 -0.376015
vn 0.257837 -0.895720 -0.362223
vn 0.326594 -0.926544 -0.186689
vn 0.000000 -0.987292 -0.158919
vn 0.023638 0.293732 -0.955595
vn 0.015916 0.278413 -0.960330
vn 0.000000 0.245972 -0.969277
vn 0.000000 0.245972 -0.969277
vn 0.536602 0.771092 0.342746
vn 0.536596 0.771095 0.342748
vn 0.536598 0.771093 0.342751
vn 0.536602 0.771091 0.342749
vn 0.536605 0.771091 0.342745
vn 0.536602 0.771092 0.342746
vn 0.536602 0.771091 0.342749
vn 0.536606 0.771089 0.342747
vn 0.536602 0.771091 0.342749
vn 0.536599 0.771092 0.342750
vn 0.536605 0.771089 0.342749
vn 0.536606 0.771089 0.342747
vn 0.536599 0.771092 0.342750
vn 0.536598 0.771093 0.342750
vn 0.536599 0.771093 0.342748
vn 0.536596 0.771095 0.342751
vn 0.536602 0.771091 0.342749
vn 0.536598 0.771093 0.342751
vn 0.536598 0.771093 0.342750
vn 0.536599 0.771092 0.342750
vn 0.536598 0.771093 0.342750
vn 0.536600 0.771093 0.342747
vn 0.536601 0.771092 0.342747
vn 0.536599 0.771093 0.342748
vn 0.536598 0.771093 0.342751
vn 0.536596 0.771095 0.342749
vn 0.536600 0.771093 0.342747
vn 0.536598 0.771093 0.342750
vn 0.536600 0.771093 0.342747
vn 0.536601 0.771094 0.342745
vn 0.536601 0.771093 0.342747
vn 0.536601 0.771092 0.342747
vn 0.536600 0.771093 0.342747
vn 0.536596 0.771095 0.342749
vn 0.536598 0.771094 0.342749
vn 0.536601 0.771094 0.342745
vn 0.536601 0.771094 0.342745
vn 0.536598 0.771094 0.342749
vn 0.536603 0.771090 0.342750
vn 0.536606 0.771089 0.342746
vn 0.536598 0.771094 0.342749
vn 0.536596 0.771095 0.342749
vn 0.536599 0.771093 0.342751
vn 0.536603 0.771090 0.342750
vn 0.536596 0.771095 0.342749
vn 0.536596 0.771095 0.342748
vn 0.536596 0.771095 0.342749
vn 0.536598 0.771094 0.342749
vn 0.536598 0.771093 0.342751
vn 0.536596 0.771095 0.342748
vn 0.536596 0.771095 0.342749
vn 0.536596 0.771095 0.342749
vn 0.536599 0.771095 0.342745
vn 0.536597 0.771094 0.342749
vn 0.536599 0.771093 0.342751
vn 0.536597 0.771094 0.342749
vn 0.536599 0.771095 0.342745
vn 0.536603 0.771093 0.342745
vn 0.536599 0.771095 0.342745
vn 0.536602 0.771092 0.342746
vn 0.536605 0.771091 0.342745
vn 0.536603 0.771093 0.342745
vn 0.536599 0.771095 0.342745
vn 0.536596 0.771095 0.342749
vn 0.536596 0.771095 0.342748
vn 0.536602 0.771092 0.342746
vn 0.536601 0.771094 0.342745
vn 0.536606 0.771089 0.342746
vn 0.536601 0.771093 0.342747
vn 0.536599 0.771092 0.342750
vn 0.536596 0.771095 0.342751
vn 0.536605 0.771089 0.342749
vn -0.843804 0.486622 0.226259
vn -0.843804 0.486622 0.226259
vn -0.726918 0.216118 0.651831
vn -0.726917 0.216117 0.651832
vn -0.734595 0.626737 -0.259944
vn -0.734595 0.626737 -0.259944
vn -0.843804 0.486622 0.226259
vn -0.843804 0.486622 0.226259
vn -0.007679 0.410619 -0.911775
vn -0.007681 0.410620 -0.911774
vn -0.428550 0.598918 -0.676493
vn -0.428552 0.598918 -0.676491
vn 0.415252 0.112293 -0.902749
vn 0.415251 0.112294 -0.902749
vn -0.007681 0.410620 -0.911774
vn -0.007679 0.410619 -0.911775
vn 0.726920 -0.216120 -0.651828
vn 0.726920 -0.216120 -0.651828
vn 0.415251 0.112294 -0.902749
vn 0.415252 0.112293 -0.902749
vn 0.734595 -0.626738 0.259942
vn 0.734595 -0.626738 0.259943
vn 0.843806 -0.486621 -0.226257
vn 0.843806 -0.486622 -0.226255
vn 0.428550 -0.598923 0.676488
vn 0.428548 -0.598922 0.676490
vn 0.734595 -0.626738 0.259943
vn 0.734595 -0.626738 0.259942
vn 0.007671 -0.410627 0.911771
vn 0.007672 -0.410627 0.911771
vn 0.428548 -0.598922 0.676490
vn 0.428550 -0.598923 0.676488
vn -0.415259 -0.112299 0.902745
vn -0.415258 -0.112300 0.902746
vn 0.007672 -0.410627 0.911771
vn 0.007671 -0.410627 0.911771
vn -0.726917 0.216117 0.651832
vn -0.726918 0.216118 0.651831
vn -0.415258 -0.112300 0.902746
vn -0.415259 -0.112299 0.902745
vn 0.843806 -0.486622 -0.226255
vn 0.843806 -0.486621 -0.226257
vn 0.726920 -0.216120 -0.651828
vn 0.726920 -0.216120 -0.651828
vn -0.428552 0.598918 -0.676491
vn -0.428550 0.598918 -0.676493
vn -0.734595 0.626737 -0.259944
vn -0.734595 0.626737 -0.259944
vn 0.536598 0.771094 0.342749
vn 0.536598 0.771094 0.342749
vn 0.536600 0.771095 0.342744
vn 0.536600 0.771095 0.342744
vn 0.536597 0.771096 0.342747
vn 0.536597 0.771096 0.342747
vn 0.536598 0.771094 0.342749
vn 0.536598 0.771094 0.342749
vn 0.536598 0.771094 0.342750
vn 0.536598 0.771094 0.342750
vn 0.536598 0.771094 0.342748
vn 0.536598 0.771094 0.342748
vn 0.536599 0.771095 0.342744
vn 0.536599 0.771095 0.342744
vn 0.536598 0.771094 0.342750
vn 0.536598 0.771094 0.342750
vn 0.536600 0.771094 0.342746
vn 0.536600 0.771094 0.342746
vn 0.536599 0.771095 0.342744
vn 0.536599 0.771095 0.342744
vn 0.536605 0.771090 0.342747
vn 0.536605 0.771090 0.342747
vn 0.536604 0.771090 0.342748
vn 0.536604 0.771090 0.342748
vn 0.536598 0.771094 0.342749
vn 0.536598 0.771094 0.342749
vn 0.536605 0.771090 0.342747
vn 0.536605 0.771090 0.342747
vn 0.536599 0.771093 0.342748
vn 0.536599 0.771093 0.342748
vn 0.536598 0.771094 0.342749
vn 0.536598 0.771094 0.342749
vn 0.536603 0.771093 0.342743
vn 0.536603 0.771093 0.342743
vn 0.536599 0.771093 0.342748
vn 0.536599 0.771093 0.342748
vn 0.536600 0.771095 0.342744
vn 0.536600 0.771095 0.342744
vn 0.536603 0.771093 0.342743
vn 0.536603 0.771093 0.342743
vn 0.536604 0.771090 0.342748
vn 0.536604 0.771090 0.342748
vn 0.536600 0.771094 0.342746
vn 0.536600 0.771094 0.342746
vn 0.536598 0.771094 0.342748
vn 0.536598 0.771094 0.342748
vn 0.536597 0.771096 0.342747
vn 0.536597 0.771096 0.342747
vn 0.843802 -0.486627 -0.226256
vn 0.843802 -0.486627 -0.226256
vn 0.726917 -0.216121 -0.651831
vn 0.726917 -0.216120 -0.651831
vn 0.734592 -0.626740 0.259943
vn 0.734593 -0.626740 0.259943
vn 0.843802 -0.486627 -0.226256
vn 0.843802 -0.486627 -0.226256
vn 0.007678 -0.410620 0.911774
vn 0.007677 -0.410620 0.911774
vn 0.428551 -0.598920 0.676490
vn 0.428551 -0.598919 0.676491
vn -0.415254 -0.112296 0.902748
vn -0.415253 -0.112297 0.902748
vn 0.007677 -0.410620 0.911774
vn 0.007678 -0.410620 0.911774
vn -0.706683 0.188669 0.681911
vn -0.700754 0.180910 0.690084
vn -0.415253 -0.112297 0.902748
vn -0.415254 -0.112296 0.902748
vn -0.711435 0.631831 -0.307651
vn -0.704367 0.632970 -0.321272
vn -0.817038 0.576320 -0.017434
vn -0.843723 0.483555 0.233039
vn -0.428551 0.598923 -0.676488
vn -0.428549 0.598924 -0.676488
vn -0.704367 0.632970 -0.321272
vn -0.711435 0.631831 -0.307651
vn -0.007675 0.410624 -0.911772
vn -0.007674 0.410624 -0.911773
vn -0.428549 0.598924 -0.676488
vn -0.428551 0.598923 -0.676488
vn 0.415255 0.112298 -0.902747
vn 0.415255 0.112296 -0.902747
vn -0.007674 0.410624 -0.911773
vn -0.007675 0.410624 -0.911772
vn 0.726917 -0.216120 -0.651831
vn 0.726917 -0.216121 -0.651831
vn 0.415255 0.112296 -0.902747
vn 0.415255 0.112298 -0.902747
vn -0.843723 0.483555 0.233039
vn -0.813064 0.363769 0.454531
vn -0.700754 0.180910 0.690084
vn -0.706683 0.188669 0.681911
vn 0.428551 -0.598919 0.676491
vn 0.428551 -0.598920 0.676490
vn 0.734593 -0.626740 0.259943
vn 0.734592 -0.626740 0.259943
vn -0.536599 -0.771093 -0.342748
vn -0.536599 -0.771093 -0.342748
vn -0.536599 -0.771093 -0.342749
vn -0.536599 -0.771093 -0.342749
vn -0.536601 -0.771093 -0.342746
vn -0.536597 -0.771093 -0.342751
vn -0.536597 -0.771093 -0.342751
vn -0.536601 -0.771093 -0.342746
vn -0.536597 -0.771093 -0.342751
vn -0.536597 -0.771093 -0.342751
vn -0.536599 -0.771093 -0.342749
vn -0.536599 -0.771093 -0.342749
vn -0.536599 -0.771093 -0.342748
vn -0.536599 -0.771093 -0.342748
vn -0.536598 -0.771094 -0.342750
vn -0.536598 -0.771094 -0.342749
vn -0.536598 -0.771094 -0.342749
vn -0.536597 -0.771094 -0.342751
vn -0.536597 -0.771094 -0.342751
vn -0.536598 -0.771094 -0.342749
vn -0.536598 -0.771094 -0.342750
vn -0.536597 -0.771094 -0.342751
vn 0.843802 -0.486627 -0.226256
vn 0.843802 -0.486627 -0.226256
vn 0.726914 -0.216121 -0.651834
vn 0.726917 -0.216121 -0.651831
vn 0.734593 -0.626740 0.259943
vn 0.734593 -0.626741 0.259941
vn 0.843802 -0.486627 -0.226256
vn 0.843802 -0.486627 -0.226256
vn 0.428551 -0.598920 0.676490
vn 0.428551 -0.598922 0.676489
vn 0.734593 -0.626741 0.259941
vn 0.734593 -0.626740 0.259943
vn 0.007677 -0.410620 0.911774
vn 0.007675 -0.410623 0.911773
vn 0.428551 -0.598922 0.676489
vn 0.428551 -0.598920 0.676490
vn -0.415253 -0.112297 0.902748
vn -0.415256 -0.112296 0.902747
vn 0.007675 -0.410623 0.911773
vn 0.007677 -0.410620 0.911774
vn -0.700754 0.180910 0.690084
vn -0.675883 0.149559 0.721675
vn -0.415256 -0.112296 0.902747
vn -0.415253 -0.112297 0.902748
vn -0.704367 0.632970 -0.321272
vn -0.673341 0.636088 -0.376834
vn -0.817034 0.576327 -0.017430
vn -0.817038 0.576320 -0.017434
vn -0.428549 0.598924 -0.676488
vn -0.428550 0.598930 -0.676482
vn -0.673341 0.636088 -0.376834
vn -0.704367 0.632970 -0.321272
vn -0.007674 0.410624 -0.911773
vn -0.007674 0.410624 -0.911773
vn -0.428550 0.598930 -0.676482
vn -0.428549 0.598924 -0.676488
vn 0.415255 0.112296 -0.902747
vn 0.415251 0.112296 -0.902749
vn -0.007674 0.410624 -0.911773
vn -0.007674 0.410624 -0.911773
vn 0.726917 -0.216121 -0.651831
vn 0.726914 -0.216121 -0.651834
vn 0.415251 0.112296 -0.902749
vn 0.415255 0.112296 -0.902747
vn -0.813066 0.363766 0.454530
vn -0.675883 0.149559 0.721675
vn -0.700754 0.180910 0.690084
vn -0.813064 0.363769 0.454531
vn -0.843723 0.483555 0.233039
vn -0.843818 0.493094 0.211728
vn -0.813064 0.363769 0.454531
vn -0.817038 0.576320 -0.017434
vn -0.843818 0.493094 0.211728
vn -0.843723 0.483555 0.233039
vn 0.413801 0.834023 0.364930
vn 0.200058 0.916119 0.347424
vn 0.202499 0.769091 0.606212
vn 0.409139 0.710792 0.572171
vn -0.032124 -0.315266 0.948460
vn -0.090368 -0.358540 0.929130
vn -0.093296 -0.360671 0.928015
vn -0.032124 -0.315266 0.948460
vn -0.711057 -0.611325 -0.347391
vn -0.301562 -0.788575 -0.535919
vn -0.257838 -0.895720 -0.362223
vn -0.707754 -0.643041 -0.292543
vn -0.054043 0.353286 -0.933953
vn -0.023639 0.293732 -0.955596
vn -0.015917 0.278412 -0.960330
vn -0.054043 0.353286 -0.933953
vn 0.389837 0.915023 0.103728
vn 0.197582 0.974325 0.107942
vn 0.200058 0.916119 0.347424
vn 0.413801 0.834023 0.364930
vn -0.707754 -0.643041 -0.292543
vn -0.257838 -0.895720 -0.362223
vn -0.326594 -0.926544 -0.186689
vn -0.698463 -0.682723 -0.214568
vn 0.000000 0.994048 0.108944
vn 0.000000 0.927145 0.374704
vn 0.200058 0.916119 0.347424
vn 0.197582 0.974325 0.107942
vn 0.200058 0.916119 0.347424
vn 0.000000 0.927145 0.374704
vn 0.000000 0.788597 0.614910
vn 0.202499 0.769091 0.606212
vn 0.000000 -0.388278 0.921542
vn -0.000001 -0.388278 0.921542
vn -0.093296 -0.360671 0.928015
vn -0.090368 -0.358540 0.929130
vn 0.000000 -0.808343 -0.588712
vn 0.000000 -0.926614 -0.376015
vn -0.257838 -0.895720 -0.362223
vn -0.301562 -0.788575 -0.535919
vn 0.000000 -0.926614 -0.376015
vn 0.000000 -0.987292 -0.158919
vn -0.326594 -0.926544 -0.186689
vn -0.257838 -0.895720 -0.362223
vn -0.023639 0.293732 -0.955596
vn 0.000000 0.245972 -0.969277
vn 0.000000 0.245972 -0.969277
vn -0.015917 0.278412 -0.960330
s 1
g DwarfGoggles_low Dwarf_low1
usemtl lambert2SG
f 23/1/1 2/2/2 8/3/3 24/4/4
f 22/5/5 1/6/6 2/2/2 23/1/1
f 2/2/2 1/6/7 3/7/8 5/8/9
f 5/8/9 4/9/10 6/10/11 7/11/12
f 2/2/2 5/8/9 7/11/12 8/3/3
s off
f 7/11/13 6/10/14 9/12/15 10/13/16
s 1
f 8/3/3 7/11/12 10/13/17 16/14/18
s off
f 10/13/19 9/12/20 11/15/21 13/16/22
f 10/13/23 13/16/24 15/17/25 16/14/26
f 13/16/27 12/18/28 14/19/29 15/17/30
f 15/17/31 14/19/32 17/20/33 18/21/34
s 1
f 16/14/18 15/17/35 18/21/36 24/4/4
f 8/3/3 16/14/18 24/4/4
f 18/21/36 17/20/37 19/22/38 21/23/39
s off
f 19/22/40 20/24/41 21/23/42
s 1
f 21/23/39 20/24/43 22/5/44 23/1/1
f 21/23/39 23/1/1 24/4/4 18/21/36
s off
f 13/16/45 11/15/46 12/18/47
f 5/8/48 3/7/49 4/9/50
f 1/25/51 22/26/52 25/27/53 26/28/54
f 3/29/55 1/25/56 26/28/57 27/30/58
f 6/31/59 4/32/60 28/33/61 29/34/62
f 9/35/63 6/31/64 29/34/65 30/36/66
f 11/37/67 9/35/68 30/36/69 31/38/70
f 14/39/71 12/40/72 32/41/73 33/42/74
f 17/43/75 14/39/76 33/42/77 34/44/78
f 19/45/79 17/43/80 34/44/81 35/46/82
f 20/47/83 19/45/84 35/46/85 36/48/86
f 22/26/87 20/47/88 36/48/89 25/27/90
f 12/40/91 11/37/92 31/38/93 32/41/94
f 4/32/95 3/29/96 27/30/97 28/33/98
f 26/28/99 25/27/100 37/49/101 38/50/102
f 27/30/103 26/28/104 38/50/105 39/51/106
f 29/34/107 28/33/108 40/52/109 41/53/110
f 30/36/111 29/34/112 41/53/113 42/54/114
f 31/38/115 30/36/116 42/54/117 43/55/118
f 33/42/119 32/41/120 44/56/121 45/57/122
f 34/44/123 33/42/124 45/57/125 46/58/126
f 35/46/127 34/44/128 46/58/129 47/59/130
f 36/48/131 35/46/132 47/59/133 48/60/134
f 25/27/135 36/48/136 48/60/137 37/49/138
f 32/41/139 31/38/140 43/55/141 44/56/142
f 28/33/143 27/30/144 39/51/145 40/52/146
f 38/50/147 37/49/148 61/61/149 62/62/150
f 39/51/151 38/50/152 62/62/153 63/63/154
f 41/53/155 40/52/156 64/64/157 65/65/158
f 42/54/159 41/53/160 65/65/161 66/66/162
f 43/55/163 42/54/164 66/66/165 67/67/166
f 45/57/167 44/56/168 75/68/169 69/69/170
f 46/58/171 45/57/172 69/69/173 70/70/174
f 47/59/175 46/58/176 70/70/177 71/71/178
f 48/60/179 47/59/180 71/71/181 72/72/182
f 37/49/183 48/60/184 72/72/185 61/61/186
f 44/56/187 43/55/188 67/67/189 73/73/190
f 40/52/191 39/51/192 63/63/193 64/64/194
f 52/74/195 51/75/196 58/76/197 57/77/198
f 49/78/199 60/79/200 59/80/201 50/81/202
f 59/80/203 58/76/204 51/75/205 50/81/206
f 57/77/207 76/82/208 56/83/209 53/84/210 52/74/211
f 55/85/212 54/86/213 53/84/214 56/83/215 74/87/216
f 62/62/217 61/61/218 49/88/219 50/89/220
f 63/63/221 62/62/222 50/89/223 51/90/224
f 64/64/225 63/63/226 51/90/227 52/91/228
f 65/65/229 64/64/230 52/91/231 53/92/232
f 66/66/233 65/65/234 53/92/235 54/93/236
f 67/67/237 66/66/238 54/93/239 55/94/240
f 69/69/241 75/68/242 76/95/243 57/96/244
f 70/70/245 69/69/246 57/96/247 58/97/248
f 71/71/249 70/70/250 58/97/251 59/98/252
f 72/72/253 71/71/254 59/98/255 60/99/256
f 61/61/257 72/72/258 60/99/259 49/88/260
f 74/100/261 73/73/262 67/67/263 55/94/264
f 44/56/265 73/73/266 68/101/267
f 75/68/268 44/56/269 68/101/270
f 68/102/271 73/103/272 77/104/273 78/105/274
f 73/103/275 74/106/276 79/107/277 77/104/278
f 74/106/279 56/108/280 80/109/281 79/107/282
f 76/110/283 75/111/284 81/112/285 82/113/286
f 75/111/287 68/102/288 78/105/289 81/112/290
f 56/108/291 76/114/292 82/115/293 80/109/294
f 83/116/295 81/112/296 78/105/297 84/117/298
f 78/105/299 77/104/300 85/118/301 84/117/302
f 85/118/303 77/104/304 79/107/305 86/119/306
f 86/119/307 79/107/308 80/109/309 87/120/310
f 87/120/311 80/109/312 82/115/313 88/121/314
f 82/113/315 81/112/316 83/116/317 88/122/318
f 111/123/319 112/124/320 96/125/321 90/126/322
f 110/127/323 111/123/324 90/126/325 89/128/326
f 90/126/327 93/129/328 91/130/329 89/128/330
f 93/129/331 95/131/332 94/132/333 92/133/334
f 90/126/335 96/125/336 95/131/337 93/129/338
f 95/131/339 98/134/340 97/135/341 94/132/342
f 96/125/343 104/136/344 98/134/345 95/131/346
f 98/134/347 101/137/348 99/138/349 97/135/350
f 98/134/351 104/136/352 103/139/353 101/137/354
f 101/137/355 103/139/356 102/140/357 100/141/358
f 103/139/359 106/142/360 105/143/361 102/140/362
f 104/136/363 112/124/364 106/142/365 103/139/366
f 96/125/367 112/124/368 104/136/369
f 106/142/370 109/144/371 107/145/372 105/143/373
f 107/145/374 109/144/375 108/146/376
f 109/144/377 111/123/378 110/127/379 108/146/380
f 109/144/381 106/142/382 112/124/383 111/123/384
f 101/137/385 100/141/386 99/138/387
f 93/129/388 92/133/389 91/130/390
f 89/147/391 114/148/392 113/149/393 110/150/394
f 91/151/395 115/152/396 114/148/397 89/147/398
f 94/153/399 117/154/400 116/155/401 92/156/402
f 97/157/403 118/158/404 117/154/405 94/153/406
f 99/159/407 119/160/408 118/158/409 97/157/410
f 102/161/411 121/162/412 120/163/413 100/164/414
f 105/165/415 122/166/416 121/162/417 102/161/418
f 107/167/419 123/168/420 122/166/421 105/165/422
f 108/169/423 124/170/424 123/168/425 107/167/426
f 110/150/427 113/149/428 124/170/429 108/169/430
f 100/164/431 120/163/432 119/160/433 99/159/434
f 92/156/435 116/155/436 115/152/437 91/151/438
f 114/148/439 126/171/440 125/172/441 113/149/442
f 115/152/443 127/173/444 126/171/445 114/148/446
f 117/154/447 129/174/448 128/175/449 116/155/450
f 118/158/451 130/176/452 129/174/453 117/154/454
f 119/160/455 131/177/456 130/176/457 118/158/458
f 121/162/459 133/178/460 132/179/461 120/163/462
f 122/166/463 134/180/464 133/178/465 121/162/466
f 123/168/467 135/181/468 134/180/469 122/166/470
f 124/170/471 136/182/472 135/181/473 123/168/474
f 113/149/475 125/172/476 136/182/477 124/170/478
f 120/163/479 132/179/480 131/177/481 119/160/482
f 116/155/483 128/175/484 127/173/485 115/152/486
f 126/171/487 150/183/488 149/184/489 125/172/490
f 127/173/491 151/185/492 150/183/493 126/171/494
f 129/174/495 153/186/496 152/187/497 128/175/498
f 130/176/499 154/188/500 153/186/501 129/174/502
f 131/177/503 155/189/504 154/188/505 130/176/506
f 133/178/507 157/190/508 163/191/509 132/179/510
f 134/180/511 158/192/512 157/190/513 133/178/514
f 135/181/515 159/193/516 158/192/517 134/180/518
f 136/182/519 160/194/520 159/193/521 135/181/522
f 125/172/523 149/184/524 160/194/525 136/182/526
f 132/179/527 161/195/528 155/189/529 131/177/530
f 128/175/531 152/187/532 151/185/533 127/173/534
f 140/196/535 145/197/536 146/198/537 139/199/538
f 137/200/539 138/201/540 147/202/541 148/203/542
f 147/202/543 138/201/544 139/199/545 146/198/546
f 145/197/547 140/196/548 141/204/549 144/205/550 164/206/551
f 143/207/552 162/208/553 144/205/554 141/204/555 142/209/556
f 150/183/557 138/210/558 137/211/559 149/184/560
f 151/185/561 139/212/562 138/210/563 150/183/564
f 152/187/565 140/213/566 139/212/567 151/185/568
f 153/186/569 141/214/570 140/213/571 152/187/572
f 154/188/573 142/215/574 141/214/575 153/186/576
f 155/189/577 143/216/578 142/215/579 154/188/580
f 157/190/581 145/217/582 164/218/583 163/191/584
f 158/192/585 146/219/586 145/217/587 157/190/588
f 159/193/589 147/220/590 146/219/591 158/192/592
f 160/194/593 148/221/594 147/220/595 159/193/596
f 149/184/597 137/211/598 148/221/599 160/194/600
f 162/222/601 143/216/602 155/189/603 161/195/604
f 132/179/605 156/223/606 161/195/607
f 163/191/608 156/223/609 132/179/610
f 156/224/611 166/225/612 165/226/613 161/227/614
f 161/227/615 165/226/616 167/228/617 162/229/618
f 162/229/619 167/228/620 168/230/621 144/231/622
f 164/232/623 170/233/624 169/234/625 163/235/626
f 163/235/627 169/234/628 166/225/629 156/224/630
f 144/231/631 168/230/632 170/236/633 164/237/634
f 83/116/635 84/117/636 166/225/637 169/234/638
f 166/225/639 84/117/640 85/118/641 165/226/642
f 85/118/643 86/119/644 167/228/645 165/226/646
f 86/119/647 87/120/648 168/230/649 167/228/650
f 87/120/651 88/121/652 170/236/653 168/230/654
f 170/233/655 88/122/656 83/116/657 169/234/658
g default
v -0.000396 1.700292 0.316927
v -0.000396 1.798073 0.287187
v -0.000396 1.743950 0.344966
v 0.282460 1.656703 0.203498
v 0.296678 1.699159 0.209105
v 0.304373 1.747060 0.156049
v 0.110546 1.789310 0.266495
v 0.093411 1.738422 0.328016
v 0.099573 1.700802 0.312092
v 0.194327 1.685899 0.275331
v 0.198479 1.723451 0.277703
v 0.216271 1.768359 0.213802
v 0.358360 1.619324 0.110321
v 0.374582 1.654329 0.093703
v 0.349249 1.725862 0.029253
v 0.378829 1.557202 -0.012658
v 0.400861 1.590838 -0.037751
v 0.363940 1.673903 -0.107161
v 0.373420 1.464977 -0.141202
v 0.390315 1.496256 -0.163546
v 0.362419 1.573357 -0.226434
v 0.351765 1.386386 -0.221336
v 0.364518 1.420514 -0.246971
v 0.345911 1.482268 -0.308474
v 0.306736 1.295842 -0.289977
v 0.315617 1.316575 -0.322985
v 0.296592 1.379736 -0.371438
v 0.189226 1.199744 -0.353267
v 0.187742 1.219554 -0.379253
v 0.189897 1.254910 -0.431209
v 0.094473 1.161742 -0.378210
v 0.092356 1.174384 -0.417588
v 0.086231 1.202912 -0.457558
v -0.000396 1.149536 -0.386092
v -0.000396 1.159521 -0.428848
v -0.000396 1.185290 -0.467634
v -0.000396 1.920848 0.151393
v 0.114266 1.908410 0.135957
v -0.000396 1.947472 -0.066494
v 0.112699 1.926817 -0.060137
v -0.000396 1.901668 -0.265734
v 0.108930 1.871805 -0.252321
v -0.000396 1.780058 -0.437593
v 0.105613 1.771429 -0.424272
v -0.000396 1.632212 -0.539679
v 0.104366 1.622421 -0.516118
v -0.000396 1.460988 -0.619524
v 0.106241 1.450815 -0.578558
v -0.000396 1.291161 -0.650789
v 0.093947 1.300482 -0.616813
v -0.000396 1.180207 -0.619429
v 0.104659 1.222444 -0.594696
v -0.000396 1.149813 -0.552296
v 0.095168 1.176402 -0.528029
v 0.201133 1.879692 0.109470
v 0.208053 1.890347 -0.049704
v 0.218887 1.836749 -0.227396
v 0.216584 1.736255 -0.375902
v 0.203973 1.589163 -0.455680
v 0.189738 1.434336 -0.506715
v 0.171434 1.320230 -0.520712
v 0.274433 1.834797 0.081850
v 0.299597 1.805567 -0.034380
v 0.313318 1.748242 -0.171108
v 0.311073 1.654855 -0.298883
v 0.293743 1.546401 -0.386235
v 0.252471 1.422642 -0.437316
v 0.180036 1.262900 -0.496204
v 0.191823 1.258173 -0.452589
v 0.204891 1.314336 -0.468346
v 0.224152 1.297739 -0.413109
v 0.240424 1.243408 -0.325070
v 0.251830 1.261650 -0.359895
v -0.000396 1.668523 0.199167
v 0.093654 1.663657 0.187533
v 0.190473 1.650037 0.154275
v 0.297073 1.623710 0.120540
v 0.110200 1.609597 0.018910
v 0.215055 1.594858 0.004994
v -0.000396 1.619817 0.023388
v 0.300693 1.570657 -0.003308
v 0.116117 1.521224 -0.126865
v 0.221098 1.513178 -0.130272
v -0.000396 1.526702 -0.128352
v 0.305234 1.485671 -0.121689
v 0.091699 1.237482 -0.339341
v 0.168854 1.266228 -0.322325
v -0.000396 1.228383 -0.345024
v 0.239942 1.299081 -0.297216
v 0.283081 1.397568 -0.211823
v -0.000396 1.363393 -0.273865
v 0.108448 1.370789 -0.267691
v 0.199323 1.385833 -0.262509
v -0.283252 1.656703 0.203498
v -0.297471 1.699159 0.209105
v -0.305165 1.747060 0.156049
v -0.111338 1.789310 0.266495
v -0.094203 1.738422 0.328016
v -0.100365 1.700802 0.312092
v -0.195120 1.685899 0.275331
v -0.199272 1.723451 0.277703
v -0.217064 1.768359 0.213802
v -0.359153 1.619324 0.110321
v -0.375375 1.654329 0.093703
v -0.350041 1.725862 0.029253
v -0.379622 1.557202 -0.012658
v -0.401653 1.590838 -0.037751
v -0.364733 1.673903 -0.107161
v -0.374212 1.464977 -0.141202
v -0.391107 1.496256 -0.163546
v -0.363211 1.573357 -0.226434
v -0.352557 1.386386 -0.221336
v -0.365310 1.420514 -0.246971
v -0.346704 1.482268 -0.308474
v -0.307529 1.295842 -0.289977
v -0.316410 1.316575 -0.322985
v -0.297384 1.379736 -0.371438
v -0.190018 1.199744 -0.353267
v -0.188535 1.219554 -0.379253
v -0.190690 1.254910 -0.431209
v -0.095265 1.161742 -0.378210
v -0.093149 1.174384 -0.417588
v -0.087024 1.202912 -0.457558
v -0.115058 1.908410 0.135957
v -0.113492 1.926817 -0.060137
v -0.109723 1.871805 -0.252321
v -0.106405 1.771429 -0.424272
v -0.105158 1.622421 -0.516118
v -0.107033 1.450815 -0.578558
v -0.094739 1.300482 -0.616813
v -0.105451 1.222444 -0.594696
v -0.095960 1.176402 -0.528029
v -0.201925 1.879692 0.109470
v -0.208845 1.890347 -0.049704
v -0.219679 1.836749 -0.227396
v -0.217376 1.736255 -0.375902
v -0.204765 1.589163 -0.455680
v -0.190530 1.434336 -0.506715
v -0.172226 1.320230 -0.520712
v -0.275225 1.834797 0.081850
v -0.300389 1.805567 -0.034380
v -0.314110 1.748242 -0.171108
v -0.311865 1.654855 -0.298883
v -0.294536 1.546401 -0.386235
v -0.253263 1.422642 -0.437316
v -0.180828 1.262900 -0.496204
v -0.192616 1.258173 -0.452589
v -0.205684 1.314336 -0.468346
v -0.224945 1.297739 -0.413109
v -0.241216 1.243408 -0.325070
v -0.252622 1.261650 -0.359895
v -0.094446 1.663657 0.187533
v -0.191265 1.650037 0.154275
v -0.297865 1.623710 0.120540
v -0.110992 1.609597 0.018910
v -0.215848 1.594858 0.004994
v -0.301486 1.570657 -0.003308
v -0.116910 1.521224 -0.126865
v -0.221890 1.513178 -0.130272
v -0.306027 1.485671 -0.121689
v -0.092491 1.237482 -0.339341
v -0.169647 1.266228 -0.322325
v -0.240734 1.299081 -0.297216
v -0.283873 1.397568 -0.211823
v -0.109241 1.370789 -0.267691
v -0.200116 1.385833 -0.262509
vt 0.753238 0.484161
vt 0.757987 0.477752
vt 0.781537 0.487174
vt 0.777165 0.494534
vt 0.777600 0.512499
vt 0.755844 0.504503
vt 0.733205 0.501257
vt 0.733252 0.481971
vt 0.733337 0.473538
vt 0.815318 0.508369
vt 0.804693 0.514728
vt 0.797990 0.522872
vt 0.833956 0.536004
vt 0.829994 0.545248
vt 0.805357 0.547862
vt 0.844066 0.578394
vt 0.839411 0.579929
vt 0.810789 0.582766
vt 0.843351 0.630578
vt 0.840060 0.628024
vt 0.812213 0.624875
vt 0.833637 0.673496
vt 0.831557 0.667547
vt 0.808416 0.662159
vt 0.817068 0.709755
vt 0.815164 0.704875
vt 0.798718 0.694858
vt 0.798885 0.732600
vt 0.798883 0.726108
vt 0.783209 0.720867
vt 0.774336 0.736991
vt 0.775582 0.742071
vt 0.753521 0.749398
vt 0.751711 0.743159
vt 0.771266 0.727846
vt 0.749509 0.735770
vt 0.733135 0.752510
vt 0.733220 0.745679
vt 0.733222 0.739275
vt 0.753002 0.534246
vt 0.733004 0.532099
vt 0.750746 0.559373
vt 0.732757 0.559791
vt 0.749597 0.587681
vt 0.732608 0.587696
vt 0.748988 0.619593
vt 0.732680 0.619619
vt 0.750109 0.654541
vt 0.732817 0.653996
vt 0.750895 0.684702
vt 0.732930 0.683016
vt 0.746703 0.708423
vt 0.732933 0.707684
vt 0.746887 0.717749
vt 0.732715 0.719336
vt 0.745834 0.727572
vt 0.732404 0.726581
vt 0.746838 0.735244
vt 0.732080 0.736168
vt 0.769409 0.538044
vt 0.766820 0.559027
vt 0.766770 0.587912
vt 0.767592 0.619597
vt 0.769069 0.656448
vt 0.767809 0.687850
vt 0.764047 0.711078
vt 0.788645 0.545224
vt 0.789616 0.558206
vt 0.788290 0.585387
vt 0.788787 0.622048
vt 0.786071 0.658224
vt 0.781881 0.689586
vt 0.763606 0.720217
vt 0.767749 0.724642
vt 0.768699 0.727172
vt 0.772520 0.715399
vt 0.541800 0.687912
vt 0.522998 0.688942
vt 0.522842 0.666330
vt 0.540451 0.663800
vt 0.559535 0.680235
vt 0.558479 0.656752
vt 0.578019 0.663629
vt 0.578417 0.648583
vt 0.543100 0.630952
vt 0.562524 0.627088
vt 0.522609 0.632715
vt 0.578719 0.623258
vt 0.543840 0.599442
vt 0.563244 0.597879
vt 0.522382 0.599986
vt 0.579486 0.595741
vt 0.542219 0.561290
vt 0.558937 0.564217
vt 0.522102 0.559550
vt 0.575452 0.571927
vt 0.589551 0.646852
vt 0.593264 0.620230
vt 0.592170 0.590414
vt 0.588184 0.569215
vt 0.521906 0.531261
vt 0.539186 0.533192
vt 0.553650 0.539500
vt 0.567026 0.547375
vt 0.579585 0.547779
vt 0.567191 0.535742
vt 0.521792 0.514761
vt 0.539662 0.517379
vt 0.557532 0.525913
vt 0.713228 0.483902
vt 0.689124 0.493996
vt 0.684786 0.486560
vt 0.708554 0.477420
vt 0.710512 0.504237
vt 0.688524 0.512006
vt 0.663067 0.513524
vt 0.652552 0.507719
vt 0.667994 0.522327
vt 0.637775 0.544354
vt 0.633569 0.535346
vt 0.660215 0.546876
vt 0.625976 0.579622
vt 0.621309 0.577929
vt 0.654558 0.582418
vt 0.625126 0.628061
vt 0.621821 0.630529
vt 0.653113 0.624729
vt 0.633814 0.667875
vt 0.631792 0.673844
vt 0.657101 0.662195
vt 0.650658 0.705488
vt 0.648897 0.710438
vt 0.667070 0.695048
vt 0.667389 0.726792
vt 0.667741 0.733342
vt 0.683017 0.721306
vt 0.692644 0.737205
vt 0.715160 0.742976
vt 0.713282 0.749210
vt 0.691553 0.742316
vt 0.695563 0.728152
vt 0.717406 0.735607
vt 0.712978 0.534051
vt 0.714754 0.560686
vt 0.715614 0.587574
vt 0.716357 0.619479
vt 0.715479 0.654347
vt 0.714898 0.684238
vt 0.719075 0.707662
vt 0.718547 0.716577
vt 0.718887 0.725889
vt 0.716691 0.732484
vt 0.696510 0.538665
vt 0.698655 0.560705
vt 0.698437 0.587705
vt 0.697729 0.619392
vt 0.696434 0.656171
vt 0.697857 0.687249
vt 0.701625 0.709793
vt 0.677273 0.544828
vt 0.675866 0.557995
vt 0.676952 0.585062
vt 0.676507 0.621813
vt 0.679428 0.658030
vt 0.683802 0.689346
vt 0.701889 0.718307
vt 0.697772 0.722257
vt 0.697095 0.724535
vt 0.693166 0.714496
vt 0.504184 0.688172
vt 0.505199 0.664044
vt 0.486344 0.680742
vt 0.487075 0.657247
vt 0.465880 0.664553
vt 0.467026 0.649354
vt 0.482619 0.627642
vt 0.502095 0.631236
vt 0.466373 0.624036
vt 0.481495 0.598445
vt 0.500919 0.599740
vt 0.465225 0.596533
vt 0.485335 0.564727
vt 0.502011 0.561568
vt 0.468928 0.572664
vt 0.455344 0.647781
vt 0.451787 0.621210
vt 0.452468 0.591381
vt 0.456160 0.570129
vt 0.504655 0.533431
vt 0.490279 0.539939
vt 0.477014 0.547999
vt 0.464462 0.548577
vt 0.476688 0.536369
vt 0.503959 0.517626
vt 0.486210 0.526407
vn 0.286339 0.399678 0.870786
vn 0.247969 -0.328817 0.911258
vn 0.475264 -0.209842 0.854453
vn 0.506961 0.383338 0.772038
vn 0.483967 0.636643 0.600385
vn 0.294587 0.700806 0.649684
vn 0.000000 0.738721 0.674011
vn 0.000000 0.391869 0.920021
vn 0.000000 0.391869 0.920021
vn 0.000000 -0.470646 0.882322
vn 0.669860 -0.207080 0.713025
vn 0.735508 0.285661 0.614350
vn 0.742713 0.544301 0.390018
vn 0.735508 0.285661 0.614350
vn 0.669860 -0.207080 0.713025
vn 0.833268 -0.257940 0.489010
vn 0.944540 0.205480 0.256169
vn 0.944540 0.205480 0.256169
vn 0.890713 0.451230 0.054975
vn 0.944540 0.205480 0.256169
vn 0.833268 -0.257940 0.489010
vn 0.899792 -0.342839 0.269881
vn 0.992126 0.124674 -0.011964
vn 0.890713 0.451230 0.054975
vn 0.944540 0.205480 0.256169
vn 0.992126 0.124674 -0.011964
vn 0.920360 0.354837 -0.164403
vn 0.992126 0.124674 -0.011964
vn 0.899792 -0.342839 0.269881
vn 0.914377 -0.373197 0.156969
vn 0.990762 -0.000122 -0.135610
vn 0.920360 0.354837 -0.164403
vn 0.992126 0.124674 -0.011964
vn 0.990762 -0.000122 -0.135610
vn 0.927279 0.221466 -0.301838
vn 0.990762 -0.000122 -0.135610
vn 0.914377 -0.373197 0.156969
vn 0.920246 -0.391326 0.003327
vn 0.953682 -0.137211 -0.267702
vn 0.927279 0.221466 -0.301838
vn 0.990762 -0.000122 -0.135610
vn 0.953682 -0.137211 -0.267702
vn 0.896400 0.042630 -0.441191
vn 0.953682 -0.137211 -0.267702
vn 0.920246 -0.391326 0.003327
vn 0.831410 -0.544170 -0.112409
vn 0.849853 -0.329041 -0.411682
vn 0.896400 0.042630 -0.441191
vn 0.953682 -0.137211 -0.267702
vn 0.849853 -0.329041 -0.411682
vn 0.822520 -0.155509 -0.547063
vn 0.849853 -0.329041 -0.411682
vn 0.831410 -0.544170 -0.112409
vn 0.669673 -0.696559 -0.257572
vn 0.703059 -0.502668 -0.503024
vn 0.822520 -0.155509 -0.547063
vn 0.849853 -0.329041 -0.411682
vn 0.703059 -0.502668 -0.503024
vn 0.751471 -0.351684 -0.558221
vn 0.563938 -0.683832 -0.462977
vn 0.548952 -0.745070 -0.378843
vn 0.336740 -0.874098 -0.350084
vn 0.366647 -0.810061 -0.457570
vn 0.578960 -0.629641 -0.518033
vn 0.563938 -0.683832 -0.462977
vn 0.366647 -0.810061 -0.457570
vn 0.385416 -0.749250 -0.538590
vn 0.366647 -0.810061 -0.457570
vn 0.336740 -0.874098 -0.350084
vn 0.000000 -0.962978 -0.269582
vn 0.000000 -0.897485 -0.441046
vn 0.385416 -0.749250 -0.538590
vn 0.366647 -0.810061 -0.457570
vn 0.000000 -0.897485 -0.441046
vn 0.000000 -0.815349 -0.578970
vn 0.268970 0.883536 0.383432
vn 0.000000 0.915700 0.401863
vn 0.000000 0.915700 0.401863
vn 0.268970 0.883536 0.383432
vn 0.264795 0.960525 -0.085293
vn 0.000000 0.997284 -0.073647
vn 0.000000 0.997284 -0.073647
vn 0.264795 0.960525 -0.085293
vn 0.305450 0.868600 -0.390171
vn 0.000000 0.915859 -0.401500
vn 0.000000 0.915859 -0.401500
vn 0.305450 0.868600 -0.390171
vn 0.342239 0.664104 -0.664709
vn 0.000000 0.717520 -0.696538
vn 0.000000 0.717520 -0.696538
vn 0.342239 0.664104 -0.664709
vn 0.412588 0.397753 -0.819490
vn 0.000000 0.463996 -0.885837
vn 0.000000 0.463996 -0.885837
vn 0.412588 0.397753 -0.819490
vn 0.498124 0.228795 -0.836376
vn 0.000000 0.300007 -0.953937
vn 0.000000 0.300007 -0.953937
vn 0.498124 0.228795 -0.836376
vn 0.521505 0.018579 -0.853046
vn 0.000000 0.018332 -0.999832
vn 0.000000 0.018332 -0.999832
vn 0.521505 0.018579 -0.853046
vn 0.589944 -0.432328 -0.681952
vn 0.000000 -0.608060 -0.793891
vn 0.000000 -0.608060 -0.793891
vn 0.589944 -0.432328 -0.681952
vn 0.460261 -0.884720 -0.073692
vn 0.000000 -0.992385 -0.123174
vn 0.000000 -0.992385 -0.123174
vn 0.460261 -0.884720 -0.073692
vn 0.288476 -0.899236 0.328870
vn 0.000000 -0.925542 0.378646
vn 0.481005 0.809045 0.337758
vn 0.268970 0.883536 0.383432
vn 0.481005 0.809045 0.337758
vn 0.511601 0.852464 -0.107562
vn 0.264795 0.960525 -0.085293
vn 0.264795 0.960525 -0.085293
vn 0.511601 0.852464 -0.107562
vn 0.574013 0.741842 -0.346669
vn 0.305450 0.868600 -0.390171
vn 0.305450 0.868600 -0.390171
vn 0.574013 0.741842 -0.346669
vn 0.607827 0.548453 -0.574235
vn 0.342239 0.664104 -0.664709
vn 0.342239 0.664104 -0.664709
vn 0.607827 0.548453 -0.574235
vn 0.633558 0.289639 -0.717436
vn 0.412588 0.397753 -0.819490
vn 0.412588 0.397753 -0.819490
vn 0.633558 0.289639 -0.717436
vn 0.689102 0.113367 -0.715742
vn 0.498124 0.228795 -0.836376
vn 0.689102 0.113367 -0.715742
vn 0.759310 -0.024835 -0.650255
vn 0.700193 0.675770 0.230358
vn 0.481005 0.809045 0.337758
vn 0.700193 0.675770 0.230358
vn 0.773085 0.630328 -0.070892
vn 0.511601 0.852464 -0.107562
vn 0.511601 0.852464 -0.107562
vn 0.773085 0.630328 -0.070892
vn 0.806932 0.530284 -0.260113
vn 0.574013 0.741842 -0.346669
vn 0.574013 0.741842 -0.346669
vn 0.806932 0.530284 -0.260113
vn 0.813325 0.381201 -0.439532
vn 0.607827 0.548453 -0.574235
vn 0.607827 0.548453 -0.574235
vn 0.813325 0.381201 -0.439532
vn 0.781680 0.182986 -0.596231
vn 0.633558 0.289639 -0.717436
vn 0.633558 0.289639 -0.717436
vn 0.781680 0.182986 -0.596231
vn 0.765946 -0.025321 -0.642406
vn 0.689102 0.113367 -0.715742
vn 0.589944 -0.432328 -0.681952
vn 0.521505 0.018579 -0.853046
vn 0.759310 -0.024835 -0.650255
vn 0.808430 -0.393698 -0.437542
vn 0.460261 -0.884720 -0.073692
vn 0.589944 -0.432328 -0.681952
vn 0.808430 -0.393698 -0.437542
vn 0.710951 -0.700492 -0.062132
vn 0.460261 -0.884720 -0.073692
vn 0.710951 -0.700492 -0.062132
vn 0.481855 -0.842884 0.239506
vn 0.288476 -0.899236 0.328870
vn 0.689102 0.113367 -0.715742
vn 0.765946 -0.025321 -0.642406
vn 0.804880 -0.196417 -0.559989
vn 0.759310 -0.024835 -0.650255
vn 0.808430 -0.393698 -0.437542
vn 0.759310 -0.024835 -0.650255
vn 0.804880 -0.196417 -0.559989
vn 0.710951 -0.700492 -0.062132
vn 0.808430 -0.393698 -0.437542
vn 0.804880 -0.196417 -0.559989
vn 0.751471 -0.351684 -0.558221
vn 0.703059 -0.502668 -0.503024
vn 0.669673 -0.696559 -0.257572
vn 0.548952 -0.745070 -0.378843
vn 0.563938 -0.683832 -0.462977
vn 0.751471 -0.351684 -0.558221
vn 0.703059 -0.502668 -0.503024
vn 0.563938 -0.683832 -0.462977
vn 0.578960 -0.629641 -0.518033
vn 0.710951 -0.700492 -0.062132
vn 0.751471 -0.351684 -0.558221
vn 0.481855 -0.842884 0.239506
vn 0.751471 -0.351684 -0.558221
vn 0.804880 -0.196417 -0.559989
vn 0.765946 -0.025321 -0.642406
vn 0.822520 -0.155509 -0.547063
vn 0.822520 -0.155509 -0.547063
vn 0.765946 -0.025321 -0.642406
vn 0.781680 0.182986 -0.596231
vn 0.896400 0.042630 -0.441191
vn 0.896400 0.042630 -0.441191
vn 0.781680 0.182986 -0.596231
vn 0.813325 0.381201 -0.439532
vn 0.927279 0.221466 -0.301838
vn 0.927279 0.221466 -0.301838
vn 0.813325 0.381201 -0.439532
vn 0.806932 0.530284 -0.260113
vn 0.920360 0.354837 -0.164403
vn 0.806932 0.530284 -0.260113
vn 0.773085 0.630328 -0.070892
vn 0.890713 0.451230 0.054975
vn 0.920360 0.354837 -0.164403
vn 0.890713 0.451230 0.054975
vn 0.773085 0.630328 -0.070892
vn -0.015885 -0.960121 0.279132
vn 0.000000 -0.961871 0.273505
vn 0.000000 -0.960218 0.279253
vn -0.038035 -0.956557 0.289055
vn -0.054717 -0.954331 0.293698
vn -0.015885 -0.960121 0.279132
vn -0.038035 -0.956557 0.289055
vn -0.083244 -0.944908 0.316573
vn -0.094742 -0.943924 0.316278
vn -0.054717 -0.954331 0.293698
vn -0.083244 -0.944908 0.316573
vn -0.114222 -0.925852 0.360210
vn -0.083244 -0.944908 0.316573
vn -0.038035 -0.956557 0.289055
vn -0.053031 -0.909006 0.413396
vn -0.121676 -0.893775 0.431695
vn -0.038035 -0.956557 0.289055
vn 0.000000 -0.960218 0.279253
vn 0.000000 -0.914619 0.404316
vn -0.053031 -0.909006 0.413396
vn -0.114222 -0.925852 0.360210
vn -0.083244 -0.944908 0.316573
vn -0.121676 -0.893775 0.431695
vn -0.151762 -0.868491 0.471903
vn -0.121676 -0.893775 0.431695
vn -0.053031 -0.909006 0.413396
vn -0.025768 -0.772429 0.634579
vn -0.131331 -0.770008 0.624372
vn -0.053031 -0.909006 0.413396
vn 0.000000 -0.914619 0.404316
vn 0.000000 -0.764268 0.644899
vn -0.025768 -0.772429 0.634579
vn -0.151762 -0.868491 0.471903
vn -0.121676 -0.893775 0.431695
vn -0.131331 -0.770008 0.624372
vn -0.177576 -0.760522 0.624559
vn -0.131331 -0.770008 0.624372
vn -0.025768 -0.772429 0.634579
vn -0.004792 -0.605468 0.795855
vn -0.109217 -0.610565 0.784399
vn -0.025768 -0.772429 0.634579
vn 0.000000 -0.764268 0.644899
vn 0.000000 -0.593431 0.804885
vn -0.004792 -0.605468 0.795855
vn -0.177576 -0.760522 0.624559
vn -0.131331 -0.770008 0.624372
vn -0.109217 -0.610565 0.784399
vn -0.187513 -0.643800 0.741863
vn -0.094742 -0.943924 0.316278
vn -0.114222 -0.925852 0.360210
vn -0.052206 -0.909338 0.412769
vn -0.052206 -0.909338 0.412769
vn -0.114222 -0.925852 0.360210
vn -0.151762 -0.868491 0.471903
vn -0.068276 -0.850075 0.522217
vn -0.044137 -0.760824 0.647455
vn -0.068276 -0.850075 0.522217
vn -0.151762 -0.868491 0.471903
vn -0.177576 -0.760522 0.624559
vn -0.033836 -0.668237 0.743179
vn -0.044137 -0.760824 0.647455
vn -0.177576 -0.760522 0.624559
vn -0.187513 -0.643800 0.741863
vn -0.004792 -0.605468 0.795855
vn 0.000000 -0.593431 0.804885
vn 0.000000 -0.465469 0.885064
vn -0.017031 -0.461082 0.887194
vn -0.109217 -0.610565 0.784399
vn -0.004792 -0.605468 0.795855
vn -0.017031 -0.461082 0.887194
vn -0.066220 -0.458795 0.886071
vn -0.187513 -0.643800 0.741863
vn -0.109217 -0.610565 0.784399
vn -0.066220 -0.458795 0.886071
vn -0.187407 -0.504485 0.842836
vn -0.187513 -0.643800 0.741863
vn -0.187407 -0.504485 0.842836
vn -0.058033 -0.602540 0.795976
vn -0.033836 -0.668237 0.743179
vn -0.109468 -0.445953 0.888337
vn -0.058033 -0.602540 0.795976
vn -0.187407 -0.504485 0.842836
vn -0.017031 -0.461082 0.887194
vn 0.000000 -0.465469 0.885064
vn 0.000000 -0.459499 0.888178
vn -0.024568 -0.454452 0.890432
vn -0.024568 -0.454452 0.890432
vn -0.062657 -0.446256 0.892709
vn -0.066220 -0.458795 0.886071
vn -0.017031 -0.461082 0.887194
vn -0.187407 -0.504485 0.842836
vn -0.066220 -0.458795 0.886071
vn -0.062657 -0.446256 0.892709
vn -0.109468 -0.445953 0.888337
vn -0.286338 0.399678 0.870786
vn -0.506959 0.383339 0.772038
vn -0.475266 -0.209832 0.854455
vn -0.247970 -0.328811 0.911260
vn -0.506959 0.383339 0.772038
vn -0.286338 0.399678 0.870786
vn -0.294587 0.700806 0.649684
vn -0.483967 0.636643 0.600384
vn -0.247970 -0.328811 0.911260
vn 0.000000 -0.470646 0.882322
vn -0.506959 0.383339 0.772038
vn -0.735508 0.285661 0.614350
vn -0.669861 -0.207081 0.713024
vn -0.475266 -0.209832 0.854455
vn -0.742713 0.544301 0.390018
vn -0.735508 0.285661 0.614350
vn -0.506959 0.383339 0.772038
vn -0.483967 0.636643 0.600384
vn -0.735508 0.285661 0.614350
vn -0.944540 0.205480 0.256169
vn -0.833268 -0.257941 0.489010
vn -0.669861 -0.207081 0.713024
vn -0.742713 0.544301 0.390018
vn -0.890713 0.451230 0.054975
vn -0.944540 0.205480 0.256169
vn -0.735508 0.285661 0.614350
vn -0.944540 0.205480 0.256169
vn -0.992126 0.124674 -0.011965
vn -0.899792 -0.342839 0.269881
vn -0.833268 -0.257941 0.489010
vn -0.890713 0.451230 0.054975
vn -0.920360 0.354837 -0.164403
vn -0.992126 0.124674 -0.011965
vn -0.944540 0.205480 0.256169
vn -0.992126 0.124674 -0.011965
vn -0.990762 -0.000122 -0.135610
vn -0.914377 -0.373197 0.156969
vn -0.899792 -0.342839 0.269881
vn -0.920360 0.354837 -0.164403
vn -0.927279 0.221466 -0.301838
vn -0.990762 -0.000122 -0.135610
vn -0.992126 0.124674 -0.011965
vn -0.990762 -0.000122 -0.135610
vn -0.953682 -0.137211 -0.267702
vn -0.920246 -0.391326 0.003327
vn -0.914377 -0.373197 0.156969
vn -0.927279 0.221466 -0.301838
vn -0.896400 0.042630 -0.441191
vn -0.953682 -0.137211 -0.267702
vn -0.990762 -0.000122 -0.135610
vn -0.953682 -0.137211 -0.267702
vn -0.849853 -0.329041 -0.411682
vn -0.831410 -0.544170 -0.112409
vn -0.920246 -0.391326 0.003327
vn -0.896400 0.042630 -0.441191
vn -0.822520 -0.155509 -0.547063
vn -0.849853 -0.329041 -0.411682
vn -0.953682 -0.137211 -0.267702
vn -0.849853 -0.329041 -0.411682
vn -0.703059 -0.502668 -0.503024
vn -0.669673 -0.696559 -0.257573
vn -0.831410 -0.544170 -0.112409
vn -0.822520 -0.155509 -0.547063
vn -0.751471 -0.351684 -0.558220
vn -0.703059 -0.502668 -0.503024
vn -0.849853 -0.329041 -0.411682
vn -0.563938 -0.683832 -0.462977
vn -0.366647 -0.810061 -0.457571
vn -0.336740 -0.874098 -0.350084
vn -0.548952 -0.745070 -0.378844
vn -0.578960 -0.629641 -0.518033
vn -0.385416 -0.749250 -0.538590
vn -0.366647 -0.810061 -0.457571
vn -0.563938 -0.683832 -0.462977
vn -0.366647 -0.810061 -0.457571
vn 0.000000 -0.897485 -0.441046
vn 0.000000 -0.962978 -0.269582
vn -0.336740 -0.874098 -0.350084
vn -0.385416 -0.749250 -0.538590
vn 0.000000 -0.815349 -0.578970
vn 0.000000 -0.897485 -0.441046
vn -0.366647 -0.810061 -0.457571
vn 0.000000 0.915700 0.401863
vn -0.268970 0.883536 0.383432
vn 0.000000 0.915700 0.401863
vn 0.000000 0.997284 -0.073647
vn -0.264795 0.960525 -0.085293
vn -0.268970 0.883536 0.383432
vn 0.000000 0.997284 -0.073647
vn 0.000000 0.915859 -0.401500
vn -0.305450 0.868600 -0.390171
vn -0.264795 0.960525 -0.085293
vn 0.000000 0.915859 -0.401500
vn 0.000000 0.717520 -0.696538
vn -0.342239 0.664104 -0.664709
vn -0.305450 0.868600 -0.390171
vn 0.000000 0.717520 -0.696538
vn 0.000000 0.463996 -0.885837
vn -0.412588 0.397753 -0.819490
vn -0.342239 0.664104 -0.664709
vn 0.000000 0.463996 -0.885837
vn 0.000000 0.300007 -0.953937
vn -0.498124 0.228795 -0.836376
vn -0.412588 0.397753 -0.819490
vn 0.000000 0.300007 -0.953937
vn 0.000000 0.018332 -0.999832
vn -0.521505 0.018579 -0.853046
vn -0.498124 0.228795 -0.836376
vn 0.000000 0.018332 -0.999832
vn 0.000000 -0.608060 -0.793891
vn -0.589944 -0.432328 -0.681952
vn -0.521505 0.018579 -0.853046
vn 0.000000 -0.608060 -0.793891
vn 0.000000 -0.992385 -0.123174
vn -0.460261 -0.884720 -0.073692
vn -0.589944 -0.432328 -0.681952
vn 0.000000 -0.992385 -0.123174
vn 0.000000 -0.925542 0.378646
vn -0.288476 -0.899236 0.328871
vn -0.460261 -0.884720 -0.073692
vn -0.294587 0.700806 0.649684
vn -0.268970 0.883536 0.383432
vn -0.481005 0.809045 0.337758
vn -0.483967 0.636643 0.600384
vn -0.268970 0.883536 0.383432
vn -0.264795 0.960525 -0.085293
vn -0.511601 0.852464 -0.107562
vn -0.481005 0.809045 0.337758
vn -0.264795 0.960525 -0.085293
vn -0.305450 0.868600 -0.390171
vn -0.574013 0.741842 -0.346669
vn -0.511601 0.852464 -0.107562
vn -0.305450 0.868600 -0.390171
vn -0.342239 0.664104 -0.664709
vn -0.607827 0.548453 -0.574235
vn -0.574013 0.741842 -0.346669
vn -0.342239 0.664104 -0.664709
vn -0.412588 0.397753 -0.819490
vn -0.633558 0.289639 -0.717436
vn -0.607827 0.548453 -0.574235
vn -0.412588 0.397753 -0.819490
vn -0.498124 0.228795 -0.836376
vn -0.689102 0.113367 -0.715742
vn -0.633558 0.289639 -0.717436
vn -0.498124 0.228795 -0.836376
vn -0.521505 0.018579 -0.853046
vn -0.759310 -0.024835 -0.650255
vn -0.689102 0.113367 -0.715742
vn -0.483967 0.636643 0.600384
vn -0.481005 0.809045 0.337758
vn -0.700194 0.675770 0.230357
vn -0.742713 0.544301 0.390018
vn -0.481005 0.809045 0.337758
vn -0.511601 0.852464 -0.107562
vn -0.773085 0.630328 -0.070892
vn -0.700194 0.675770 0.230357
vn -0.511601 0.852464 -0.107562
vn -0.574013 0.741842 -0.346669
vn -0.806933 0.530284 -0.260113
vn -0.773085 0.630328 -0.070892
vn -0.574013 0.741842 -0.346669
vn -0.607827 0.548453 -0.574235
vn -0.813325 0.381201 -0.439532
vn -0.806933 0.530284 -0.260113
vn -0.607827 0.548453 -0.574235
vn -0.633558 0.289639 -0.717436
vn -0.781680 0.182986 -0.596231
vn -0.813325 0.381201 -0.439532
vn -0.633558 0.289639 -0.717436
vn -0.689102 0.113367 -0.715742
vn -0.765946 -0.025321 -0.642406
vn -0.781680 0.182986 -0.596231
vn -0.589944 -0.432328 -0.681952
vn -0.808430 -0.393698 -0.437543
vn -0.759310 -0.024835 -0.650255
vn -0.521505 0.018579 -0.853046
vn -0.460261 -0.884720 -0.073692
vn -0.710951 -0.700492 -0.062131
vn -0.808430 -0.393698 -0.437543
vn -0.589944 -0.432328 -0.681952
vn -0.460261 -0.884720 -0.073692
vn -0.288476 -0.899236 0.328871
vn -0.481855 -0.842884 0.239507
vn -0.710951 -0.700492 -0.062131
vn -0.689102 0.113367 -0.715742
vn -0.759310 -0.024835 -0.650255
vn -0.804880 -0.196417 -0.559989
vn -0.765946 -0.025321 -0.642406
vn -0.808430 -0.393698 -0.437543
vn -0.804880 -0.196417 -0.559989
vn -0.759310 -0.024835 -0.650255
vn -0.710951 -0.700492 -0.062131
vn -0.751471 -0.351684 -0.558220
vn -0.804880 -0.196417 -0.559989
vn -0.808430 -0.393698 -0.437543
vn -0.703059 -0.502668 -0.503024
vn -0.563938 -0.683832 -0.462977
vn -0.548952 -0.745070 -0.378844
vn -0.669673 -0.696559 -0.257573
vn -0.751471 -0.351684 -0.558220
vn -0.578960 -0.629641 -0.518033
vn -0.563938 -0.683832 -0.462977
vn -0.703059 -0.502668 -0.503024
vn -0.710951 -0.700492 -0.062131
vn -0.481855 -0.842884 0.239507
vn -0.751471 -0.351684 -0.558220
vn -0.751471 -0.351684 -0.558220
vn -0.822520 -0.155509 -0.547063
vn -0.765946 -0.025321 -0.642406
vn -0.804880 -0.196417 -0.559989
vn -0.822520 -0.155509 -0.547063
vn -0.896400 0.042630 -0.441191
vn -0.781680 0.182986 -0.596231
vn -0.765946 -0.025321 -0.642406
vn -0.896400 0.042630 -0.441191
vn -0.927279 0.221466 -0.301838
vn -0.813325 0.381201 -0.439532
vn -0.781680 0.182986 -0.596231
vn -0.927279 0.221466 -0.301838
vn -0.920360 0.354837 -0.164403
vn -0.806933 0.530284 -0.260113
vn -0.813325 0.381201 -0.439532
vn -0.806933 0.530284 -0.260113
vn -0.920360 0.354837 -0.164403
vn -0.890713 0.451230 0.054975
vn -0.773085 0.630328 -0.070892
vn -0.890713 0.451230 0.054975
vn -0.742713 0.544301 0.390018
vn -0.700194 0.675770 0.230357
vn -0.773085 0.630328 -0.070892
vn 0.015885 -0.960121 0.279132
vn 0.038035 -0.956556 0.289056
vn 0.000000 -0.960218 0.279253
vn 0.000000 -0.961871 0.273505
vn 0.054717 -0.954331 0.293698
vn 0.083244 -0.944908 0.316573
vn 0.038035 -0.956556 0.289056
vn 0.015885 -0.960121 0.279132
vn 0.094742 -0.943923 0.316280
vn 0.114222 -0.925852 0.360210
vn 0.083244 -0.944908 0.316573
vn 0.054717 -0.954331 0.293698
vn 0.083244 -0.944908 0.316573
vn 0.121676 -0.893775 0.431695
vn 0.053031 -0.909006 0.413396
vn 0.038035 -0.956556 0.289056
vn 0.038035 -0.956556 0.289056
vn 0.053031 -0.909006 0.413396
vn 0.000000 -0.914619 0.404316
vn 0.000000 -0.960218 0.279253
vn 0.114222 -0.925852 0.360210
vn 0.151762 -0.868491 0.471903
vn 0.121676 -0.893775 0.431695
vn 0.083244 -0.944908 0.316573
vn 0.121676 -0.893775 0.431695
vn 0.131331 -0.770008 0.624372
vn 0.025768 -0.772429 0.634579
vn 0.053031 -0.909006 0.413396
vn 0.053031 -0.909006 0.413396
vn 0.025768 -0.772429 0.634579
vn 0.000000 -0.764268 0.644899
vn 0.000000 -0.914619 0.404316
vn 0.151762 -0.868491 0.471903
vn 0.177576 -0.760522 0.624558
vn 0.131331 -0.770008 0.624372
vn 0.121676 -0.893775 0.431695
vn 0.131331 -0.770008 0.624372
vn 0.109217 -0.610565 0.784399
vn 0.004792 -0.605468 0.795855
vn 0.025768 -0.772429 0.634579
vn 0.025768 -0.772429 0.634579
vn 0.004792 -0.605468 0.795855
vn 0.000000 -0.593431 0.804885
vn 0.000000 -0.764268 0.644899
vn 0.177576 -0.760522 0.624558
vn 0.187513 -0.643800 0.741863
vn 0.109217 -0.610565 0.784399
vn 0.131331 -0.770008 0.624372
vn 0.094742 -0.943923 0.316280
vn 0.052206 -0.909338 0.412769
vn 0.114222 -0.925852 0.360210
vn 0.052206 -0.909338 0.412769
vn 0.068276 -0.850075 0.522217
vn 0.151762 -0.868491 0.471903
vn 0.114222 -0.925852 0.360210
vn 0.044137 -0.760825 0.647455
vn 0.177576 -0.760522 0.624558
vn 0.151762 -0.868491 0.471903
vn 0.068276 -0.850075 0.522217
vn 0.033836 -0.668237 0.743179
vn 0.187513 -0.643800 0.741863
vn 0.177576 -0.760522 0.624558
vn 0.044137 -0.760825 0.647455
vn 0.004792 -0.605468 0.795855
vn 0.017031 -0.461082 0.887194
vn 0.000000 -0.465469 0.885064
vn 0.000000 -0.593431 0.804885
vn 0.109217 -0.610565 0.784399
vn 0.066220 -0.458795 0.886071
vn 0.017031 -0.461082 0.887194
vn 0.004792 -0.605468 0.795855
vn 0.187513 -0.643800 0.741863
vn 0.187407 -0.504485 0.842837
vn 0.066220 -0.458795 0.886071
vn 0.109217 -0.610565 0.784399
vn 0.187513 -0.643800 0.741863
vn 0.033836 -0.668237 0.743179
vn 0.058033 -0.602540 0.795976
vn 0.187407 -0.504485 0.842837
vn 0.109468 -0.445953 0.888337
vn 0.187407 -0.504485 0.842837
vn 0.058033 -0.602540 0.795976
vn 0.017031 -0.461082 0.887194
vn 0.024568 -0.454452 0.890432
vn 0.000000 -0.459499 0.888178
vn 0.000000 -0.465469 0.885064
vn 0.024568 -0.454452 0.890432
vn 0.017031 -0.461082 0.887194
vn 0.066220 -0.458795 0.886071
vn 0.062657 -0.446256 0.892709
vn 0.187407 -0.504485 0.842837
vn 0.109468 -0.445953 0.888337
vn 0.062657 -0.446256 0.892709
vn 0.066220 -0.458795 0.886071
s 1
g Dwarf_low1 DwarfHat_low
usemtl lambert2SG
f 178/238/659 179/239/660 180/240/661 181/241/662
f 181/241/662 182/242/663 177/243/664 178/238/659
f 178/238/659 177/243/664 172/244/665 173/245/666
f 173/245/667 171/246/668 179/239/660 178/238/659
f 181/241/662 180/240/661 174/247/669 175/248/670
f 176/249/671 182/242/663 181/241/662 175/248/670
s off
f 175/248/672 174/247/673 183/250/674 184/251/675
s 1
f 176/249/671 175/248/670 184/251/676 185/252/677
s off
f 184/251/678 183/250/679 186/253/680 187/254/681
f 185/252/682 184/251/683 187/254/684 188/255/685
f 187/254/686 186/253/687 189/256/688 190/257/689
f 188/255/690 187/254/691 190/257/692 191/258/693
f 190/257/694 189/256/695 192/259/696 193/260/697
f 191/258/698 190/257/699 193/260/700 194/261/701
f 193/260/702 192/259/703 195/262/704 196/263/705
f 194/261/706 193/260/707 196/263/708 197/264/709
f 196/263/710 195/262/711 242/265/712 243/266/713
f 197/264/714 196/263/715 243/266/716 241/267/717
f 199/268/718 198/269/719 201/270/720 202/271/721
f 200/272/722 199/268/723 202/271/724 203/273/725
f 202/271/726 201/270/727 204/274/728 205/275/729
f 203/273/730 202/271/731 205/275/732 206/276/733
s 1
f 172/244/665 177/243/664 208/277/734 207/278/735
s off
f 207/278/736 208/277/737 210/279/738 209/280/739
f 209/280/740 210/279/741 212/281/742 211/282/743
f 211/282/744 212/281/745 214/283/746 213/284/747
f 213/284/748 214/283/749 216/285/750 215/286/751
f 215/286/752 216/285/753 218/287/754 217/288/755
s 2
f 217/288/756 218/287/757 220/289/758 219/290/759
s off
f 219/290/760 220/289/761 222/291/762 221/292/763
f 221/292/764 222/291/765 224/293/766 223/294/767
f 223/294/768 224/293/769 203/295/770 206/296/771
s 1
f 177/243/664 182/242/663 225/297/772 208/277/734
s off
f 208/277/773 225/297/774 226/298/775 210/279/776
f 210/279/777 226/298/778 227/299/779 212/281/780
f 212/281/781 227/299/782 228/300/783 214/283/784
f 214/283/785 228/300/786 229/301/787 216/285/788
f 216/285/789 229/301/790 230/302/791 218/287/792
s 2
f 218/287/757 230/302/793 231/303/794 220/289/758
s 1
f 182/242/663 176/249/671 232/304/795 225/297/772
s off
f 225/297/796 232/304/797 233/305/798 226/298/799
f 226/298/800 233/305/801 234/306/802 227/299/803
f 227/299/804 234/306/805 235/307/806 228/300/807
f 228/300/808 235/307/809 236/308/810 229/301/811
f 229/301/812 236/308/813 237/309/814 230/302/815
f 222/291/816 220/289/817 231/303/818 238/310/819
f 224/293/820 222/291/821 238/310/822 239/311/823
f 224/293/824 239/311/825 200/312/826 203/295/827
f 230/302/828 237/309/829 240/313/830 231/303/831
f 238/310/832 231/303/833 240/313/834
f 239/311/835 238/310/836 240/313/837 241/267/838
f 243/266/839 242/265/840 198/269/841 199/268/842
f 241/267/843 243/266/844 199/268/845 200/272/846
f 239/311/847 241/267/848 200/312/849
f 241/267/850 240/313/851 237/309/852 197/264/853
f 197/264/854 237/309/855 236/308/856 194/261/857
f 194/261/858 236/308/859 235/307/860 191/258/861
f 191/258/862 235/307/863 234/306/864 188/255/865
f 234/306/866 233/305/867 185/252/868 188/255/869
s 1
f 185/252/870 233/305/871 232/304/795 176/249/671
s off
f 179/314/872 171/315/873 244/316/874 245/317/875
f 180/318/876 179/314/877 245/317/878 246/319/879
f 174/320/880 180/318/881 246/319/882 247/321/883
f 246/319/884 245/317/885 248/322/886 249/323/887
f 245/317/888 244/316/889 250/324/890 248/322/891
f 247/321/892 246/319/893 249/323/894 251/325/895
f 249/323/896 248/322/897 252/326/898 253/327/899
f 248/322/900 250/324/901 254/328/902 252/326/903
f 251/325/904 249/323/905 253/327/906 255/329/907
f 253/327/908 252/326/909 262/330/910 263/331/911
f 252/326/912 254/328/913 261/332/914 262/330/915
f 255/329/916 253/327/917 263/331/918 260/333/919
f 174/320/920 247/321/921 183/334/922
f 183/334/923 247/321/924 251/325/925 186/335/926
f 189/336/927 186/335/928 251/325/929 255/329/930
f 192/337/931 189/336/932 255/329/933 260/333/934
f 262/330/935 261/332/936 258/338/937 256/339/938
f 263/331/939 262/330/940 256/339/941 257/340/942
f 260/333/943 263/331/944 257/340/945 259/341/946
f 260/333/947 259/341/948 195/342/949 192/337/950
f 242/343/951 195/342/952 259/341/953
f 256/339/954 258/338/955 204/344/956 201/345/957
f 201/345/958 198/346/959 257/340/960 256/339/961
f 259/341/962 257/340/963 198/346/964 242/343/965
f 268/347/966 271/348/967 270/349/968 269/350/969
s 1
f 271/348/970 268/347/971 267/351/972 272/352/973
f 268/347/971 173/245/666 172/244/665 267/351/972
f 173/245/666 268/347/971 269/350/974 171/246/975
s off
f 271/348/976 265/353/977 264/354/978 270/349/979
f 266/355/980 265/353/981 271/348/982 272/352/983
f 265/353/984 274/356/985 273/357/986 264/354/987
f 266/355/988 275/358/989 274/356/990 265/353/991
f 274/356/992 277/359/993 276/360/994 273/357/995
f 275/358/996 278/361/997 277/359/998 274/356/999
f 277/359/1000 280/362/1001 279/363/1002 276/360/1003
f 278/361/1004 281/364/1005 280/362/1006 277/359/1007
f 280/362/1008 283/365/1009 282/366/1010 279/363/1011
f 281/364/1012 284/367/1013 283/365/1014 280/362/1015
f 283/365/1016 286/368/1017 285/369/1018 282/366/1019
f 284/367/1020 287/370/1021 286/368/1022 283/365/1023
f 286/368/1024 321/371/1025 320/372/1026 285/369/1027
f 287/370/1028 319/373/1029 321/371/1030 286/368/1031
f 289/374/1032 292/375/1033 291/376/1034 288/377/1035
f 290/378/1036 293/379/1037 292/375/1038 289/374/1039
f 292/375/1040 205/275/1041 204/274/1042 291/376/1043
f 293/379/1044 206/276/1045 205/275/1046 292/375/1047
s 1
f 172/244/665 207/278/1048 294/380/1049 267/351/972
s off
f 207/278/1050 209/280/1051 295/381/1052 294/380/1053
f 209/280/1054 211/282/1055 296/382/1056 295/381/1057
f 211/282/1058 213/284/1059 297/383/1060 296/382/1061
f 213/284/1062 215/286/1063 298/384/1064 297/383/1065
f 215/286/1066 217/288/1067 299/385/1068 298/384/1069
f 217/288/1070 219/290/1071 300/386/1072 299/385/1073
f 219/290/1074 221/292/1075 301/387/1076 300/386/1077
f 221/292/1078 223/294/1079 302/388/1080 301/387/1081
f 223/294/1082 206/296/1083 293/389/1084 302/388/1085
f 267/351/1086 294/380/1087 303/390/1088 272/352/1089
f 294/380/1090 295/381/1091 304/391/1092 303/390/1093
f 295/381/1094 296/382/1095 305/392/1096 304/391/1097
f 296/382/1098 297/383/1099 306/393/1100 305/392/1101
f 297/383/1102 298/384/1103 307/394/1104 306/393/1105
f 298/384/1106 299/385/1107 308/395/1108 307/394/1109
f 299/385/1110 300/386/1111 309/396/1112 308/395/1113
f 272/352/1114 303/390/1115 310/397/1116 266/355/1117
f 303/390/1118 304/391/1119 311/398/1120 310/397/1121
f 304/391/1122 305/392/1123 312/399/1124 311/398/1125
f 305/392/1126 306/393/1127 313/400/1128 312/399/1129
f 306/393/1130 307/394/1131 314/401/1132 313/400/1133
f 307/394/1134 308/395/1135 315/402/1136 314/401/1137
f 301/387/1138 316/403/1139 309/396/1140 300/386/1141
f 302/388/1142 317/404/1143 316/403/1144 301/387/1145
f 302/388/1146 293/389/1147 290/405/1148 317/404/1149
f 308/395/1150 309/396/1151 318/406/1152 315/402/1153
f 316/403/1154 318/406/1155 309/396/1156
f 317/404/1157 319/373/1158 318/406/1159 316/403/1160
f 321/371/1161 289/374/1162 288/377/1163 320/372/1164
f 319/373/1165 290/378/1166 289/374/1167 321/371/1168
f 317/404/1169 290/405/1170 319/373/1171
f 319/373/1172 287/370/1173 315/402/1174 318/406/1175
f 287/370/1176 284/367/1177 314/401/1178 315/402/1179
f 284/367/1180 281/364/1181 313/400/1182 314/401/1183
f 281/364/1184 278/361/1185 312/399/1186 313/400/1187
f 312/399/1188 278/361/1189 275/358/1190 311/398/1191
f 275/358/1192 266/355/1193 310/397/1194 311/398/1195
f 269/407/1196 322/408/1197 244/316/1198 171/315/1199
f 270/409/1200 323/410/1201 322/408/1202 269/407/1203
f 264/411/1204 324/412/1205 323/410/1206 270/409/1207
f 323/410/1208 326/413/1209 325/414/1210 322/408/1211
f 322/408/1212 325/414/1213 250/324/1214 244/316/1215
f 324/412/1216 327/415/1217 326/413/1218 323/410/1219
f 326/413/1220 329/416/1221 328/417/1222 325/414/1223
f 325/414/1224 328/417/1225 254/328/1226 250/324/1227
f 327/415/1228 330/418/1229 329/416/1230 326/413/1231
f 329/416/1232 336/419/1233 335/420/1234 328/417/1235
f 328/417/1236 335/420/1237 261/332/1238 254/328/1239
f 330/418/1240 334/421/1241 336/419/1242 329/416/1243
f 264/411/1244 273/422/1245 324/412/1246
f 273/422/1247 276/423/1248 327/415/1249 324/412/1250
f 279/424/1251 330/418/1252 327/415/1253 276/423/1254
f 282/425/1255 334/421/1256 330/418/1257 279/424/1258
f 335/420/1259 331/426/1260 258/338/1261 261/332/1262
f 336/419/1263 332/427/1264 331/426/1265 335/420/1266
f 334/421/1267 333/428/1268 332/427/1269 336/419/1270
f 334/421/1271 282/425/1272 285/429/1273 333/428/1274
f 320/430/1275 333/428/1276 285/429/1277
f 331/426/1278 291/431/1279 204/344/1280 258/338/1281
f 291/431/1282 331/426/1283 332/427/1284 288/432/1285
f 333/428/1286 320/430/1287 288/432/1288 332/427/1289
g default
v 0.055329 1.691250 0.295580
v -0.000396 1.711277 0.319595
v -0.000396 1.618653 0.361367
v 0.012673 1.625875 0.350630
v 0.105577 1.735438 0.236602
v -0.000396 1.795328 0.274200
v 0.205367 1.799757 -0.059748
v -0.000396 1.888759 -0.082560
v 0.235545 1.706863 -0.250154
v -0.000396 1.778729 -0.283707
v 0.130829 1.768624 -0.273661
v 0.120126 1.868274 -0.076566
v 0.057461 1.777095 0.264336
v 0.032478 1.706051 0.317129
v 0.168652 1.802347 0.104540
v 0.095174 1.861958 0.100596
v -0.000396 1.880401 0.102907
v 0.232803 1.569697 -0.362018
v 0.137503 1.606596 -0.395136
v -0.000396 1.630125 -0.442121
v 0.220399 1.422036 -0.393167
v 0.124565 1.443410 -0.432838
v -0.000396 1.462942 -0.471588
v 0.177234 1.275806 -0.362345
v 0.098207 1.294095 -0.402710
v -0.000396 1.301742 -0.430436
v 0.113451 1.112664 -0.312633
v 0.070810 1.177933 -0.354604
v -0.000396 1.191569 -0.379256
v 0.080584 1.080679 -0.299416
v -0.000396 1.106623 -0.322748
v -0.000396 1.029850 -0.268353
v 0.078800 1.665797 0.301766
v 0.139383 1.695487 0.239399
v 0.241977 1.777447 0.109870
v 0.347408 1.645140 0.110517
v 0.289398 1.632713 0.146460
v 0.364466 1.574369 0.107984
v 0.331454 1.577796 0.145483
v 0.284361 1.764996 -0.040743
v 0.318011 1.652817 -0.221706
v 0.316379 1.522990 -0.303433
v 0.281226 1.369323 -0.318362
v 0.235973 1.254343 -0.323147
v 0.175267 1.118159 -0.301849
v 0.116717 1.080805 -0.284864
v 0.150816 1.073872 -0.282564
v 0.302333 1.721250 0.114374
v 0.223195 1.683785 0.186679
v 0.268064 1.223721 -0.262588
v 0.223798 1.148335 -0.271284
v 0.339144 1.714795 -0.021825
v 0.363683 1.581811 -0.170441
v 0.346198 1.438628 -0.228473
v 0.355174 1.530039 0.123121
v 0.339925 1.538768 0.142656
v 0.369466 1.637724 0.009544
v 0.344913 1.397688 -0.188612
v 0.304605 1.302500 -0.234649
v 0.367920 1.567560 0.040338
v 0.355296 1.481281 -0.093550
v 0.354235 1.510079 0.064804
v 0.331927 1.460268 0.153464
v 0.338005 1.459193 0.133553
v 0.338696 1.488560 0.139456
v 0.346179 1.477345 0.110317
v -0.000396 1.027899 -0.253945
v 0.080552 1.105148 -0.277480
v 0.116730 1.099494 -0.271598
v 0.147481 1.093406 -0.268043
v 0.213906 1.165789 -0.254418
v 0.243809 1.222331 -0.246619
v 0.279273 1.305274 -0.216907
v 0.318875 1.396409 -0.171572
v 0.321832 1.466942 -0.087787
v 0.321520 1.492100 0.070578
v 0.322287 1.487693 0.107640
v 0.328397 1.459849 0.131185
v 0.321397 1.461312 0.149152
v 0.327694 1.489285 0.140918
v 0.326470 1.536432 0.141837
v 0.321438 1.571171 0.138109
v 0.280461 1.624489 0.139712
v 0.212037 1.669011 0.177191
v 0.135586 1.681857 0.231016
v 0.072384 1.661197 0.296045
v -0.000396 1.614172 0.352513
v 0.011708 1.623833 0.345359
v 0.052970 1.674609 0.295818
v -0.000396 1.206176 -0.298601
v -0.000396 1.476768 -0.208001
v -0.000396 1.633840 0.090170
v -0.000396 1.675354 0.227844
v -0.000396 1.639724 0.322008
v 0.049961 1.688358 0.276885
v 0.083133 1.666638 0.172716
v 0.130861 1.631319 0.074328
v 0.110525 1.464212 -0.197686
v 0.092193 1.202815 -0.284021
v 0.150026 1.192028 -0.256609
v 0.212839 1.431768 -0.183486
v 0.250630 1.590481 0.057960
v 0.190925 1.658145 0.146690
v 0.122827 1.668891 0.207306
v 0.166360 1.255725 -0.245094
v 0.187660 1.339716 -0.223502
v 0.241901 1.509579 -0.079370
v 0.131226 1.539524 -0.084411
v -0.000396 1.554665 -0.086834
v 0.104676 1.360948 -0.260127
v -0.000396 1.368692 -0.283348
v 0.093932 1.263640 -0.277716
v -0.000396 1.263702 -0.295890
v 0.380052 1.508742 -0.138528
v -0.056121 1.691250 0.295580
v -0.013466 1.625875 0.350630
v -0.106370 1.735438 0.236602
v -0.206159 1.799757 -0.059748
v -0.236337 1.706863 -0.250154
v -0.131621 1.768624 -0.273661
v -0.120918 1.868274 -0.076566
v -0.058254 1.777095 0.264336
v -0.033270 1.706051 0.317129
v -0.169444 1.802347 0.104540
v -0.095966 1.861958 0.100596
v -0.233595 1.569697 -0.362018
v -0.138296 1.606596 -0.395136
v -0.221191 1.422036 -0.393167
v -0.125357 1.443410 -0.432838
v -0.178027 1.275806 -0.362345
v -0.098999 1.294095 -0.402710
v -0.114244 1.112664 -0.312633
v -0.071602 1.177933 -0.354604
v -0.081376 1.080679 -0.299416
v -0.079592 1.665797 0.301766
v -0.140176 1.695487 0.239399
v -0.242770 1.777447 0.109870
v -0.348200 1.645140 0.110517
v -0.290190 1.632713 0.146460
v -0.365258 1.574369 0.107984
v -0.332246 1.577796 0.145483
v -0.285153 1.764996 -0.040743
v -0.318804 1.652817 -0.221706
v -0.317172 1.522990 -0.303433
v -0.282019 1.369323 -0.318362
v -0.236766 1.254343 -0.323147
v -0.176060 1.118159 -0.301849
v -0.117510 1.080805 -0.284864
v -0.151608 1.073872 -0.282564
v -0.303126 1.721250 0.114374
v -0.223988 1.683785 0.186679
v -0.268857 1.223721 -0.262588
v -0.224590 1.148335 -0.271284
v -0.339936 1.714795 -0.021825
v -0.364476 1.581811 -0.170441
v -0.346990 1.438628 -0.228473
v -0.355966 1.530039 0.123121
v -0.340717 1.538768 0.142656
v -0.370259 1.637724 0.009544
v -0.345705 1.397688 -0.188612
v -0.305397 1.302500 -0.234649
v -0.368713 1.567560 0.040338
v -0.356088 1.481281 -0.093550
v -0.355027 1.510079 0.064804
v -0.332719 1.460268 0.153464
v -0.338797 1.459193 0.133553
v -0.339488 1.488560 0.139456
v -0.346971 1.477345 0.110317
v -0.081344 1.105148 -0.277480
v -0.117522 1.099494 -0.271598
v -0.148274 1.093406 -0.268043
v -0.214698 1.165789 -0.254418
v -0.244601 1.222331 -0.246619
v -0.280066 1.305274 -0.216907
v -0.319668 1.396409 -0.171572
v -0.322625 1.466942 -0.087787
v -0.322313 1.492100 0.070578
v -0.323079 1.487693 0.107640
v -0.329189 1.459849 0.131185
v -0.322190 1.461312 0.149152
v -0.328487 1.489285 0.140918
v -0.327262 1.536432 0.141837
v -0.322230 1.571171 0.138109
v -0.281253 1.624489 0.139712
v -0.212829 1.669011 0.177191
v -0.136379 1.681857 0.231016
v -0.073176 1.661197 0.296045
v -0.012500 1.623833 0.345359
v -0.053762 1.674609 0.295818
v -0.050753 1.688358 0.276885
v -0.083926 1.666638 0.172716
v -0.131653 1.631319 0.074328
v -0.111318 1.464212 -0.197686
v -0.092986 1.202815 -0.284021
v -0.150818 1.192028 -0.256609
v -0.213631 1.431768 -0.183486
v -0.251423 1.590481 0.057960
v -0.191718 1.658145 0.146690
v -0.123620 1.668891 0.207306
v -0.167152 1.255725 -0.245094
v -0.188452 1.339716 -0.223502
v -0.242693 1.509579 -0.079370
v -0.132018 1.539524 -0.084411
v -0.105468 1.360948 -0.260127
v -0.094724 1.263640 -0.277716
v -0.380845 1.508742 -0.138528
vt 0.575507 0.726632
vt 0.567262 0.726885
vt 0.562423 0.710277
vt 0.572579 0.742632
vt 0.587809 0.743027
vt 0.596473 0.773067
vt 0.578430 0.773606
vt 0.580549 0.802350
vt 0.599196 0.803718
vt 0.601578 0.841351
vt 0.581780 0.837672
vt 0.601530 0.871958
vt 0.584164 0.870573
vt 0.559982 0.837904
vt 0.560122 0.871227
vt 0.559826 0.801845
vt 0.559555 0.743167
vt 0.559697 0.773231
vt 0.559476 0.727113
vt 0.559378 0.709062
vt 0.602188 0.898008
vt 0.583283 0.898533
vt 0.560229 0.897399
vt 0.598751 0.925411
vt 0.580723 0.924679
vt 0.560334 0.924090
vt 0.587370 0.959579
vt 0.576324 0.947711
vt 0.560415 0.944783
vt 0.581226 0.968803
vt 0.560486 0.963200
vt 0.560550 0.979917
vt 0.582196 0.724475
vt 0.598951 0.739603
vt 0.627171 0.780052
vt 0.619657 0.756186
vt 0.641754 0.771612
vt 0.643641 0.787342
vt 0.656778 0.783549
vt 0.656932 0.794608
vt 0.575931 0.723333
vt 0.582369 0.722698
vt 0.611628 0.776188
vt 0.614384 0.804966
vt 0.618265 0.844195
vt 0.620257 0.872074
vt 0.620949 0.901945
vt 0.613572 0.926266
vt 0.601230 0.954442
vt 0.598002 0.963855
vt 0.591564 0.966542
vt 0.627485 0.807098
vt 0.634600 0.846126
vt 0.638856 0.878207
vt 0.638544 0.910778
vt 0.626612 0.931127
vt 0.614879 0.948391
vt 0.664891 0.788741
vt 0.665636 0.794705
vt 0.642555 0.808741
vt 0.647929 0.882333
vt 0.655621 0.809392
vt 0.667549 0.809464
vt 0.674475 0.793562
vt 0.675382 0.800705
vt 0.657558 0.848516
vt 0.679955 0.793720
vt 0.679272 0.796752
vt 0.560561 0.982770
vt 0.585893 0.973728
vt 0.594240 0.969950
vt 0.601730 0.965720
vt 0.620204 0.949178
vt 0.630047 0.935330
vt 0.644061 0.912687
vt 0.653817 0.882607
vt 0.663810 0.851392
vt 0.674481 0.811572
vt 0.678851 0.804739
vt 0.681109 0.797375
vt 0.681266 0.792717
vt 0.675186 0.791356
vt 0.666038 0.786382
vt 0.658329 0.781451
vt 0.643354 0.769492
vt 0.622146 0.753165
vt 0.601342 0.737428
vt 0.559368 0.707534
vt 0.563318 0.709695
vt 0.766907 0.958614
vt 0.756635 0.969920
vt 0.756605 0.950244
vt 0.772461 0.939237
vt 0.756564 0.923081
vt 0.781365 0.919740
vt 0.781261 0.885872
vt 0.756510 0.887715
vt 0.756471 0.861920
vt 0.776731 0.861252
vt 0.756342 0.776614
vt 0.772155 0.791830
vt 0.773961 0.810114
vt 0.756393 0.810217
vt 0.796182 0.857989
vt 0.802408 0.882504
vt 0.804435 0.912695
vt 0.792845 0.933705
vt 0.780160 0.945469
vt 0.782720 0.950444
vt 0.796937 0.939627
vt 0.810371 0.929121
vt 0.825672 0.904324
vt 0.817889 0.875106
vt 0.816492 0.853993
vt 0.792466 0.838501
vt 0.810025 0.833705
vt 0.803740 0.816130
vt 0.789105 0.821568
vt 0.786102 0.809080
vt 0.798205 0.804780
vt 0.771819 0.964026
vt 0.758864 0.975178
vt 0.756646 0.977330
vt 0.767405 0.962777
vt 0.775605 0.839367
vt 0.774239 0.821278
vt 0.756437 0.838848
vt 0.756409 0.820474
vt 0.785384 0.790333
vt 0.779410 0.791219
vt 0.830528 0.909311
vt 0.821654 0.923423
vt 0.837400 0.909638
vt 0.839430 0.912614
vt 0.834179 0.914437
vt 0.827336 0.920029
vt 0.647357 0.851843
vt 0.543440 0.726788
vt 0.556346 0.710312
vt 0.551688 0.726962
vt 0.546527 0.742754
vt 0.531301 0.743288
vt 0.522919 0.773396
vt 0.540967 0.773774
vt 0.539107 0.802532
vt 0.538183 0.837860
vt 0.518416 0.841708
vt 0.520471 0.804063
vt 0.518721 0.872308
vt 0.536075 0.870776
vt 0.537183 0.898725
vt 0.518273 0.898358
vt 0.539950 0.924847
vt 0.521928 0.925727
vt 0.544529 0.947840
vt 0.533575 0.959796
vt 0.539789 0.968969
vt 0.520127 0.739967
vt 0.536731 0.724695
vt 0.492284 0.780648
vt 0.475879 0.788079
vt 0.477624 0.772338
vt 0.499578 0.756726
vt 0.462653 0.795457
vt 0.462708 0.784400
vt 0.536540 0.722920
vt 0.542982 0.723495
vt 0.507792 0.776649
vt 0.505295 0.805443
vt 0.501753 0.844694
vt 0.499994 0.872582
vt 0.499543 0.902449
vt 0.507113 0.926702
vt 0.519674 0.954770
vt 0.529434 0.966791
vt 0.522975 0.964155
vt 0.492212 0.807688
vt 0.485434 0.846763
vt 0.481445 0.878868
vt 0.482018 0.911421
vt 0.494110 0.931666
vt 0.505978 0.948830
vt 0.453950 0.795629
vt 0.454642 0.789660
vt 0.477156 0.809460
vt 0.472405 0.883066
vt 0.464094 0.810225
vt 0.452166 0.810399
vt 0.444257 0.801712
vt 0.445101 0.794562
vt 0.462495 0.849347
vt 0.440332 0.797794
vt 0.439623 0.794768
vt 0.535160 0.973930
vt 0.526784 0.970219
vt 0.519261 0.966049
vt 0.500659 0.949659
vt 0.490708 0.935894
vt 0.476516 0.913372
vt 0.466520 0.883387
vt 0.456268 0.852276
vt 0.445254 0.812568
vt 0.440823 0.805776
vt 0.438501 0.798433
vt 0.438303 0.793776
vt 0.444371 0.792362
vt 0.453475 0.787311
vt 0.461139 0.782316
vt 0.476005 0.770232
vt 0.497061 0.753729
vt 0.517715 0.737815
vt 0.555444 0.709739
vt 0.746328 0.958645
vt 0.740716 0.939285
vt 0.731752 0.919815
vt 0.731754 0.885947
vt 0.736210 0.861313
vt 0.738825 0.810167
vt 0.740576 0.791877
vt 0.710597 0.882643
vt 0.716749 0.858110
vt 0.720315 0.933815
vt 0.708662 0.912840
vt 0.733035 0.945540
vt 0.730491 0.950523
vt 0.716241 0.939749
vt 0.702776 0.929284
vt 0.687400 0.904533
vt 0.695094 0.875292
vt 0.696427 0.854175
vt 0.702833 0.833868
vt 0.720406 0.838610
vt 0.709065 0.816273
vt 0.714565 0.804907
vt 0.726681 0.809170
vt 0.723716 0.821667
vt 0.741433 0.964072
vt 0.754421 0.975184
vt 0.745842 0.962810
vt 0.737270 0.839425
vt 0.738581 0.821332
vt 0.727343 0.790420
vt 0.733319 0.791289
vt 0.691476 0.923619
vt 0.682558 0.909535
vt 0.675687 0.909882
vt 0.678924 0.914672
vt 0.673666 0.912864
vt 0.685783 0.920243
vt 0.472725 0.852586
vn 0.614781 0.307389 0.726331
vn 0.453468 0.356887 0.816700
vn 0.424174 0.240579 0.873040
vn 0.429379 0.696258 0.575203
vn 0.530422 0.596483 0.602380
vn 0.529937 0.785794 0.318895
vn 0.408373 0.875897 0.256973
vn 0.371165 0.903749 -0.213248
vn 0.552683 0.816568 -0.166606
vn 0.553720 0.662130 -0.504953
vn 0.349914 0.752615 -0.557792
vn 0.544168 0.327798 -0.772289
vn 0.356416 0.438447 -0.825065
vn 0.349914 0.752615 -0.557792
vn 0.553720 0.662130 -0.504953
vn 0.000000 0.790714 -0.612186
vn 0.349914 0.752615 -0.557792
vn 0.356416 0.438447 -0.825065
vn 0.000000 0.473485 -0.880802
vn 0.000000 0.964971 -0.262357
vn 0.371165 0.903749 -0.213248
vn 0.349914 0.752615 -0.557792
vn 0.000000 0.790714 -0.612186
vn 0.000000 0.822723 0.568442
vn 0.429379 0.696258 0.575203
vn 0.408373 0.875897 0.256973
vn 0.000000 0.972258 0.233910
vn 0.000000 0.467312 0.884092
vn 0.000000 0.822723 0.568442
vn 0.000000 0.467312 0.884092
vn 0.000000 0.317260 0.948339
vn 0.371165 0.903749 -0.213248
vn 0.408373 0.875897 0.256973
vn 0.529937 0.785794 0.318895
vn 0.552683 0.816568 -0.166606
vn 0.000000 0.972258 0.233910
vn 0.408373 0.875897 0.256973
vn 0.371165 0.903749 -0.213248
vn 0.000000 0.964971 -0.262357
vn 0.356416 0.438447 -0.825065
vn 0.544168 0.327798 -0.772289
vn 0.517583 -0.062216 -0.853368
vn 0.336872 -0.017494 -0.941388
vn 0.000000 0.473485 -0.880802
vn 0.356416 0.438447 -0.825065
vn 0.336872 -0.017494 -0.941388
vn 0.000000 0.015037 -0.999887
vn 0.336872 -0.017494 -0.941388
vn 0.517583 -0.062216 -0.853368
vn 0.396618 -0.318324 -0.861025
vn 0.285524 -0.311791 -0.906235
vn 0.000000 0.015037 -0.999887
vn 0.336872 -0.017494 -0.941388
vn 0.285524 -0.311791 -0.906235
vn 0.000000 -0.304446 -0.952530
vn 0.285524 -0.311791 -0.906235
vn 0.396618 -0.318324 -0.861025
vn 0.235142 -0.426042 -0.873611
vn 0.245682 -0.428943 -0.869280
vn 0.000000 -0.304446 -0.952530
vn 0.285524 -0.311791 -0.906235
vn 0.245682 -0.428943 -0.869280
vn 0.000000 -0.448854 -0.893605
vn 0.245682 -0.428943 -0.869280
vn 0.235142 -0.426042 -0.873611
vn 0.223527 -0.694240 -0.684154
vn 0.000000 -0.526240 -0.850336
vn 0.000000 -0.526240 -0.850336
vn 0.223527 -0.694240 -0.684154
vn 0.000000 -0.974686 -0.223578
vn 0.560642 0.250713 0.789191
vn 0.468520 0.499921 0.728401
vn 0.700983 0.557187 0.445157
vn 0.496214 0.337380 0.799966
vn 0.494843 0.116068 0.861196
vn 0.842669 0.334868 0.421630
vn 0.842669 0.334868 0.421630
vn 0.494843 0.116068 0.861196
vn 0.510648 0.159661 0.844836
vn 0.946172 0.074453 0.314985
vn 0.673197 -0.278997 0.684811
vn 0.481142 -0.611653 0.627999
vn 0.491163 0.792557 0.361403
vn 0.529937 0.785794 0.318895
vn 0.529937 0.785794 0.318895
vn 0.491163 0.792557 0.361403
vn 0.611499 0.776073 -0.154207
vn 0.552683 0.816568 -0.166606
vn 0.729444 0.527227 -0.435824
vn 0.553720 0.662130 -0.504953
vn 0.552683 0.816568 -0.166606
vn 0.611499 0.776073 -0.154207
vn 0.553720 0.662130 -0.504953
vn 0.729444 0.527227 -0.435824
vn 0.789948 0.142413 -0.596406
vn 0.544168 0.327798 -0.772289
vn 0.750925 -0.175924 -0.636524
vn 0.517583 -0.062216 -0.853368
vn 0.544168 0.327798 -0.772289
vn 0.789948 0.142413 -0.596406
vn 0.517583 -0.062216 -0.853368
vn 0.750925 -0.175924 -0.636524
vn 0.606325 -0.314181 -0.730520
vn 0.396618 -0.318324 -0.861025
vn 0.396618 -0.318324 -0.861025
vn 0.606325 -0.314181 -0.730520
vn 0.415499 -0.397621 -0.818082
vn 0.235142 -0.426042 -0.873611
vn 0.235142 -0.426042 -0.873611
vn 0.415499 -0.397621 -0.818082
vn 0.345556 -0.908507 -0.234961
vn -0.002066 -0.942752 -0.333488
vn 0.468520 0.499921 0.728401
vn 0.496214 0.337380 0.799966
vn 0.700983 0.557187 0.445157
vn 0.491163 0.792557 0.361403
vn 0.611499 0.776073 -0.154207
vn 0.491163 0.792557 0.361403
vn 0.700983 0.557187 0.445157
vn 0.851395 0.520578 -0.064220
vn 0.729444 0.527227 -0.435824
vn 0.611499 0.776073 -0.154207
vn 0.851395 0.520578 -0.064220
vn 0.927373 0.270233 -0.258754
vn 0.789948 0.142413 -0.596406
vn 0.729444 0.527227 -0.435824
vn 0.927373 0.270233 -0.258754
vn 0.909897 -0.081909 -0.406667
vn 0.750925 -0.175924 -0.636524
vn 0.789948 0.142413 -0.596406
vn 0.909897 -0.081909 -0.406667
vn 0.902898 -0.349647 -0.250046
vn 0.850843 -0.408947 -0.329893
vn 0.606325 -0.314181 -0.730520
vn 0.750925 -0.175924 -0.636524
vn 0.902898 -0.349647 -0.250046
vn 0.606325 -0.314181 -0.730520
vn 0.850843 -0.408947 -0.329893
vn 0.793065 -0.516912 -0.322259
vn 0.415499 -0.397621 -0.818082
vn 0.345556 -0.908507 -0.234961
vn 0.415499 -0.397621 -0.818082
vn 0.793065 -0.516912 -0.322259
vn 0.946172 0.074453 0.314985
vn 0.510648 0.159661 0.844836
vn 0.580381 0.034510 0.813614
vn 0.958298 -0.135955 0.251358
vn 0.700983 0.557187 0.445157
vn 0.842669 0.334868 0.421630
vn 0.974873 0.218339 0.044162
vn 0.851395 0.520578 -0.064220
vn 0.909897 -0.081909 -0.406667
vn 0.909122 -0.403237 0.104389
vn 0.902898 -0.349647 -0.250046
vn 0.842669 0.334868 0.421630
vn 0.946172 0.074453 0.314985
vn 0.989383 -0.096993 0.108228
vn 0.974873 0.218339 0.044162
vn 0.989383 -0.096993 0.108228
vn 0.946172 0.074453 0.314985
vn 0.958298 -0.135955 0.251358
vn 0.825566 -0.558020 0.083993
vn 0.825566 -0.558020 0.083993
vn 0.958298 -0.135955 0.251358
vn 0.881402 -0.121544 0.456461
vn 0.849344 -0.522397 -0.075604
vn 0.867030 -0.449862 0.214204
vn 0.989383 -0.096993 0.108228
vn 0.825566 -0.558020 0.083993
vn 0.958298 -0.135955 0.251358
vn 0.580381 0.034510 0.813614
vn 0.881402 -0.121544 0.456461
vn 0.849344 -0.522397 -0.075604
vn 0.881402 -0.121544 0.456461
vn 0.687882 -0.181707 0.702710
vn 0.812017 -0.580221 -0.063017
vn 0.000000 -0.849747 0.527191
vn 0.000000 -0.974686 -0.223578
vn 0.223527 -0.694240 -0.684154
vn 0.349329 -0.717865 0.602196
vn -0.230289 -0.602003 0.764565
vn -0.002066 -0.942752 -0.333488
vn 0.345556 -0.908507 -0.234961
vn 0.279473 -0.540738 0.793409
vn 0.279473 -0.540738 0.793409
vn 0.345556 -0.908507 -0.234961
vn 0.793065 -0.516912 -0.322259
vn 0.478321 -0.443230 0.758127
vn 0.478321 -0.443230 0.758127
vn 0.793065 -0.516912 -0.322259
vn 0.850843 -0.408947 -0.329893
vn 0.509639 -0.436830 0.741247
vn 0.509639 -0.436830 0.741247
vn 0.850843 -0.408947 -0.329893
vn 0.902898 -0.349647 -0.250046
vn 0.471696 -0.513243 0.716997
vn 0.471696 -0.513243 0.716997
vn 0.902898 -0.349647 -0.250046
vn 0.909122 -0.403237 0.104389
vn 0.432664 -0.638792 0.636197
vn 0.432664 -0.638792 0.636197
vn 0.909122 -0.403237 0.104389
vn 0.867030 -0.449862 0.214204
vn 0.447412 -0.830464 0.331892
vn 0.397583 -0.916624 0.041574
vn 0.825566 -0.558020 0.083993
vn 0.849344 -0.522397 -0.075604
vn 0.054804 -0.881397 -0.469186
vn 0.054804 -0.881397 -0.469186
vn 0.849344 -0.522397 -0.075604
vn 0.812017 -0.580221 -0.063017
vn -0.126045 -0.827280 -0.547467
vn -0.126045 -0.827280 -0.547467
vn 0.812017 -0.580221 -0.063017
vn 0.687882 -0.181707 0.702710
vn -0.153250 -0.258214 0.953855
vn -0.153250 -0.258214 0.953855
vn 0.687882 -0.181707 0.702710
vn 0.881402 -0.121544 0.456461
vn -0.015729 0.119595 0.992698
vn -0.015729 0.119595 0.992698
vn 0.881402 -0.121544 0.456461
vn 0.580381 0.034510 0.813614
vn -0.118313 -0.044424 0.991982
vn -0.118313 -0.044424 0.991982
vn 0.580381 0.034510 0.813614
vn 0.510648 0.159661 0.844836
vn -0.366144 -0.220383 0.904085
vn -0.366144 -0.220383 0.904085
vn 0.510648 0.159661 0.844836
vn 0.494843 0.116068 0.861196
vn -0.134924 -0.505539 0.852189
vn -0.134924 -0.505539 0.852189
vn 0.494843 0.116068 0.861196
vn 0.496214 0.337380 0.799966
vn 0.211197 -0.621751 0.754202
vn 0.211197 -0.621751 0.754202
vn 0.496214 0.337380 0.799966
vn 0.468520 0.499921 0.728401
vn 0.478511 -0.650925 0.589342
vn 0.478511 -0.650925 0.589342
vn 0.468520 0.499921 0.728401
vn 0.560642 0.250713 0.789191
vn 0.481142 -0.611653 0.627999
vn -0.000001 -0.929528 0.368752
vn 0.858482 -0.326789 0.395243
vn 0.145953 -0.986491 -0.074390
vn 0.000000 -0.952302 -0.305158
vn 0.000000 -0.988289 0.152595
vn 0.018379 -0.958747 0.283665
vn 0.018379 -0.958747 0.283665
vn 0.000000 -0.988289 0.152595
vn 0.000000 -0.914232 0.405190
vn -0.093043 -0.890918 0.444532
vn -0.158315 -0.841136 0.517134
vn 0.000000 -0.869189 0.494481
vn 0.000000 -0.719156 0.694848
vn -0.219888 -0.678779 0.700648
vn 0.000000 0.183540 0.983012
vn -0.092724 0.153259 0.983826
vn -0.187649 0.058441 0.980496
vn 0.000000 0.099191 0.995068
vn -0.219888 -0.678779 0.700648
vn -0.293323 -0.593011 0.749866
vn -0.393113 -0.780328 0.486365
vn -0.158315 -0.841136 0.517134
vn -0.093043 -0.890918 0.444532
vn -0.417550 -0.791463 0.446361
vn -0.195913 -0.883947 0.424566
vn 0.018379 -0.958747 0.283665
vn 0.018379 -0.958747 0.283665
vn -0.195913 -0.883947 0.424566
vn -0.071813 -0.987567 0.139834
vn 0.145953 -0.986491 -0.074390
vn -0.083570 -0.996474 -0.007421
vn -0.071813 -0.987567 0.139834
vn -0.080102 -0.916775 0.391290
vn -0.080102 -0.916775 0.391290
vn -0.071813 -0.987567 0.139834
vn -0.195913 -0.883947 0.424566
vn -0.572939 -0.664163 0.480237
vn -0.572939 -0.664163 0.480237
vn -0.195913 -0.883947 0.424566
vn -0.417550 -0.791463 0.446361
vn -0.678187 -0.656551 0.330156
vn -0.499090 -0.732153 0.463531
vn -0.393113 -0.780328 0.486365
vn -0.293323 -0.593011 0.749866
vn -0.271858 -0.560631 0.782167
vn -0.271858 -0.560631 0.782167
vn -0.293323 -0.593011 0.749866
vn -0.280985 -0.302404 0.910823
vn -0.177264 -0.310992 0.933735
vn -0.105008 -0.209218 0.972215
vn -0.267076 -0.161741 0.950006
vn -0.226658 -0.075435 0.971049
vn -0.076723 -0.125722 0.989094
vn -0.177264 -0.310992 0.933735
vn -0.280985 -0.302404 0.910823
vn -0.267076 -0.161741 0.950006
vn -0.105008 -0.209218 0.972215
vn -0.678187 -0.656551 0.330156
vn -0.417550 -0.791463 0.446361
vn -0.393113 -0.780328 0.486365
vn -0.499090 -0.732153 0.463531
vn -0.158315 -0.841136 0.517134
vn -0.393113 -0.780328 0.486365
vn -0.417550 -0.791463 0.446361
vn -0.093043 -0.890918 0.444532
vn -0.093043 -0.890918 0.444532
vn 0.000000 -0.914232 0.405190
vn 0.000000 -0.869189 0.494481
vn -0.158315 -0.841136 0.517134
vn 0.145953 -0.986491 -0.074390
vn -0.071813 -0.987567 0.139834
vn -0.083570 -0.996474 -0.007421
vn -0.182272 -0.964566 -0.190761
vn 0.207427 -0.762239 -0.613161
vn 0.000000 -0.766602 -0.642123
vn 0.000000 -0.952302 -0.305158
vn 0.130471 -0.782902 -0.608310
vn 0.207427 -0.762239 -0.613161
vn 0.000000 -0.952302 -0.305158
vn 0.145953 -0.986491 -0.074390
vn -0.182272 -0.964566 -0.190761
vn 0.130471 -0.782902 -0.608310
vn 0.145953 -0.986491 -0.074390
vn -0.277275 -0.339114 0.898955
vn -0.280985 -0.302404 0.910823
vn -0.293323 -0.593011 0.749866
vn -0.219888 -0.678779 0.700648
vn -0.267076 -0.161741 0.950006
vn -0.280985 -0.302404 0.910823
vn -0.277275 -0.339114 0.898955
vn -0.293901 -0.108775 0.949626
vn -0.293901 -0.108775 0.949626
vn -0.277275 -0.339114 0.898955
vn 0.000000 -0.376204 0.926537
vn 0.000000 -0.113946 0.993487
vn -0.293901 -0.108775 0.949626
vn 0.000000 -0.113946 0.993487
vn 0.000000 0.099191 0.995068
vn -0.187649 0.058441 0.980496
vn -0.187649 0.058441 0.980496
vn -0.226658 -0.075435 0.971049
vn -0.267076 -0.161741 0.950006
vn -0.293901 -0.108775 0.949626
vn -0.098341 -0.112101 0.988819
vn -0.076723 -0.125722 0.989094
vn -0.226658 -0.075435 0.971049
vn -0.230886 -0.028572 0.972561
vn 0.000000 -0.376204 0.926537
vn -0.277275 -0.339114 0.898955
vn -0.219888 -0.678779 0.700648
vn 0.000000 -0.719156 0.694848
vn -0.572939 -0.664163 0.480237
vn -0.678187 -0.656551 0.330156
vn -0.892287 -0.282412 0.352233
vn -0.852492 -0.335305 0.401035
vn -0.999447 -0.013849 -0.030225
vn -0.999447 -0.013849 -0.030225
vn -0.990203 -0.048974 0.130768
vn -0.892287 -0.282412 0.352233
vn -0.990203 -0.048974 0.130768
vn -0.974356 -0.067078 0.214781
vn -0.852492 -0.335305 0.401035
vn -0.892287 -0.282412 0.352233
vn -0.187649 0.058441 0.980496
vn -0.092724 0.153259 0.983826
vn -0.230886 -0.028572 0.972561
vn -0.226658 -0.075435 0.971049
vn 0.349329 -0.717865 0.602196
vn 0.223527 -0.694240 -0.684154
vn -0.002066 -0.942752 -0.333488
vn -0.230289 -0.602003 0.764565
vn 0.235142 -0.426042 -0.873611
vn -0.002066 -0.942752 -0.333488
vn 0.223527 -0.694240 -0.684154
vn 0.996341 -0.007392 -0.085149
vn 0.974873 0.218339 0.044162
vn 0.989383 -0.096993 0.108228
vn 0.867030 -0.449862 0.214204
vn 0.397583 -0.916624 0.041574
vn 0.447412 -0.830464 0.331892
vn 0.867030 -0.449862 0.214204
vn 0.825566 -0.558020 0.083993
vn 0.927373 0.270233 -0.258754
vn 0.851395 0.520578 -0.064220
vn 0.974873 0.218339 0.044162
vn 0.996341 -0.007392 -0.085149
vn 0.909897 -0.081909 -0.406667
vn 0.927373 0.270233 -0.258754
vn 0.996341 -0.007392 -0.085149
vn 0.909122 -0.403237 0.104389
vn 0.909122 -0.403237 0.104389
vn 0.996341 -0.007392 -0.085149
vn 0.867030 -0.449862 0.214204
vn -0.614776 0.307388 0.726335
vn -0.424166 0.240589 0.873041
vn -0.453462 0.356887 0.816703
vn -0.429378 0.696258 0.575204
vn -0.530422 0.596482 0.602380
vn -0.614776 0.307388 0.726335
vn -0.453462 0.356887 0.816703
vn -0.529937 0.785794 0.318895
vn -0.530422 0.596482 0.602380
vn -0.429378 0.696258 0.575204
vn -0.408373 0.875897 0.256973
vn -0.371165 0.903749 -0.213248
vn -0.349914 0.752615 -0.557792
vn -0.553720 0.662130 -0.504953
vn -0.552683 0.816568 -0.166606
vn -0.544168 0.327798 -0.772289
vn -0.553720 0.662130 -0.504953
vn -0.349914 0.752615 -0.557792
vn -0.356416 0.438447 -0.825065
vn 0.000000 0.790714 -0.612186
vn 0.000000 0.473485 -0.880802
vn -0.356416 0.438447 -0.825065
vn -0.349914 0.752615 -0.557792
vn 0.000000 0.964971 -0.262357
vn 0.000000 0.790714 -0.612186
vn -0.349914 0.752615 -0.557792
vn -0.371165 0.903749 -0.213248
vn 0.000000 0.822723 0.568442
vn 0.000000 0.972258 0.233910
vn -0.408373 0.875897 0.256973
vn -0.429378 0.696258 0.575204
vn 0.000000 0.467312 0.884092
vn 0.000000 0.822723 0.568442
vn -0.429378 0.696258 0.575204
vn -0.453462 0.356887 0.816703
vn -0.424166 0.240589 0.873041
vn 0.000000 0.317260 0.948339
vn 0.000000 0.467312 0.884092
vn -0.453462 0.356887 0.816703
vn -0.371165 0.903749 -0.213248
vn -0.552683 0.816568 -0.166606
vn -0.529937 0.785794 0.318895
vn -0.408373 0.875897 0.256973
vn 0.000000 0.972258 0.233910
vn 0.000000 0.964971 -0.262357
vn -0.371165 0.903749 -0.213248
vn -0.408373 0.875897 0.256973
vn -0.356416 0.438447 -0.825065
vn -0.336872 -0.017494 -0.941388
vn -0.517583 -0.062216 -0.853368
vn -0.544168 0.327798 -0.772289
vn 0.000000 0.473485 -0.880802
vn 0.000000 0.015037 -0.999887
vn -0.336872 -0.017494 -0.941388
vn -0.356416 0.438447 -0.825065
vn -0.336872 -0.017494 -0.941388
vn -0.285524 -0.311790 -0.906236
vn -0.396618 -0.318324 -0.861025
vn -0.517583 -0.062216 -0.853368
vn 0.000000 0.015037 -0.999887
vn 0.000000 -0.304446 -0.952530
vn -0.285524 -0.311790 -0.906236
vn -0.336872 -0.017494 -0.941388
vn -0.285524 -0.311790 -0.906236
vn -0.245682 -0.428943 -0.869280
vn -0.235142 -0.426042 -0.873611
vn -0.396618 -0.318324 -0.861025
vn 0.000000 -0.304446 -0.952530
vn 0.000000 -0.448854 -0.893605
vn -0.245682 -0.428943 -0.869280
vn -0.285524 -0.311790 -0.906236
vn -0.245682 -0.428943 -0.869280
vn 0.000000 -0.526240 -0.850336
vn -0.223527 -0.694240 -0.684154
vn -0.235142 -0.426042 -0.873611
vn 0.000000 -0.526240 -0.850336
vn 0.000000 -0.974686 -0.223578
vn -0.223527 -0.694240 -0.684154
vn -0.530422 0.596482 0.602380
vn -0.468520 0.499921 0.728401
vn -0.560642 0.250714 0.789191
vn -0.614776 0.307388 0.726335
vn -0.700983 0.557187 0.445157
vn -0.842669 0.334868 0.421630
vn -0.494843 0.116068 0.861196
vn -0.496215 0.337381 0.799966
vn -0.842669 0.334868 0.421630
vn -0.946172 0.074453 0.314985
vn -0.510648 0.159661 0.844835
vn -0.494843 0.116068 0.861196
vn -0.560642 0.250714 0.789191
vn -0.481143 -0.611653 0.627998
vn -0.673198 -0.278997 0.684811
vn -0.614776 0.307388 0.726335
vn -0.530422 0.596482 0.602380
vn -0.529937 0.785794 0.318895
vn -0.491163 0.792558 0.361402
vn -0.468520 0.499921 0.728401
vn -0.529937 0.785794 0.318895
vn -0.552683 0.816568 -0.166606
vn -0.611499 0.776073 -0.154208
vn -0.491163 0.792558 0.361402
vn -0.729445 0.527227 -0.435824
vn -0.611499 0.776073 -0.154208
vn -0.552683 0.816568 -0.166606
vn -0.553720 0.662130 -0.504953
vn -0.553720 0.662130 -0.504953
vn -0.544168 0.327798 -0.772289
vn -0.789948 0.142413 -0.596406
vn -0.729445 0.527227 -0.435824
vn -0.750925 -0.175924 -0.636524
vn -0.789948 0.142413 -0.596406
vn -0.544168 0.327798 -0.772289
vn -0.517583 -0.062216 -0.853368
vn -0.517583 -0.062216 -0.853368
vn -0.396618 -0.318324 -0.861025
vn -0.606325 -0.314181 -0.730521
vn -0.750925 -0.175924 -0.636524
vn -0.396618 -0.318324 -0.861025
vn -0.235142 -0.426042 -0.873611
vn -0.415499 -0.397621 -0.818082
vn -0.606325 -0.314181 -0.730521
vn -0.235142 -0.426042 -0.873611
vn 0.002066 -0.942753 -0.333485
vn -0.345556 -0.908508 -0.234958
vn -0.415499 -0.397621 -0.818082
vn -0.468520 0.499921 0.728401
vn -0.491163 0.792558 0.361402
vn -0.700983 0.557187 0.445157
vn -0.496215 0.337381 0.799966
vn -0.611499 0.776073 -0.154208
vn -0.851395 0.520578 -0.064220
vn -0.700983 0.557187 0.445157
vn -0.491163 0.792558 0.361402
vn -0.729445 0.527227 -0.435824
vn -0.927373 0.270233 -0.258754
vn -0.851395 0.520578 -0.064220
vn -0.611499 0.776073 -0.154208
vn -0.789948 0.142413 -0.596406
vn -0.909897 -0.081909 -0.406667
vn -0.927373 0.270233 -0.258754
vn -0.729445 0.527227 -0.435824
vn -0.750925 -0.175924 -0.636524
vn -0.902898 -0.349647 -0.250046
vn -0.909897 -0.081909 -0.406667
vn -0.789948 0.142413 -0.596406
vn -0.850843 -0.408947 -0.329893
vn -0.902898 -0.349647 -0.250046
vn -0.750925 -0.175924 -0.636524
vn -0.606325 -0.314181 -0.730521
vn -0.606325 -0.314181 -0.730521
vn -0.415499 -0.397621 -0.818082
vn -0.793065 -0.516912 -0.322259
vn -0.850843 -0.408947 -0.329893
vn -0.345556 -0.908508 -0.234958
vn -0.793065 -0.516912 -0.322259
vn -0.415499 -0.397621 -0.818082
vn -0.946172 0.074453 0.314985
vn -0.958298 -0.135955 0.251358
vn -0.580380 0.034510 0.813614
vn -0.510648 0.159661 0.844835
vn -0.700983 0.557187 0.445157
vn -0.851395 0.520578 -0.064220
vn -0.974873 0.218339 0.044162
vn -0.842669 0.334868 0.421630
vn -0.909897 -0.081909 -0.406667
vn -0.902898 -0.349647 -0.250046
vn -0.909122 -0.403237 0.104389
vn -0.842669 0.334868 0.421630
vn -0.974873 0.218339 0.044162
vn -0.989383 -0.096994 0.108228
vn -0.946172 0.074453 0.314985
vn -0.989383 -0.096994 0.108228
vn -0.825566 -0.558020 0.083993
vn -0.958298 -0.135955 0.251358
vn -0.946172 0.074453 0.314985
vn -0.825566 -0.558020 0.083993
vn -0.849344 -0.522397 -0.075603
vn -0.881402 -0.121544 0.456462
vn -0.958298 -0.135955 0.251358
vn -0.867030 -0.449862 0.214204
vn -0.825566 -0.558020 0.083993
vn -0.989383 -0.096994 0.108228
vn -0.958298 -0.135955 0.251358
vn -0.881402 -0.121544 0.456462
vn -0.580380 0.034510 0.813614
vn -0.849344 -0.522397 -0.075603
vn -0.812018 -0.580221 -0.063017
vn -0.687882 -0.181707 0.702710
vn -0.881402 -0.121544 0.456462
vn 0.000000 -0.849747 0.527191
vn -0.349329 -0.717865 0.602195
vn -0.223527 -0.694240 -0.684154
vn 0.000000 -0.974686 -0.223578
vn 0.230289 -0.602003 0.764565
vn -0.279474 -0.540738 0.793408
vn -0.345556 -0.908508 -0.234958
vn 0.002066 -0.942753 -0.333485
vn -0.279474 -0.540738 0.793408
vn -0.478321 -0.443230 0.758127
vn -0.793065 -0.516912 -0.322259
vn -0.345556 -0.908508 -0.234958
vn -0.478321 -0.443230 0.758127
vn -0.509640 -0.436830 0.741247
vn -0.850843 -0.408947 -0.329893
vn -0.793065 -0.516912 -0.322259
vn -0.509640 -0.436830 0.741247
vn -0.471696 -0.513243 0.716997
vn -0.902898 -0.349647 -0.250046
vn -0.850843 -0.408947 -0.329893
vn -0.471696 -0.513243 0.716997
vn -0.432664 -0.638792 0.636197
vn -0.909122 -0.403237 0.104389
vn -0.902898 -0.349647 -0.250046
vn -0.432664 -0.638792 0.636197
vn -0.447412 -0.830464 0.331892
vn -0.867030 -0.449862 0.214204
vn -0.909122 -0.403237 0.104389
vn -0.397583 -0.916624 0.041575
vn -0.054804 -0.881398 -0.469184
vn -0.849344 -0.522397 -0.075603
vn -0.825566 -0.558020 0.083993
vn -0.054804 -0.881398 -0.469184
vn 0.126045 -0.827280 -0.547467
vn -0.812018 -0.580221 -0.063017
vn -0.849344 -0.522397 -0.075603
vn 0.126045 -0.827280 -0.547467
vn 0.153250 -0.258215 0.953855
vn -0.687882 -0.181707 0.702710
vn -0.812018 -0.580221 -0.063017
vn 0.153250 -0.258215 0.953855
vn 0.015729 0.119594 0.992698
vn -0.881402 -0.121544 0.456462
vn -0.687882 -0.181707 0.702710
vn 0.015729 0.119594 0.992698
vn 0.118314 -0.044424 0.991982
vn -0.580380 0.034510 0.813614
vn -0.881402 -0.121544 0.456462
vn 0.118314 -0.044424 0.991982
vn 0.366143 -0.220382 0.904086
vn -0.510648 0.159661 0.844835
vn -0.580380 0.034510 0.813614
vn 0.366143 -0.220382 0.904086
vn 0.134923 -0.505539 0.852189
vn -0.494843 0.116068 0.861196
vn -0.510648 0.159661 0.844835
vn 0.134923 -0.505539 0.852189
vn -0.211198 -0.621752 0.754201
vn -0.496215 0.337381 0.799966
vn -0.494843 0.116068 0.861196
vn -0.211198 -0.621752 0.754201
vn -0.478512 -0.650926 0.589340
vn -0.468520 0.499921 0.728401
vn -0.496215 0.337381 0.799966
vn -0.478512 -0.650926 0.589340
vn -0.481143 -0.611653 0.627998
vn -0.560642 0.250714 0.789191
vn -0.468520 0.499921 0.728401
vn -0.424166 0.240589 0.873041
vn -0.858484 -0.326790 0.395238
vn -0.424166 0.240589 0.873041
vn -0.614776 0.307388 0.726335
vn -0.673198 -0.278997 0.684811
vn -0.858484 -0.326790 0.395238
vn -0.145953 -0.986491 -0.074390
vn -0.018379 -0.958747 0.283665
vn 0.000000 -0.988289 0.152595
vn 0.000000 -0.952302 -0.305158
vn -0.018379 -0.958747 0.283665
vn 0.093043 -0.890918 0.444532
vn 0.000000 -0.914232 0.405190
vn 0.000000 -0.988289 0.152595
vn 0.158315 -0.841136 0.517134
vn 0.219888 -0.678779 0.700648
vn 0.000000 -0.719156 0.694848
vn 0.000000 -0.869189 0.494481
vn 0.000000 0.183540 0.983012
vn 0.000000 0.099191 0.995068
vn 0.187649 0.058441 0.980496
vn 0.092724 0.153259 0.983826
vn 0.219888 -0.678779 0.700648
vn 0.158315 -0.841136 0.517134
vn 0.393113 -0.780328 0.486365
vn 0.293323 -0.593011 0.749866
vn 0.093043 -0.890918 0.444532
vn -0.018379 -0.958747 0.283665
vn 0.195913 -0.883947 0.424566
vn 0.417550 -0.791463 0.446361
vn -0.018379 -0.958747 0.283665
vn -0.145953 -0.986491 -0.074390
vn 0.071813 -0.987567 0.139834
vn 0.195913 -0.883947 0.424566
vn 0.083571 -0.996474 -0.007419
vn 0.080102 -0.916774 0.391292
vn 0.071813 -0.987567 0.139834
vn 0.080102 -0.916774 0.391292
vn 0.572939 -0.664163 0.480237
vn 0.195913 -0.883947 0.424566
vn 0.071813 -0.987567 0.139834
vn 0.572939 -0.664163 0.480237
vn 0.678187 -0.656551 0.330156
vn 0.417550 -0.791463 0.446361
vn 0.195913 -0.883947 0.424566
vn 0.499090 -0.732153 0.463531
vn 0.271858 -0.560631 0.782167
vn 0.293323 -0.593011 0.749866
vn 0.393113 -0.780328 0.486365
vn 0.271858 -0.560631 0.782167
vn 0.177264 -0.310991 0.933736
vn 0.280986 -0.302404 0.910823
vn 0.293323 -0.593011 0.749866
vn 0.105008 -0.209218 0.972215
vn 0.076723 -0.125722 0.989094
vn 0.226658 -0.075435 0.971049
vn 0.267076 -0.161741 0.950006
vn 0.177264 -0.310991 0.933736
vn 0.105008 -0.209218 0.972215
vn 0.267076 -0.161741 0.950006
vn 0.280986 -0.302404 0.910823
vn 0.678187 -0.656551 0.330156
vn 0.499090 -0.732153 0.463531
vn 0.393113 -0.780328 0.486365
vn 0.417550 -0.791463 0.446361
vn 0.158315 -0.841136 0.517134
vn 0.093043 -0.890918 0.444532
vn 0.417550 -0.791463 0.446361
vn 0.393113 -0.780328 0.486365
vn 0.093043 -0.890918 0.444532
vn 0.158315 -0.841136 0.517134
vn 0.000000 -0.869189 0.494481
vn 0.000000 -0.914232 0.405190
vn -0.145953 -0.986491 -0.074390
vn 0.182272 -0.964566 -0.190759
vn 0.083571 -0.996474 -0.007419
vn 0.071813 -0.987567 0.139834
vn -0.207427 -0.762240 -0.613159
vn 0.000000 -0.952302 -0.305158
vn 0.000000 -0.766602 -0.642123
vn -0.130471 -0.782904 -0.608308
vn -0.145953 -0.986491 -0.074390
vn 0.000000 -0.952302 -0.305158
vn -0.207427 -0.762240 -0.613159
vn 0.182272 -0.964566 -0.190759
vn -0.145953 -0.986491 -0.074390
vn -0.130471 -0.782904 -0.608308
vn 0.277275 -0.339114 0.898955
vn 0.219888 -0.678779 0.700648
vn 0.293323 -0.593011 0.749866
vn 0.280986 -0.302404 0.910823
vn 0.267076 -0.161741 0.950006
vn 0.293900 -0.108774 0.949627
vn 0.277275 -0.339114 0.898955
vn 0.280986 -0.302404 0.910823
vn 0.293900 -0.108774 0.949627
vn 0.000000 -0.113946 0.993487
vn 0.000000 -0.376204 0.926537
vn 0.277275 -0.339114 0.898955
vn 0.293900 -0.108774 0.949627
vn 0.187649 0.058441 0.980496
vn 0.000000 0.099191 0.995068
vn 0.000000 -0.113946 0.993487
vn 0.187649 0.058441 0.980496
vn 0.293900 -0.108774 0.949627
vn 0.267076 -0.161741 0.950006
vn 0.226658 -0.075435 0.971049
vn 0.098341 -0.112101 0.988819
vn 0.230886 -0.028572 0.972561
vn 0.226658 -0.075435 0.971049
vn 0.076723 -0.125722 0.989094
vn 0.000000 -0.376204 0.926537
vn 0.000000 -0.719156 0.694848
vn 0.219888 -0.678779 0.700648
vn 0.277275 -0.339114 0.898955
vn 0.572939 -0.664163 0.480237
vn 0.852491 -0.335306 0.401034
vn 0.892286 -0.282413 0.352233
vn 0.678187 -0.656551 0.330156
vn 0.999447 -0.013847 -0.030227
vn 0.892286 -0.282413 0.352233
vn 0.990203 -0.048973 0.130767
vn 0.999447 -0.013847 -0.030227
vn 0.990203 -0.048973 0.130767
vn 0.892286 -0.282413 0.352233
vn 0.852491 -0.335306 0.401034
vn 0.974356 -0.067078 0.214780
vn 0.187649 0.058441 0.980496
vn 0.226658 -0.075435 0.971049
vn 0.230886 -0.028572 0.972561
vn 0.092724 0.153259 0.983826
vn -0.349329 -0.717865 0.602195
vn 0.230289 -0.602003 0.764565
vn 0.002066 -0.942753 -0.333485
vn -0.223527 -0.694240 -0.684154
vn -0.235142 -0.426042 -0.873611
vn -0.223527 -0.694240 -0.684154
vn 0.002066 -0.942753 -0.333485
vn -0.996341 -0.007392 -0.085149
vn -0.867030 -0.449862 0.214204
vn -0.989383 -0.096994 0.108228
vn -0.974873 0.218339 0.044162
vn -0.397583 -0.916624 0.041575
vn -0.825566 -0.558020 0.083993
vn -0.867030 -0.449862 0.214204
vn -0.447412 -0.830464 0.331892
vn -0.927373 0.270233 -0.258754
vn -0.996341 -0.007392 -0.085149
vn -0.974873 0.218339 0.044162
vn -0.851395 0.520578 -0.064220
vn -0.909897 -0.081909 -0.406667
vn -0.909122 -0.403237 0.104389
vn -0.996341 -0.007392 -0.085149
vn -0.927373 0.270233 -0.258754
vn -0.909122 -0.403237 0.104389
vn -0.867030 -0.449862 0.214204
vn -0.996341 -0.007392 -0.085149
vn 0.000000 -0.448854 -0.893605
vn 0.245682 -0.428943 -0.869280
vn 0.000000 -0.526240 -0.850336
vn -0.245682 -0.428943 -0.869280
vn 0.000000 -0.448854 -0.893605
vn 0.000000 -0.526240 -0.850336
s 1
g Dwarf_low1 DwarfHair_low
usemtl lambert2SG
f 337/433/1290 350/434/1291 340/435/1292
f 349/436/1293 350/434/1291 337/433/1290 341/437/1294
f 351/438/1295 352/439/1296 349/436/1293 341/437/1294
s off
f 348/440/1297 343/441/1298 345/442/1299 347/443/1300
f 354/444/1301 355/445/1302 347/443/1303 345/442/1304
f 346/446/1305 347/443/1306 355/445/1307 356/447/1308
f 344/448/1309 348/440/1310 347/443/1311 346/446/1312
f 342/449/1313 349/436/1314 352/439/1315 353/450/1316
s 1
f 338/451/1317 350/434/1291 349/436/1293 342/449/1318
f 340/435/1292 350/434/1291 338/451/1319 339/452/1320
s off
f 348/440/1321 352/439/1322 351/438/1323 343/441/1324
f 353/450/1325 352/439/1326 348/440/1327 344/448/1328
f 355/445/1329 354/444/1330 357/453/1331 358/454/1332
f 356/447/1333 355/445/1334 358/454/1335 359/455/1336
f 358/454/1337 357/453/1338 360/456/1339 361/457/1340
f 359/455/1341 358/454/1342 361/457/1343 362/458/1344
f 361/457/1345 360/456/1346 363/459/1347 364/460/1348
f 362/458/1349 361/457/1350 364/460/1351 365/461/1352
f 364/460/1353 363/459/1354 366/462/1355 367/463/1356
f 367/463/1357 366/462/1358 368/464/1359
s 1
f 341/437/1294 337/433/1290 369/465/1360 370/466/1361
s off
f 384/467/1362 385/468/1363 373/469/1364 372/470/1365
f 372/470/1366 373/469/1367 375/471/1368 374/472/1369
s 1
f 369/465/1360 337/433/1290 425/473/1370 422/474/1371
f 341/437/1294 370/466/1361 371/475/1372 351/438/1373
s off
f 351/438/1374 371/475/1375 376/476/1376 343/441/1377
f 377/477/1378 345/442/1379 343/441/1380 376/476/1381
f 345/442/1382 377/477/1383 378/478/1384 354/444/1385
f 379/479/1386 357/453/1387 354/444/1388 378/478/1389
f 357/453/1390 379/479/1391 380/480/1392 360/456/1393
f 360/456/1394 380/480/1395 381/481/1396 363/459/1397
f 363/459/1398 381/481/1399 383/482/1400 382/483/1401
f 370/466/1402 385/468/1403 384/467/1404 371/475/1405
f 376/476/1406 371/475/1407 384/467/1408 388/484/1409
f 377/477/1410 376/476/1411 388/484/1412 389/485/1413
f 378/478/1414 377/477/1415 389/485/1416 390/486/1417
f 379/479/1418 378/478/1419 390/486/1420 395/487/1421
f 386/488/1422 380/480/1423 379/479/1424 395/487/1425
f 380/480/1426 386/488/1427 387/489/1428 381/481/1429
f 383/482/1430 381/481/1431 387/489/1432
f 374/472/1433 375/471/1434 392/490/1435 391/491/1436
f 384/467/1437 372/470/1438 393/492/1439 388/484/1440
f 390/486/1441 394/493/1442 395/487/1443
f 372/470/1444 374/472/1445 396/494/1446 393/492/1447
f 396/494/1448 374/472/1449 391/491/1450 398/495/1451
f 398/495/1452 391/491/1453 401/496/1454 402/497/1455
f 397/498/1456 396/494/1457 398/495/1458
f 391/491/1459 392/490/1460 401/496/1461
f 402/497/1462 401/496/1463 399/499/1464 400/500/1465
f 403/501/1466 368/464/1467 366/462/1468 404/502/1469
f 405/503/1470 382/483/1471 383/482/1472 406/504/1473
f 406/504/1474 383/482/1475 387/489/1476 407/505/1477
f 407/505/1478 387/489/1479 386/488/1480 408/506/1481
f 408/506/1482 386/488/1483 395/487/1484 409/507/1485
f 409/507/1486 395/487/1487 394/493/1488 410/508/1489
f 410/508/1490 394/493/1491 397/498/1492 411/509/1493
f 412/510/1494 398/495/1495 402/497/1496 413/511/1497
f 413/511/1498 402/497/1499 400/500/1500 414/512/1501
f 414/512/1502 400/500/1503 399/499/1504 415/513/1505
f 415/513/1506 399/499/1507 401/496/1508 416/514/1509
f 416/514/1510 401/496/1511 392/490/1512 417/515/1513
f 417/515/1514 392/490/1515 375/471/1516 418/516/1517
f 418/516/1518 375/471/1519 373/469/1520 419/517/1521
f 419/517/1522 373/469/1523 385/468/1524 420/518/1525
f 420/518/1526 385/468/1527 370/466/1528 421/519/1529
f 421/519/1530 370/466/1531 369/465/1532 422/474/1533
s 1
f 340/435/1292 339/452/1320 423/520/1534 424/521/1535
f 340/435/1292 424/521/1535 425/473/1370 337/433/1290
s off
f 431/522/1536 430/523/1537 429/524/1538 432/525/1539
f 432/525/1540 429/524/1541 428/526/1542 433/527/1543
f 444/528/1544 445/529/1545 427/530/1546 434/531/1547
f 403/532/1548 404/533/1549 435/534/1550 426/535/1551
f 434/531/1552 437/536/1553 443/537/1554 444/528/1555
f 433/527/1556 438/538/1557 439/539/1558 432/525/1559
f 432/525/1560 439/539/1561 440/540/1562 431/522/1563
f 421/541/1564 440/540/1565 420/542/1566
f 420/542/1567 440/540/1568 439/539/1569 419/543/1570
f 419/543/1571 439/539/1572 438/538/1573 412/544/1574
f 411/545/1575 443/537/1576 437/536/1577 410/546/1578
f 410/546/1579 437/536/1580 442/547/1581 409/548/1582
f 408/549/1583 441/550/1584 436/551/1585 407/552/1586
f 409/548/1587 442/547/1588 441/550/1589 408/549/1590
f 412/544/1591 438/538/1592 443/537/1593 411/545/1594
f 444/528/1595 443/537/1596 438/538/1597 433/527/1598
f 433/527/1599 428/526/1600 445/529/1601 444/528/1602
f 431/522/1603 440/540/1604 421/541/1605 422/553/1606
f 424/554/1607 423/555/1608 430/523/1609
f 425/556/1610 424/554/1611 430/523/1612 431/522/1613
f 422/553/1614 425/556/1615 431/522/1616
f 446/557/1617 442/547/1618 437/536/1619 434/531/1620
f 441/550/1621 442/547/1622 446/557/1623 448/558/1624
f 448/558/1625 446/557/1626 447/559/1627 449/560/1628
f 448/558/1629 449/560/1630 426/535/1631 435/534/1632
f 435/534/1633 436/551/1634 441/550/1635 448/558/1636
f 406/561/1637 407/552/1638 436/551/1639 405/562/1640
f 447/559/1641 446/557/1642 434/531/1643 427/530/1644
f 419/543/1645 412/544/1646 413/563/1647 418/564/1648
f 414/565/1649 415/566/1650 416/567/1651 413/563/1652
f 416/567/1653 417/568/1654 418/564/1655 413/563/1656
f 435/534/1657 404/533/1658 405/562/1659 436/551/1660
f 404/502/1661 366/462/1662 382/483/1663 405/503/1664
f 363/459/1665 382/483/1666 366/462/1667
f 450/569/1668 393/492/1669 396/494/1670 397/498/1671
f 412/510/1672 411/509/1673 397/498/1674 398/495/1675
f 389/485/1676 388/484/1677 393/492/1678 450/569/1679
f 390/486/1680 389/485/1681 450/569/1682 394/493/1683
f 394/493/1684 450/569/1685 397/498/1686
f 451/570/1687 452/571/1688 459/572/1689
f 458/573/1690 453/574/1691 451/570/1692 459/572/1693
f 460/575/1694 453/574/1695 458/573/1696 461/576/1697
f 457/577/1698 456/578/1699 455/579/1700 454/580/1701
f 462/581/1702 455/579/1703 456/578/1704 463/582/1705
f 346/446/1706 356/447/1707 463/582/1708 456/578/1709
f 344/448/1710 346/446/1711 456/578/1712 457/577/1713
f 342/449/1714 353/450/1715 461/576/1716 458/573/1717
f 338/451/1718 342/449/1719 458/573/1720 459/572/1721
f 452/571/1722 339/452/1723 338/451/1724 459/572/1725
f 457/577/1726 454/580/1727 460/575/1728 461/576/1729
f 353/450/1730 344/448/1731 457/577/1732 461/576/1733
f 463/582/1734 465/583/1735 464/584/1736 462/581/1737
f 356/447/1738 359/455/1739 465/583/1740 463/582/1741
f 465/583/1742 467/585/1743 466/586/1744 464/584/1745
f 359/455/1746 362/458/1747 467/585/1748 465/583/1749
f 467/585/1750 469/587/1751 468/588/1752 466/586/1753
f 362/458/1754 365/461/1755 469/587/1756 467/585/1757
f 469/587/1758 367/463/1759 470/589/1760 468/588/1761
f 367/463/1762 368/464/1763 470/589/1764
f 453/574/1765 472/590/1766 471/591/1767 451/570/1768
f 486/592/1769 474/593/1770 475/594/1771 487/595/1772
f 474/593/1773 476/596/1774 477/597/1775 475/594/1776
f 471/591/1777 523/598/1778 525/599/1779 451/570/1780
f 453/574/1781 460/575/1782 473/600/1783 472/590/1784
f 460/575/1785 454/580/1786 478/601/1787 473/600/1788
f 479/602/1789 478/601/1790 454/580/1791 455/579/1792
f 455/579/1793 462/581/1794 480/603/1795 479/602/1796
f 481/604/1797 480/603/1798 462/581/1799 464/584/1800
f 464/584/1801 466/586/1802 482/605/1803 481/604/1804
f 466/586/1805 468/588/1806 483/606/1807 482/605/1808
f 468/588/1809 484/607/1810 485/608/1811 483/606/1812
f 472/590/1813 473/600/1814 486/592/1815 487/595/1816
f 478/601/1817 490/609/1818 486/592/1819 473/600/1820
f 479/602/1821 491/610/1822 490/609/1823 478/601/1824
f 480/603/1825 492/611/1826 491/610/1827 479/602/1828
f 481/604/1829 497/612/1830 492/611/1831 480/603/1832
f 488/613/1833 497/612/1834 481/604/1835 482/605/1836
f 482/605/1837 483/606/1838 489/614/1839 488/613/1840
f 485/608/1841 489/614/1842 483/606/1843
f 476/596/1844 493/615/1845 494/616/1846 477/597/1847
f 486/592/1848 490/609/1849 495/617/1850 474/593/1851
f 492/611/1852 497/612/1853 496/618/1854
f 474/593/1855 495/617/1856 498/619/1857 476/596/1858
f 498/619/1859 500/620/1860 493/615/1861 476/596/1862
f 500/620/1863 504/621/1864 503/622/1865 493/615/1866
f 499/623/1867 500/620/1868 498/619/1869
f 493/615/1870 503/622/1871 494/616/1872
f 504/621/1873 502/624/1874 501/625/1875 503/622/1876
f 403/501/1877 505/626/1878 470/589/1879 368/464/1880
f 506/627/1881 507/628/1882 485/608/1883 484/607/1884
f 507/628/1885 508/629/1886 489/614/1887 485/608/1888
f 508/629/1889 509/630/1890 488/613/1891 489/614/1892
f 509/630/1893 510/631/1894 497/612/1895 488/613/1896
f 510/631/1897 511/632/1898 496/618/1899 497/612/1900
f 511/632/1901 512/633/1902 499/623/1903 496/618/1904
f 513/634/1905 514/635/1906 504/621/1907 500/620/1908
f 514/635/1909 515/636/1910 502/624/1911 504/621/1912
f 515/636/1913 516/637/1914 501/625/1915 502/624/1916
f 516/637/1917 517/638/1918 503/622/1919 501/625/1920
f 517/638/1921 518/639/1922 494/616/1923 503/622/1924
f 518/639/1925 519/640/1926 477/597/1927 494/616/1928
f 519/640/1929 520/641/1930 475/594/1931 477/597/1932
f 520/641/1933 521/642/1934 487/595/1935 475/594/1936
f 521/642/1937 522/643/1938 472/590/1939 487/595/1940
f 522/643/1941 523/598/1942 471/591/1943 472/590/1944
s 1
f 452/571/1945 524/644/1946 423/520/1534 339/452/1320
s off
f 452/571/1947 451/570/1948 525/599/1949 524/644/1950
f 526/645/1951 527/646/1952 429/524/1953 430/523/1954
f 527/646/1955 528/647/1956 428/526/1957 429/524/1958
f 539/648/1959 529/649/1960 427/530/1961 445/529/1962
f 403/532/1963 426/535/1964 530/650/1965 505/651/1966
f 529/649/1967 539/648/1968 538/652/1969 532/653/1970
f 528/647/1971 527/646/1972 534/654/1973 533/655/1974
f 527/646/1975 526/645/1976 535/656/1977 534/654/1978
f 522/657/1979 521/658/1980 535/656/1981
f 521/658/1982 520/659/1983 534/654/1984 535/656/1985
f 520/659/1986 513/660/1987 533/655/1988 534/654/1989
f 512/661/1990 511/662/1991 532/653/1992 538/652/1993
f 511/662/1994 510/663/1995 537/664/1996 532/653/1997
f 509/665/1998 508/666/1999 531/667/2000 536/668/2001
f 510/663/2002 509/665/2003 536/668/2004 537/664/2005
f 513/660/2006 512/661/2007 538/652/2008 533/655/2009
f 539/648/2010 528/647/2011 533/655/2012 538/652/2013
f 528/647/2014 539/648/2015 445/529/2016 428/526/2017
f 526/645/2018 523/669/2019 522/657/2020 535/656/2021
f 524/670/2022 430/523/2023 423/555/2024
f 525/671/2025 526/645/2026 430/523/2027 524/670/2028
f 523/669/2029 526/645/2030 525/671/2031
f 540/672/2032 529/649/2033 532/653/2034 537/664/2035
f 536/668/2036 541/673/2037 540/672/2038 537/664/2039
f 541/673/2040 449/560/2041 447/559/2042 540/672/2043
f 541/673/2044 530/650/2045 426/535/2046 449/560/2047
f 530/650/2048 541/673/2049 536/668/2050 531/667/2051
f 507/674/2052 506/675/2053 531/667/2054 508/666/2055
f 447/559/2056 427/530/2057 529/649/2058 540/672/2059
f 520/659/2060 519/676/2061 514/677/2062 513/660/2063
f 515/678/2064 514/677/2065 517/679/2066 516/680/2067
f 517/679/2068 514/677/2069 519/676/2070 518/681/2071
f 530/650/2072 531/667/2073 506/675/2074 505/651/2075
f 505/626/2076 506/627/2077 484/607/2078 470/589/2079
f 468/588/2080 470/589/2081 484/607/2082
f 542/682/2083 499/623/2084 498/619/2085 495/617/2086
f 513/634/2087 500/620/2088 499/623/2089 512/633/2090
f 491/610/2091 542/682/2092 495/617/2093 490/609/2094
f 492/611/2095 496/618/2096 542/682/2097 491/610/2098
f 496/618/2099 499/623/2100 542/682/2101
f 365/461/2102 364/460/2103 367/463/2104
f 469/587/2105 365/461/2106 367/463/2107
g default
v 0.091493 1.546402 0.337683
v 0.076070 1.587159 0.338697
v 0.051676 1.562478 0.353683
v 0.060926 1.523708 0.353038
v 0.123763 1.561927 0.321473
v 0.113690 1.595411 0.320566
v 0.177060 1.574512 0.294700
v 0.175657 1.599655 0.292245
v 0.207021 1.580999 0.277101
v 0.222736 1.589948 0.266072
v 0.065584 1.576986 0.310234
v 0.048580 1.560091 0.315132
v 0.110118 1.583739 0.290127
v 0.160415 1.595384 0.262215
v 0.210556 1.586802 0.239359
v 0.054406 1.513530 0.303072
v 0.081517 1.536047 0.293258
v 0.113670 1.559820 0.280341
v 0.164686 1.571508 0.260680
v 0.204166 1.579442 0.245591
v -0.061633 1.523708 0.352683
v -0.052468 1.562478 0.353683
v -0.076768 1.587159 0.338319
v -0.092201 1.546402 0.337327
v -0.114482 1.595411 0.320566
v -0.124470 1.561927 0.321118
v -0.176449 1.599655 0.292245
v -0.177769 1.574512 0.294344
v -0.223528 1.589948 0.266072
v -0.207729 1.580999 0.276745
v -0.049372 1.560091 0.315132
v -0.066376 1.576986 0.310234
v -0.110910 1.583739 0.290127
v -0.161207 1.595384 0.262215
v -0.211349 1.586802 0.239359
v -0.082309 1.536047 0.293258
v -0.055199 1.513530 0.303072
v -0.114462 1.559820 0.280341
v -0.165478 1.571508 0.260680
v -0.204959 1.579442 0.245591
v 0.202296 1.623381 0.272615
v 0.105982 1.605133 0.322689
v 0.194336 1.620467 0.235776
v 0.101404 1.599450 0.293958
v -0.106330 1.605133 0.322501
v -0.202619 1.623381 0.272440
v -0.101602 1.599450 0.293958
v -0.194704 1.620467 0.235628
v 0.193992 1.613222 0.237177
v 0.201369 1.616136 0.273447
v -0.194370 1.613222 0.237085
v -0.201747 1.616136 0.273354
v 0.165077 1.620350 0.292748
v -0.165077 1.620350 0.292748
v 0.159059 1.618092 0.257008
v -0.159059 1.618092 0.257008
vt 0.284745 0.131235
vt 0.284282 0.113001
vt 0.275068 0.118328
vt 0.270760 0.126779
vt 0.299812 0.131455
vt 0.301300 0.115867
vt 0.324960 0.133945
vt 0.332018 0.122570
vt 0.335570 0.139302
vt 0.340864 0.140777
vt 0.275008 0.103247
vt 0.261452 0.165849
vt 0.302326 0.166373
vt 0.348287 0.147654
vt 0.259684 0.139361
vt 0.271428 0.155042
vt 0.284049 0.159441
vt 0.301813 0.158670
vt 0.315441 0.157737
vt 0.283746 0.167712
vt 0.228745 0.118247
vt 0.242406 0.122351
vt 0.238327 0.130629
vt 0.229471 0.135966
vt 0.212924 0.133346
vt 0.214109 0.118223
vt 0.183021 0.127293
vt 0.189623 0.116161
vt 0.174084 0.109863
vt 0.179203 0.111145
vt 0.251121 0.138139
vt 0.243511 0.169782
vt 0.228908 0.169339
vt 0.211519 0.169755
vt 0.195726 0.164840
vt 0.239232 0.156470
vt 0.248756 0.151271
vt 0.227890 0.161679
vt 0.211307 0.162549
vt 0.172630 0.100324
vt 0.298746 0.110634
vt 0.339316 0.108759
vt 0.317535 0.170720
vt 0.298582 0.098397
vt 0.176228 0.140780
vt 0.215586 0.138448
vt 0.231036 0.174445
vt 0.165847 0.149944
vt 0.352233 0.102864
vt 0.340082 0.110861
vt 0.163844 0.146815
vt 0.175455 0.138745
vt 0.326616 0.111630
vt 0.188696 0.137873
vt 0.330535 0.095142
vt 0.210133 0.176554
vt 0.185138 0.153903
vt 0.197858 0.175209
vt 0.304710 0.173391
vt 0.350221 0.099605
vt 0.215954 0.150259
vt 0.282160 0.173325
vt 0.198519 0.173117
vt 0.316620 0.168559
vt 0.238504 0.145210
vt 0.268221 0.169669
vt 0.165794 0.126839
vt 0.349756 0.123493
vt 0.249464 0.165630
vt 0.252872 0.109995
vt 0.198556 0.162900
vt 0.166753 0.103368
vt 0.191445 0.100001
vt 0.215117 0.100676
vt 0.235062 0.102227
vt 0.260746 0.150470
vt 0.261960 0.110390
vt 0.318657 0.159515
vt 0.342183 0.150690
vt 0.322800 0.150745
vt 0.298435 0.149677
vt 0.277898 0.147724
vn 0.403902 0.120703 0.906804
vn 0.403192 0.123390 0.906759
vn 0.407791 0.107608 0.906712
vn 0.407791 0.107608 0.906712
vn 0.405873 0.133961 0.904059
vn 0.405755 0.143763 0.902605
vn 0.431717 0.132474 0.892228
vn 0.434243 0.145751 0.888926
vn 0.493824 0.132604 0.859392
vn 0.493824 0.132604 0.859392
vn -0.988662 0.108029 0.104291
vn -0.623526 0.780619 -0.043001
vn -0.634710 0.771905 -0.036142
vn -0.987062 0.123248 0.102559
vn 0.783348 0.491086 -0.381051
vn 0.300056 0.923661 -0.238363
vn 0.270407 0.934982 -0.229540
vn 0.843352 0.371379 -0.388376
vn 0.583213 -0.811661 0.032683
vn -0.488218 -0.852216 0.188070
vn -0.062247 -0.984398 0.164579
vn 0.580214 -0.813868 0.031154
vn 0.379410 -0.925229 0.000341
vn 0.350962 -0.936390 0.000023
vn 0.221462 -0.975155 0.005184
vn 0.220913 -0.975275 0.005956
vn 0.272380 -0.962186 0.002821
vn 0.340412 -0.940149 -0.015500
vn -0.460278 -0.050008 -0.886365
vn -0.388161 -0.111214 -0.914857
vn -0.388161 -0.111214 -0.914857
vn -0.429535 0.050797 -0.901620
vn -0.463821 0.065303 -0.883519
vn -0.453428 0.182756 -0.872355
vn -0.454461 0.197996 -0.868483
vn -0.453350 0.191344 -0.870553
vn -0.450839 0.178133 -0.874650
vn -0.450839 0.178133 -0.874650
vn -0.406435 0.117141 0.906139
vn -0.414770 0.105655 0.903772
vn -0.414770 0.105655 0.903771
vn -0.404563 0.119982 0.906605
vn -0.403901 0.145105 0.903221
vn -0.405737 0.125223 0.905371
vn -0.434451 0.143294 0.889224
vn -0.433446 0.118845 0.893309
vn -0.494405 0.112920 0.861866
vn -0.494405 0.112920 0.861866
vn 0.627065 0.777842 -0.041862
vn 0.988768 0.107589 0.103747
vn 0.987132 0.123185 0.101964
vn 0.637974 0.769255 -0.035166
vn -0.296100 0.925261 -0.237100
vn -0.774707 0.505942 -0.379278
vn -0.840984 0.377280 -0.387821
vn -0.269006 0.935510 -0.229036
vn 0.494024 -0.848663 0.188975
vn -0.583539 -0.811378 0.033898
vn -0.580603 -0.813543 0.032388
vn 0.062965 -0.984120 0.165964
vn -0.379730 -0.925097 0.001043
vn -0.351308 -0.936260 0.000677
vn -0.221684 -0.975102 0.005700
vn -0.221152 -0.975218 0.006465
vn -0.273412 -0.961892 0.003246
vn -0.340933 -0.939968 -0.015013
vn 0.388155 -0.111217 -0.914859
vn 0.458989 -0.058004 -0.886546
vn 0.429532 0.050795 -0.901622
vn 0.388155 -0.111217 -0.914859
vn 0.463163 0.057926 -0.884378
vn 0.453428 0.182756 -0.872355
vn 0.453303 0.190605 -0.870739
vn 0.454464 0.197993 -0.868482
vn 0.450843 0.178126 -0.874650
vn 0.450843 0.178126 -0.874650
vn 0.621662 -0.777024 -0.098845
vn 0.565727 -0.820114 -0.085823
vn -0.627027 -0.772475 -0.100596
vn -0.568853 -0.817812 -0.087113
vn -0.054362 0.994986 -0.083946
vn -0.111869 0.989123 -0.095508
vn -0.421733 0.903651 -0.074542
vn -0.389073 0.918399 -0.071873
vn 0.390879 0.917717 -0.070777
vn 0.423246 0.903051 -0.073228
vn 0.406411 0.156369 0.900210
vn -0.399659 0.176755 0.899461
vn -0.458970 -0.113403 -0.881185
vn 0.455223 -0.128152 -0.881107
vn 0.114299 0.988794 -0.096030
vn 0.053890 0.995019 -0.083859
vn 0.424571 0.168758 0.889528
vn -0.420409 0.187362 0.887779
vn -0.248002 0.966826 -0.061171
vn -0.204252 0.977188 -0.058177
vn 0.247775 0.966914 -0.060706
vn 0.203583 0.977344 -0.057897
vn -0.487725 -0.174327 -0.855415
vn 0.484016 -0.189255 -0.854348
vn 0.478070 0.175296 0.860651
vn 0.478070 0.175296 0.860651
vn -0.475959 0.191497 0.858366
vn -0.475959 0.191497 0.858366
vn -0.504642 -0.202223 -0.839310
vn -0.504642 -0.202223 -0.839310
vn 0.502218 -0.216682 -0.837153
vn 0.502219 -0.216682 -0.837153
s 1
g Dwarf_low1 DwarfBrows_low
usemtl lambert2SG
f 543/683/2108 544/684/2109 545/685/2110 546/686/2111
f 544/684/2109 543/683/2108 547/687/2112 548/688/2113
f 548/688/2113 547/687/2112 549/689/2114 550/690/2115
f 550/690/2115 549/689/2114 551/691/2116 552/692/2117
s 2
f 545/685/2118 544/684/2119 553/693/2120 554/759/2121
f 550/690/2122 552/692/2123 557/696/2124 556/750/2125
f 543/683/2126 546/686/2127 558/697/2128 559/764/2129
f 547/687/2130 543/683/2126 559/764/2129 560/763/2131
f 549/689/2132 547/687/2130 560/763/2131 561/762/2133
f 551/691/2134 549/689/2132 561/762/2133 562/761/2135
s 4
f 556/695/2136 557/760/2137 562/701/2138 561/700/2139
f 555/702/2140 556/695/2136 561/700/2139 560/699/2141
f 555/702/2140 560/699/2141 559/698/2142 553/748/2143
f 553/748/2143 559/698/2142 558/758/2144 554/694/2145
s 2
f 546/686/2127 545/685/2118 554/759/2121 558/697/2128
f 557/696/2124 552/692/2123 551/691/2134 562/761/2135
s 5
f 566/703/2146 563/704/2147 564/705/2148 565/706/2149
f 566/703/2146 565/706/2149 567/707/2150 568/708/2151
f 568/708/2151 567/707/2150 569/709/2152 570/710/2153
f 570/710/2153 569/709/2152 571/711/2154 572/712/2155
s 6
f 565/706/2156 564/705/2157 573/713/2158 574/747/2159
f 571/711/2160 569/709/2161 576/749/2162 577/754/2163
f 563/704/2164 566/703/2165 578/757/2166 579/752/2167
f 566/703/2165 568/708/2168 580/756/2169 578/757/2166
f 568/708/2168 570/710/2170 581/755/2171 580/756/2169
f 570/710/2170 572/712/2172 582/722/2173 581/755/2171
s 9
f 577/717/2174 576/716/2175 581/721/2176 582/753/2177
f 576/716/2175 575/715/2178 580/720/2179 581/721/2176
f 580/720/2179 575/715/2178 574/714/2180 578/718/2181
f 578/718/2181 574/714/2180 573/751/2182 579/719/2183
s 6
f 564/705/2157 563/704/2164 579/752/2167 573/713/2158
f 571/711/2160 577/754/2163 582/722/2173 572/712/2172
s 2
f 550/690/2122 556/750/2125 591/731/2184 592/732/2185
s 6
f 593/733/2186 594/734/2187 588/727/2188 590/730/2189
s 2
f 553/693/2120 544/684/2119 584/723/2190 586/726/2191
s 6
f 565/706/2156 574/747/2159 589/743/2192 587/728/2193
s 1
f 544/684/2109 548/688/2113 584/723/2194
s 5
f 567/707/2150 565/706/2149 587/728/2195
s 4
f 553/748/2143 586/744/2196 555/702/2140
s 9
f 575/715/2178 589/729/2197 574/714/2180
s 2
f 592/732/2185 591/731/2184 585/742/2198 583/724/2199
s 6
f 576/749/2162 569/709/2161 594/734/2187 593/733/2186
s 1
f 548/688/2113 550/690/2115 595/735/2200 584/723/2194
s 5
f 569/709/2152 567/707/2150 587/728/2195 596/736/2201
s 2
f 584/723/2190 595/735/2202 597/737/2203 586/726/2191
s 6
f 596/736/2204 587/728/2193 589/743/2192 598/739/2205
s 4
f 556/695/2136 555/702/2140 586/744/2196 597/741/2206
s 9
f 575/715/2178 576/716/2175 598/738/2207 589/729/2197
s 1
f 595/735/2200 550/690/2115 592/732/2208 583/724/2209
s 5
f 569/709/2152 596/736/2201 588/727/2210 594/734/2211
s 4
f 556/695/2136 597/741/2206 585/725/2212 591/746/2213
s 9
f 598/738/2207 576/716/2175 593/745/2214 590/740/2215
s 2
f 583/724/2199 585/742/2198 597/737/2203 595/735/2202
s 6
f 590/730/2189 588/727/2188 596/736/2204 598/739/2205
g default
v -0.102204 1.482944 0.154623
v -0.098117 1.466972 0.158505
v -0.104439 1.451528 0.161408
v -0.118755 1.442512 0.162225
v -0.135598 1.443368 0.160642
v -0.148533 1.453769 0.157265
v -0.152620 1.469743 0.153383
v -0.146298 1.485186 0.150480
v -0.131982 1.494202 0.149663
v -0.115139 1.493346 0.151246
v -0.082320 1.498824 0.165689
v -0.074546 1.468441 0.173073
v -0.086571 1.439066 0.178596
v -0.113803 1.421917 0.180149
v -0.145839 1.423546 0.177139
v -0.170444 1.443330 0.170716
v -0.178218 1.473712 0.163332
v -0.166193 1.503088 0.157809
v -0.138961 1.520237 0.156256
v -0.106925 1.518608 0.159266
v -0.067315 1.513503 0.183837
v -0.056614 1.471686 0.193999
v -0.073166 1.431253 0.201601
v -0.110647 1.407650 0.203739
v -0.154741 1.409892 0.199596
v -0.188606 1.437122 0.190755
v -0.199307 1.478940 0.180592
v -0.182756 1.519372 0.172990
v -0.145274 1.542975 0.170853
v -0.101180 1.540734 0.174996
v -0.058657 1.525546 0.207289
v -0.046077 1.476387 0.219235
v -0.065535 1.428856 0.228172
v -0.109596 1.401109 0.230685
v -0.161432 1.403744 0.225815
v -0.201243 1.435755 0.215421
v -0.213822 1.484915 0.203474
v -0.194365 1.532446 0.194538
v -0.150303 1.560193 0.192025
v -0.098467 1.557557 0.196895
v -0.057193 1.533773 0.233749
v -0.043966 1.482084 0.246311
v -0.064425 1.432107 0.255707
v -0.110754 1.402932 0.258349
v -0.165258 1.405703 0.253228
v -0.207117 1.439362 0.242300
v -0.220344 1.491051 0.229738
v -0.199885 1.541028 0.220342
v -0.153556 1.570203 0.217699
v -0.099052 1.567432 0.222820
v -0.063067 1.537380 0.260628
v -0.050487 1.488220 0.272574
v -0.069945 1.440690 0.281511
v -0.114006 1.412942 0.284024
v -0.165842 1.415578 0.279154
v -0.205653 1.447589 0.268760
v -0.218232 1.496749 0.256813
v -0.198775 1.544280 0.247877
v -0.154713 1.572027 0.245364
v -0.102877 1.569392 0.250234
v -0.075703 1.536013 0.285294
v -0.065003 1.494195 0.295456
v -0.081554 1.453763 0.303058
v -0.119035 1.430160 0.305196
v -0.163130 1.432402 0.301053
v -0.196995 1.459632 0.292212
v -0.207695 1.501450 0.282049
v -0.191144 1.541882 0.274447
v -0.153663 1.565485 0.272310
v -0.109568 1.563243 0.276453
v -0.093866 1.529805 0.305333
v -0.086092 1.499423 0.312717
v -0.098117 1.470047 0.318240
v -0.125349 1.452899 0.319793
v -0.157385 1.454528 0.316783
v -0.181989 1.474312 0.310359
v -0.189764 1.504694 0.302976
v -0.177738 1.534070 0.297452
v -0.150507 1.551218 0.295899
v -0.118470 1.549590 0.298909
v -0.115777 1.519366 0.318784
v -0.111689 1.503393 0.322665
v -0.118011 1.487949 0.325569
v -0.132328 1.478934 0.326386
v -0.149170 1.479790 0.324803
v -0.162106 1.490191 0.321426
v -0.166193 1.506164 0.317544
v -0.159871 1.521608 0.314641
v -0.145554 1.530623 0.313824
v -0.128712 1.529767 0.315407
v -0.125019 1.467420 0.151720
v -0.139290 1.505715 0.324329
vt 0.938745 0.364051
vt 0.936593 0.370782
vt 0.929486 0.365771
vt 0.935184 0.361591
vt 0.926682 0.357540
vt 0.933748 0.357507
vt 0.929251 0.349232
vt 0.934987 0.353359
vt 0.936212 0.344021
vt 0.938428 0.350731
vt 0.944907 0.343897
vt 0.942755 0.350628
vt 0.952015 0.348907
vt 0.946317 0.353088
vt 0.954819 0.357139
vt 0.947753 0.357172
vt 0.952250 0.365446
vt 0.946514 0.361320
vt 0.945289 0.370658
vt 0.943073 0.363947
vt 0.934259 0.377622
vt 0.923577 0.369934
vt 0.919454 0.357434
vt 0.923466 0.344899
vt 0.934079 0.337115
vt 0.947241 0.337056
vt 0.957924 0.344745
vt 0.962047 0.357244
vt 0.958035 0.369780
vt 0.947421 0.377564
vt 0.931760 0.384659
vt 0.917420 0.374157
vt 0.911990 0.357232
vt 0.917546 0.340348
vt 0.931964 0.329954
vt 0.949739 0.330020
vt 0.964081 0.340521
vt 0.969511 0.357447
vt 0.963954 0.374331
vt 0.949535 0.384725
vt 0.929129 0.392044
vt 0.910950 0.378586
vt 0.904153 0.357013
vt 0.911334 0.335564
vt 0.929751 0.322433
vt 0.952369 0.322634
vt 0.970550 0.336092
vt 0.977348 0.357667
vt 0.970165 0.379116
vt 0.951748 0.392247
vt 0.884659 0.467411
vt 0.878383 0.462712
vt 0.883708 0.445755
vt 0.891548 0.445868
vt 0.878050 0.428906
vt 0.884459 0.424390
vt 0.863569 0.418600
vt 0.866101 0.411180
vt 0.845796 0.418774
vt 0.843483 0.411282
vt 0.831517 0.429362
vt 0.825243 0.424661
vt 0.826190 0.446320
vt 0.818350 0.446207
vt 0.831849 0.463172
vt 0.825441 0.467689
vt 0.846333 0.473477
vt 0.843804 0.480899
vt 0.864107 0.473301
vt 0.866423 0.480792
vt 0.872401 0.458243
vt 0.876242 0.445654
vt 0.871950 0.433213
vt 0.861165 0.425669
vt 0.848006 0.425906
vt 0.837498 0.433832
vt 0.833656 0.446422
vt 0.837949 0.458864
vt 0.848735 0.466408
vt 0.861895 0.466170
vt 0.866558 0.453988
vt 0.869014 0.445647
vt 0.866098 0.437455
vt 0.858924 0.432541
vt 0.850231 0.432783
vt 0.843340 0.438088
vt 0.840884 0.446430
vt 0.843801 0.454622
vt 0.850976 0.459536
vt 0.859668 0.459294
vt 0.860766 0.449940
vt 0.861949 0.445776
vt 0.860458 0.441712
vt 0.856862 0.439300
vt 0.852536 0.439462
vt 0.849132 0.442136
vt 0.847949 0.446301
vt 0.849440 0.450365
vt 0.853036 0.452776
vt 0.857362 0.452614
vt 0.940750 0.357339
vt 0.854949 0.446038
vn 0.527609 -0.070738 -0.846537
vn 0.527609 -0.070738 -0.846537
vn 0.527609 -0.070738 -0.846537
vn 0.527609 -0.070738 -0.846537
vn 0.471890 -0.218072 -0.854262
vn 0.692388 -0.199043 -0.693528
vn 0.546201 -0.556153 -0.626386
vn 0.379521 -0.443717 -0.811837
vn 0.379521 -0.443717 -0.811837
vn 0.546201 -0.556153 -0.626386
vn 0.215155 -0.764621 -0.607505
vn 0.170346 -0.575440 -0.799907
vn 0.170346 -0.575440 -0.799907
vn 0.215155 -0.764621 -0.607505
vn -0.174301 -0.744819 -0.644099
vn -0.075735 -0.562930 -0.823028
vn -0.075735 -0.562930 -0.823028
vn -0.174301 -0.744819 -0.644099
vn -0.473407 -0.504313 -0.722187
vn -0.264728 -0.410962 -0.872370
vn -0.264728 -0.410962 -0.872370
vn -0.473407 -0.504313 -0.722187
vn -0.567917 -0.134966 -0.811945
vn -0.324445 -0.177586 -0.929085
vn -0.324445 -0.177586 -0.929085
vn -0.567917 -0.134966 -0.811945
vn -0.421731 0.222144 -0.879088
vn -0.232075 0.048056 -0.971510
vn -0.232075 0.048056 -0.971510
vn -0.421731 0.222144 -0.879088
vn -0.090684 0.430615 -0.897968
vn -0.022900 0.179780 -0.983440
vn -0.022900 0.179780 -0.983440
vn -0.090684 0.430615 -0.897968
vn 0.298772 0.410813 -0.861376
vn 0.223180 0.167270 -0.960319
vn 0.223180 0.167270 -0.960319
vn 0.298772 0.410813 -0.861376
vn 0.597878 0.170305 -0.783287
vn 0.412172 0.015301 -0.910978
vn 0.597878 0.170305 -0.783287
vn 0.746302 0.321240 -0.582956
vn 0.870062 -0.162415 -0.465418
vn 0.692388 -0.199043 -0.693528
vn 0.692388 -0.199043 -0.693528
vn 0.870062 -0.162415 -0.465418
vn 0.678633 -0.630044 -0.377494
vn 0.546201 -0.556153 -0.626386
vn 0.546201 -0.556153 -0.626386
vn 0.678633 -0.630044 -0.377494
vn 0.245136 -0.903029 -0.352771
vn 0.215155 -0.764621 -0.607505
vn 0.215155 -0.764621 -0.607505
vn 0.245136 -0.903029 -0.352771
vn -0.264848 -0.877099 -0.400690
vn -0.174301 -0.744819 -0.644099
vn -0.174301 -0.744819 -0.644099
vn -0.264848 -0.877099 -0.400690
vn -0.656522 -0.562161 -0.502945
vn -0.473407 -0.504313 -0.722187
vn -0.473407 -0.504313 -0.722187
vn -0.656522 -0.562161 -0.502945
vn -0.780281 -0.078509 -0.620482
vn -0.567917 -0.134966 -0.811945
vn -0.567917 -0.134966 -0.811945
vn -0.780281 -0.078509 -0.620482
vn -0.588852 0.389121 -0.708405
vn -0.421731 0.222144 -0.879088
vn -0.421731 0.222144 -0.879088
vn -0.588852 0.389121 -0.708405
vn -0.155356 0.662106 -0.733130
vn -0.090684 0.430615 -0.897968
vn -0.090684 0.430615 -0.897968
vn -0.155356 0.662106 -0.733130
vn 0.354628 0.636179 -0.685212
vn 0.298772 0.410813 -0.861376
vn 0.298772 0.410813 -0.861376
vn 0.354628 0.636179 -0.685212
vn 0.746302 0.321240 -0.582956
vn 0.597878 0.170305 -0.783287
vn 0.746302 0.321240 -0.582956
vn 0.831881 0.446044 -0.330181
vn 0.974515 -0.111376 -0.194719
vn 0.870062 -0.162415 -0.465418
vn 0.870062 -0.162415 -0.465418
vn 0.974515 -0.111376 -0.194719
vn 0.753890 -0.650330 -0.093386
vn 0.678633 -0.630044 -0.377494
vn 0.678633 -0.630044 -0.377494
vn 0.753890 -0.650330 -0.093386
vn 0.254276 -0.964952 -0.064888
vn 0.245136 -0.903029 -0.352771
vn 0.245136 -0.903029 -0.352771
vn 0.254276 -0.964952 -0.064888
vn -0.333493 -0.935069 -0.120115
vn -0.264848 -0.877099 -0.400690
vn -0.264848 -0.877099 -0.400690
vn -0.333493 -0.935069 -0.120115
vn -0.784907 -0.572094 -0.237969
vn -0.656522 -0.562161 -0.502945
vn -0.656522 -0.562161 -0.502945
vn -0.784907 -0.572094 -0.237969
vn -0.927541 -0.014672 -0.373433
vn -0.780281 -0.078509 -0.620482
vn -0.780281 -0.078509 -0.620482
vn -0.927541 -0.014672 -0.373433
vn -0.706914 0.524281 -0.474765
vn -0.588852 0.389121 -0.708405
vn -0.588852 0.389121 -0.708405
vn -0.706914 0.524281 -0.474765
vn -0.207301 0.838902 -0.503259
vn -0.155356 0.662106 -0.733130
vn -0.155356 0.662106 -0.733130
vn -0.207301 0.838902 -0.503259
vn 0.380467 0.809019 -0.448034
vn 0.354628 0.636179 -0.685212
vn 0.354628 0.636179 -0.685212
vn 0.380467 0.809019 -0.448034
vn 0.831881 0.446044 -0.330181
vn 0.746302 0.321240 -0.582956
vn 0.831881 0.446044 -0.330181
vn 0.847391 0.491930 -0.199835
vn 0.994685 -0.083707 -0.059949
vn 0.974515 -0.111376 -0.194719
vn 0.974515 -0.111376 -0.194719
vn 0.994685 -0.083707 -0.059949
vn 0.766851 -0.640267 0.044692
vn 0.753890 -0.650330 -0.093386
vn 0.753890 -0.650330 -0.093386
vn 0.766851 -0.640267 0.044692
vn 0.250915 -0.965167 0.074122
vn 0.254276 -0.964952 -0.064888
vn 0.254276 -0.964952 -0.064888
vn 0.250915 -0.965167 0.074122
vn -0.356056 -0.934308 0.017091
vn -0.333493 -0.935069 -0.120115
vn -0.333493 -0.935069 -0.120115
vn -0.356056 -0.934308 0.017091
vn -0.822220 -0.559473 -0.104613
vn -0.784907 -0.572094 -0.237969
vn -0.784907 -0.572094 -0.237969
vn -0.822220 -0.559473 -0.104613
vn -0.969514 0.016159 -0.244501
vn -0.927541 -0.014672 -0.373433
vn -0.927541 -0.014672 -0.373433
vn -0.969514 0.016159 -0.244501
vn -0.741681 0.572722 -0.349141
vn -0.706914 0.524281 -0.474765
vn -0.706914 0.524281 -0.474765
vn -0.741681 0.572722 -0.349141
vn -0.225744 0.897624 -0.378565
vn -0.207301 0.838902 -0.503259
vn -0.207301 0.838902 -0.503259
vn -0.225744 0.897624 -0.378565
vn 0.381229 0.866764 -0.321536
vn 0.380467 0.809019 -0.448034
vn 0.380467 0.809019 -0.448034
vn 0.381229 0.866764 -0.321536
vn 0.847391 0.491930 -0.199835
vn 0.831881 0.446044 -0.330181
vn 0.822221 0.559472 0.104607
vn 0.784907 0.572095 0.237967
vn 0.927541 0.014674 0.373434
vn 0.969514 -0.016161 0.244503
vn 0.969514 -0.016161 0.244503
vn 0.927541 0.014674 0.373434
vn 0.706915 -0.524278 0.474766
vn 0.741679 -0.572720 0.349147
vn 0.741679 -0.572720 0.349147
vn 0.706915 -0.524278 0.474766
vn 0.207302 -0.838901 0.503260
vn 0.225743 -0.897621 0.378571
vn 0.225743 -0.897621 0.378571
vn 0.207302 -0.838901 0.503260
vn -0.380468 -0.809017 0.448035
vn -0.381229 -0.866761 0.321543
vn -0.381229 -0.866761 0.321543
vn -0.380468 -0.809017 0.448035
vn -0.831880 -0.446043 0.330184
vn -0.847390 -0.491928 0.199841
vn -0.847390 -0.491928 0.199841
vn -0.831880 -0.446043 0.330184
vn -0.974515 0.111378 0.194720
vn -0.994685 0.083708 0.059948
vn -0.994685 0.083708 0.059948
vn -0.974515 0.111378 0.194720
vn -0.753889 0.650331 0.093385
vn -0.766852 0.640266 -0.044699
vn -0.766852 0.640266 -0.044699
vn -0.753889 0.650331 0.093385
vn -0.254276 0.964953 0.064888
vn -0.250914 0.965167 -0.074130
vn -0.250914 0.965167 -0.074130
vn -0.254276 0.964953 0.064888
vn 0.333493 0.935070 0.120113
vn 0.356057 0.934308 -0.017100
vn 0.356057 0.934308 -0.017100
vn 0.333493 0.935070 0.120113
vn 0.784907 0.572095 0.237967
vn 0.822221 0.559472 0.104607
vn 0.784907 0.572095 0.237967
vn 0.656521 0.562161 0.502947
vn 0.780281 0.078508 0.620482
vn 0.927541 0.014674 0.373434
vn 0.927541 0.014674 0.373434
vn 0.780281 0.078508 0.620482
vn 0.588852 -0.389122 0.708405
vn 0.706915 -0.524278 0.474766
vn 0.706915 -0.524278 0.474766
vn 0.588852 -0.389122 0.708405
vn 0.155354 -0.662107 0.733130
vn 0.207302 -0.838901 0.503260
vn 0.207302 -0.838901 0.503260
vn 0.155354 -0.662107 0.733130
vn -0.354630 -0.636179 0.685211
vn -0.380468 -0.809017 0.448035
vn -0.380468 -0.809017 0.448035
vn -0.354630 -0.636179 0.685211
vn -0.746303 -0.321240 0.582955
vn -0.831880 -0.446043 0.330184
vn -0.831880 -0.446043 0.330184
vn -0.746303 -0.321240 0.582955
vn -0.870061 0.162415 0.465419
vn -0.974515 0.111378 0.194720
vn -0.974515 0.111378 0.194720
vn -0.870061 0.162415 0.465419
vn -0.678634 0.630041 0.377497
vn -0.753889 0.650331 0.093385
vn -0.753889 0.650331 0.093385
vn -0.678634 0.630041 0.377497
vn -0.245137 0.903028 0.352773
vn -0.254276 0.964953 0.064888
vn -0.254276 0.964953 0.064888
vn -0.245137 0.903028 0.352773
vn 0.264846 0.877100 0.400690
vn 0.333493 0.935070 0.120113
vn 0.333493 0.935070 0.120113
vn 0.264846 0.877100 0.400690
vn 0.656521 0.562161 0.502947
vn 0.784907 0.572095 0.237967
vn 0.656521 0.562161 0.502947
vn 0.473408 0.504312 0.722187
vn 0.567918 0.134965 0.811944
vn 0.780281 0.078508 0.620482
vn 0.780281 0.078508 0.620482
vn 0.567918 0.134965 0.811944
vn 0.421730 -0.222145 0.879088
vn 0.588852 -0.389122 0.708405
vn 0.588852 -0.389122 0.708405
vn 0.421730 -0.222145 0.879088
vn 0.090684 -0.430613 0.897969
vn 0.155354 -0.662107 0.733130
vn 0.155354 -0.662107 0.733130
vn 0.090684 -0.430613 0.897969
vn -0.298771 -0.410812 0.861376
vn -0.354630 -0.636179 0.685211
vn -0.354630 -0.636179 0.685211
vn -0.298771 -0.410812 0.861376
vn -0.597879 -0.170305 0.783286
vn -0.746303 -0.321240 0.582955
vn -0.746303 -0.321240 0.582955
vn -0.597879 -0.170305 0.783286
vn -0.692388 0.199043 0.693527
vn -0.870061 0.162415 0.465419
vn -0.870061 0.162415 0.465419
vn -0.692388 0.199043 0.693527
vn -0.546201 0.556154 0.626384
vn -0.678634 0.630041 0.377497
vn -0.678634 0.630041 0.377497
vn -0.546201 0.556154 0.626384
vn -0.215156 0.764623 0.607502
vn -0.245137 0.903028 0.352773
vn -0.245137 0.903028 0.352773
vn -0.215156 0.764623 0.607502
vn 0.174299 0.744822 0.644096
vn 0.264846 0.877100 0.400690
vn 0.264846 0.877100 0.400690
vn 0.174299 0.744822 0.644096
vn 0.473408 0.504312 0.722187
vn 0.656521 0.562161 0.502947
vn 0.473408 0.504312 0.722187
vn 0.264728 0.410960 0.872371
vn 0.324445 0.177586 0.929085
vn 0.567918 0.134965 0.811944
vn 0.567918 0.134965 0.811944
vn 0.324445 0.177586 0.929085
vn 0.232074 -0.048058 0.971510
vn 0.421730 -0.222145 0.879088
vn 0.421730 -0.222145 0.879088
vn 0.232074 -0.048058 0.971510
vn 0.022901 -0.179780 0.983440
vn 0.090684 -0.430613 0.897969
vn 0.090684 -0.430613 0.897969
vn 0.022901 -0.179780 0.983440
vn -0.223179 -0.167269 0.960319
vn -0.298771 -0.410812 0.861376
vn -0.298771 -0.410812 0.861376
vn -0.223179 -0.167269 0.960319
vn -0.412172 -0.015303 0.910978
vn -0.597879 -0.170305 0.783286
vn -0.597879 -0.170305 0.783286
vn -0.412172 -0.015303 0.910978
vn -0.471889 0.218072 0.854263
vn -0.692388 0.199043 0.693527
vn -0.692388 0.199043 0.693527
vn -0.471889 0.218072 0.854263
vn -0.379519 0.443717 0.811838
vn -0.546201 0.556154 0.626384
vn -0.546201 0.556154 0.626384
vn -0.379519 0.443717 0.811838
vn -0.170346 0.575438 0.799908
vn -0.215156 0.764623 0.607502
vn -0.215156 0.764623 0.607502
vn -0.170346 0.575438 0.799908
vn 0.075731 0.562927 0.823030
vn 0.174299 0.744822 0.644096
vn 0.174299 0.744822 0.644096
vn 0.075731 0.562927 0.823030
vn 0.264728 0.410960 0.872371
vn 0.473408 0.504312 0.722187
vn 0.471890 -0.218072 -0.854262
vn 0.080455 -0.215893 -0.973097
vn 0.412172 0.015301 -0.910978
vn 0.379521 -0.443717 -0.811837
vn 0.080455 -0.215893 -0.973097
vn 0.471890 -0.218072 -0.854262
vn 0.170346 -0.575440 -0.799907
vn 0.080455 -0.215893 -0.973097
vn 0.379521 -0.443717 -0.811837
vn -0.075735 -0.562930 -0.823028
vn 0.080455 -0.215893 -0.973097
vn 0.170346 -0.575440 -0.799907
vn -0.264728 -0.410962 -0.872370
vn 0.080455 -0.215893 -0.973097
vn -0.075735 -0.562930 -0.823028
vn -0.324445 -0.177586 -0.929085
vn 0.080455 -0.215893 -0.973097
vn -0.264728 -0.410962 -0.872370
vn -0.232075 0.048056 -0.971510
vn 0.080455 -0.215893 -0.973097
vn -0.324445 -0.177586 -0.929085
vn -0.022900 0.179780 -0.983440
vn 0.080455 -0.215893 -0.973097
vn -0.232075 0.048056 -0.971510
vn 0.223180 0.167270 -0.960319
vn 0.080455 -0.215893 -0.973097
vn -0.022900 0.179780 -0.983440
vn 0.412172 0.015301 -0.910978
vn 0.080455 -0.215893 -0.973097
vn 0.223180 0.167270 -0.960319
vn 0.264728 0.410960 0.872371
vn -0.080456 0.215894 0.973096
vn 0.324445 0.177586 0.929085
vn 0.324445 0.177586 0.929085
vn -0.080456 0.215894 0.973096
vn 0.232074 -0.048058 0.971510
vn 0.232074 -0.048058 0.971510
vn -0.080456 0.215894 0.973096
vn 0.022901 -0.179780 0.983440
vn 0.022901 -0.179780 0.983440
vn -0.080456 0.215894 0.973096
vn -0.223179 -0.167269 0.960319
vn -0.223179 -0.167269 0.960319
vn -0.080456 0.215894 0.973096
vn -0.412172 -0.015303 0.910978
vn -0.412172 -0.015303 0.910978
vn -0.080456 0.215894 0.973096
vn -0.471889 0.218072 0.854263
vn -0.471889 0.218072 0.854263
vn -0.080456 0.215894 0.973096
vn -0.379519 0.443717 0.811838
vn -0.379519 0.443717 0.811838
vn -0.080456 0.215894 0.973096
vn -0.170346 0.575438 0.799908
vn -0.170346 0.575438 0.799908
vn -0.080456 0.215894 0.973096
vn 0.075731 0.562927 0.823030
vn 0.075731 0.562927 0.823030
vn -0.080456 0.215894 0.973096
vn 0.264728 0.410960 0.872371
s off
g Dwarf_low1 DwarfEyeRight_low DwarfEyes_low
usemtl lambert2SG
f 599/765/2216 609/766/2217 610/767/2218 600/768/2219
f 600/768/2220 610/767/2221 611/769/2222 601/770/2223
f 601/770/2224 611/769/2225 612/771/2226 602/772/2227
f 602/772/2228 612/771/2229 613/773/2230 603/774/2231
f 603/774/2232 613/773/2233 614/775/2234 604/776/2235
f 604/776/2236 614/775/2237 615/777/2238 605/778/2239
f 605/778/2240 615/777/2241 616/779/2242 606/780/2243
f 606/780/2244 616/779/2245 617/781/2246 607/782/2247
f 607/782/2248 617/781/2249 618/783/2250 608/784/2251
f 608/784/2252 618/783/2253 609/766/2254 599/765/2255
f 609/766/2256 619/785/2257 620/786/2258 610/767/2259
f 610/767/2260 620/786/2261 621/787/2262 611/769/2263
f 611/769/2264 621/787/2265 622/788/2266 612/771/2267
f 612/771/2268 622/788/2269 623/789/2270 613/773/2271
f 613/773/2272 623/789/2273 624/790/2274 614/775/2275
f 614/775/2276 624/790/2277 625/791/2278 615/777/2279
f 615/777/2280 625/791/2281 626/792/2282 616/779/2283
f 616/779/2284 626/792/2285 627/793/2286 617/781/2287
f 617/781/2288 627/793/2289 628/794/2290 618/783/2291
f 618/783/2292 628/794/2293 619/785/2294 609/766/2295
f 619/785/2296 629/795/2297 630/796/2298 620/786/2299
f 620/786/2300 630/796/2301 631/797/2302 621/787/2303
f 621/787/2304 631/797/2305 632/798/2306 622/788/2307
f 622/788/2308 632/798/2309 633/799/2310 623/789/2311
f 623/789/2312 633/799/2313 634/800/2314 624/790/2315
f 624/790/2316 634/800/2317 635/801/2318 625/791/2319
f 625/791/2320 635/801/2321 636/802/2322 626/792/2323
f 626/792/2324 636/802/2325 637/803/2326 627/793/2327
f 627/793/2328 637/803/2329 638/804/2330 628/794/2331
f 628/794/2332 638/804/2333 629/795/2334 619/785/2335
f 629/795/2336 639/805/2337 640/806/2338 630/796/2339
f 630/796/2340 640/806/2341 641/807/2342 631/797/2343
f 631/797/2344 641/807/2345 642/808/2346 632/798/2347
f 632/798/2348 642/808/2349 643/809/2350 633/799/2351
f 633/799/2352 643/809/2353 644/810/2354 634/800/2355
f 634/800/2356 644/810/2357 645/811/2358 635/801/2359
f 635/801/2360 645/811/2361 646/812/2362 636/802/2363
f 636/802/2364 646/812/2365 647/813/2366 637/803/2367
f 637/803/2368 647/813/2369 648/814/2370 638/804/2371
f 638/804/2372 648/814/2373 639/805/2374 629/795/2375
f 639/815/2376 649/816/2377 650/817/2378 640/818/2379
f 640/818/2380 650/817/2381 651/819/2382 641/820/2383
f 641/820/2384 651/819/2385 652/821/2386 642/822/2387
f 642/822/2388 652/821/2389 653/823/2390 643/824/2391
f 643/824/2392 653/823/2393 654/825/2394 644/826/2395
f 644/826/2396 654/825/2397 655/827/2398 645/828/2399
f 645/828/2400 655/827/2401 656/829/2402 646/830/2403
f 646/830/2404 656/829/2405 657/831/2406 647/832/2407
f 647/832/2408 657/831/2409 658/833/2410 648/834/2411
f 648/834/2412 658/833/2413 649/816/2414 639/815/2415
f 649/816/2416 659/835/2417 660/836/2418 650/817/2419
f 650/817/2420 660/836/2421 661/837/2422 651/819/2423
f 651/819/2424 661/837/2425 662/838/2426 652/821/2427
f 652/821/2428 662/838/2429 663/839/2430 653/823/2431
f 653/823/2432 663/839/2433 664/840/2434 654/825/2435
f 654/825/2436 664/840/2437 665/841/2438 655/827/2439
f 655/827/2440 665/841/2441 666/842/2442 656/829/2443
f 656/829/2444 666/842/2445 667/843/2446 657/831/2447
f 657/831/2448 667/843/2449 668/844/2450 658/833/2451
f 658/833/2452 668/844/2453 659/835/2454 649/816/2455
f 659/835/2456 669/845/2457 670/846/2458 660/836/2459
f 660/836/2460 670/846/2461 671/847/2462 661/837/2463
f 661/837/2464 671/847/2465 672/848/2466 662/838/2467
f 662/838/2468 672/848/2469 673/849/2470 663/839/2471
f 663/839/2472 673/849/2473 674/850/2474 664/840/2475
f 664/840/2476 674/850/2477 675/851/2478 665/841/2479
f 665/841/2480 675/851/2481 676/852/2482 666/842/2483
f 666/842/2484 676/852/2485 677/853/2486 667/843/2487
f 667/843/2488 677/853/2489 678/854/2490 668/844/2491
f 668/844/2492 678/854/2493 669/845/2494 659/835/2495
f 669/845/2496 679/855/2497 680/856/2498 670/846/2499
f 670/846/2500 680/856/2501 681/857/2502 671/847/2503
f 671/847/2504 681/857/2505 682/858/2506 672/848/2507
f 672/848/2508 682/858/2509 683/859/2510 673/849/2511
f 673/849/2512 683/859/2513 684/860/2514 674/850/2515
f 674/850/2516 684/860/2517 685/861/2518 675/851/2519
f 675/851/2520 685/861/2521 686/862/2522 676/852/2523
f 676/852/2524 686/862/2525 687/863/2526 677/853/2527
f 677/853/2528 687/863/2529 688/864/2530 678/854/2531
f 678/854/2532 688/864/2533 679/855/2534 669/845/2535
f 600/768/2536 689/865/2537 599/765/2538
f 601/770/2539 689/865/2540 600/768/2541
f 602/772/2542 689/865/2543 601/770/2544
f 603/774/2545 689/865/2546 602/772/2547
f 604/776/2548 689/865/2549 603/774/2550
f 605/778/2551 689/865/2552 604/776/2553
f 606/780/2554 689/865/2555 605/778/2556
f 607/782/2557 689/865/2558 606/780/2559
f 608/784/2560 689/865/2561 607/782/2562
f 599/765/2563 689/865/2564 608/784/2565
f 679/855/2566 690/866/2567 680/856/2568
f 680/856/2569 690/866/2570 681/857/2571
f 681/857/2572 690/866/2573 682/858/2574
f 682/858/2575 690/866/2576 683/859/2577
f 683/859/2578 690/866/2579 684/860/2580
f 684/860/2581 690/866/2582 685/861/2583
f 685/861/2584 690/866/2585 686/862/2586
f 686/862/2587 690/866/2588 687/863/2589
f 687/863/2590 690/866/2591 688/864/2592
f 688/864/2593 690/866/2594 679/855/2595
g default
v 0.102204 1.482944 0.154623
v 0.098117 1.466972 0.158504
v 0.104439 1.451528 0.161408
v 0.118755 1.442512 0.162225
v 0.135598 1.443368 0.160642
v 0.148533 1.453769 0.157265
v 0.152620 1.469743 0.153383
v 0.146298 1.485186 0.150480
v 0.131982 1.494202 0.149663
v 0.115139 1.493346 0.151246
v 0.082320 1.498824 0.165689
v 0.074546 1.468441 0.173073
v 0.086571 1.439066 0.178596
v 0.113803 1.421917 0.180149
v 0.145839 1.423546 0.177139
v 0.170444 1.443330 0.170716
v 0.178218 1.473712 0.163332
v 0.166193 1.503088 0.157809
v 0.138961 1.520237 0.156256
v 0.106925 1.518608 0.159266
v 0.067315 1.513503 0.183837
v 0.056614 1.471686 0.193999
v 0.073166 1.431253 0.201601
v 0.110647 1.407650 0.203739
v 0.154741 1.409892 0.199596
v 0.188606 1.437122 0.190755
v 0.199307 1.478940 0.180592
v 0.182755 1.519373 0.172990
v 0.145274 1.542975 0.170853
v 0.101180 1.540734 0.174996
v 0.058657 1.525546 0.207289
v 0.046077 1.476387 0.219235
v 0.065535 1.428856 0.228172
v 0.109596 1.401109 0.230685
v 0.161432 1.403744 0.225815
v 0.201243 1.435755 0.215421
v 0.213822 1.484915 0.203474
v 0.194365 1.532446 0.194538
v 0.150303 1.560193 0.192025
v 0.098467 1.557558 0.196895
v 0.057193 1.533773 0.233749
v 0.043966 1.482084 0.246310
v 0.064425 1.432107 0.255707
v 0.110754 1.402932 0.258349
v 0.165258 1.405703 0.253228
v 0.207117 1.439362 0.242300
v 0.220344 1.491051 0.229738
v 0.199885 1.541028 0.220342
v 0.153556 1.570203 0.217699
v 0.099052 1.567432 0.222820
v 0.063067 1.537380 0.260628
v 0.050487 1.488220 0.272574
v 0.069945 1.440690 0.281511
v 0.114006 1.412942 0.284024
v 0.165842 1.415578 0.279154
v 0.205653 1.447589 0.268760
v 0.218232 1.496749 0.256813
v 0.198775 1.544280 0.247877
v 0.154713 1.572027 0.245364
v 0.102877 1.569391 0.250234
v 0.075703 1.536013 0.285294
v 0.065003 1.494195 0.295456
v 0.081554 1.453763 0.303058
v 0.119035 1.430160 0.305196
v 0.163130 1.432402 0.301053
v 0.196995 1.459632 0.292212
v 0.207695 1.501450 0.282049
v 0.191144 1.541882 0.274447
v 0.153663 1.565485 0.272310
v 0.109568 1.563243 0.276453
v 0.093866 1.529805 0.305333
v 0.086092 1.499423 0.312717
v 0.098117 1.470047 0.318240
v 0.125349 1.452899 0.319793
v 0.157385 1.454528 0.316783
v 0.181989 1.474312 0.310359
v 0.189764 1.504694 0.302976
v 0.177738 1.534070 0.297452
v 0.150507 1.551218 0.295899
v 0.118470 1.549590 0.298909
v 0.115777 1.519366 0.318784
v 0.111689 1.503393 0.322665
v 0.118011 1.487949 0.325569
v 0.132328 1.478934 0.326386
v 0.149170 1.479790 0.324803
v 0.162106 1.490191 0.321426
v 0.166193 1.506164 0.317544
v 0.159871 1.521608 0.314641
v 0.145554 1.530623 0.313824
v 0.128712 1.529767 0.315407
v 0.125019 1.467420 0.151720
v 0.139290 1.505715 0.324329
vt 0.947879 0.273271
vt 0.946611 0.269132
vt 0.952318 0.264965
vt 0.954946 0.273254
vt 0.943153 0.266529
vt 0.945321 0.259803
vt 0.938824 0.266456
vt 0.936625 0.259740
vt 0.935280 0.268941
vt 0.929553 0.264800
vt 0.933873 0.273035
vt 0.926806 0.273051
vt 0.935140 0.277174
vt 0.929433 0.281340
vt 0.938599 0.279777
vt 0.936432 0.286503
vt 0.942928 0.279850
vt 0.945128 0.286566
vt 0.946473 0.277365
vt 0.952200 0.281505
vt 0.958073 0.260590
vt 0.962172 0.273097
vt 0.947405 0.252882
vt 0.934243 0.252916
vt 0.923615 0.260679
vt 0.919580 0.273207
vt 0.923679 0.285714
vt 0.934347 0.293423
vt 0.947510 0.293390
vt 0.958138 0.285625
vt 0.963960 0.255998
vt 0.969635 0.272842
vt 0.949469 0.245706
vt 0.931695 0.245897
vt 0.917428 0.256498
vt 0.912117 0.273461
vt 0.917791 0.290306
vt 0.932284 0.300599
vt 0.950058 0.300408
vt 0.964325 0.289805
vt 0.970137 0.251169
vt 0.977470 0.272567
vt 0.951629 0.238169
vt 0.929013 0.238530
vt 0.910928 0.252114
vt 0.904282 0.273735
vt 0.911614 0.295134
vt 0.930123 0.308136
vt 0.952741 0.307775
vt 0.970826 0.294188
vt 0.910535 0.467449
vt 0.903586 0.445922
vt 0.911425 0.445788
vt 0.916798 0.462733
vt 0.910617 0.424423
vt 0.917038 0.428922
vt 0.928942 0.411163
vt 0.931492 0.418577
vt 0.951560 0.411206
vt 0.949266 0.418703
vt 0.969834 0.424535
vt 0.963571 0.429252
vt 0.976783 0.446058
vt 0.968944 0.446194
vt 0.969755 0.467557
vt 0.963333 0.463060
vt 0.951433 0.480820
vt 0.948880 0.473406
vt 0.928812 0.480780
vt 0.931105 0.473282
vt 0.918891 0.445667
vt 0.922766 0.458246
vt 0.923149 0.433212
vt 0.933914 0.425640
vt 0.947074 0.425841
vt 0.957602 0.433739
vt 0.961478 0.446316
vt 0.957221 0.458770
vt 0.946457 0.466344
vt 0.933296 0.466144
vt 0.926118 0.445640
vt 0.928598 0.453975
vt 0.929012 0.437439
vt 0.936173 0.432506
vt 0.944866 0.432724
vt 0.951771 0.438010
vt 0.954250 0.446345
vt 0.951357 0.454545
vt 0.944196 0.459479
vt 0.935503 0.459261
vt 0.933184 0.445749
vt 0.934378 0.449911
vt 0.934664 0.441681
vt 0.938252 0.439260
vt 0.942579 0.439410
vt 0.945991 0.442074
vt 0.947185 0.446235
vt 0.945705 0.450304
vt 0.942116 0.452725
vt 0.937790 0.452575
vt 0.940876 0.273153
vt 0.940184 0.445992
vn -0.527619 -0.070717 -0.846533
vn -0.527619 -0.070717 -0.846533
vn -0.527619 -0.070717 -0.846533
vn -0.527619 -0.070717 -0.846533
vn -0.471891 -0.218072 -0.854262
vn -0.379520 -0.443717 -0.811837
vn -0.546200 -0.556154 -0.626385
vn -0.692388 -0.199044 -0.693527
vn -0.379520 -0.443717 -0.811837
vn -0.170346 -0.575440 -0.799907
vn -0.215155 -0.764622 -0.607504
vn -0.546200 -0.556154 -0.626385
vn -0.170346 -0.575440 -0.799907
vn 0.075734 -0.562929 -0.823028
vn 0.174301 -0.744820 -0.644098
vn -0.215155 -0.764622 -0.607504
vn 0.075734 -0.562929 -0.823028
vn 0.264729 -0.410961 -0.872370
vn 0.473407 -0.504313 -0.722187
vn 0.174301 -0.744820 -0.644098
vn 0.264729 -0.410961 -0.872370
vn 0.324446 -0.177586 -0.929085
vn 0.567918 -0.134966 -0.811944
vn 0.473407 -0.504313 -0.722187
vn 0.324446 -0.177586 -0.929085
vn 0.232075 0.048056 -0.971510
vn 0.421732 0.222145 -0.879087
vn 0.567918 -0.134966 -0.811944
vn 0.232075 0.048056 -0.971510
vn 0.022900 0.179779 -0.983440
vn 0.090684 0.430616 -0.897968
vn 0.421732 0.222145 -0.879087
vn 0.022900 0.179779 -0.983440
vn -0.223180 0.167270 -0.960318
vn -0.298771 0.410814 -0.861375
vn 0.090684 0.430616 -0.897968
vn -0.223180 0.167270 -0.960318
vn -0.412172 0.015302 -0.910978
vn -0.597878 0.170306 -0.783287
vn -0.298771 0.410814 -0.861375
vn -0.597878 0.170306 -0.783287
vn -0.692388 -0.199044 -0.693527
vn -0.870062 -0.162414 -0.465418
vn -0.746303 0.321239 -0.582956
vn -0.692388 -0.199044 -0.693527
vn -0.546200 -0.556154 -0.626385
vn -0.678633 -0.630044 -0.377495
vn -0.870062 -0.162414 -0.465418
vn -0.546200 -0.556154 -0.626385
vn -0.215155 -0.764622 -0.607504
vn -0.245136 -0.903029 -0.352772
vn -0.678633 -0.630044 -0.377495
vn -0.215155 -0.764622 -0.607504
vn 0.174301 -0.744820 -0.644098
vn 0.264848 -0.877099 -0.400690
vn -0.245136 -0.903029 -0.352772
vn 0.174301 -0.744820 -0.644098
vn 0.473407 -0.504313 -0.722187
vn 0.656522 -0.562161 -0.502946
vn 0.264848 -0.877099 -0.400690
vn 0.473407 -0.504313 -0.722187
vn 0.567918 -0.134966 -0.811944
vn 0.780281 -0.078508 -0.620482
vn 0.656522 -0.562161 -0.502946
vn 0.567918 -0.134966 -0.811944
vn 0.421732 0.222145 -0.879087
vn 0.588852 0.389121 -0.708405
vn 0.780281 -0.078508 -0.620482
vn 0.421732 0.222145 -0.879087
vn 0.090684 0.430616 -0.897968
vn 0.155356 0.662105 -0.733131
vn 0.588852 0.389121 -0.708405
vn 0.090684 0.430616 -0.897968
vn -0.298771 0.410814 -0.861375
vn -0.354628 0.636177 -0.685213
vn 0.155356 0.662105 -0.733131
vn -0.298771 0.410814 -0.861375
vn -0.597878 0.170306 -0.783287
vn -0.746303 0.321239 -0.582956
vn -0.354628 0.636177 -0.685213
vn -0.746303 0.321239 -0.582956
vn -0.870062 -0.162414 -0.465418
vn -0.974515 -0.111376 -0.194720
vn -0.831881 0.446043 -0.330181
vn -0.870062 -0.162414 -0.465418
vn -0.678633 -0.630044 -0.377495
vn -0.753890 -0.650330 -0.093387
vn -0.974515 -0.111376 -0.194720
vn -0.678633 -0.630044 -0.377495
vn -0.245136 -0.903029 -0.352772
vn -0.254277 -0.964952 -0.064890
vn -0.753890 -0.650330 -0.093387
vn -0.245136 -0.903029 -0.352772
vn 0.264848 -0.877099 -0.400690
vn 0.333492 -0.935070 -0.120116
vn -0.254277 -0.964952 -0.064890
vn 0.264848 -0.877099 -0.400690
vn 0.656522 -0.562161 -0.502946
vn 0.784907 -0.572094 -0.237970
vn 0.333492 -0.935070 -0.120116
vn 0.656522 -0.562161 -0.502946
vn 0.780281 -0.078508 -0.620482
vn 0.927541 -0.014673 -0.373434
vn 0.784907 -0.572094 -0.237970
vn 0.780281 -0.078508 -0.620482
vn 0.588852 0.389121 -0.708405
vn 0.706915 0.524279 -0.474766
vn 0.927541 -0.014673 -0.373434
vn 0.588852 0.389121 -0.708405
vn 0.155356 0.662105 -0.733131
vn 0.207300 0.838902 -0.503260
vn 0.706915 0.524279 -0.474766
vn 0.155356 0.662105 -0.733131
vn -0.354628 0.636177 -0.685213
vn -0.380467 0.809018 -0.448034
vn 0.207300 0.838902 -0.503260
vn -0.354628 0.636177 -0.685213
vn -0.746303 0.321239 -0.582956
vn -0.831881 0.446043 -0.330181
vn -0.380467 0.809018 -0.448034
vn -0.831881 0.446043 -0.330181
vn -0.974515 -0.111376 -0.194720
vn -0.994685 -0.083707 -0.059950
vn -0.847391 0.491929 -0.199836
vn -0.974515 -0.111376 -0.194720
vn -0.753890 -0.650330 -0.093387
vn -0.766851 -0.640267 0.044691
vn -0.994685 -0.083707 -0.059950
vn -0.753890 -0.650330 -0.093387
vn -0.254277 -0.964952 -0.064890
vn -0.250915 -0.965167 0.074121
vn -0.766851 -0.640267 0.044691
vn -0.254277 -0.964952 -0.064890
vn 0.333492 -0.935070 -0.120116
vn 0.356057 -0.934308 0.017091
vn -0.250915 -0.965167 0.074121
vn 0.333492 -0.935070 -0.120116
vn 0.784907 -0.572094 -0.237970
vn 0.822220 -0.559473 -0.104615
vn 0.356057 -0.934308 0.017091
vn 0.784907 -0.572094 -0.237970
vn 0.927541 -0.014673 -0.373434
vn 0.969514 0.016159 -0.244504
vn 0.822220 -0.559473 -0.104615
vn 0.927541 -0.014673 -0.373434
vn 0.706915 0.524279 -0.474766
vn 0.741681 0.572720 -0.349143
vn 0.969514 0.016159 -0.244504
vn 0.706915 0.524279 -0.474766
vn 0.207300 0.838902 -0.503260
vn 0.225744 0.897624 -0.378563
vn 0.741681 0.572720 -0.349143
vn 0.207300 0.838902 -0.503260
vn -0.380467 0.809018 -0.448034
vn -0.381229 0.866764 -0.321534
vn 0.225744 0.897624 -0.378563
vn -0.380467 0.809018 -0.448034
vn -0.831881 0.446043 -0.330181
vn -0.847391 0.491929 -0.199836
vn -0.381229 0.866764 -0.321534
vn -0.822222 0.559472 0.104608
vn -0.969514 -0.016160 0.244503
vn -0.927541 0.014675 0.373433
vn -0.784907 0.572095 0.237967
vn -0.969514 -0.016160 0.244503
vn -0.741680 -0.572720 0.349147
vn -0.706915 -0.524278 0.474767
vn -0.927541 0.014675 0.373433
vn -0.741680 -0.572720 0.349147
vn -0.225743 -0.897621 0.378572
vn -0.207302 -0.838900 0.503261
vn -0.706915 -0.524278 0.474767
vn -0.225743 -0.897621 0.378572
vn 0.381229 -0.866760 0.321546
vn 0.380468 -0.809017 0.448036
vn -0.207302 -0.838900 0.503261
vn 0.381229 -0.866760 0.321546
vn 0.847390 -0.491928 0.199842
vn 0.831880 -0.446042 0.330184
vn 0.380468 -0.809017 0.448036
vn 0.847390 -0.491928 0.199842
vn 0.994686 0.083707 0.059948
vn 0.974515 0.111377 0.194720
vn 0.831880 -0.446042 0.330184
vn 0.994686 0.083707 0.059948
vn 0.766852 0.640266 -0.044696
vn 0.753888 0.650332 0.093386
vn 0.974515 0.111377 0.194720
vn 0.766852 0.640266 -0.044696
vn 0.250914 0.965167 -0.074126
vn 0.254275 0.964953 0.064889
vn 0.753888 0.650332 0.093386
vn 0.250914 0.965167 -0.074126
vn -0.356056 0.934308 -0.017099
vn -0.333492 0.935070 0.120113
vn 0.254275 0.964953 0.064889
vn -0.356056 0.934308 -0.017099
vn -0.822222 0.559472 0.104608
vn -0.784907 0.572095 0.237967
vn -0.333492 0.935070 0.120113
vn -0.784907 0.572095 0.237967
vn -0.927541 0.014675 0.373433
vn -0.780281 0.078508 0.620483
vn -0.656522 0.562160 0.502947
vn -0.927541 0.014675 0.373433
vn -0.706915 -0.524278 0.474767
vn -0.588852 -0.389122 0.708405
vn -0.780281 0.078508 0.620483
vn -0.706915 -0.524278 0.474767
vn -0.207302 -0.838900 0.503261
vn -0.155354 -0.662108 0.733129
vn -0.588852 -0.389122 0.708405
vn -0.207302 -0.838900 0.503261
vn 0.380468 -0.809017 0.448036
vn 0.354630 -0.636179 0.685211
vn -0.155354 -0.662108 0.733129
vn 0.380468 -0.809017 0.448036
vn 0.831880 -0.446042 0.330184
vn 0.746303 -0.321241 0.582955
vn 0.354630 -0.636179 0.685211
vn 0.831880 -0.446042 0.330184
vn 0.974515 0.111377 0.194720
vn 0.870061 0.162416 0.465419
vn 0.746303 -0.321241 0.582955
vn 0.974515 0.111377 0.194720
vn 0.753888 0.650332 0.093386
vn 0.678634 0.630042 0.377496
vn 0.870061 0.162416 0.465419
vn 0.753888 0.650332 0.093386
vn 0.254275 0.964953 0.064889
vn 0.245138 0.903029 0.352770
vn 0.678634 0.630042 0.377496
vn 0.254275 0.964953 0.064889
vn -0.333492 0.935070 0.120113
vn -0.264846 0.877100 0.400689
vn 0.245138 0.903029 0.352770
vn -0.333492 0.935070 0.120113
vn -0.784907 0.572095 0.237967
vn -0.656522 0.562160 0.502947
vn -0.264846 0.877100 0.400689
vn -0.656522 0.562160 0.502947
vn -0.780281 0.078508 0.620483
vn -0.567918 0.134965 0.811944
vn -0.473408 0.504312 0.722187
vn -0.780281 0.078508 0.620483
vn -0.588852 -0.389122 0.708405
vn -0.421730 -0.222146 0.879088
vn -0.567918 0.134965 0.811944
vn -0.588852 -0.389122 0.708405
vn -0.155354 -0.662108 0.733129
vn -0.090684 -0.430614 0.897969
vn -0.421730 -0.222146 0.879088
vn -0.155354 -0.662108 0.733129
vn 0.354630 -0.636179 0.685211
vn 0.298771 -0.410812 0.861376
vn -0.090684 -0.430614 0.897969
vn 0.354630 -0.636179 0.685211
vn 0.746303 -0.321241 0.582955
vn 0.597879 -0.170305 0.783286
vn 0.298771 -0.410812 0.861376
vn 0.746303 -0.321241 0.582955
vn 0.870061 0.162416 0.465419
vn 0.692388 0.199042 0.693528
vn 0.597879 -0.170305 0.783286
vn 0.870061 0.162416 0.465419
vn 0.678634 0.630042 0.377496
vn 0.546201 0.556154 0.626384
vn 0.692388 0.199042 0.693528
vn 0.678634 0.630042 0.377496
vn 0.245138 0.903029 0.352770
vn 0.215157 0.764623 0.607503
vn 0.546201 0.556154 0.626384
vn 0.245138 0.903029 0.352770
vn -0.264846 0.877100 0.400689
vn -0.174300 0.744822 0.644096
vn 0.215157 0.764623 0.607503
vn -0.264846 0.877100 0.400689
vn -0.656522 0.562160 0.502947
vn -0.473408 0.504312 0.722187
vn -0.174300 0.744822 0.644096
vn -0.473408 0.504312 0.722187
vn -0.567918 0.134965 0.811944
vn -0.324445 0.177586 0.929085
vn -0.264727 0.410959 0.872372
vn -0.567918 0.134965 0.811944
vn -0.421730 -0.222146 0.879088
vn -0.232074 -0.048057 0.971510
vn -0.324445 0.177586 0.929085
vn -0.421730 -0.222146 0.879088
vn -0.090684 -0.430614 0.897969
vn -0.022900 -0.179779 0.983440
vn -0.232074 -0.048057 0.971510
vn -0.090684 -0.430614 0.897969
vn 0.298771 -0.410812 0.861376
vn 0.223179 -0.167268 0.960319
vn -0.022900 -0.179779 0.983440
vn 0.298771 -0.410812 0.861376
vn 0.597879 -0.170305 0.783286
vn 0.412172 -0.015303 0.910978
vn 0.223179 -0.167268 0.960319
vn 0.597879 -0.170305 0.783286
vn 0.692388 0.199042 0.693528
vn 0.471888 0.218071 0.854264
vn 0.412172 -0.015303 0.910978
vn 0.692388 0.199042 0.693528
vn 0.546201 0.556154 0.626384
vn 0.379518 0.443717 0.811838
vn 0.471888 0.218071 0.854264
vn 0.546201 0.556154 0.626384
vn 0.215157 0.764623 0.607503
vn 0.170346 0.575438 0.799908
vn 0.379518 0.443717 0.811838
vn 0.215157 0.764623 0.607503
vn -0.174300 0.744822 0.644096
vn -0.075731 0.562926 0.823030
vn 0.170346 0.575438 0.799908
vn -0.174300 0.744822 0.644096
vn -0.473408 0.504312 0.722187
vn -0.264727 0.410959 0.872372
vn -0.075731 0.562926 0.823030
vn -0.471891 -0.218072 -0.854262
vn -0.412172 0.015302 -0.910978
vn -0.080455 -0.215893 -0.973097
vn -0.379520 -0.443717 -0.811837
vn -0.471891 -0.218072 -0.854262
vn -0.080455 -0.215893 -0.973097
vn -0.170346 -0.575440 -0.799907
vn -0.379520 -0.443717 -0.811837
vn -0.080455 -0.215893 -0.973097
vn 0.075734 -0.562929 -0.823028
vn -0.170346 -0.575440 -0.799907
vn -0.080455 -0.215893 -0.973097
vn 0.264729 -0.410961 -0.872370
vn 0.075734 -0.562929 -0.823028
vn -0.080455 -0.215893 -0.973097
vn 0.324446 -0.177586 -0.929085
vn 0.264729 -0.410961 -0.872370
vn -0.080455 -0.215893 -0.973097
vn 0.232075 0.048056 -0.971510
vn 0.324446 -0.177586 -0.929085
vn -0.080455 -0.215893 -0.973097
vn 0.022900 0.179779 -0.983440
vn 0.232075 0.048056 -0.971510
vn -0.080455 -0.215893 -0.973097
vn -0.223180 0.167270 -0.960318
vn 0.022900 0.179779 -0.983440
vn -0.080455 -0.215893 -0.973097
vn -0.412172 0.015302 -0.910978
vn -0.223180 0.167270 -0.960318
vn -0.080455 -0.215893 -0.973097
vn -0.264727 0.410959 0.872372
vn -0.324445 0.177586 0.929085
vn 0.080456 0.215894 0.973096
vn -0.324445 0.177586 0.929085
vn -0.232074 -0.048057 0.971510
vn 0.080456 0.215894 0.973096
vn -0.232074 -0.048057 0.971510
vn -0.022900 -0.179779 0.983440
vn 0.080456 0.215894 0.973096
vn -0.022900 -0.179779 0.983440
vn 0.223179 -0.167268 0.960319
vn 0.080456 0.215894 0.973096
vn 0.223179 -0.167268 0.960319
vn 0.412172 -0.015303 0.910978
vn 0.080456 0.215894 0.973096
vn 0.412172 -0.015303 0.910978
vn 0.471888 0.218071 0.854264
vn 0.080456 0.215894 0.973096
vn 0.471888 0.218071 0.854264
vn 0.379518 0.443717 0.811838
vn 0.080456 0.215894 0.973096
vn 0.379518 0.443717 0.811838
vn 0.170346 0.575438 0.799908
vn 0.080456 0.215894 0.973096
vn 0.170346 0.575438 0.799908
vn -0.075731 0.562926 0.823030
vn 0.080456 0.215894 0.973096
vn -0.075731 0.562926 0.823030
vn -0.264727 0.410959 0.872372
vn 0.080456 0.215894 0.973096
s off
g Dwarf_low1 DwarfEyes_low DwarfEyeLeft_low
usemtl lambert2SG
f 691/867/2596 692/868/2597 702/869/2598 701/870/2599
f 692/868/2600 693/871/2601 703/872/2602 702/869/2603
f 693/871/2604 694/873/2605 704/874/2606 703/872/2607
f 694/873/2608 695/875/2609 705/876/2610 704/874/2611
f 695/875/2612 696/877/2613 706/878/2614 705/876/2615
f 696/877/2616 697/879/2617 707/880/2618 706/878/2619
f 697/879/2620 698/881/2621 708/882/2622 707/880/2623
f 698/881/2624 699/883/2625 709/884/2626 708/882/2627
f 699/883/2628 700/885/2629 710/886/2630 709/884/2631
f 700/885/2632 691/867/2633 701/870/2634 710/886/2635
f 701/870/2636 702/869/2637 712/887/2638 711/888/2639
f 702/869/2640 703/872/2641 713/889/2642 712/887/2643
f 703/872/2644 704/874/2645 714/890/2646 713/889/2647
f 704/874/2648 705/876/2649 715/891/2650 714/890/2651
f 705/876/2652 706/878/2653 716/892/2654 715/891/2655
f 706/878/2656 707/880/2657 717/893/2658 716/892/2659
f 707/880/2660 708/882/2661 718/894/2662 717/893/2663
f 708/882/2664 709/884/2665 719/895/2666 718/894/2667
f 709/884/2668 710/886/2669 720/896/2670 719/895/2671
f 710/886/2672 701/870/2673 711/888/2674 720/896/2675
f 711/888/2676 712/887/2677 722/897/2678 721/898/2679
f 712/887/2680 713/889/2681 723/899/2682 722/897/2683
f 713/889/2684 714/890/2685 724/900/2686 723/899/2687
f 714/890/2688 715/891/2689 725/901/2690 724/900/2691
f 715/891/2692 716/892/2693 726/902/2694 725/901/2695
f 716/892/2696 717/893/2697 727/903/2698 726/902/2699
f 717/893/2700 718/894/2701 728/904/2702 727/903/2703
f 718/894/2704 719/895/2705 729/905/2706 728/904/2707
f 719/895/2708 720/896/2709 730/906/2710 729/905/2711
f 720/896/2712 711/888/2713 721/898/2714 730/906/2715
f 721/898/2716 722/897/2717 732/907/2718 731/908/2719
f 722/897/2720 723/899/2721 733/909/2722 732/907/2723
f 723/899/2724 724/900/2725 734/910/2726 733/909/2727
f 724/900/2728 725/901/2729 735/911/2730 734/910/2731
f 725/901/2732 726/902/2733 736/912/2734 735/911/2735
f 726/902/2736 727/903/2737 737/913/2738 736/912/2739
f 727/903/2740 728/904/2741 738/914/2742 737/913/2743
f 728/904/2744 729/905/2745 739/915/2746 738/914/2747
f 729/905/2748 730/906/2749 740/916/2750 739/915/2751
f 730/906/2752 721/898/2753 731/908/2754 740/916/2755
f 731/917/2756 732/918/2757 742/919/2758 741/920/2759
f 732/918/2760 733/921/2761 743/922/2762 742/919/2763
f 733/921/2764 734/923/2765 744/924/2766 743/922/2767
f 734/923/2768 735/925/2769 745/926/2770 744/924/2771
f 735/925/2772 736/927/2773 746/928/2774 745/926/2775
f 736/927/2776 737/929/2777 747/930/2778 746/928/2779
f 737/929/2780 738/931/2781 748/932/2782 747/930/2783
f 738/931/2784 739/933/2785 749/934/2786 748/932/2787
f 739/933/2788 740/935/2789 750/936/2790 749/934/2791
f 740/935/2792 731/917/2793 741/920/2794 750/936/2795
f 741/920/2796 742/919/2797 752/937/2798 751/938/2799
f 742/919/2800 743/922/2801 753/939/2802 752/937/2803
f 743/922/2804 744/924/2805 754/940/2806 753/939/2807
f 744/924/2808 745/926/2809 755/941/2810 754/940/2811
f 745/926/2812 746/928/2813 756/942/2814 755/941/2815
f 746/928/2816 747/930/2817 757/943/2818 756/942/2819
f 747/930/2820 748/932/2821 758/944/2822 757/943/2823
f 748/932/2824 749/934/2825 759/945/2826 758/944/2827
f 749/934/2828 750/936/2829 760/946/2830 759/945/2831
f 750/936/2832 741/920/2833 751/938/2834 760/946/2835
f 751/938/2836 752/937/2837 762/947/2838 761/948/2839
f 752/937/2840 753/939/2841 763/949/2842 762/947/2843
f 753/939/2844 754/940/2845 764/950/2846 763/949/2847
f 754/940/2848 755/941/2849 765/951/2850 764/950/2851
f 755/941/2852 756/942/2853 766/952/2854 765/951/2855
f 756/942/2856 757/943/2857 767/953/2858 766/952/2859
f 757/943/2860 758/944/2861 768/954/2862 767/953/2863
f 758/944/2864 759/945/2865 769/955/2866 768/954/2867
f 759/945/2868 760/946/2869 770/956/2870 769/955/2871
f 760/946/2872 751/938/2873 761/948/2874 770/956/2875
f 761/948/2876 762/947/2877 772/957/2878 771/958/2879
f 762/947/2880 763/949/2881 773/959/2882 772/957/2883
f 763/949/2884 764/950/2885 774/960/2886 773/959/2887
f 764/950/2888 765/951/2889 775/961/2890 774/960/2891
f 765/951/2892 766/952/2893 776/962/2894 775/961/2895
f 766/952/2896 767/953/2897 777/963/2898 776/962/2899
f 767/953/2900 768/954/2901 778/964/2902 777/963/2903
f 768/954/2904 769/955/2905 779/965/2906 778/964/2907
f 769/955/2908 770/956/2909 780/966/2910 779/965/2911
f 770/956/2912 761/948/2913 771/958/2914 780/966/2915
f 692/868/2916 691/867/2917 781/967/2918
f 693/871/2919 692/868/2920 781/967/2921
f 694/873/2922 693/871/2923 781/967/2924
f 695/875/2925 694/873/2926 781/967/2927
f 696/877/2928 695/875/2929 781/967/2930
f 697/879/2931 696/877/2932 781/967/2933
f 698/881/2934 697/879/2935 781/967/2936
f 699/883/2937 698/881/2938 781/967/2939
f 700/885/2940 699/883/2941 781/967/2942
f 691/867/2943 700/885/2944 781/967/2945
f 771/958/2946 772/957/2947 782/968/2948
f 772/957/2949 773/959/2950 782/968/2951
f 773/959/2952 774/960/2953 782/968/2954
f 774/960/2955 775/961/2956 782/968/2957
f 775/961/2958 776/962/2959 782/968/2960
f 776/962/2961 777/963/2962 782/968/2963
f 777/963/2964 778/964/2965 782/968/2966
f 778/964/2967 779/965/2968 782/968/2969
f 779/965/2970 780/966/2971 782/968/2972
f 780/966/2973 771/958/2974 782/968/2975
g default
v -0.000396 1.339580 0.395070
v -0.000396 1.120812 0.242217
v -0.000396 1.562208 0.370987
v -0.000396 1.607112 0.344249
v -0.000396 1.655284 0.316820
v -0.000396 1.743087 0.041437
v -0.000396 1.728640 -0.155520
v -0.000396 1.454499 -0.352834
v -0.000396 1.298077 -0.350457
v -0.000396 1.077629 -0.173502
v -0.000396 1.046025 -0.021860
v -0.000396 1.069964 0.125193
v -0.000396 1.167306 -0.285248
v -0.000396 1.607393 -0.302610
v -0.000396 1.729771 0.211662
v -0.000396 1.191696 0.313151
v -0.056673 1.345559 0.384263
v -0.108732 1.360371 0.378285
v -0.260105 1.411828 0.258279
v -0.263282 1.331303 0.250197
v -0.242593 1.249814 0.249396
v -0.196253 1.182644 0.252370
v -0.077882 1.127253 0.244466
v -0.086336 1.489989 0.355594
v -0.120035 1.461576 0.357349
v -0.130369 1.455013 0.308924
v -0.189632 1.450880 0.314654
v -0.172218 1.455273 0.289647
v -0.221405 1.478476 0.271103
v -0.195886 1.477084 0.267782
v -0.213876 1.532253 0.253678
v -0.197061 1.513992 0.256722
v -0.175934 1.565727 0.276415
v -0.168992 1.541410 0.271414
v -0.107911 1.563066 0.309056
v -0.077998 1.527100 0.331355
v -0.107262 1.646362 0.275913
v -0.112358 1.736031 0.037256
v -0.105973 1.715311 -0.150180
v -0.112304 1.460266 -0.349329
v -0.116019 1.304887 -0.340829
v -0.114101 1.076551 -0.163697
v -0.110550 1.060490 -0.011033
v -0.105512 1.079590 0.130028
v -0.114988 1.174785 -0.274983
v -0.111390 1.601786 -0.292248
v -0.112197 1.713618 0.192444
v -0.187958 1.293736 0.301408
v -0.044525 1.198941 0.312586
v -0.154839 1.245360 0.308718
v -0.219454 1.606923 0.225052
v -0.244778 1.662181 0.120584
v -0.254345 1.662690 0.007086
v -0.246330 1.645190 -0.123992
v -0.247087 1.577501 -0.234050
v -0.279640 1.464407 -0.283321
v -0.289765 1.342640 -0.255629
v -0.292171 1.241880 -0.202162
v -0.294512 1.160347 -0.102139
v -0.271410 1.118357 0.024236
v -0.231681 1.129263 0.158308
v -0.295134 1.217282 0.161287
v -0.330715 1.207623 0.044741
v -0.333652 1.230937 -0.062197
v -0.330658 1.285090 -0.155187
v -0.322572 1.359346 -0.207079
v -0.316422 1.461507 -0.221247
v -0.302458 1.542832 -0.183227
v -0.295382 1.591247 -0.110623
v -0.294543 1.615295 -0.009941
v -0.308780 1.609015 0.092124
v -0.273780 1.559070 0.198185
v -0.324785 1.315157 0.161308
v -0.355776 1.315014 0.059310
v -0.356074 1.330616 -0.016269
v -0.343126 1.367187 -0.098362
v -0.334253 1.403811 -0.149709
v -0.329605 1.461330 -0.163088
v -0.324201 1.509798 -0.135902
v -0.329788 1.525735 -0.087574
v -0.337063 1.523840 -0.015788
v -0.344722 1.521648 0.058969
v -0.309457 1.500605 0.179464
v -0.326684 1.422916 0.163031
v -0.352780 1.426782 0.065255
v -0.352552 1.439107 -0.000655
v -0.343860 1.452214 -0.088433
v -0.092816 1.524652 0.280307
v -0.086488 1.500348 0.309432
v -0.099537 1.468158 0.311390
v -0.166373 1.524402 0.290028
v -0.123655 1.518534 0.302530
v -0.107145 1.498730 0.307857
v -0.113054 1.481033 0.313795
v -0.125470 1.472812 0.305071
v -0.170736 1.478249 0.299621
v -0.178660 1.487936 0.285272
v -0.178558 1.509092 0.280838
v -0.000396 1.513985 0.445311
v -0.054792 1.490963 0.402589
v -0.000396 1.493055 0.500683
v -0.065792 1.478516 0.470225
v -0.000396 1.431408 0.517274
v -0.072388 1.430471 0.482268
v -0.000396 1.381683 0.497713
v -0.067857 1.384755 0.438977
v -0.134571 1.414943 0.408617
v -0.129463 1.387637 0.395864
v -0.198421 1.403077 0.312154
v -0.201250 1.351449 0.302463
v -0.139530 1.333231 0.337544
v -0.155253 1.374221 0.350560
v -0.159132 1.405053 0.362815
v -0.149701 1.447929 0.334106
v -0.152177 1.453274 0.302350
v -0.152730 1.472750 0.306895
v -0.145001 1.525265 0.298097
v -0.124258 1.541427 0.268608
v -0.138460 1.568349 0.285742
v -0.160470 1.636642 0.247670
v -0.190901 1.689668 0.154454
v -0.193899 1.706386 0.023666
v -0.191091 1.682755 -0.140459
v -0.194574 1.593142 -0.267454
v -0.206406 1.463546 -0.330945
v -0.211260 1.313775 -0.319562
v -0.214090 1.197048 -0.250590
v -0.211695 1.102517 -0.141346
v -0.201641 1.076733 0.004418
v -0.173404 1.095921 0.147238
v -0.144580 1.146435 0.250555
v -0.108698 1.215452 0.314204
v -0.088539 1.353144 0.379083
v -0.088717 1.388337 0.423111
v -0.088914 1.420767 0.451177
v -0.086357 1.472174 0.433568
v -0.072719 1.482032 0.374090
v -0.112221 1.301727 0.341445
v -0.070640 1.273561 0.351200
v -0.000396 1.267681 0.353141
v -0.362431 1.502748 0.044582
v -0.367726 1.465778 0.053013
v -0.390634 1.429965 0.049427
v -0.388028 1.454709 0.042128
v -0.413494 1.467804 0.027148
v -0.427449 1.444972 0.025923
v -0.465066 1.495897 -0.004459
v -0.476599 1.476422 -0.003846
v -0.431356 1.533507 0.002973
v -0.421551 1.551039 0.006876
v -0.410786 1.551691 -0.046598
v -0.501068 1.565803 -0.029450
v -0.491949 1.581959 -0.026917
v -0.485586 1.585066 -0.073538
v -0.559323 1.612684 -0.055432
v -0.543462 1.612761 -0.096283
v -0.530670 1.514547 -0.032053
v -0.516957 1.530057 -0.032789
v -0.562710 1.597875 -0.059037
v -0.573868 1.570549 -0.058480
v -0.580584 1.555212 -0.060409
v -0.372655 1.426498 -0.002921
v -0.417058 1.439357 -0.017970
v -0.465413 1.470053 -0.034835
v -0.522919 1.509545 -0.062456
v -0.576339 1.552876 -0.085013
v -0.603694 1.630315 -0.078094
v -0.594570 1.634651 -0.108564
v -0.606074 1.619229 -0.078717
v -0.609265 1.601541 -0.080737
v -0.615358 1.586609 -0.079086
v -0.611494 1.586747 -0.101172
v -0.625511 1.631044 -0.090185
v -0.625812 1.633154 -0.110082
v -0.626370 1.613577 -0.088441
v -0.627641 1.622476 -0.106935
v -0.385900 1.457828 -0.021272
v -0.407423 1.465487 -0.030834
v -0.448203 1.492698 -0.050347
v -0.511075 1.533866 -0.075560
v -0.360196 1.469930 -0.012967
v -0.370388 1.508307 -0.029172
v -0.422581 1.536412 -0.054006
v -0.493824 1.569831 -0.078479
v -0.553113 1.598147 -0.101152
v -0.597974 1.619953 -0.114988
v -0.567194 1.573268 -0.098429
v -0.604581 1.602530 -0.110734
v 0.055881 1.345559 0.384263
v 0.107940 1.360371 0.378285
v 0.259313 1.411828 0.258279
v 0.262489 1.331303 0.250197
v 0.241801 1.249814 0.249396
v 0.195460 1.182644 0.252370
v 0.077090 1.127253 0.244466
v 0.085543 1.489989 0.355594
v 0.119243 1.461576 0.357349
v 0.129576 1.455013 0.308924
v 0.188840 1.450880 0.314654
v 0.171426 1.455273 0.289647
v 0.220613 1.478476 0.271103
v 0.195093 1.477084 0.267782
v 0.213083 1.532253 0.253678
v 0.196269 1.513992 0.256722
v 0.175142 1.565727 0.276415
v 0.168200 1.541410 0.271414
v 0.107119 1.563066 0.309056
v 0.077205 1.527100 0.331355
v 0.106469 1.646362 0.275913
v 0.111566 1.736031 0.037256
v 0.105180 1.715311 -0.150180
v 0.111511 1.460266 -0.349329
v 0.115226 1.304887 -0.340829
v 0.113309 1.076551 -0.163697
v 0.109757 1.060490 -0.011033
v 0.104719 1.079590 0.130028
v 0.114195 1.174785 -0.274983
v 0.110598 1.601786 -0.292248
v 0.111404 1.713618 0.192444
v 0.187166 1.293736 0.301408
v 0.043732 1.198941 0.312586
v 0.154047 1.245360 0.308718
v 0.218662 1.606923 0.225052
v 0.243986 1.662181 0.120584
v 0.253553 1.662690 0.007086
v 0.245538 1.645190 -0.123992
v 0.246295 1.577501 -0.234050
v 0.278847 1.464407 -0.283321
v 0.288972 1.342640 -0.255629
v 0.291378 1.241880 -0.202162
v 0.293719 1.160347 -0.102139
v 0.270617 1.118357 0.024236
v 0.230889 1.129263 0.158308
v 0.294342 1.217282 0.161287
v 0.329922 1.207623 0.044741
v 0.332860 1.230937 -0.062197
v 0.329866 1.285090 -0.155187
v 0.321779 1.359346 -0.207079
v 0.315629 1.461507 -0.221247
v 0.301665 1.542832 -0.183227
v 0.294590 1.591247 -0.110623
v 0.293751 1.615295 -0.009941
v 0.307987 1.609015 0.092124
v 0.272988 1.559070 0.198185
v 0.323993 1.315157 0.161308
v 0.354983 1.315014 0.059310
v 0.355281 1.330616 -0.016269
v 0.342333 1.367187 -0.098362
v 0.333461 1.403811 -0.149709
v 0.328813 1.461330 -0.163088
v 0.323409 1.509798 -0.135902
v 0.328995 1.525735 -0.087574
v 0.336270 1.523840 -0.015788
v 0.343930 1.521648 0.058969
v 0.308664 1.500605 0.179464
v 0.325892 1.422916 0.163031
v 0.351988 1.426782 0.065255
v 0.351760 1.439107 -0.000655
v 0.343068 1.452214 -0.088433
v 0.092023 1.524652 0.280307
v 0.085695 1.500348 0.309432
v 0.098744 1.468158 0.311390
v 0.165580 1.524402 0.290028
v 0.122863 1.518534 0.302530
v 0.106352 1.498730 0.307857
v 0.112262 1.481033 0.313795
v 0.124678 1.472812 0.305071
v 0.169943 1.478249 0.299621
v 0.177867 1.487936 0.285272
v 0.177766 1.509092 0.280838
v 0.054000 1.490963 0.402589
v 0.065000 1.478516 0.470225
v 0.071596 1.430471 0.482268
v 0.067065 1.384755 0.438977
v 0.133779 1.414943 0.408617
v 0.128671 1.387637 0.395864
v 0.197628 1.403077 0.312154
v 0.200458 1.351449 0.302463
v 0.138737 1.333231 0.337544
v 0.154461 1.374221 0.350560
v 0.158340 1.405053 0.362815
v 0.148909 1.447929 0.334106
v 0.151385 1.453274 0.302350
v 0.151937 1.472750 0.306895
v 0.144209 1.525265 0.298097
v 0.123466 1.541427 0.268608
v 0.137667 1.568349 0.285742
v 0.159677 1.636642 0.247670
v 0.190108 1.689668 0.154454
v 0.193106 1.706386 0.023666
v 0.190299 1.682755 -0.140459
v 0.193782 1.593142 -0.267454
v 0.205614 1.463546 -0.330945
v 0.210468 1.313775 -0.319562
v 0.213298 1.197048 -0.250590
v 0.210903 1.102517 -0.141346
v 0.200849 1.076733 0.004418
v 0.172611 1.095921 0.147238
v 0.143788 1.146435 0.250555
v 0.107906 1.215452 0.314204
v 0.087746 1.353144 0.379083
v 0.087925 1.388337 0.423111
v 0.088121 1.420767 0.451177
v 0.085565 1.472174 0.433568
v 0.071927 1.482032 0.374090
v 0.111429 1.301727 0.341445
v 0.069848 1.273561 0.351200
v 0.361639 1.502748 0.044582
v 0.366934 1.465778 0.053013
v 0.389842 1.429965 0.049427
v 0.387236 1.454709 0.042128
v 0.412701 1.467804 0.027148
v 0.426657 1.444972 0.025923
v 0.464274 1.495897 -0.004459
v 0.475806 1.476422 -0.003846
v 0.430564 1.533507 0.002973
v 0.420758 1.551039 0.006876
v 0.409994 1.551691 -0.046598
v 0.500275 1.565803 -0.029450
v 0.491157 1.581959 -0.026917
v 0.484793 1.585066 -0.073538
v 0.558530 1.612684 -0.055432
v 0.542670 1.612761 -0.096283
v 0.529878 1.514547 -0.032053
v 0.516165 1.530057 -0.032789
v 0.561918 1.597875 -0.059037
v 0.573076 1.570549 -0.058480
v 0.579792 1.555212 -0.060409
v 0.371863 1.426498 -0.002921
v 0.416266 1.439357 -0.017970
v 0.464620 1.470053 -0.034835
v 0.522126 1.509545 -0.062456
v 0.575547 1.552876 -0.085013
v 0.602902 1.630315 -0.078094
v 0.593778 1.634651 -0.108564
v 0.605282 1.619229 -0.078717
v 0.608473 1.601541 -0.080737
v 0.614566 1.586609 -0.079086
v 0.610701 1.586747 -0.101172
v 0.624719 1.631044 -0.090185
v 0.625020 1.633154 -0.110082
v 0.625578 1.613577 -0.088441
v 0.626848 1.622476 -0.106935
v 0.385107 1.457828 -0.021272
v 0.406631 1.465487 -0.030834
v 0.447411 1.492698 -0.050347
v 0.510282 1.533866 -0.075560
v 0.359404 1.469930 -0.012967
v 0.369596 1.508307 -0.029172
v 0.421788 1.536412 -0.054006
v 0.493031 1.569831 -0.078479
v 0.552321 1.598147 -0.101152
v 0.597181 1.619953 -0.114988
v 0.566402 1.573268 -0.098429
v 0.603789 1.602530 -0.110734
vt 0.183393 0.825757
vt 0.181935 0.832227
vt 0.178529 0.833987
vt 0.176412 0.827679
vt 0.175419 0.840324
vt 0.169620 0.840989
vt 0.176874 0.848048
vt 0.172806 0.852999
vt 0.183188 0.852907
vt 0.184036 0.859490
vt 0.221223 0.867720
vt 0.197809 0.858682
vt 0.204033 0.847453
vt 0.221223 0.850613
vt 0.216926 0.885251
vt 0.196988 0.881503
vt 0.207268 0.905589
vt 0.189084 0.895913
vt 0.178195 0.936651
vt 0.133504 0.957311
vt 0.130261 0.938355
vt 0.167422 0.922168
vt 0.085104 0.954214
vt 0.092118 0.933703
vt 0.048305 0.933134
vt 0.026570 0.898448
vt 0.048624 0.889630
vt 0.066382 0.915657
vt 0.018039 0.861423
vt 0.044346 0.860598
vt 0.024192 0.825309
vt 0.041930 0.796043
vt 0.067553 0.804528
vt 0.050465 0.830895
vt 0.076136 0.770694
vt 0.092364 0.786601
vt 0.114016 0.760208
vt 0.118223 0.776058
vt 0.137147 0.761201
vt 0.137734 0.770502
vt 0.123092 0.786401
vt 0.141792 0.782328
vt 0.146963 0.793463
vt 0.128964 0.796431
vt 0.153121 0.803741
vt 0.137608 0.809019
vt 0.189736 0.858792
vt 0.183366 0.878211
vt 0.172487 0.871942
vt 0.174122 0.891289
vt 0.163079 0.887720
vt 0.155796 0.908896
vt 0.146522 0.899666
vt 0.127078 0.922620
vt 0.125349 0.910662
vt 0.097723 0.921256
vt 0.102623 0.911252
vt 0.075568 0.907049
vt 0.087539 0.897096
vt 0.060223 0.884867
vt 0.077222 0.879327
vt 0.056464 0.860775
vt 0.073844 0.860509
vt 0.062958 0.834211
vt 0.079101 0.839255
vt 0.078249 0.811297
vt 0.090246 0.819309
vt 0.100919 0.794824
vt 0.108823 0.803270
vt 0.121296 0.817594
vt 0.104610 0.830571
vt 0.092967 0.844557
vt 0.088887 0.861557
vt 0.090169 0.875541
vt 0.097413 0.887354
vt 0.107856 0.895851
vt 0.121707 0.896834
vt 0.138065 0.892255
vt 0.149077 0.880845
vt 0.162836 0.863500
vt 0.147427 0.820272
vt 0.132580 0.830658
vt 0.118138 0.842960
vt 0.109640 0.852673
vt 0.100538 0.865984
vt 0.097539 0.874067
vt 0.103561 0.881374
vt 0.109585 0.887030
vt 0.117364 0.883936
vt 0.128404 0.878581
vt 0.138064 0.870510
vt 0.154680 0.855359
vt 0.142184 0.842278
vt 0.157688 0.830535
vt 0.130063 0.856873
vt 0.122346 0.865315
vt 0.110268 0.873801
vt 0.188126 0.851650
vt 0.192549 0.850109
vt 0.195270 0.841070
vt 0.196972 0.831653
vt 0.191225 0.835349
vt 0.185735 0.832366
vt 0.191366 0.825770
vt 0.199774 0.960932
vt 0.198923 0.975264
vt 0.189633 0.971105
vt 0.194122 0.960874
vt 0.208111 0.973970
vt 0.205742 0.960881
vt 0.213480 0.958266
vt 0.217828 0.960298
vt 0.212028 0.952088
vt 0.215372 0.949710
vt 0.206285 0.944518
vt 0.204960 0.949325
vt 0.191466 0.943926
vt 0.199058 0.943582
vt 0.199038 0.949686
vt 0.193881 0.950378
vt 0.181467 0.950968
vt 0.187322 0.952848
vt 0.179556 0.962763
vt 0.187533 0.959563
vt 0.207479 0.831127
vt 0.221224 0.831012
vt 0.210167 0.820441
vt 0.221225 0.821373
vt 0.209481 0.811728
vt 0.221227 0.812059
vt 0.206652 0.801143
vt 0.221229 0.804049
vt 0.199601 0.830136
vt 0.204319 0.821234
vt 0.203998 0.809872
vt 0.191507 0.809902
vt 0.201475 0.801901
vt 0.191849 0.802684
vt 0.206467 0.788981
vt 0.221236 0.786757
vt 0.198931 0.791835
vt 0.194857 0.794564
vt 0.180961 0.813679
vt 0.169185 0.819975
vt 0.174249 0.808431
vt 0.160897 0.812867
vt 0.166269 0.800650
vt 0.184622 0.805342
vt 0.177018 0.797492
vt 0.162293 0.791727
vt 0.176012 0.792192
vt 0.159615 0.780976
vt 0.176083 0.784768
vt 0.155754 0.765337
vt 0.178640 0.773536
vt 0.765788 0.269993
vt 0.763071 0.278714
vt 0.758062 0.284280
vt 0.762381 0.266379
vt 0.766647 0.280949
vt 0.765572 0.285196
vt 0.773225 0.279440
vt 0.774929 0.284152
vt 0.784163 0.277752
vt 0.786123 0.283552
vt 0.780966 0.265837
vt 0.782399 0.270839
vt 0.768283 0.253608
vt 0.783949 0.255555
vt 0.796753 0.266202
vt 0.796880 0.270835
vt 0.798587 0.257074
vt 0.811829 0.258963
vt 0.810908 0.266729
vt 0.797914 0.276011
vt 0.799240 0.281051
vt 0.810333 0.270026
vt 0.811127 0.273808
vt 0.811778 0.277842
vt 0.767417 0.295221
vt 0.762941 0.296551
vt 0.776577 0.293031
vt 0.787334 0.289452
vt 0.801407 0.286516
vt 0.814948 0.281689
vt 0.821294 0.261594
vt 0.819909 0.266492
vt 0.819753 0.268478
vt 0.819975 0.271307
vt 0.820553 0.273052
vt 0.825550 0.272393
vt 0.826598 0.263674
vt 0.824128 0.266455
vt 0.827194 0.266723
vt 0.823789 0.269674
vt 0.769412 0.233815
vt 0.778556 0.233933
vt 0.777888 0.239772
vt 0.771976 0.238175
vt 0.789416 0.236727
vt 0.788271 0.242954
vt 0.802988 0.241036
vt 0.801760 0.246361
vt 0.770352 0.241384
vt 0.766363 0.237102
vt 0.776097 0.246649
vt 0.786881 0.249936
vt 0.800530 0.252546
vt 0.813699 0.255113
vt 0.823446 0.259925
vt 0.816191 0.246498
vt 0.814412 0.250963
vt 0.826542 0.255728
vt 0.823882 0.256742
vt 0.827703 0.261120
vt 0.259055 0.825764
vt 0.266036 0.827687
vt 0.263918 0.833994
vt 0.260512 0.832234
vt 0.267028 0.840331
vt 0.272827 0.840996
vt 0.269642 0.853006
vt 0.265573 0.848055
vt 0.258411 0.859497
vt 0.259259 0.852913
vt 0.238413 0.847457
vt 0.244637 0.858687
vt 0.245459 0.881509
vt 0.225522 0.885256
vt 0.253365 0.895920
vt 0.235182 0.905597
vt 0.264258 0.936662
vt 0.275029 0.922177
vt 0.312193 0.938364
vt 0.308954 0.957320
vt 0.350335 0.933708
vt 0.357354 0.954217
vt 0.394148 0.933133
vt 0.376068 0.915659
vt 0.393822 0.889631
vt 0.415878 0.898447
vt 0.398098 0.860602
vt 0.424405 0.861425
vt 0.418252 0.825315
vt 0.391978 0.830901
vt 0.374893 0.804536
vt 0.400517 0.796051
vt 0.350084 0.786608
vt 0.366314 0.770703
vt 0.324227 0.776064
vt 0.328437 0.760215
vt 0.305305 0.761206
vt 0.304718 0.770508
vt 0.319357 0.786408
vt 0.313485 0.796436
vt 0.295486 0.793469
vt 0.300658 0.782334
vt 0.304839 0.809024
vt 0.289327 0.803747
vt 0.252711 0.858798
vt 0.269962 0.871949
vt 0.259082 0.878218
vt 0.279370 0.887727
vt 0.268327 0.891295
vt 0.295926 0.899675
vt 0.286653 0.908905
vt 0.317101 0.910673
vt 0.315373 0.922630
vt 0.339827 0.911259
vt 0.344729 0.921262
vt 0.354908 0.897100
vt 0.366881 0.907052
vt 0.365221 0.879331
vt 0.382221 0.884870
vt 0.368598 0.860514
vt 0.385978 0.860780
vt 0.363342 0.839262
vt 0.379485 0.834218
vt 0.352200 0.819316
vt 0.364197 0.811304
vt 0.333624 0.803277
vt 0.341529 0.794831
vt 0.321151 0.817599
vt 0.337835 0.830578
vt 0.349475 0.844565
vt 0.353553 0.861563
vt 0.352272 0.875546
vt 0.345031 0.887359
vt 0.334592 0.895860
vt 0.320742 0.896847
vt 0.304381 0.892267
vt 0.293375 0.880850
vt 0.279613 0.863507
vt 0.295019 0.820277
vt 0.309864 0.830662
vt 0.324306 0.842964
vt 0.332799 0.852682
vt 0.341901 0.865990
vt 0.344901 0.874072
vt 0.338881 0.881380
vt 0.332861 0.887038
vt 0.325083 0.883948
vt 0.314042 0.878609
vt 0.304398 0.870511
vt 0.287769 0.855366
vt 0.284758 0.830542
vt 0.300259 0.842280
vt 0.312380 0.856870
vt 0.320078 0.865320
vt 0.332168 0.873806
vt 0.254320 0.851656
vt 0.247177 0.841076
vt 0.249898 0.850115
vt 0.245476 0.831659
vt 0.251222 0.835355
vt 0.256712 0.832373
vt 0.251083 0.825777
vt 0.243887 0.961079
vt 0.249538 0.960989
vt 0.254085 0.971195
vt 0.244818 0.975406
vt 0.235624 0.974163
vt 0.225830 0.960547
vt 0.230166 0.958490
vt 0.237919 0.961062
vt 0.228226 0.949945
vt 0.231584 0.952304
vt 0.237284 0.944702
vt 0.238636 0.949501
vt 0.252099 0.944026
vt 0.249722 0.950492
vt 0.244560 0.949829
vt 0.244506 0.943726
vt 0.262137 0.951012
vt 0.256294 0.952925
vt 0.264115 0.962798
vt 0.256121 0.959641
vt 0.234968 0.831132
vt 0.232283 0.820445
vt 0.232973 0.811733
vt 0.235809 0.801149
vt 0.242846 0.830142
vt 0.238130 0.821240
vt 0.238456 0.809879
vt 0.250946 0.809911
vt 0.240984 0.801909
vt 0.250610 0.802697
vt 0.236003 0.788989
vt 0.243537 0.791847
vt 0.247609 0.794578
vt 0.261489 0.813686
vt 0.273263 0.819982
vt 0.268201 0.808438
vt 0.281551 0.812873
vt 0.276181 0.800656
vt 0.257829 0.805349
vt 0.265433 0.797498
vt 0.266439 0.792197
vt 0.280157 0.791733
vt 0.266369 0.784772
vt 0.282836 0.780981
vt 0.263813 0.773539
vt 0.286699 0.765341
vt 0.877694 0.340573
vt 0.881632 0.337546
vt 0.883054 0.355905
vt 0.878993 0.349614
vt 0.875494 0.355617
vt 0.875107 0.351253
vt 0.868852 0.348719
vt 0.866422 0.353101
vt 0.858321 0.345316
vt 0.855465 0.350731
vt 0.861160 0.338771
vt 0.863369 0.334060
vt 0.862057 0.323435
vt 0.877832 0.324000
vt 0.846863 0.336468
vt 0.847724 0.331913
vt 0.847364 0.322610
vt 0.833665 0.330185
vt 0.833990 0.322372
vt 0.842911 0.346178
vt 0.845021 0.341414
vt 0.833709 0.333532
vt 0.832325 0.337140
vt 0.831041 0.341018
vt 0.876289 0.367246
vt 0.872081 0.365222
vt 0.863386 0.361605
vt 0.853333 0.356364
vt 0.839903 0.351231
vt 0.827301 0.344313
vt 0.824816 0.328522
vt 0.824227 0.323466
vt 0.824655 0.330506
vt 0.823986 0.333264
vt 0.823138 0.334895
vt 0.818310 0.333451
vt 0.820657 0.327815
vt 0.818659 0.324677
vt 0.820479 0.331047
vt 0.817586 0.327591
vt 0.879862 0.304280
vt 0.876637 0.308176
vt 0.870547 0.308814
vt 0.870815 0.302944
vt 0.859790 0.310307
vt 0.859649 0.303977
vt 0.845932 0.311528
vt 0.845566 0.306077
vt 0.882351 0.308008
vt 0.877732 0.311603
vt 0.871223 0.315888
vt 0.860054 0.317421
vt 0.846164 0.317830
vt 0.832754 0.318273
vt 0.822367 0.321475
vt 0.832710 0.314062
vt 0.831663 0.309372
vt 0.822443 0.318263
vt 0.819977 0.316840
vt 0.817974 0.321978
vn -0.613863 0.637199 0.465993
vn -0.114573 0.985971 0.121389
vn 0.138187 0.930390 0.339527
vn -0.569474 0.408555 0.713290
vn 0.216344 0.700117 0.680464
vn -0.642885 0.238740 0.727807
vn 0.216344 0.700117 0.680464
vn -0.055934 0.079393 0.995273
vn -0.595733 0.215860 0.773632
vn -0.642885 0.238740 0.727807
vn -0.055934 0.079393 0.995273
vn -0.198461 -0.317391 0.927295
vn -0.463478 0.248423 0.850573
vn -0.595733 0.215860 0.773632
vn 0.000000 0.402957 0.915219
vn -0.521192 0.232143 0.821260
vn -0.673750 0.386742 0.629676
vn 0.000000 0.632223 0.774787
vn 0.000000 0.402957 0.915219
vn -0.322363 0.617191 0.717745
vn -0.363505 0.627916 0.688176
vn -0.521192 0.232143 0.821260
vn -0.322363 0.617191 0.717745
vn -0.182016 0.923636 0.337293
vn -0.260479 0.910451 0.321293
vn -0.363505 0.627916 0.688176
vn -0.103664 0.994605 0.003764
vn -0.107490 0.923112 -0.369201
vn -0.199016 0.910687 -0.361998
vn -0.206202 0.978509 -0.000976
vn -0.107490 0.923112 -0.369201
vn -0.090608 0.593236 -0.799914
vn -0.168210 0.600645 -0.781621
vn -0.199016 0.910687 -0.361998
vn -0.059910 0.148515 -0.987094
vn -0.083892 -0.245680 -0.965714
vn -0.156677 -0.249923 -0.955506
vn -0.131312 0.160596 -0.978247
vn -0.083892 -0.245680 -0.965714
vn -0.093193 -0.615753 -0.782409
vn -0.190023 -0.613778 -0.766269
vn -0.156677 -0.249923 -0.955506
vn -0.078415 -0.903470 -0.421417
vn -0.085781 -0.996141 -0.018569
vn -0.143717 -0.989590 -0.007545
vn -0.178096 -0.897298 -0.403904
vn -0.085781 -0.996141 -0.018569
vn -0.086257 -0.964201 0.250751
vn -0.122581 -0.958828 0.256169
vn -0.143717 -0.989590 -0.007545
vn -0.086257 -0.964201 0.250751
vn -0.067066 -0.856064 0.512501
vn -0.104947 -0.831433 0.545623
vn -0.122581 -0.958828 0.256169
vn -0.093193 -0.615753 -0.782409
vn -0.078415 -0.903470 -0.421417
vn -0.178096 -0.897298 -0.403904
vn -0.190023 -0.613778 -0.766269
vn -0.090608 0.593236 -0.799914
vn -0.059910 0.148515 -0.987094
vn -0.131312 0.160596 -0.978247
vn -0.168210 0.600645 -0.781621
vn -0.182016 0.923636 0.337293
vn -0.103664 0.994605 0.003764
vn -0.206202 0.978509 -0.000976
vn -0.260479 0.910451 0.321293
vn -0.072102 -0.645697 0.760182
vn -0.092959 -0.601115 0.793738
vn -0.104947 -0.831433 0.545623
vn -0.067066 -0.856064 0.512501
vn -0.267578 -0.740528 0.616458
vn -0.228860 -0.514228 0.826555
vn -0.442496 -0.349083 0.826038
vn -0.542972 -0.533277 0.648688
vn -0.542972 -0.533277 0.648688
vn -0.442496 -0.349083 0.826038
vn -0.548984 -0.230060 0.803548
vn -0.692525 -0.320017 0.646528
vn -0.476978 0.150549 0.865926
vn -0.497536 0.590577 0.635355
vn -0.621019 0.508227 0.596691
vn -0.463478 0.248423 0.850573
vn -0.497536 0.590577 0.635355
vn -0.476162 0.827328 0.297990
vn -0.647724 0.710215 0.275769
vn -0.621019 0.508227 0.596691
vn -0.476162 0.827328 0.297990
vn -0.434782 0.900208 -0.024279
vn -0.637874 0.768255 -0.053868
vn -0.647724 0.710215 0.275769
vn -0.434782 0.900208 -0.024279
vn -0.421374 0.842880 -0.334659
vn -0.640201 0.719952 -0.267977
vn -0.637874 0.768255 -0.053868
vn -0.421374 0.842880 -0.334659
vn -0.380547 0.603161 -0.700986
vn -0.629348 0.554080 -0.544901
vn -0.640201 0.719952 -0.267977
vn -0.380547 0.603161 -0.700986
vn -0.387501 0.159713 -0.907929
vn -0.683838 0.164597 -0.710826
vn -0.629348 0.554080 -0.544901
vn -0.387501 0.159713 -0.907929
vn -0.427588 -0.252620 -0.867958
vn -0.714196 -0.193959 -0.672535
vn -0.683838 0.164597 -0.710826
vn -0.427588 -0.252620 -0.867958
vn -0.474067 -0.558980 -0.680296
vn -0.735526 -0.435856 -0.518682
vn -0.714196 -0.193959 -0.672535
vn -0.474067 -0.558980 -0.680296
vn -0.451619 -0.812765 -0.368039
vn -0.743306 -0.616602 -0.259419
vn -0.735526 -0.435856 -0.518682
vn -0.451619 -0.812765 -0.368039
vn -0.372228 -0.928131 0.004462
vn -0.690513 -0.719162 0.077444
vn -0.743306 -0.616602 -0.259419
vn -0.372228 -0.928131 0.004462
vn -0.300636 -0.902036 0.309755
vn -0.619005 -0.687916 0.378952
vn -0.690513 -0.719162 0.077444
vn -0.542972 -0.533277 0.648688
vn -0.619005 -0.687916 0.378952
vn -0.300636 -0.902036 0.309755
vn -0.267578 -0.740528 0.616458
vn -0.692525 -0.320017 0.646528
vn -0.812747 -0.413637 0.410301
vn -0.619005 -0.687916 0.378952
vn -0.542972 -0.533277 0.648688
vn -0.812747 -0.413637 0.410301
vn -0.894199 -0.424781 0.141310
vn -0.690513 -0.719162 0.077444
vn -0.619005 -0.687916 0.378952
vn -0.894199 -0.424781 0.141310
vn -0.935529 -0.330962 -0.123486
vn -0.743306 -0.616602 -0.259419
vn -0.690513 -0.719162 0.077444
vn -0.935529 -0.330962 -0.123486
vn -0.936164 -0.217173 -0.276466
vn -0.735526 -0.435856 -0.518682
vn -0.743306 -0.616602 -0.259419
vn -0.936164 -0.217173 -0.276466
vn -0.915137 -0.088030 -0.393415
vn -0.714196 -0.193959 -0.672535
vn -0.735526 -0.435856 -0.518682
vn -0.714196 -0.193959 -0.672535
vn -0.915137 -0.088030 -0.393415
vn -0.880926 0.180706 -0.437395
vn -0.683838 0.164597 -0.710826
vn -0.880926 0.180706 -0.437395
vn -0.808947 0.458027 -0.368533
vn -0.629348 0.554080 -0.544901
vn -0.683838 0.164597 -0.710826
vn -0.808947 0.458027 -0.368533
vn -0.807630 0.551536 -0.208666
vn -0.640201 0.719952 -0.267977
vn -0.629348 0.554080 -0.544901
vn -0.807630 0.551536 -0.208666
vn -0.816487 0.570990 -0.085555
vn -0.637874 0.768255 -0.053868
vn -0.640201 0.719952 -0.267977
vn -0.816487 0.570990 -0.085555
vn -0.832344 0.511489 0.213501
vn -0.647724 0.710215 0.275769
vn -0.637874 0.768255 -0.053868
vn -0.832344 0.511489 0.213501
vn -0.751625 0.378529 0.540163
vn -0.621019 0.508227 0.596691
vn -0.647724 0.710215 0.275769
vn -0.751625 0.378529 0.540163
vn -0.595733 0.215860 0.773632
vn -0.463478 0.248423 0.850573
vn -0.621019 0.508227 0.596691
vn -0.757439 -0.118483 0.642065
vn -0.897167 -0.137824 0.419638
vn -0.812747 -0.413637 0.410301
vn -0.692525 -0.320017 0.646528
vn -0.897167 -0.137824 0.419638
vn -0.978076 -0.135430 0.158195
vn -0.894199 -0.424781 0.141310
vn -0.812747 -0.413637 0.410301
vn -0.978076 -0.135430 0.158195
vn -0.993850 -0.085668 -0.070163
vn -0.935529 -0.330962 -0.123486
vn -0.894199 -0.424781 0.141310
vn -0.993850 -0.085668 -0.070163
vn -0.988568 -0.032406 -0.147255
vn -0.936164 -0.217173 -0.276466
vn -0.935529 -0.330962 -0.123486
vn -0.988568 -0.032406 -0.147255
vn -0.981488 0.008046 -0.191357
vn -0.915137 -0.088030 -0.393415
vn -0.936164 -0.217173 -0.276466
vn -0.915137 -0.088030 -0.393415
vn -0.981488 0.008046 -0.191357
vn -0.970385 0.125466 -0.206423
vn -0.880926 0.180706 -0.437395
vn -0.970385 0.125466 -0.206423
vn -0.939489 0.282344 -0.194015
vn -0.808947 0.458027 -0.368533
vn -0.880926 0.180706 -0.437395
vn -0.939489 0.282344 -0.194015
vn -0.939047 0.323098 -0.117470
vn -0.807630 0.551536 -0.208666
vn -0.808947 0.458027 -0.368533
vn -0.939047 0.323098 -0.117470
vn -0.932534 0.350080 -0.088452
vn -0.816487 0.570990 -0.085555
vn -0.807630 0.551536 -0.208666
vn -0.932534 0.350080 -0.088452
vn -0.938869 0.297382 0.173460
vn -0.832344 0.511489 0.213501
vn -0.816487 0.570990 -0.085555
vn -0.938869 0.297382 0.173460
vn -0.850360 0.212614 0.481335
vn -0.751625 0.378529 0.540163
vn -0.832344 0.511489 0.213501
vn -0.850360 0.212614 0.481335
vn -0.642885 0.238740 0.727807
vn -0.595733 0.215860 0.773632
vn -0.751625 0.378529 0.540163
vn -0.850360 0.212614 0.481335
vn -0.900277 0.059504 0.431232
vn -0.754172 0.058390 0.654076
vn -0.642885 0.238740 0.727807
vn -0.900277 0.059504 0.431232
vn -0.897167 -0.137824 0.419638
vn -0.757439 -0.118483 0.642065
vn -0.754172 0.058390 0.654076
vn -0.938869 0.297382 0.173460
vn -0.977872 0.048775 0.203439
vn -0.900277 0.059504 0.431232
vn -0.850360 0.212614 0.481335
vn -0.977872 0.048775 0.203439
vn -0.978076 -0.135430 0.158195
vn -0.897167 -0.137824 0.419638
vn -0.900277 0.059504 0.431232
vn -0.978076 -0.135430 0.158195
vn -0.977872 0.048775 0.203439
vn -0.995852 0.063979 -0.064689
vn -0.993850 -0.085668 -0.070163
vn -0.939047 0.323098 -0.117470
vn -0.987405 0.096650 -0.125260
vn -0.995852 0.063979 -0.064689
vn -0.932534 0.350080 -0.088452
vn -0.987405 0.096650 -0.125260
vn -0.988568 -0.032406 -0.147255
vn -0.993850 -0.085668 -0.070163
vn -0.995852 0.063979 -0.064689
vn -0.970385 0.125466 -0.206423
vn -0.987405 0.096650 -0.125260
vn -0.939047 0.323098 -0.117470
vn -0.939489 0.282344 -0.194015
vn -0.987405 0.096650 -0.125260
vn -0.970385 0.125466 -0.206423
vn -0.981488 0.008046 -0.191357
vn -0.988568 -0.032406 -0.147255
vn -0.418583 -0.595196 0.685952
vn -0.476978 0.150549 0.865926
vn -0.463478 0.248423 0.850573
vn -0.198461 -0.317391 0.927295
vn -0.673750 0.386742 0.629676
vn -0.521192 0.232143 0.821260
vn -0.801736 -0.446502 0.397310
vn -0.983700 0.052757 0.171904
vn -0.711193 0.668391 0.217847
vn -0.673750 0.386742 0.629676
vn -0.983700 0.052757 0.171904
vn -0.703718 0.707874 -0.060787
vn -0.430577 0.901343 -0.046743
vn -0.672297 0.689940 0.268327
vn -0.711193 0.668391 0.217847
vn -0.703718 0.707874 -0.060787
vn -0.067060 0.547161 0.834337
vn 0.108185 0.826486 0.552464
vn -0.386797 0.693606 0.607699
vn -0.413588 0.515967 0.750149
vn 0.194695 0.753196 0.628323
vn 0.080406 0.539414 0.838193
vn -0.003262 0.423363 0.905954
vn 0.158164 0.517624 0.840863
vn 0.158164 0.517624 0.840863
vn -0.003262 0.423363 0.905954
vn -0.192738 0.111118 0.974938
vn -0.069020 0.064822 0.995507
vn -0.140102 -0.011652 0.990068
vn -0.069020 0.064822 0.995507
vn -0.192738 0.111118 0.974938
vn -0.138524 0.078020 0.987281
vn -0.668137 -0.162304 0.726120
vn -0.317545 -0.155025 0.935485
vn -0.227168 0.059243 0.972052
vn -0.554523 0.053422 0.830452
vn -0.772856 0.071004 0.630597
vn -0.668137 -0.162304 0.726120
vn -0.554523 0.053422 0.830452
vn -0.775084 0.084557 0.626174
vn -0.754998 0.256730 0.603381
vn -0.772856 0.071004 0.630597
vn -0.775084 0.084557 0.626174
vn -0.758024 0.249649 0.602557
vn -0.386797 0.693606 0.607699
vn -0.754998 0.256730 0.603381
vn -0.758024 0.249649 0.602557
vn -0.413588 0.515967 0.750149
vn -0.227168 0.059243 0.972052
vn -0.067060 0.547161 0.834337
vn -0.413588 0.515967 0.750149
vn -0.554523 0.053422 0.830452
vn -0.192738 0.111118 0.974938
vn -0.003262 0.423363 0.905954
vn 0.080406 0.539414 0.838193
vn -0.138524 0.078020 0.987281
vn -0.758024 0.249649 0.602557
vn -0.775084 0.084557 0.626174
vn -0.554523 0.053422 0.830452
vn -0.413588 0.515967 0.750149
vn 0.000000 0.632223 0.774787
vn -0.673750 0.386742 0.629676
vn -0.549971 0.753436 0.360369
vn 0.000000 0.918558 0.395286
vn 0.000000 0.918558 0.395286
vn -0.549971 0.753436 0.360369
vn -0.567325 0.611638 0.551400
vn 0.000000 0.695569 0.718459
vn 0.000000 0.695569 0.718459
vn -0.567325 0.611638 0.551400
vn -0.605853 -0.129898 0.784900
vn 0.000000 -0.156869 0.987619
vn 0.000000 -0.156869 0.987619
vn -0.605853 -0.129898 0.784900
vn -0.400971 -0.741691 0.537697
vn 0.000000 -0.730500 0.682912
vn -0.549971 0.753436 0.360369
vn -0.673750 0.386742 0.629676
vn -0.711193 0.668391 0.217847
vn -0.596166 0.743222 0.303656
vn -0.722968 0.600394 0.341825
vn -0.596166 0.743222 0.303656
vn -0.711193 0.668391 0.217847
vn -0.672297 0.689940 0.268327
vn -0.820703 0.052681 0.568921
vn -0.722968 0.600394 0.341825
vn -0.672297 0.689940 0.268327
vn -0.801821 0.202244 0.562300
vn -0.464393 -0.642481 0.609555
vn -0.820703 0.052681 0.568921
vn -0.801821 0.202244 0.562300
vn -0.449771 -0.605925 0.656172
vn 0.000000 -0.730500 0.682912
vn -0.400971 -0.741691 0.537697
vn -0.315153 -0.838459 0.444595
vn 0.000000 -0.897349 0.441321
vn -0.365414 -0.741919 0.562165
vn -0.464393 -0.642481 0.609555
vn -0.449771 -0.605925 0.656172
vn -0.354334 -0.714117 0.603726
vn -0.782244 0.153705 0.603713
vn -0.678021 0.043434 0.733758
vn -0.642885 0.238740 0.727807
vn -0.754172 0.058390 0.654076
vn -0.638976 -0.332326 0.693736
vn -0.620448 -0.154533 0.768872
vn -0.620448 -0.154533 0.768872
vn -0.678021 0.043434 0.733758
vn -0.754172 0.058390 0.654076
vn -0.757439 -0.118483 0.642065
vn -0.757439 -0.118483 0.642065
vn -0.692525 -0.320017 0.646528
vn -0.548984 -0.230060 0.803548
vn -0.620448 -0.154533 0.768872
vn -0.495933 -0.322373 0.806304
vn -0.638976 -0.332326 0.693736
vn -0.620448 -0.154533 0.768872
vn -0.548984 -0.230060 0.803548
vn -0.679708 -0.454272 0.575877
vn -0.638976 -0.332326 0.693736
vn -0.495933 -0.322373 0.806304
vn -0.499264 -0.517769 0.694731
vn -0.679708 -0.454272 0.575877
vn -0.801821 0.202244 0.562300
vn -0.782244 0.153705 0.603713
vn -0.638976 -0.332326 0.693736
vn -0.801821 0.202244 0.562300
vn -0.672297 0.689940 0.268327
vn -0.430577 0.901343 -0.046743
vn -0.672297 0.689940 0.268327
vn -0.227168 0.059243 0.972052
vn -0.317545 -0.155025 0.935485
vn -0.140102 -0.011652 0.990068
vn -0.138524 0.078020 0.987281
vn 0.080406 0.539414 0.838193
vn -0.067060 0.547161 0.834337
vn -0.227168 0.059243 0.972052
vn -0.138524 0.078020 0.987281
vn 0.194695 0.753196 0.628323
vn 0.108185 0.826486 0.552464
vn -0.067060 0.547161 0.834337
vn 0.080406 0.539414 0.838193
vn -0.521192 0.232143 0.821260
vn -0.476978 0.150549 0.865926
vn -0.418583 -0.595196 0.685952
vn -0.801736 -0.446502 0.397310
vn -0.521192 0.232143 0.821260
vn -0.363505 0.627916 0.688176
vn -0.497536 0.590577 0.635355
vn -0.476978 0.150549 0.865926
vn -0.363505 0.627916 0.688176
vn -0.260479 0.910451 0.321293
vn -0.476162 0.827328 0.297990
vn -0.497536 0.590577 0.635355
vn -0.260479 0.910451 0.321293
vn -0.206202 0.978509 -0.000976
vn -0.434782 0.900208 -0.024279
vn -0.476162 0.827328 0.297990
vn -0.206202 0.978509 -0.000976
vn -0.199016 0.910687 -0.361998
vn -0.421374 0.842880 -0.334659
vn -0.434782 0.900208 -0.024279
vn -0.199016 0.910687 -0.361998
vn -0.168210 0.600645 -0.781621
vn -0.380547 0.603161 -0.700986
vn -0.421374 0.842880 -0.334659
vn -0.168210 0.600645 -0.781621
vn -0.131312 0.160596 -0.978247
vn -0.387501 0.159713 -0.907929
vn -0.380547 0.603161 -0.700986
vn -0.156677 -0.249923 -0.955506
vn -0.427588 -0.252620 -0.867958
vn -0.387501 0.159713 -0.907929
vn -0.131312 0.160596 -0.978247
vn -0.156677 -0.249923 -0.955506
vn -0.190023 -0.613778 -0.766269
vn -0.474067 -0.558980 -0.680296
vn -0.427588 -0.252620 -0.867958
vn -0.190023 -0.613778 -0.766269
vn -0.178096 -0.897298 -0.403904
vn -0.451619 -0.812765 -0.368039
vn -0.474067 -0.558980 -0.680296
vn -0.178096 -0.897298 -0.403904
vn -0.143717 -0.989590 -0.007545
vn -0.372228 -0.928131 0.004462
vn -0.451619 -0.812765 -0.368039
vn -0.143717 -0.989590 -0.007545
vn -0.122581 -0.958828 0.256169
vn -0.300636 -0.902036 0.309755
vn -0.372228 -0.928131 0.004462
vn -0.267578 -0.740528 0.616458
vn -0.300636 -0.902036 0.309755
vn -0.122581 -0.958828 0.256169
vn -0.104947 -0.831433 0.545623
vn -0.104947 -0.831433 0.545623
vn -0.092959 -0.601115 0.793738
vn -0.228860 -0.514228 0.826555
vn -0.267578 -0.740528 0.616458
vn -0.400971 -0.741691 0.537697
vn -0.464393 -0.642481 0.609555
vn -0.365414 -0.741919 0.562165
vn -0.315153 -0.838459 0.444595
vn -0.605853 -0.129898 0.784900
vn -0.820703 0.052681 0.568921
vn -0.464393 -0.642481 0.609555
vn -0.400971 -0.741691 0.537697
vn -0.567325 0.611638 0.551400
vn -0.722968 0.600394 0.341825
vn -0.820703 0.052681 0.568921
vn -0.605853 -0.129898 0.784900
vn -0.549971 0.753436 0.360369
vn -0.596166 0.743222 0.303656
vn -0.722968 0.600394 0.341825
vn -0.567325 0.611638 0.551400
vn -0.499264 -0.517769 0.694731
vn -0.495933 -0.322373 0.806304
vn -0.393025 -0.308877 0.866098
vn -0.389246 -0.406173 0.826747
vn -0.389246 -0.406173 0.826747
vn -0.393025 -0.308877 0.866098
vn -0.192936 -0.422211 0.885728
vn -0.210724 -0.427227 0.879245
vn -0.210724 -0.427227 0.879245
vn -0.192936 -0.422211 0.885728
vn -0.108342 -0.462586 0.879930
vn -0.131106 -0.448131 0.884302
vn -0.393025 -0.308877 0.866098
vn -0.495933 -0.322373 0.806304
vn -0.548984 -0.230060 0.803548
vn -0.442496 -0.349083 0.826038
vn -0.192936 -0.422211 0.885728
vn -0.393025 -0.308877 0.866098
vn -0.442496 -0.349083 0.826038
vn -0.228860 -0.514228 0.826555
vn -0.512858 0.117297 0.850422
vn -0.510041 0.176633 0.841819
vn -0.216715 -0.754357 0.619662
vn 0.017910 0.881353 0.472119
vn -0.510041 0.176633 0.841819
vn -0.446711 0.216339 0.868128
vn -0.290324 -0.870320 0.397813
vn -0.216715 -0.754357 0.619662
vn -0.430478 0.216406 0.876275
vn -0.571404 -0.713699 0.405132
vn -0.290324 -0.870320 0.397813
vn -0.446711 0.216339 0.868128
vn -0.393335 0.189335 0.899689
vn -0.662573 -0.585751 0.466790
vn -0.571404 -0.713699 0.405132
vn -0.430478 0.216406 0.876275
vn 0.017910 0.881353 0.472119
vn 0.152604 0.911407 0.382165
vn -0.438494 0.126738 0.889753
vn -0.512858 0.117297 0.850422
vn 0.017910 0.881353 0.472119
vn 0.432339 0.883908 -0.178298
vn 0.444804 0.865990 -0.228499
vn 0.152604 0.911407 0.382165
vn 0.152604 0.911407 0.382165
vn 0.201705 0.879406 0.431231
vn -0.387798 0.089446 0.917394
vn -0.438494 0.126738 0.889753
vn 0.444804 0.865990 -0.228499
vn 0.464594 0.859352 -0.213697
vn 0.201705 0.879406 0.431231
vn 0.152604 0.911407 0.382165
vn 0.464594 0.859352 -0.213697
vn 0.455573 0.863815 -0.215121
vn 0.189258 0.870725 0.453894
vn 0.201705 0.879406 0.431231
vn -0.393335 0.189335 0.899689
vn -0.358559 0.156640 0.920271
vn -0.672877 -0.568702 0.473092
vn -0.662573 -0.585751 0.466790
vn -0.512858 0.117297 0.850422
vn -0.430478 0.216406 0.876275
vn -0.446711 0.216339 0.868128
vn -0.510041 0.176633 0.841819
vn -0.430478 0.216406 0.876275
vn -0.512858 0.117297 0.850422
vn -0.438494 0.126738 0.889753
vn -0.393335 0.189335 0.899689
vn -0.387798 0.089446 0.917394
vn -0.358559 0.156640 0.920271
vn -0.393335 0.189335 0.899689
vn -0.438494 0.126738 0.889753
vn 0.189258 0.870725 0.453894
vn -0.397460 0.062185 0.915510
vn -0.387798 0.089446 0.917394
vn 0.201705 0.879406 0.431231
vn -0.397460 0.062185 0.915510
vn -0.368135 0.132758 0.920246
vn -0.358559 0.156640 0.920271
vn -0.387798 0.089446 0.917394
vn -0.368135 0.132758 0.920246
vn -0.706931 -0.540398 0.456310
vn -0.672877 -0.568702 0.473092
vn -0.358559 0.156640 0.920271
vn -0.290324 -0.870320 0.397813
vn -0.095211 -0.995131 -0.025484
vn 0.174580 -0.983531 -0.046787
vn -0.216715 -0.754357 0.619662
vn -0.290324 -0.870320 0.397813
vn -0.571404 -0.713699 0.405132
vn -0.434603 -0.900543 -0.011963
vn -0.095211 -0.995131 -0.025484
vn -0.571404 -0.713699 0.405132
vn -0.662573 -0.585751 0.466790
vn -0.546908 -0.836972 -0.019214
vn -0.434603 -0.900543 -0.011963
vn -0.662573 -0.585751 0.466790
vn -0.672877 -0.568702 0.473092
vn -0.591382 -0.805980 -0.025775
vn -0.546908 -0.836972 -0.019214
vn -0.672877 -0.568702 0.473092
vn -0.706931 -0.540398 0.456310
vn -0.636999 -0.769188 -0.050817
vn -0.591382 -0.805980 -0.025775
vn 0.455573 0.863815 -0.215121
vn 0.317087 0.928782 -0.191884
vn 0.126139 0.915347 0.382399
vn 0.189258 0.870725 0.453894
vn 0.189258 0.870725 0.453894
vn 0.126139 0.915347 0.382399
vn -0.435461 0.040081 0.899315
vn -0.397460 0.062185 0.915510
vn -0.397460 0.062185 0.915510
vn -0.435461 0.040081 0.899315
vn -0.400914 0.117628 0.908533
vn -0.368135 0.132758 0.920246
vn -0.368135 0.132758 0.920246
vn -0.400914 0.117628 0.908533
vn -0.804082 -0.483277 0.346260
vn -0.706931 -0.540398 0.456310
vn -0.706931 -0.540398 0.456310
vn -0.804082 -0.483277 0.346260
vn -0.769405 -0.629091 -0.110729
vn -0.636999 -0.769188 -0.050817
vn 0.317087 0.928782 -0.191884
vn -0.401443 0.808629 -0.430073
vn -0.405803 0.843784 0.351216
vn 0.126139 0.915347 0.382399
vn -0.401443 0.808629 -0.430073
vn -0.981916 -0.182815 -0.049197
vn -0.925508 -0.260523 0.274887
vn -0.405803 0.843784 0.351216
vn -0.769405 -0.629091 -0.110729
vn -0.804082 -0.483277 0.346260
vn -0.925508 -0.260523 0.274887
vn -0.981916 -0.182815 -0.049197
vn 0.126139 0.915347 0.382399
vn -0.405803 0.843784 0.351216
vn -0.435461 0.040081 0.899315
vn -0.435461 0.040081 0.899315
vn -0.405803 0.843784 0.351216
vn -0.925508 -0.260523 0.274887
vn -0.400914 0.117628 0.908533
vn -0.400914 0.117628 0.908533
vn -0.925508 -0.260523 0.274887
vn -0.804082 -0.483277 0.346260
vn 0.298507 -0.369769 -0.879866
vn 0.091750 -0.490040 -0.866858
vn 0.216753 -0.352021 -0.910549
vn 0.300871 -0.341691 -0.890350
vn 0.091750 -0.490040 -0.866858
vn 0.018723 -0.520397 -0.853719
vn 0.177204 -0.340800 -0.923284
vn 0.216753 -0.352021 -0.910549
vn 0.018723 -0.520397 -0.853719
vn 0.004481 -0.519555 -0.854425
vn 0.144091 -0.340569 -0.929113
vn 0.177204 -0.340800 -0.923284
vn 0.300871 -0.341691 -0.890350
vn 0.414362 -0.254533 -0.873795
vn 0.391973 -0.289463 -0.873252
vn 0.298507 -0.369769 -0.879866
vn 0.414362 -0.254533 -0.873795
vn 0.377075 -0.156227 -0.912912
vn 0.432339 0.883908 -0.178298
vn 0.391973 -0.289463 -0.873252
vn 0.377075 -0.156227 -0.912912
vn 0.312431 -0.123372 -0.941895
vn 0.444804 0.865990 -0.228499
vn 0.432339 0.883908 -0.178298
vn 0.312431 -0.123372 -0.941895
vn 0.289435 -0.115002 -0.950264
vn 0.464594 0.859352 -0.213697
vn 0.444804 0.865990 -0.228499
vn 0.289435 -0.115002 -0.950264
vn 0.277673 -0.093002 -0.956163
vn 0.455573 0.863815 -0.215121
vn 0.464594 0.859352 -0.213697
vn 0.277673 -0.093002 -0.956163
vn 0.148285 -0.020324 -0.988736
vn 0.317087 0.928782 -0.191884
vn 0.455573 0.863815 -0.215121
vn 0.004481 -0.519555 -0.854425
vn -0.040051 -0.502688 -0.863540
vn 0.102747 -0.350353 -0.930965
vn 0.144091 -0.340569 -0.929113
vn -0.040051 -0.502688 -0.863540
vn -0.134776 -0.486212 -0.863385
vn -0.032602 -0.322118 -0.946138
vn 0.102747 -0.350353 -0.930965
vn 0.148285 -0.020324 -0.988736
vn -0.401443 0.808629 -0.430073
vn 0.317087 0.928782 -0.191884
vn -0.134776 -0.486212 -0.863385
vn -0.293767 -0.191135 -0.936573
vn -0.032602 -0.322118 -0.946138
vn -0.401443 0.808629 -0.430073
vn 0.148285 -0.020324 -0.988736
vn -0.032602 -0.322118 -0.946138
vn -0.293767 -0.191135 -0.936573
vn 0.277673 -0.093002 -0.956163
vn 0.102747 -0.350353 -0.930965
vn -0.032602 -0.322118 -0.946138
vn 0.148285 -0.020324 -0.988736
vn 0.102747 -0.350353 -0.930965
vn 0.277673 -0.093002 -0.956163
vn 0.289435 -0.115002 -0.950264
vn 0.144091 -0.340569 -0.929113
vn 0.312431 -0.123372 -0.941895
vn 0.177204 -0.340800 -0.923284
vn 0.144091 -0.340569 -0.929113
vn 0.289435 -0.115002 -0.950264
vn 0.177204 -0.340800 -0.923284
vn 0.312431 -0.123372 -0.941895
vn 0.377075 -0.156227 -0.912912
vn 0.216753 -0.352021 -0.910549
vn 0.300871 -0.341691 -0.890350
vn 0.216753 -0.352021 -0.910549
vn 0.377075 -0.156227 -0.912912
vn 0.414362 -0.254533 -0.873795
vn -0.192936 -0.422211 0.885728
vn -0.228860 -0.514228 0.826555
vn -0.092959 -0.601115 0.793738
vn -0.108342 -0.462586 0.879930
vn -0.108342 -0.462586 0.879930
vn -0.092959 -0.601115 0.793738
vn -0.072102 -0.645697 0.760182
vn 0.613861 0.637202 0.465991
vn 0.569477 0.408552 0.713289
vn -0.138182 0.930388 0.339534
vn 0.114567 0.985971 0.121394
vn -0.216343 0.700117 0.680465
vn -0.138182 0.930388 0.339534
vn 0.569477 0.408552 0.713289
vn 0.642884 0.238740 0.727807
vn -0.216343 0.700117 0.680465
vn 0.642884 0.238740 0.727807
vn 0.595733 0.215860 0.773632
vn 0.055935 0.079394 0.995273
vn 0.055935 0.079394 0.995273
vn 0.595733 0.215860 0.773632
vn 0.463478 0.248422 0.850573
vn 0.198461 -0.317390 0.927296
vn 0.000000 0.402957 0.915219
vn 0.000000 0.632223 0.774787
vn 0.673749 0.386742 0.629677
vn 0.521192 0.232143 0.821261
vn 0.000000 0.402957 0.915219
vn 0.521192 0.232143 0.821261
vn 0.363505 0.627916 0.688176
vn 0.322363 0.617191 0.717745
vn 0.322363 0.617191 0.717745
vn 0.363505 0.627916 0.688176
vn 0.260479 0.910451 0.321293
vn 0.182016 0.923636 0.337293
vn 0.103664 0.994605 0.003764
vn 0.206202 0.978509 -0.000976
vn 0.199017 0.910686 -0.361998
vn 0.107490 0.923112 -0.369201
vn 0.107490 0.923112 -0.369201
vn 0.199017 0.910686 -0.361998
vn 0.168210 0.600645 -0.781621
vn 0.090608 0.593236 -0.799914
vn 0.059910 0.148515 -0.987094
vn 0.131312 0.160596 -0.978247
vn 0.156677 -0.249923 -0.955506
vn 0.083892 -0.245680 -0.965714
vn 0.083892 -0.245680 -0.965714
vn 0.156677 -0.249923 -0.955506
vn 0.190024 -0.613778 -0.766269
vn 0.093193 -0.615753 -0.782409
vn 0.078415 -0.903470 -0.421417
vn 0.178096 -0.897298 -0.403903
vn 0.143717 -0.989590 -0.007545
vn 0.085781 -0.996141 -0.018569
vn 0.085781 -0.996141 -0.018569
vn 0.143717 -0.989590 -0.007545
vn 0.122581 -0.958828 0.256169
vn 0.086257 -0.964201 0.250751
vn 0.086257 -0.964201 0.250751
vn 0.122581 -0.958828 0.256169
vn 0.104947 -0.831433 0.545623
vn 0.067066 -0.856063 0.512502
vn 0.093193 -0.615753 -0.782409
vn 0.190024 -0.613778 -0.766269
vn 0.178096 -0.897298 -0.403903
vn 0.078415 -0.903470 -0.421417
vn 0.090608 0.593236 -0.799914
vn 0.168210 0.600645 -0.781621
vn 0.131312 0.160596 -0.978247
vn 0.059910 0.148515 -0.987094
vn 0.182016 0.923636 0.337293
vn 0.260479 0.910451 0.321293
vn 0.206202 0.978509 -0.000976
vn 0.103664 0.994605 0.003764
vn 0.072101 -0.645697 0.760182
vn 0.067066 -0.856063 0.512502
vn 0.104947 -0.831433 0.545623
vn 0.092959 -0.601115 0.793738
vn 0.267578 -0.740528 0.616458
vn 0.542972 -0.533277 0.648689
vn 0.442496 -0.349083 0.826038
vn 0.228860 -0.514228 0.826555
vn 0.542972 -0.533277 0.648689
vn 0.692525 -0.320017 0.646528
vn 0.548984 -0.230060 0.803548
vn 0.442496 -0.349083 0.826038
vn 0.476977 0.150548 0.865926
vn 0.463478 0.248422 0.850573
vn 0.621019 0.508227 0.596691
vn 0.497536 0.590577 0.635356
vn 0.497536 0.590577 0.635356
vn 0.621019 0.508227 0.596691
vn 0.647724 0.710215 0.275769
vn 0.476162 0.827328 0.297990
vn 0.476162 0.827328 0.297990
vn 0.647724 0.710215 0.275769
vn 0.637874 0.768255 -0.053868
vn 0.434782 0.900208 -0.024279
vn 0.434782 0.900208 -0.024279
vn 0.637874 0.768255 -0.053868
vn 0.640201 0.719952 -0.267977
vn 0.421374 0.842880 -0.334659
vn 0.421374 0.842880 -0.334659
vn 0.640201 0.719952 -0.267977
vn 0.629348 0.554080 -0.544901
vn 0.380547 0.603160 -0.700986
vn 0.380547 0.603160 -0.700986
vn 0.629348 0.554080 -0.544901
vn 0.683838 0.164597 -0.710826
vn 0.387501 0.159712 -0.907929
vn 0.387501 0.159712 -0.907929
vn 0.683838 0.164597 -0.710826
vn 0.714196 -0.193959 -0.672535
vn 0.427588 -0.252620 -0.867958
vn 0.427588 -0.252620 -0.867958
vn 0.714196 -0.193959 -0.672535
vn 0.735526 -0.435856 -0.518682
vn 0.474067 -0.558980 -0.680295
vn 0.474067 -0.558980 -0.680295
vn 0.735526 -0.435856 -0.518682
vn 0.743306 -0.616602 -0.259419
vn 0.451619 -0.812765 -0.368039
vn 0.451619 -0.812765 -0.368039
vn 0.743306 -0.616602 -0.259419
vn 0.690513 -0.719162 0.077444
vn 0.372228 -0.928131 0.004462
vn 0.372228 -0.928131 0.004462
vn 0.690513 -0.719162 0.077444
vn 0.619005 -0.687916 0.378952
vn 0.300636 -0.902036 0.309755
vn 0.542972 -0.533277 0.648689
vn 0.267578 -0.740528 0.616458
vn 0.300636 -0.902036 0.309755
vn 0.619005 -0.687916 0.378952
vn 0.692525 -0.320017 0.646528
vn 0.542972 -0.533277 0.648689
vn 0.619005 -0.687916 0.378952
vn 0.812747 -0.413637 0.410301
vn 0.812747 -0.413637 0.410301
vn 0.619005 -0.687916 0.378952
vn 0.690513 -0.719162 0.077444
vn 0.894199 -0.424781 0.141310
vn 0.894199 -0.424781 0.141310
vn 0.690513 -0.719162 0.077444
vn 0.743306 -0.616602 -0.259419
vn 0.935529 -0.330962 -0.123486
vn 0.935529 -0.330962 -0.123486
vn 0.743306 -0.616602 -0.259419
vn 0.735526 -0.435856 -0.518682
vn 0.936164 -0.217173 -0.276465
vn 0.936164 -0.217173 -0.276465
vn 0.735526 -0.435856 -0.518682
vn 0.714196 -0.193959 -0.672535
vn 0.915137 -0.088030 -0.393415
vn 0.714196 -0.193959 -0.672535
vn 0.683838 0.164597 -0.710826
vn 0.880926 0.180706 -0.437395
vn 0.915137 -0.088030 -0.393415
vn 0.880926 0.180706 -0.437395
vn 0.683838 0.164597 -0.710826
vn 0.629348 0.554080 -0.544901
vn 0.808947 0.458027 -0.368533
vn 0.808947 0.458027 -0.368533
vn 0.629348 0.554080 -0.544901
vn 0.640201 0.719952 -0.267977
vn 0.807630 0.551536 -0.208666
vn 0.807630 0.551536 -0.208666
vn 0.640201 0.719952 -0.267977
vn 0.637874 0.768255 -0.053868
vn 0.816487 0.570990 -0.085555
vn 0.816487 0.570990 -0.085555
vn 0.637874 0.768255 -0.053868
vn 0.647724 0.710215 0.275769
vn 0.832344 0.511489 0.213500
vn 0.832344 0.511489 0.213500
vn 0.647724 0.710215 0.275769
vn 0.621019 0.508227 0.596691
vn 0.751624 0.378529 0.540163
vn 0.751624 0.378529 0.540163
vn 0.621019 0.508227 0.596691
vn 0.463478 0.248422 0.850573
vn 0.595733 0.215860 0.773632
vn 0.757439 -0.118484 0.642065
vn 0.692525 -0.320017 0.646528
vn 0.812747 -0.413637 0.410301
vn 0.897167 -0.137824 0.419638
vn 0.897167 -0.137824 0.419638
vn 0.812747 -0.413637 0.410301
vn 0.894199 -0.424781 0.141310
vn 0.978076 -0.135430 0.158195
vn 0.978076 -0.135430 0.158195
vn 0.894199 -0.424781 0.141310
vn 0.935529 -0.330962 -0.123486
vn 0.993850 -0.085668 -0.070162
vn 0.993850 -0.085668 -0.070162
vn 0.935529 -0.330962 -0.123486
vn 0.936164 -0.217173 -0.276465
vn 0.988568 -0.032406 -0.147254
vn 0.988568 -0.032406 -0.147254
vn 0.936164 -0.217173 -0.276465
vn 0.915137 -0.088030 -0.393415
vn 0.981488 0.008047 -0.191357
vn 0.915137 -0.088030 -0.393415
vn 0.880926 0.180706 -0.437395
vn 0.970385 0.125466 -0.206423
vn 0.981488 0.008047 -0.191357
vn 0.970385 0.125466 -0.206423
vn 0.880926 0.180706 -0.437395
vn 0.808947 0.458027 -0.368533
vn 0.939490 0.282344 -0.194014
vn 0.939490 0.282344 -0.194014
vn 0.808947 0.458027 -0.368533
vn 0.807630 0.551536 -0.208666
vn 0.939047 0.323098 -0.117470
vn 0.939047 0.323098 -0.117470
vn 0.807630 0.551536 -0.208666
vn 0.816487 0.570990 -0.085555
vn 0.932534 0.350080 -0.088452
vn 0.932534 0.350080 -0.088452
vn 0.816487 0.570990 -0.085555
vn 0.832344 0.511489 0.213500
vn 0.938869 0.297382 0.173460
vn 0.938869 0.297382 0.173460
vn 0.832344 0.511489 0.213500
vn 0.751624 0.378529 0.540163
vn 0.850360 0.212614 0.481335
vn 0.850360 0.212614 0.481335
vn 0.751624 0.378529 0.540163
vn 0.595733 0.215860 0.773632
vn 0.642884 0.238740 0.727807
vn 0.850360 0.212614 0.481335
vn 0.642884 0.238740 0.727807
vn 0.754172 0.058390 0.654076
vn 0.900277 0.059504 0.431232
vn 0.900277 0.059504 0.431232
vn 0.754172 0.058390 0.654076
vn 0.757439 -0.118484 0.642065
vn 0.897167 -0.137824 0.419638
vn 0.938869 0.297382 0.173460
vn 0.850360 0.212614 0.481335
vn 0.900277 0.059504 0.431232
vn 0.977872 0.048775 0.203439
vn 0.977872 0.048775 0.203439
vn 0.900277 0.059504 0.431232
vn 0.897167 -0.137824 0.419638
vn 0.978076 -0.135430 0.158195
vn 0.978076 -0.135430 0.158195
vn 0.993850 -0.085668 -0.070162
vn 0.995852 0.063979 -0.064690
vn 0.977872 0.048775 0.203439
vn 0.939047 0.323098 -0.117470
vn 0.932534 0.350080 -0.088452
vn 0.995852 0.063979 -0.064690
vn 0.987405 0.096650 -0.125260
vn 0.987405 0.096650 -0.125260
vn 0.995852 0.063979 -0.064690
vn 0.993850 -0.085668 -0.070162
vn 0.988568 -0.032406 -0.147254
vn 0.970385 0.125466 -0.206423
vn 0.939490 0.282344 -0.194014
vn 0.939047 0.323098 -0.117470
vn 0.987405 0.096650 -0.125260
vn 0.987405 0.096650 -0.125260
vn 0.988568 -0.032406 -0.147254
vn 0.981488 0.008047 -0.191357
vn 0.970385 0.125466 -0.206423
vn 0.418583 -0.595195 0.685953
vn 0.198461 -0.317390 0.927296
vn 0.463478 0.248422 0.850573
vn 0.476977 0.150548 0.865926
vn 0.673749 0.386742 0.629677
vn 0.983700 0.052757 0.171903
vn 0.801736 -0.446502 0.397310
vn 0.521192 0.232143 0.821261
vn 0.711194 0.668391 0.217846
vn 0.703718 0.707874 -0.060789
vn 0.983700 0.052757 0.171903
vn 0.673749 0.386742 0.629677
vn 0.430577 0.901343 -0.046743
vn 0.703718 0.707874 -0.060789
vn 0.711194 0.668391 0.217846
vn 0.672297 0.689940 0.268326
vn 0.067060 0.547161 0.834337
vn 0.413588 0.515968 0.750148
vn 0.386798 0.693608 0.607697
vn -0.108185 0.826487 0.552463
vn -0.194694 0.753196 0.628323
vn -0.158163 0.517623 0.840863
vn 0.003262 0.423362 0.905955
vn -0.080406 0.539414 0.838193
vn -0.158163 0.517623 0.840863
vn 0.069022 0.064823 0.995507
vn 0.192739 0.111117 0.974938
vn 0.003262 0.423362 0.905955
vn 0.140102 -0.011652 0.990068
vn 0.138525 0.078020 0.987281
vn 0.192739 0.111117 0.974938
vn 0.069022 0.064823 0.995507
vn 0.668137 -0.162304 0.726120
vn 0.554522 0.053422 0.830452
vn 0.227168 0.059243 0.972052
vn 0.317546 -0.155025 0.935485
vn 0.772855 0.071004 0.630598
vn 0.775083 0.084557 0.626176
vn 0.554522 0.053422 0.830452
vn 0.668137 -0.162304 0.726120
vn 0.754998 0.256730 0.603381
vn 0.758025 0.249649 0.602556
vn 0.775083 0.084557 0.626176
vn 0.772855 0.071004 0.630598
vn 0.386798 0.693608 0.607697
vn 0.413588 0.515968 0.750148
vn 0.758025 0.249649 0.602556
vn 0.754998 0.256730 0.603381
vn 0.227168 0.059243 0.972052
vn 0.554522 0.053422 0.830452
vn 0.413588 0.515968 0.750148
vn 0.067060 0.547161 0.834337
vn 0.192739 0.111117 0.974938
vn 0.138525 0.078020 0.987281
vn -0.080406 0.539414 0.838193
vn 0.003262 0.423362 0.905955
vn 0.758025 0.249649 0.602556
vn 0.413588 0.515968 0.750148
vn 0.554522 0.053422 0.830452
vn 0.775083 0.084557 0.626176
vn 0.000000 0.632223 0.774787
vn 0.000000 0.918558 0.395286
vn 0.549971 0.753436 0.360370
vn 0.673749 0.386742 0.629677
vn 0.000000 0.918558 0.395286
vn 0.000000 0.695569 0.718459
vn 0.567325 0.611637 0.551401
vn 0.549971 0.753436 0.360370
vn 0.000000 0.695569 0.718459
vn 0.000000 -0.156869 0.987619
vn 0.605854 -0.129898 0.784900
vn 0.567325 0.611637 0.551401
vn 0.000000 -0.156869 0.987619
vn 0.000000 -0.730500 0.682912
vn 0.400971 -0.741691 0.537696
vn 0.605854 -0.129898 0.784900
vn 0.549971 0.753436 0.360370
vn 0.596167 0.743222 0.303654
vn 0.711194 0.668391 0.217846
vn 0.673749 0.386742 0.629677
vn 0.722968 0.600394 0.341824
vn 0.672297 0.689940 0.268326
vn 0.711194 0.668391 0.217846
vn 0.596167 0.743222 0.303654
vn 0.820703 0.052681 0.568921
vn 0.801821 0.202245 0.562300
vn 0.672297 0.689940 0.268326
vn 0.722968 0.600394 0.341824
vn 0.464393 -0.642480 0.609556
vn 0.449771 -0.605924 0.656173
vn 0.801821 0.202245 0.562300
vn 0.820703 0.052681 0.568921
vn 0.000000 -0.730500 0.682912
vn 0.000000 -0.897349 0.441321
vn 0.315153 -0.838460 0.444594
vn 0.400971 -0.741691 0.537696
vn 0.365414 -0.741919 0.562165
vn 0.354334 -0.714117 0.603726
vn 0.449771 -0.605924 0.656173
vn 0.464393 -0.642480 0.609556
vn 0.782244 0.153705 0.603713
vn 0.678020 0.043434 0.733759
vn 0.569477 0.408552 0.713289
vn 0.613861 0.637202 0.465991
vn 0.678020 0.043434 0.733759
vn 0.754172 0.058390 0.654076
vn 0.642884 0.238740 0.727807
vn 0.569477 0.408552 0.713289
vn 0.638976 -0.332326 0.693736
vn 0.620448 -0.154533 0.768872
vn 0.678020 0.043434 0.733759
vn 0.782244 0.153705 0.603713
vn 0.620448 -0.154533 0.768872
vn 0.757439 -0.118484 0.642065
vn 0.754172 0.058390 0.654076
vn 0.678020 0.043434 0.733759
vn 0.757439 -0.118484 0.642065
vn 0.620448 -0.154533 0.768872
vn 0.548984 -0.230060 0.803548
vn 0.692525 -0.320017 0.646528
vn 0.495933 -0.322373 0.806304
vn 0.548984 -0.230060 0.803548
vn 0.620448 -0.154533 0.768872
vn 0.638976 -0.332326 0.693736
vn 0.679708 -0.454272 0.575877
vn 0.499264 -0.517769 0.694731
vn 0.495933 -0.322373 0.806304
vn 0.638976 -0.332326 0.693736
vn 0.679708 -0.454272 0.575877
vn 0.638976 -0.332326 0.693736
vn 0.782244 0.153705 0.603713
vn 0.801821 0.202245 0.562300
vn 0.801821 0.202245 0.562300
vn 0.782244 0.153705 0.603713
vn 0.613861 0.637202 0.465991
vn 0.672297 0.689940 0.268326
vn 0.430577 0.901343 -0.046743
vn 0.672297 0.689940 0.268326
vn 0.613861 0.637202 0.465991
vn 0.114567 0.985971 0.121394
vn 0.227168 0.059243 0.972052
vn 0.138525 0.078020 0.987281
vn 0.140102 -0.011652 0.990068
vn 0.317546 -0.155025 0.935485
vn -0.080406 0.539414 0.838193
vn 0.138525 0.078020 0.987281
vn 0.227168 0.059243 0.972052
vn 0.067060 0.547161 0.834337
vn -0.194694 0.753196 0.628323
vn -0.080406 0.539414 0.838193
vn 0.067060 0.547161 0.834337
vn -0.108185 0.826487 0.552463
vn 0.521192 0.232143 0.821261
vn 0.801736 -0.446502 0.397310
vn 0.418583 -0.595195 0.685953
vn 0.476977 0.150548 0.865926
vn 0.521192 0.232143 0.821261
vn 0.476977 0.150548 0.865926
vn 0.497536 0.590577 0.635356
vn 0.363505 0.627916 0.688176
vn 0.363505 0.627916 0.688176
vn 0.497536 0.590577 0.635356
vn 0.476162 0.827328 0.297990
vn 0.260479 0.910451 0.321293
vn 0.260479 0.910451 0.321293
vn 0.476162 0.827328 0.297990
vn 0.434782 0.900208 -0.024279
vn 0.206202 0.978509 -0.000976
vn 0.206202 0.978509 -0.000976
vn 0.434782 0.900208 -0.024279
vn 0.421374 0.842880 -0.334659
vn 0.199017 0.910686 -0.361998
vn 0.199017 0.910686 -0.361998
vn 0.421374 0.842880 -0.334659
vn 0.380547 0.603160 -0.700986
vn 0.168210 0.600645 -0.781621
vn 0.168210 0.600645 -0.781621
vn 0.380547 0.603160 -0.700986
vn 0.387501 0.159712 -0.907929
vn 0.131312 0.160596 -0.978247
vn 0.156677 -0.249923 -0.955506
vn 0.131312 0.160596 -0.978247
vn 0.387501 0.159712 -0.907929
vn 0.427588 -0.252620 -0.867958
vn 0.156677 -0.249923 -0.955506
vn 0.427588 -0.252620 -0.867958
vn 0.474067 -0.558980 -0.680295
vn 0.190024 -0.613778 -0.766269
vn 0.190024 -0.613778 -0.766269
vn 0.474067 -0.558980 -0.680295
vn 0.451619 -0.812765 -0.368039
vn 0.178096 -0.897298 -0.403903
vn 0.178096 -0.897298 -0.403903
vn 0.451619 -0.812765 -0.368039
vn 0.372228 -0.928131 0.004462
vn 0.143717 -0.989590 -0.007545
vn 0.143717 -0.989590 -0.007545
vn 0.372228 -0.928131 0.004462
vn 0.300636 -0.902036 0.309755
vn 0.122581 -0.958828 0.256169
vn 0.267578 -0.740528 0.616458
vn 0.104947 -0.831433 0.545623
vn 0.122581 -0.958828 0.256169
vn 0.300636 -0.902036 0.309755
vn 0.104947 -0.831433 0.545623
vn 0.267578 -0.740528 0.616458
vn 0.228860 -0.514228 0.826555
vn 0.092959 -0.601115 0.793738
vn 0.400971 -0.741691 0.537696
vn 0.315153 -0.838460 0.444594
vn 0.365414 -0.741919 0.562165
vn 0.464393 -0.642480 0.609556
vn 0.605854 -0.129898 0.784900
vn 0.400971 -0.741691 0.537696
vn 0.464393 -0.642480 0.609556
vn 0.820703 0.052681 0.568921
vn 0.567325 0.611637 0.551401
vn 0.605854 -0.129898 0.784900
vn 0.820703 0.052681 0.568921
vn 0.722968 0.600394 0.341824
vn 0.549971 0.753436 0.360370
vn 0.567325 0.611637 0.551401
vn 0.722968 0.600394 0.341824
vn 0.596167 0.743222 0.303654
vn 0.499264 -0.517769 0.694731
vn 0.389246 -0.406173 0.826747
vn 0.393025 -0.308877 0.866098
vn 0.495933 -0.322373 0.806304
vn 0.389246 -0.406173 0.826747
vn 0.210724 -0.427226 0.879246
vn 0.192936 -0.422211 0.885728
vn 0.393025 -0.308877 0.866098
vn 0.210724 -0.427226 0.879246
vn 0.131106 -0.448129 0.884303
vn 0.108342 -0.462586 0.879930
vn 0.192936 -0.422211 0.885728
vn 0.393025 -0.308877 0.866098
vn 0.442496 -0.349083 0.826038
vn 0.548984 -0.230060 0.803548
vn 0.495933 -0.322373 0.806304
vn 0.192936 -0.422211 0.885728
vn 0.228860 -0.514228 0.826555
vn 0.442496 -0.349083 0.826038
vn 0.393025 -0.308877 0.866098
vn 0.512859 0.117297 0.850422
vn -0.017910 0.881354 0.472117
vn 0.216715 -0.754357 0.619661
vn 0.510042 0.176633 0.841818
vn 0.510042 0.176633 0.841818
vn 0.216715 -0.754357 0.619661
vn 0.290324 -0.870320 0.397813
vn 0.446711 0.216339 0.868128
vn 0.430478 0.216406 0.876275
vn 0.446711 0.216339 0.868128
vn 0.290324 -0.870320 0.397813
vn 0.571404 -0.713698 0.405132
vn 0.393336 0.189335 0.899688
vn 0.430478 0.216406 0.876275
vn 0.571404 -0.713698 0.405132
vn 0.662573 -0.585751 0.466789
vn -0.017910 0.881354 0.472117
vn 0.512859 0.117297 0.850422
vn 0.438494 0.126738 0.889753
vn -0.152604 0.911407 0.382165
vn -0.017910 0.881354 0.472117
vn -0.152604 0.911407 0.382165
vn -0.444804 0.865989 -0.228500
vn -0.432339 0.883907 -0.178300
vn -0.152604 0.911407 0.382165
vn 0.438494 0.126738 0.889753
vn 0.387798 0.089446 0.917394
vn -0.201704 0.879405 0.431233
vn -0.444804 0.865989 -0.228500
vn -0.152604 0.911407 0.382165
vn -0.201704 0.879405 0.431233
vn -0.464595 0.859352 -0.213697
vn -0.464595 0.859352 -0.213697
vn -0.201704 0.879405 0.431233
vn -0.189258 0.870724 0.453895
vn -0.455573 0.863815 -0.215120
vn 0.393336 0.189335 0.899688
vn 0.662573 -0.585751 0.466789
vn 0.672877 -0.568702 0.473091
vn 0.358559 0.156640 0.920271
vn 0.512859 0.117297 0.850422
vn 0.510042 0.176633 0.841818
vn 0.446711 0.216339 0.868128
vn 0.430478 0.216406 0.876275
vn 0.430478 0.216406 0.876275
vn 0.393336 0.189335 0.899688
vn 0.438494 0.126738 0.889753
vn 0.512859 0.117297 0.850422
vn 0.387798 0.089446 0.917394
vn 0.438494 0.126738 0.889753
vn 0.393336 0.189335 0.899688
vn 0.358559 0.156640 0.920271
vn -0.189258 0.870724 0.453895
vn -0.201704 0.879405 0.431233
vn 0.387798 0.089446 0.917394
vn 0.397460 0.062185 0.915510
vn 0.397460 0.062185 0.915510
vn 0.387798 0.089446 0.917394
vn 0.358559 0.156640 0.920271
vn 0.368136 0.132759 0.920245
vn 0.368136 0.132759 0.920245
vn 0.358559 0.156640 0.920271
vn 0.672877 -0.568702 0.473091
vn 0.706931 -0.540398 0.456310
vn 0.290324 -0.870320 0.397813
vn 0.216715 -0.754357 0.619661
vn -0.174580 -0.983531 -0.046786
vn 0.095211 -0.995131 -0.025483
vn 0.290324 -0.870320 0.397813
vn 0.095211 -0.995131 -0.025483
vn 0.434603 -0.900543 -0.011963
vn 0.571404 -0.713698 0.405132
vn 0.571404 -0.713698 0.405132
vn 0.434603 -0.900543 -0.011963
vn 0.546908 -0.836972 -0.019215
vn 0.662573 -0.585751 0.466789
vn 0.662573 -0.585751 0.466789
vn 0.546908 -0.836972 -0.019215
vn 0.591382 -0.805980 -0.025775
vn 0.672877 -0.568702 0.473091
vn 0.672877 -0.568702 0.473091
vn 0.591382 -0.805980 -0.025775
vn 0.636999 -0.769188 -0.050815
vn 0.706931 -0.540398 0.456310
vn -0.455573 0.863815 -0.215120
vn -0.189258 0.870724 0.453895
vn -0.126139 0.915347 0.382399
vn -0.317086 0.928783 -0.191882
vn -0.189258 0.870724 0.453895
vn 0.397460 0.062185 0.915510
vn 0.435460 0.040080 0.899315
vn -0.126139 0.915347 0.382399
vn 0.397460 0.062185 0.915510
vn 0.368136 0.132759 0.920245
vn 0.400914 0.117629 0.908533
vn 0.435460 0.040080 0.899315
vn 0.368136 0.132759 0.920245
vn 0.706931 -0.540398 0.456310
vn 0.804082 -0.483277 0.346259
vn 0.400914 0.117629 0.908533
vn 0.706931 -0.540398 0.456310
vn 0.636999 -0.769188 -0.050815
vn 0.769405 -0.629091 -0.110728
vn 0.804082 -0.483277 0.346259
vn -0.317086 0.928783 -0.191882
vn -0.126139 0.915347 0.382399
vn 0.405803 0.843783 0.351217
vn 0.401443 0.808629 -0.430073
vn 0.401443 0.808629 -0.430073
vn 0.405803 0.843783 0.351217
vn 0.925507 -0.260524 0.274888
vn 0.981916 -0.182816 -0.049196
vn 0.769405 -0.629091 -0.110728
vn 0.981916 -0.182816 -0.049196
vn 0.925507 -0.260524 0.274888
vn 0.804082 -0.483277 0.346259
vn -0.126139 0.915347 0.382399
vn 0.435460 0.040080 0.899315
vn 0.405803 0.843783 0.351217
vn 0.435460 0.040080 0.899315
vn 0.400914 0.117629 0.908533
vn 0.925507 -0.260524 0.274888
vn 0.405803 0.843783 0.351217
vn 0.400914 0.117629 0.908533
vn 0.804082 -0.483277 0.346259
vn 0.925507 -0.260524 0.274888
vn -0.298507 -0.369769 -0.879866
vn -0.300870 -0.341691 -0.890351
vn -0.216752 -0.352021 -0.910549
vn -0.091750 -0.490040 -0.866858
vn -0.091750 -0.490040 -0.866858
vn -0.216752 -0.352021 -0.910549
vn -0.177204 -0.340799 -0.923285
vn -0.018723 -0.520396 -0.853720
vn -0.018723 -0.520396 -0.853720
vn -0.177204 -0.340799 -0.923285
vn -0.144091 -0.340569 -0.929113
vn -0.004481 -0.519554 -0.854426
vn -0.300870 -0.341691 -0.890351
vn -0.298507 -0.369769 -0.879866
vn -0.391973 -0.289463 -0.873252
vn -0.414361 -0.254533 -0.873795
vn -0.414361 -0.254533 -0.873795
vn -0.391973 -0.289463 -0.873252
vn -0.432339 0.883907 -0.178300
vn -0.377074 -0.156227 -0.912912
vn -0.377074 -0.156227 -0.912912
vn -0.432339 0.883907 -0.178300
vn -0.444804 0.865989 -0.228500
vn -0.312431 -0.123372 -0.941895
vn -0.312431 -0.123372 -0.941895
vn -0.444804 0.865989 -0.228500
vn -0.464595 0.859352 -0.213697
vn -0.289436 -0.115002 -0.950264
vn -0.289436 -0.115002 -0.950264
vn -0.464595 0.859352 -0.213697
vn -0.455573 0.863815 -0.215120
vn -0.277673 -0.093002 -0.956163
vn -0.277673 -0.093002 -0.956163
vn -0.455573 0.863815 -0.215120
vn -0.317086 0.928783 -0.191882
vn -0.148285 -0.020325 -0.988736
vn -0.004481 -0.519554 -0.854426
vn -0.144091 -0.340569 -0.929113
vn -0.102747 -0.350353 -0.930965
vn 0.040051 -0.502689 -0.863539
vn 0.040051 -0.502689 -0.863539
vn -0.102747 -0.350353 -0.930965
vn 0.032601 -0.322117 -0.946138
vn 0.134776 -0.486212 -0.863385
vn -0.148285 -0.020325 -0.988736
vn -0.317086 0.928783 -0.191882
vn 0.401443 0.808629 -0.430073
vn 0.134776 -0.486212 -0.863385
vn 0.032601 -0.322117 -0.946138
vn 0.293766 -0.191134 -0.936573
vn 0.401443 0.808629 -0.430073
vn 0.293766 -0.191134 -0.936573
vn 0.032601 -0.322117 -0.946138
vn -0.148285 -0.020325 -0.988736
vn -0.277673 -0.093002 -0.956163
vn -0.148285 -0.020325 -0.988736
vn 0.032601 -0.322117 -0.946138
vn -0.102747 -0.350353 -0.930965
vn -0.102747 -0.350353 -0.930965
vn -0.144091 -0.340569 -0.929113
vn -0.289436 -0.115002 -0.950264
vn -0.277673 -0.093002 -0.956163
vn -0.312431 -0.123372 -0.941895
vn -0.289436 -0.115002 -0.950264
vn -0.144091 -0.340569 -0.929113
vn -0.177204 -0.340799 -0.923285
vn -0.177204 -0.340799 -0.923285
vn -0.216752 -0.352021 -0.910549
vn -0.377074 -0.156227 -0.912912
vn -0.312431 -0.123372 -0.941895
vn -0.300870 -0.341691 -0.890351
vn -0.414361 -0.254533 -0.873795
vn -0.377074 -0.156227 -0.912912
vn -0.216752 -0.352021 -0.910549
vn 0.192936 -0.422211 0.885728
vn 0.108342 -0.462586 0.879930
vn 0.092959 -0.601115 0.793738
vn 0.228860 -0.514228 0.826555
vn 0.108342 -0.462586 0.879930
vn 0.072101 -0.645697 0.760182
vn 0.092959 -0.601115 0.793738
s 1
g Dwarf_low1 DwarfHead_low
usemtl lambert2SG
f 896/969/2976 897/970/2977 810/971/2978 809/972/2979
f 812/973/2980 811/974/2981 809/972/2979 810/971/2978
s off
f 812/973/2982 814/975/2983 813/976/2984 811/974/2985
f 814/975/2986 816/977/2987 815/978/2988 813/976/2989
f 786/979/2990 817/980/2991 818/981/2992 785/982/2993
f 786/979/2994 787/983/2995 819/984/2996 817/980/2997
f 787/983/2998 797/985/2999 829/986/3000 819/984/3001
f 788/987/3002 789/988/3003 821/989/3004 820/990/3005
f 789/988/3006 796/991/3007 828/992/3008 821/989/3009
f 790/993/3010 791/994/3011 823/995/3012 822/996/3013
f 791/994/3014 795/997/3015 827/998/3016 823/995/3017
f 792/999/3018 793/1000/3019 825/1001/3020 824/1002/3021
f 793/1000/3022 794/1003/3023 826/1004/3024 825/1001/3025
f 794/1003/3026 784/1005/3027 805/1006/3028 826/1004/3029
f 795/997/3030 792/999/3031 824/1002/3032 827/998/3033
f 796/991/3034 790/993/3035 822/996/3036 828/992/3037
f 797/985/3038 788/987/3039 820/990/3040 829/986/3041
f 798/1007/3042 831/1008/3043 805/1006/3044 784/1005/3045
f 913/1009/3046 914/1010/3047 832/1011/3048 804/1012/3049
f 804/1012/3050 832/1011/3051 830/1013/3052 803/1014/3053
f 901/1015/3054 902/1016/3055 833/1017/3056 815/978/3057
f 902/1016/3058 903/1018/3059 834/1019/3060 833/1017/3061
f 903/1018/3062 904/1020/3063 835/1021/3064 834/1019/3065
f 904/1020/3066 905/1022/3067 836/1023/3068 835/1021/3069
f 905/1022/3070 906/1024/3071 837/1025/3072 836/1023/3073
f 906/1024/3074 907/1026/3075 838/1027/3076 837/1025/3077
f 907/1026/3078 908/1028/3079 839/1029/3080 838/1027/3081
f 908/1028/3082 909/1030/3083 840/1031/3084 839/1029/3085
f 909/1030/3086 910/1032/3087 841/1033/3088 840/1031/3089
f 910/1032/3090 911/1034/3091 842/1035/3092 841/1033/3093
f 911/1034/3094 912/1036/3095 843/1037/3096 842/1035/3097
f 804/1012/3098 843/1037/3099 912/1036/3100 913/1009/3101
f 803/1014/3102 844/1038/3103 843/1037/3104 804/1012/3105
f 844/1038/3106 845/1039/3107 842/1035/3108 843/1037/3109
f 845/1039/3110 846/1040/3111 841/1033/3112 842/1035/3113
f 846/1040/3114 847/1041/3115 840/1031/3116 841/1033/3117
f 847/1041/3118 848/1042/3119 839/1029/3120 840/1031/3121
f 839/1029/3122 848/1042/3123 849/1043/3124 838/1027/3125
f 849/1043/3126 850/1044/3127 837/1025/3128 838/1027/3129
f 850/1044/3130 851/1045/3131 836/1023/3132 837/1025/3133
f 851/1045/3134 852/1046/3135 835/1021/3136 836/1023/3137
f 852/1046/3138 853/1047/3139 834/1019/3140 835/1021/3141
f 853/1047/3142 854/1048/3143 833/1017/3144 834/1019/3145
f 854/1048/3146 813/976/3147 815/978/3148 833/1017/3149
f 802/1049/3150 855/1050/3151 844/1038/3152 803/1014/3153
f 855/1050/3154 856/1051/3155 845/1039/3156 844/1038/3157
f 856/1051/3158 857/1052/3159 846/1040/3160 845/1039/3161
f 857/1052/3162 858/1053/3163 847/1041/3164 846/1040/3165
f 858/1053/3166 859/1054/3167 848/1042/3168 847/1041/3169
f 848/1042/3170 859/1054/3171 860/1055/3172 849/1043/3173
f 860/1055/3174 861/1056/3175 850/1044/3176 849/1043/3177
f 861/1056/3178 862/1057/3179 851/1045/3180 850/1044/3181
f 862/1057/3182 863/1058/3183 852/1046/3184 851/1045/3185
f 863/1058/3186 864/1059/3187 853/1047/3188 852/1046/3189
f 864/1059/3190 865/1060/3191 854/1048/3192 853/1047/3193
f 865/1060/3194 811/974/3195 813/976/3196 854/1048/3197
f 865/1060/3198 866/1061/3199 801/1062/3200 811/974/3201
f 866/1061/3202 855/1050/3203 802/1049/3204 801/1062/3205
f 864/1059/3206 867/1063/3207 866/1061/3208 865/1060/3209
f 867/1063/3210 856/1051/3211 855/1050/3212 866/1061/3213
f 856/1051/3214 867/1063/3215 868/1064/3216 857/1052/3217
f 862/1057/3218 869/1065/3219 868/1064/3220 863/1058/3221
f 869/1065/3222 858/1053/3223 857/1052/3224 868/1064/3225
f 860/1055/3226 869/1065/3227 862/1057/3228 861/1056/3229
f 869/1065/3230 860/1055/3231 859/1054/3232 858/1053/3233
f 900/1066/3234 901/1015/3235 815/978/3236 816/977/3237
f 818/981/3238 817/980/3239 870/1067/3240 871/1068/3241
f 806/1069/3242 818/981/3243 871/1068/3244 872/1070/3245
f 808/1071/3246 807/1072/3247 806/1069/3248 872/1070/3249
f 899/1073/3250 900/1074/3251 816/1075/3252 873/1076/3253
f 870/1077/3254 874/1078/3255 875/1079/3256 871/1080/3257
f 871/1080/3258 875/1079/3259 876/1081/3260 872/1082/3261
f 808/1083/3262 872/1082/3263 876/1081/3264 877/1084/3265
f 810/1085/3266 897/1086/3267 898/1087/3268 878/1088/3269
f 812/1089/3270 810/1085/3271 878/1088/3272 879/1090/3273
f 814/1091/3274 812/1089/3275 879/1090/3276 880/1092/3277
f 816/1075/3278 814/1091/3279 880/1092/3280 873/1076/3281
f 898/1087/3282 899/1073/3283 873/1076/3284 878/1088/3285
f 876/1081/3286 875/1079/3287 874/1078/3288 877/1084/3289
f 880/1092/3290 879/1090/3291 878/1088/3292 873/1076/3293
f 785/982/3294 818/981/3295 882/1093/3296 881/1094/3297
f 881/1094/3298 882/1093/3299 884/1095/3300 883/1096/3301
f 883/1096/3302 884/1095/3303 886/1097/3304 885/1098/3305
f 885/1098/3306 886/1097/3307 888/1099/3308 887/1100/3309
f 882/1093/3310 818/981/3311 806/1069/3312 919/1101/3313
f 918/1102/3314 919/1101/3315 806/1069/3316 807/1072/3317
f 917/1103/3318 918/1102/3319 807/1072/3320 889/1104/3321
f 916/1105/3322 917/1103/3323 889/1104/3324 890/1106/3325
f 887/1100/3326 888/1099/3327 799/1107/3328 783/1108/3329
f 915/1109/3330 916/1105/3331 890/1106/3332 800/1110/3333
s 1
f 895/1111/3334 896/969/2976 809/972/2979 891/1112/3335
f 891/1112/3335 809/972/2979 811/974/3336 801/1062/3337
f 894/1113/3338 895/1111/3334 891/1112/3335 892/1114/3339
s off
f 892/1114/3340 891/1112/3341 801/1062/3342 802/1049/3343
f 802/1049/3344 803/1014/3345 830/1013/3346 892/1114/3347
f 893/1115/3348 894/1113/3349 892/1114/3350 830/1013/3351
f 890/1116/3352 894/1113/3353 893/1115/3354 800/1117/3355
f 890/1116/3356 889/1104/3357 895/1111/3358 894/1113/3359
s 1
f 889/1104/3360 807/1072/3361 896/969/2976 895/1111/3334
f 808/1071/3362 897/970/2977 896/969/2976 807/1072/3363
s off
f 898/1087/3364 897/1086/3365 808/1083/3366 877/1084/3367
f 874/1078/3368 899/1073/3369 898/1087/3370 877/1084/3371
f 870/1077/3372 900/1074/3373 899/1073/3374 874/1078/3375
f 817/980/3376 901/1015/3377 900/1066/3378 870/1067/3379
f 817/980/3380 819/984/3381 902/1016/3382 901/1015/3383
f 819/984/3384 829/986/3385 903/1018/3386 902/1016/3387
f 829/986/3388 820/990/3389 904/1020/3390 903/1018/3391
f 820/990/3392 821/989/3393 905/1022/3394 904/1020/3395
f 821/989/3396 828/992/3397 906/1024/3398 905/1022/3399
f 828/992/3400 822/996/3401 907/1026/3402 906/1024/3403
f 823/995/3404 908/1028/3405 907/1026/3406 822/996/3407
f 823/995/3408 827/998/3409 909/1030/3410 908/1028/3411
f 827/998/3412 824/1002/3413 910/1032/3414 909/1030/3415
f 824/1002/3416 825/1001/3417 911/1034/3418 910/1032/3419
f 825/1001/3420 826/1004/3421 912/1036/3422 911/1034/3423
f 913/1009/3424 912/1036/3425 826/1004/3426 805/1006/3427
f 805/1006/3428 831/1008/3429 914/1010/3430 913/1009/3431
f 888/1099/3432 916/1105/3433 915/1109/3434 799/1107/3435
f 886/1097/3436 917/1103/3437 916/1105/3438 888/1099/3439
f 884/1095/3440 918/1102/3441 917/1103/3442 886/1097/3443
f 882/1093/3444 919/1101/3445 918/1102/3446 884/1095/3447
f 800/1117/3448 893/1115/3449 920/1118/3450 915/1119/3451
f 915/1119/3452 920/1118/3453 921/1120/3454 799/1121/3455
f 799/1121/3456 921/1120/3457 922/1122/3458 783/1123/3459
f 920/1118/3460 893/1115/3461 830/1013/3462 832/1011/3463
f 921/1120/3464 920/1118/3465 832/1011/3466 914/1010/3467
f 923/1124/3468 924/1125/3469 867/1126/3470 864/1127/3471
f 924/1125/3472 926/1128/3473 925/1129/3474 867/1126/3475
f 927/1130/3476 928/1131/3477 925/1129/3478 926/1128/3479
f 929/1132/3480 930/1133/3481 928/1131/3482 927/1130/3483
f 864/1127/3484 932/1134/3485 931/1135/3486 923/1124/3487
f 864/1127/3488 863/1136/3489 933/1137/3490 932/1134/3491
f 932/1134/3492 935/1138/3493 934/1139/3494 931/1135/3495
f 933/1137/3496 936/1140/3497 935/1138/3498 932/1134/3499
f 936/1140/3500 938/1141/3501 937/1142/3502 935/1138/3503
f 929/1132/3504 940/1143/3505 939/1144/3506 930/1133/3507
f 923/1124/3508 927/1130/3509 926/1128/3510 924/1125/3511
f 927/1130/3512 923/1124/3513 931/1135/3514 929/1132/3515
f 934/1139/3516 940/1143/3517 929/1132/3518 931/1135/3519
f 937/1142/3520 941/1145/3521 934/1139/3522 935/1138/3523
f 941/1145/3524 942/1146/3525 940/1143/3526 934/1139/3527
f 942/1146/3528 943/1147/3529 939/1144/3530 940/1143/3531
f 925/1129/3532 944/1148/3533 868/1149/3534 867/1126/3535
f 925/1129/3536 928/1131/3537 945/1150/3538 944/1148/3539
f 928/1131/3540 930/1133/3541 946/1151/3542 945/1150/3543
f 930/1133/3544 939/1144/3545 947/1152/3546 946/1151/3547
f 939/1144/3548 943/1147/3549 948/1153/3550 947/1152/3551
f 938/1141/3552 950/1154/3553 949/1155/3554 937/1142/3555
f 937/1142/3556 949/1155/3557 951/1156/3558 941/1145/3559
f 941/1145/3560 951/1156/3561 952/1157/3562 942/1146/3563
f 942/1146/3564 952/1157/3565 953/1158/3566 943/1147/3567
f 943/1147/3568 953/1158/3569 954/1159/3570 948/1153/3571
f 950/1154/3572 956/1160/3573 955/1161/3574 949/1155/3575
f 956/1160/3576 958/1162/3577 957/1163/3578 955/1161/3579
f 954/1159/3580 953/1158/3581 957/1163/3582 958/1162/3583
f 949/1155/3584 955/1161/3585 951/1156/3586
f 951/1156/3587 955/1161/3588 957/1163/3589 952/1157/3590
f 952/1157/3591 957/1163/3592 953/1158/3593
f 944/1164/3594 945/1165/3595 960/1166/3596 959/1167/3597
f 945/1165/3598 946/1168/3599 961/1169/3600 960/1166/3601
f 946/1168/3602 947/1170/3603 962/1171/3604 961/1169/3605
f 959/1167/3606 963/1172/3607 868/1173/3608 944/1164/3609
f 963/1172/3610 964/1174/3611 863/1136/3612 868/1173/3613
f 964/1174/3614 965/1175/3615 933/1137/3616 863/1136/3617
f 965/1175/3618 966/1176/3619 936/1140/3620 933/1137/3621
f 966/1176/3622 967/1177/3623 938/1141/3624 936/1140/3625
f 967/1177/3626 968/1178/3627 950/1154/3628 938/1141/3629
f 947/1170/3630 948/1179/3631 969/1180/3632 962/1171/3633
f 948/1179/3634 954/1181/3635 970/1182/3636 969/1180/3637
f 968/1178/3638 956/1160/3639 950/1154/3640
f 954/1181/3641 958/1183/3642 970/1182/3643
f 956/1160/3644 968/1178/3645 970/1182/3646 958/1183/3647
f 967/1177/3648 969/1180/3649 970/1182/3650 968/1178/3651
f 969/1180/3652 967/1177/3653 966/1176/3654 962/1171/3655
f 965/1175/3656 961/1169/3657 962/1171/3658 966/1176/3659
f 961/1169/3660 965/1175/3661 964/1174/3662 960/1166/3663
f 959/1167/3664 960/1166/3665 964/1174/3666 963/1172/3667
f 921/1120/3668 914/1010/3669 831/1008/3670 922/1122/3671
f 922/1122/3672 831/1008/3673 798/1007/3674
f 1064/1184/3675 981/1185/3676 982/1186/3677 1065/1187/3678
f 984/1188/3679 982/1186/3680 981/1185/3681 983/1189/3682
f 984/1188/3683 983/1189/3684 985/1190/3685 986/1191/3686
f 986/1191/3687 985/1190/3688 987/1192/3689 988/1193/3690
f 786/979/3691 785/982/3692 990/1194/3693 989/1195/3694
f 786/979/3695 989/1195/3696 991/1196/3697 787/1197/3698
f 787/1197/3699 991/1196/3700 1001/1198/3701 797/1199/3702
f 788/1200/3703 992/1201/3704 993/1202/3705 789/1203/3706
f 789/1203/3707 993/1202/3708 1000/1204/3709 796/1205/3710
f 790/1206/3711 994/1207/3712 995/1208/3713 791/1209/3714
f 791/1209/3715 995/1208/3716 999/1210/3717 795/1211/3718
f 792/1212/3719 996/1213/3720 997/1214/3721 793/1215/3722
f 793/1215/3723 997/1214/3724 998/1216/3725 794/1217/3726
f 794/1217/3727 998/1216/3728 977/1218/3729 784/1219/3730
f 795/1211/3731 999/1210/3732 996/1213/3733 792/1212/3734
f 796/1205/3735 1000/1204/3736 994/1207/3737 790/1206/3738
f 797/1199/3739 1001/1198/3740 992/1201/3741 788/1200/3742
f 798/1220/3743 784/1219/3744 977/1218/3745 1003/1221/3746
f 1081/1222/3747 976/1223/3748 1004/1224/3749 1082/1225/3750
f 976/1223/3751 975/1226/3752 1002/1227/3753 1004/1224/3754
f 1069/1228/3755 987/1192/3756 1005/1229/3757 1070/1230/3758
f 1070/1230/3759 1005/1229/3760 1006/1231/3761 1071/1232/3762
f 1071/1232/3763 1006/1231/3764 1007/1233/3765 1072/1234/3766
f 1072/1234/3767 1007/1233/3768 1008/1235/3769 1073/1236/3770
f 1073/1236/3771 1008/1235/3772 1009/1237/3773 1074/1238/3774
f 1074/1238/3775 1009/1237/3776 1010/1239/3777 1075/1240/3778
f 1075/1240/3779 1010/1239/3780 1011/1241/3781 1076/1242/3782
f 1076/1242/3783 1011/1241/3784 1012/1243/3785 1077/1244/3786
f 1077/1244/3787 1012/1243/3788 1013/1245/3789 1078/1246/3790
f 1078/1246/3791 1013/1245/3792 1014/1247/3793 1079/1248/3794
f 1079/1248/3795 1014/1247/3796 1015/1249/3797 1080/1250/3798
f 976/1223/3799 1081/1222/3800 1080/1250/3801 1015/1249/3802
f 975/1226/3803 976/1223/3804 1015/1249/3805 1016/1251/3806
f 1016/1251/3807 1015/1249/3808 1014/1247/3809 1017/1252/3810
f 1017/1252/3811 1014/1247/3812 1013/1245/3813 1018/1253/3814
f 1018/1253/3815 1013/1245/3816 1012/1243/3817 1019/1254/3818
f 1019/1254/3819 1012/1243/3820 1011/1241/3821 1020/1255/3822
f 1011/1241/3823 1010/1239/3824 1021/1256/3825 1020/1255/3826
f 1021/1256/3827 1010/1239/3828 1009/1237/3829 1022/1257/3830
f 1022/1257/3831 1009/1237/3832 1008/1235/3833 1023/1258/3834
f 1023/1258/3835 1008/1235/3836 1007/1233/3837 1024/1259/3838
f 1024/1259/3839 1007/1233/3840 1006/1231/3841 1025/1260/3842
f 1025/1260/3843 1006/1231/3844 1005/1229/3845 1026/1261/3846
f 1026/1261/3847 1005/1229/3848 987/1192/3849 985/1190/3850
f 974/1262/3851 975/1226/3852 1016/1251/3853 1027/1263/3854
f 1027/1263/3855 1016/1251/3856 1017/1252/3857 1028/1264/3858
f 1028/1264/3859 1017/1252/3860 1018/1253/3861 1029/1265/3862
f 1029/1265/3863 1018/1253/3864 1019/1254/3865 1030/1266/3866
f 1030/1266/3867 1019/1254/3868 1020/1255/3869 1031/1267/3870
f 1020/1255/3871 1021/1256/3872 1032/1268/3873 1031/1267/3874
f 1032/1268/3875 1021/1256/3876 1022/1257/3877 1033/1269/3878
f 1033/1269/3879 1022/1257/3880 1023/1258/3881 1034/1270/3882
f 1034/1270/3883 1023/1258/3884 1024/1259/3885 1035/1271/3886
f 1035/1271/3887 1024/1259/3888 1025/1260/3889 1036/1272/3890
f 1036/1272/3891 1025/1260/3892 1026/1261/3893 1037/1273/3894
f 1037/1273/3895 1026/1261/3896 985/1190/3897 983/1189/3898
f 1037/1273/3899 983/1189/3900 973/1274/3901 1038/1275/3902
f 1038/1275/3903 973/1274/3904 974/1262/3905 1027/1263/3906
f 1036/1272/3907 1037/1273/3908 1038/1275/3909 1039/1276/3910
f 1039/1276/3911 1038/1275/3912 1027/1263/3913 1028/1264/3914
f 1028/1264/3915 1029/1265/3916 1040/1277/3917 1039/1276/3918
f 1034/1270/3919 1035/1271/3920 1040/1277/3921 1041/1278/3922
f 1041/1278/3923 1040/1277/3924 1029/1265/3925 1030/1266/3926
f 1032/1268/3927 1033/1269/3928 1034/1270/3929 1041/1278/3930
f 1041/1278/3931 1030/1266/3932 1031/1267/3933 1032/1268/3934
f 1068/1279/3935 988/1193/3936 987/1192/3937 1069/1228/3938
f 990/1194/3939 1043/1280/3940 1042/1281/3941 989/1195/3942
f 978/1282/3943 1044/1283/3944 1043/1280/3945 990/1194/3946
f 980/1284/3947 1044/1283/3948 978/1282/3949 979/1285/3950
f 1067/1286/3951 1045/1287/3952 988/1288/3953 1068/1289/3954
f 1042/1290/3955 1043/1291/3956 1047/1292/3957 1046/1293/3958
f 1043/1291/3959 1044/1294/3960 1048/1295/3961 1047/1292/3962
f 980/1296/3963 1049/1297/3964 1048/1295/3965 1044/1294/3966
f 982/1298/3967 1050/1299/3968 1066/1300/3969 1065/1301/3970
f 984/1302/3971 1051/1303/3972 1050/1299/3973 982/1298/3974
f 986/1304/3975 1052/1305/3976 1051/1303/3977 984/1302/3978
f 988/1288/3979 1045/1287/3980 1052/1305/3981 986/1304/3982
f 1066/1300/3983 1050/1299/3984 1045/1287/3985 1067/1286/3986
f 1048/1295/3987 1049/1297/3988 1046/1293/3989 1047/1292/3990
f 1052/1305/3991 1045/1287/3992 1050/1299/3993 1051/1303/3994
f 785/982/3995 881/1094/3996 1053/1306/3997 990/1194/3998
f 881/1094/3999 883/1096/4000 1054/1307/4001 1053/1306/4002
f 883/1096/4003 885/1098/4004 1055/1308/4005 1054/1307/4006
f 885/1098/4007 887/1100/4008 1056/1309/4009 1055/1308/4010
f 1053/1306/4011 1087/1310/4012 978/1282/4013 990/1194/4014
f 1086/1311/4015 979/1285/4016 978/1282/4017 1087/1310/4018
f 1085/1312/4019 1057/1313/4020 979/1285/4021 1086/1311/4022
f 1084/1314/4023 1058/1315/4024 1057/1313/4025 1085/1312/4026
f 887/1100/4027 783/1108/4028 971/1316/4029 1056/1309/4030
f 1083/1317/4031 972/1318/4032 1058/1315/4033 1084/1314/4034
f 1063/1319/4035 1059/1320/4036 981/1185/4037 1064/1184/4038
f 1059/1320/4039 973/1274/4040 983/1189/4041 981/1185/4042
f 1062/1321/4043 1060/1322/4044 1059/1320/4045 1063/1319/4046
f 1060/1322/4047 974/1262/4048 973/1274/4049 1059/1320/4050
f 974/1262/4051 1060/1322/4052 1002/1227/4053 975/1226/4054
f 1061/1323/4055 1002/1227/4056 1060/1322/4057 1062/1321/4058
f 1058/1324/4059 972/1325/4060 1061/1323/4061 1062/1321/4062
f 1058/1324/4063 1062/1321/4064 1063/1319/4065 1057/1313/4066
f 1057/1313/4067 1063/1319/4068 1064/1184/4069 979/1285/4070
f 980/1284/4071 979/1285/4072 1064/1184/4073 1065/1187/4074
f 1066/1300/4075 1049/1297/4076 980/1296/4077 1065/1301/4078
f 1046/1293/4079 1049/1297/4080 1066/1300/4081 1067/1286/4082
f 1042/1290/4083 1046/1293/4084 1067/1286/4085 1068/1289/4086
f 989/1195/4087 1042/1281/4088 1068/1279/4089 1069/1228/4090
f 989/1195/4091 1069/1228/4092 1070/1230/4093 991/1196/4094
f 991/1196/4095 1070/1230/4096 1071/1232/4097 1001/1198/4098
f 1001/1198/4099 1071/1232/4100 1072/1234/4101 992/1201/4102
f 992/1201/4103 1072/1234/4104 1073/1236/4105 993/1202/4106
f 993/1202/4107 1073/1236/4108 1074/1238/4109 1000/1204/4110
f 1000/1204/4111 1074/1238/4112 1075/1240/4113 994/1207/4114
f 995/1208/4115 994/1207/4116 1075/1240/4117 1076/1242/4118
f 995/1208/4119 1076/1242/4120 1077/1244/4121 999/1210/4122
f 999/1210/4123 1077/1244/4124 1078/1246/4125 996/1213/4126
f 996/1213/4127 1078/1246/4128 1079/1248/4129 997/1214/4130
f 997/1214/4131 1079/1248/4132 1080/1250/4133 998/1216/4134
f 1081/1222/4135 977/1218/4136 998/1216/4137 1080/1250/4138
f 977/1218/4139 1081/1222/4140 1082/1225/4141 1003/1221/4142
f 1056/1309/4143 971/1316/4144 1083/1317/4145 1084/1314/4146
f 1055/1308/4147 1056/1309/4148 1084/1314/4149 1085/1312/4150
f 1054/1307/4151 1055/1308/4152 1085/1312/4153 1086/1311/4154
f 1053/1306/4155 1054/1307/4156 1086/1311/4157 1087/1310/4158
f 972/1325/4159 1083/1326/4160 1088/1327/4161 1061/1323/4162
f 1083/1326/4163 971/1328/4164 1089/1329/4165 1088/1327/4166
f 971/1328/4167 783/1330/4168 922/1331/4169 1089/1329/4170
f 1088/1327/4171 1004/1224/4172 1002/1227/4173 1061/1323/4174
f 1089/1329/4175 1082/1225/4176 1004/1224/4177 1088/1327/4178
f 1090/1332/4179 1036/1333/4180 1039/1334/4181 1091/1335/4182
f 1091/1335/4183 1039/1334/4184 1092/1336/4185 1093/1337/4186
f 1094/1338/4187 1093/1337/4188 1092/1336/4189 1095/1339/4190
f 1096/1340/4191 1094/1338/4192 1095/1339/4193 1097/1341/4194
f 1036/1333/4195 1090/1332/4196 1098/1342/4197 1099/1343/4198
f 1036/1333/4199 1099/1343/4200 1100/1344/4201 1035/1345/4202
f 1099/1343/4203 1098/1342/4204 1101/1346/4205 1102/1347/4206
f 1100/1344/4207 1099/1343/4208 1102/1347/4209 1103/1348/4210
f 1103/1348/4211 1102/1347/4212 1104/1349/4213 1105/1350/4214
f 1096/1340/4215 1097/1341/4216 1106/1351/4217 1107/1352/4218
f 1090/1332/4219 1091/1335/4220 1093/1337/4221 1094/1338/4222
f 1094/1338/4223 1096/1340/4224 1098/1342/4225 1090/1332/4226
f 1101/1346/4227 1098/1342/4228 1096/1340/4229 1107/1352/4230
f 1104/1349/4231 1102/1347/4232 1101/1346/4233 1108/1353/4234
f 1108/1353/4235 1101/1346/4236 1107/1352/4237 1109/1354/4238
f 1109/1354/4239 1107/1352/4240 1106/1351/4241 1110/1355/4242
f 1092/1336/4243 1039/1334/4244 1040/1356/4245 1111/1357/4246
f 1092/1336/4247 1111/1357/4248 1112/1358/4249 1095/1339/4250
f 1095/1339/4251 1112/1358/4252 1113/1359/4253 1097/1341/4254
f 1097/1341/4255 1113/1359/4256 1114/1360/4257 1106/1351/4258
f 1106/1351/4259 1114/1360/4260 1115/1361/4261 1110/1355/4262
f 1105/1350/4263 1104/1349/4264 1116/1362/4265 1117/1363/4266
f 1104/1349/4267 1108/1353/4268 1118/1364/4269 1116/1362/4270
f 1108/1353/4271 1109/1354/4272 1119/1365/4273 1118/1364/4274
f 1109/1354/4275 1110/1355/4276 1120/1366/4277 1119/1365/4278
f 1110/1355/4279 1115/1361/4280 1121/1367/4281 1120/1366/4282
f 1117/1363/4283 1116/1362/4284 1122/1368/4285 1123/1369/4286
f 1123/1369/4287 1122/1368/4288 1124/1370/4289 1125/1371/4290
f 1121/1367/4291 1125/1371/4292 1124/1370/4293 1120/1366/4294
f 1116/1362/4295 1118/1364/4296 1122/1368/4297
f 1118/1364/4298 1119/1365/4299 1124/1370/4300 1122/1368/4301
f 1119/1365/4302 1120/1366/4303 1124/1370/4304
f 1111/1372/4305 1126/1373/4306 1127/1374/4307 1112/1375/4308
f 1112/1375/4309 1127/1374/4310 1128/1376/4311 1113/1377/4312
f 1113/1377/4313 1128/1376/4314 1129/1378/4315 1114/1379/4316
f 1126/1373/4317 1111/1372/4318 1040/1380/4319 1130/1381/4320
f 1130/1381/4321 1040/1380/4322 1035/1345/4323 1131/1382/4324
f 1131/1382/4325 1035/1345/4326 1100/1344/4327 1132/1383/4328
f 1132/1383/4329 1100/1344/4330 1103/1348/4331 1133/1384/4332
f 1133/1384/4333 1103/1348/4334 1105/1350/4335 1134/1385/4336
f 1134/1385/4337 1105/1350/4338 1117/1363/4339 1135/1386/4340
f 1114/1379/4341 1129/1378/4342 1136/1387/4343 1115/1388/4344
f 1115/1388/4345 1136/1387/4346 1137/1389/4347 1121/1390/4348
f 1135/1386/4349 1117/1363/4350 1123/1369/4351
f 1121/1390/4352 1137/1389/4353 1125/1391/4354
f 1123/1369/4355 1125/1391/4356 1137/1389/4357 1135/1386/4358
f 1134/1385/4359 1135/1386/4360 1137/1389/4361 1136/1387/4362
f 1136/1387/4363 1129/1378/4364 1133/1384/4365 1134/1385/4366
f 1132/1383/4367 1133/1384/4368 1129/1378/4369 1128/1376/4370
f 1128/1376/4371 1127/1374/4372 1131/1382/4373 1132/1383/4374
f 1126/1373/4375 1130/1381/4376 1131/1382/4377 1127/1374/4378
f 1089/1329/4379 922/1331/4380 1003/1221/4381 1082/1225/4382
f 922/1331/4383 798/1220/4384 1003/1221/4385
g default
v -0.000396 1.323349 0.395707
v 0.046728 1.302748 0.407787
v 0.057445 1.429182 0.378454
v -0.000396 1.427685 0.374018
v -0.058237 1.429182 0.378454
v -0.047521 1.302748 0.407787
v 0.102732 1.273867 0.412289
v 0.120839 1.430599 0.383511
v -0.121631 1.430599 0.383511
v -0.103524 1.273867 0.412289
v 0.177308 1.259481 0.413310
v 0.197761 1.428224 0.383029
v -0.198553 1.428224 0.383029
v -0.178100 1.259481 0.413310
v 0.195713 1.347139 0.443065
v 0.111372 1.367268 0.439600
v 0.050090 1.385828 0.421816
v -0.000396 1.389609 0.411724
v -0.050882 1.385828 0.421816
v -0.112165 1.367268 0.439600
v -0.196506 1.347139 0.443065
v 0.279593 1.275630 0.391845
v 0.274438 1.347500 0.413786
v -0.262161 1.413830 0.367252
v -0.275231 1.347500 0.413786
v 0.261369 1.413830 0.367252
v -0.280385 1.275630 0.391845
v 0.344276 1.311118 0.349407
v 0.334133 1.369299 0.370709
v -0.317266 1.412012 0.337826
v -0.334925 1.369299 0.370709
v 0.316474 1.412012 0.337826
v -0.345068 1.311118 0.349407
v 0.371485 1.374328 0.281507
v 0.372156 1.399589 0.326566
v -0.352826 1.420106 0.310750
v -0.372948 1.399589 0.326566
v 0.352034 1.420106 0.310750
v -0.372278 1.374328 0.281507
v -0.388384 1.432857 0.280228
v 0.387592 1.432857 0.280228
v 0.055507 1.417632 0.338378
v -0.000396 1.417616 0.331475
v -0.056299 1.417632 0.338378
v 0.121213 1.420573 0.340857
v -0.122005 1.420573 0.340857
v 0.198934 1.419342 0.339486
v -0.199727 1.419342 0.339486
v -0.259296 1.409071 0.332366
v 0.258504 1.409071 0.332366
v -0.309759 1.410880 0.316424
v 0.308967 1.410880 0.316424
v -0.344730 1.417364 0.295274
v 0.343938 1.417364 0.295274
v -0.384046 1.431785 0.269855
v 0.383254 1.431785 0.269855
v 0.054115 1.305981 0.330698
v -0.000396 1.320624 0.326046
v -0.054907 1.305981 0.330698
v 0.118211 1.270851 0.354012
v -0.119003 1.270851 0.354012
v 0.196059 1.269220 0.354475
v -0.196851 1.269220 0.354475
v 0.262832 1.275444 0.349477
v -0.263624 1.275444 0.349477
v 0.308601 1.296722 0.331399
v -0.309393 1.296722 0.331399
v 0.348810 1.340520 0.298454
v -0.349602 1.340520 0.298454
v 0.375449 1.353910 0.314479
v -0.376242 1.353910 0.314479
v -0.386168 1.377114 0.296666
v 0.385375 1.377114 0.296666
v 0.343874 1.376480 0.285365
v 0.300443 1.353407 0.298221
v 0.251327 1.342981 0.312020
v 0.194408 1.343812 0.316761
v 0.120161 1.352359 0.314297
v 0.058997 1.365851 0.311078
v -0.000396 1.373396 0.308176
v -0.059790 1.365851 0.311078
v -0.120953 1.352359 0.314297
v -0.195200 1.343812 0.316761
v -0.252119 1.342981 0.312020
v -0.301235 1.353407 0.298221
v -0.344666 1.376480 0.285365
vt 0.909592 0.887443
vt 0.910924 0.897886
vt 0.893814 0.896844
vt 0.893407 0.887473
vt 0.893779 0.878101
vt 0.910886 0.876996
vt 0.896069 0.908352
vt 0.913666 0.909565
vt 0.895993 0.866585
vt 0.913585 0.865307
vt 0.897965 0.923347
vt 0.914259 0.923122
vt 0.897833 0.851583
vt 0.914128 0.851748
vt 0.880592 0.910126
vt 0.880184 0.924857
vt 0.881496 0.898148
vt 0.881785 0.887494
vt 0.881457 0.876842
vt 0.880508 0.864868
vt 0.880048 0.850139
vt 0.909820 0.941009
vt 0.896459 0.937774
vt 0.881220 0.837128
vt 0.896274 0.837161
vt 0.881405 0.937863
vt 0.909624 0.833877
vt 0.903278 0.954258
vt 0.892207 0.950141
vt 0.881330 0.824435
vt 0.891977 0.824810
vt 0.881561 0.950555
vt 0.903032 0.820653
vt 0.880995 0.815189
vt 0.887079 0.814859
vt 0.887345 0.960110
vt 0.881261 0.959803
vt 0.881800 0.806386
vt 0.882098 0.968602
vt 0.873616 0.897653
vt 0.873174 0.887510
vt 0.873578 0.877366
vt 0.872282 0.910571
vt 0.872198 0.864453
vt 0.872467 0.927153
vt 0.872322 0.847871
vt 0.875027 0.834738
vt 0.875221 0.940276
vt 0.877129 0.823371
vt 0.877365 0.951635
vt 0.877715 0.814279
vt 0.877984 0.960724
vt 0.880845 0.804663
vt 0.881149 0.970329
vt 0.946091 0.887312
vt 0.945651 0.876768
vt 0.956562 0.876275
vt 0.955295 0.887295
vt 0.945688 0.897857
vt 0.956602 0.898312
vt 0.958922 0.864785
vt 0.945267 0.864563
vt 0.959002 0.909793
vt 0.945348 0.910064
vt 0.960420 0.850779
vt 0.945657 0.850245
vt 0.960550 0.923793
vt 0.945789 0.924380
vt 0.960466 0.839939
vt 0.947511 0.839292
vt 0.960634 0.934634
vt 0.947681 0.935326
vt 0.958546 0.830262
vt 0.947261 0.829593
vt 0.958748 0.944317
vt 0.947466 0.945027
vt 0.954465 0.821622
vt 0.946631 0.822005
vt 0.954698 0.952972
vt 0.946862 0.952617
vt 0.924485 0.887416
vt 0.925316 0.897297
vt 0.925280 0.877533
vt 0.924878 0.912365
vt 0.924787 0.862466
vt 0.923301 0.930148
vt 0.923145 0.844689
vt 0.917102 0.943437
vt 0.916896 0.831423
vt 0.911313 0.953852
vt 0.911069 0.821029
vt 0.944870 0.961484
vt 0.944606 0.813145
vt 0.901952 0.965316
vt 0.895949 0.962774
vt 0.901666 0.809599
vt 0.895673 0.812164
vt 0.891451 0.808716
vt 0.891740 0.966237
vt 0.892958 0.804969
vt 0.893261 0.969979
vt 0.955204 0.816451
vt 0.961609 0.821436
vt 0.970742 0.829897
vt 0.975125 0.838609
vt 0.976039 0.850843
vt 0.975712 0.865112
vt 0.968233 0.877061
vt 0.965584 0.887277
vt 0.968270 0.897484
vt 0.975791 0.909406
vt 0.976169 0.923674
vt 0.975298 0.935912
vt 0.970945 0.944639
vt 0.961842 0.953133
vt 0.955455 0.958140
vn -0.136596 -0.558912 0.817899
vn -0.328983 -0.463520 0.822751
vn -0.180457 0.272658 0.945036
vn -0.028681 0.111325 0.993370
vn 0.180458 0.272657 0.945036
vn 0.410707 -0.659227 0.629872
vn -0.081256 0.194799 0.977472
vn -0.277307 -0.693334 0.665123
vn 0.410707 -0.659227 0.629872
vn 0.180458 0.272657 0.945036
vn 0.081256 0.194799 0.977472
vn 0.277307 -0.693334 0.665124
vn 0.154060 0.102620 0.982718
vn 0.052863 -0.695760 0.716327
vn 0.277307 -0.693334 0.665124
vn 0.081256 0.194799 0.977472
vn -0.154060 0.102620 0.982718
vn -0.052863 -0.695759 0.716327
vn 0.026466 0.863050 0.504424
vn 0.170266 0.801970 0.572585
vn -0.039949 0.923326 0.381933
vn 0.000000 0.950583 0.310470
vn 0.180458 0.272657 0.945036
vn 0.000000 0.282120 0.959379
vn 0.000000 0.950583 0.310470
vn 0.039949 0.923326 0.381933
vn 0.081256 0.194799 0.977472
vn 0.180458 0.272657 0.945036
vn 0.039949 0.923326 0.381933
vn -0.026466 0.863051 0.504423
vn -0.154060 0.102620 0.982718
vn 0.081256 0.194799 0.977472
vn -0.026466 0.863051 0.504423
vn -0.170267 0.801970 0.572585
vn 0.428870 -0.608550 0.667636
vn 0.415643 0.102365 0.903749
vn -0.154060 0.102620 0.982718
vn -0.170267 0.801970 0.572585
vn -0.292286 0.756633 0.584872
vn -0.415644 0.102365 0.903749
vn 0.415643 0.102365 0.903749
vn 0.292286 0.756634 0.584872
vn -0.052863 -0.695759 0.716327
vn -0.154060 0.102620 0.982718
vn -0.415644 0.102365 0.903749
vn -0.428870 -0.608550 0.667635
vn 0.415643 0.102365 0.903749
vn 0.428870 -0.608550 0.667636
vn 0.751390 -0.473671 0.459401
vn 0.590220 0.202947 0.781315
vn -0.415644 0.102365 0.903749
vn -0.292286 0.756633 0.584872
vn -0.240293 0.799326 0.550761
vn -0.590220 0.202947 0.781315
vn 0.292286 0.756634 0.584872
vn 0.415643 0.102365 0.903749
vn 0.590220 0.202947 0.781315
vn 0.240293 0.799326 0.550761
vn -0.428870 -0.608550 0.667635
vn -0.415644 0.102365 0.903749
vn -0.590220 0.202947 0.781315
vn -0.751390 -0.473671 0.459400
vn -0.590220 0.202947 0.781315
vn -0.240293 0.799326 0.550761
vn -0.117368 0.865672 0.486659
vn -0.709628 0.277667 0.647556
vn 0.240293 0.799326 0.550761
vn 0.590220 0.202947 0.781315
vn 0.709628 0.277667 0.647557
vn 0.117368 0.865673 0.486658
vn -0.709628 0.277667 0.647556
vn -0.117368 0.865672 0.486659
vn -0.862168 0.504977 -0.040809
vn 0.117368 0.865673 0.486658
vn 0.709628 0.277667 0.647557
vn 0.862168 0.504977 -0.040811
vn 0.000000 0.950583 0.310470
vn -0.039949 0.923326 0.381933
vn -0.002524 0.967531 -0.252741
vn 0.000000 0.967355 -0.253424
vn 0.039949 0.923326 0.381933
vn 0.000000 0.950583 0.310470
vn 0.000000 0.967355 -0.253424
vn 0.002524 0.967530 -0.252742
vn -0.039949 0.923326 0.381933
vn 0.026466 0.863050 0.504424
vn 0.003102 0.972937 -0.231051
vn -0.002524 0.967531 -0.252741
vn -0.026466 0.863051 0.504423
vn 0.039949 0.923326 0.381933
vn 0.002524 0.967530 -0.252742
vn -0.003102 0.972937 -0.231051
vn 0.026466 0.863050 0.504424
vn 0.170266 0.801970 0.572585
vn 0.085309 0.976979 -0.195535
vn 0.003102 0.972937 -0.231051
vn -0.170267 0.801970 0.572585
vn -0.026466 0.863051 0.504423
vn -0.003102 0.972937 -0.231051
vn -0.085310 0.976980 -0.195533
vn -0.292286 0.756633 0.584872
vn -0.170267 0.801970 0.572585
vn -0.085310 0.976980 -0.195533
vn -0.074641 0.987280 -0.140383
vn 0.170266 0.801970 0.572585
vn 0.292286 0.756634 0.584872
vn 0.074641 0.987280 -0.140383
vn 0.085309 0.976979 -0.195535
vn -0.240293 0.799326 0.550761
vn -0.292286 0.756633 0.584872
vn -0.074641 0.987280 -0.140383
vn 0.104539 0.992327 -0.066019
vn 0.292286 0.756634 0.584872
vn 0.240293 0.799326 0.550761
vn -0.104539 0.992327 -0.066020
vn 0.074641 0.987280 -0.140383
vn -0.117368 0.865672 0.486659
vn -0.240293 0.799326 0.550761
vn 0.104539 0.992327 -0.066019
vn 0.265759 0.964038 0.001432
vn 0.240293 0.799326 0.550761
vn 0.117368 0.865673 0.486658
vn -0.265759 0.964038 0.001429
vn -0.104539 0.992327 -0.066020
vn -0.862168 0.504977 -0.040809
vn -0.117368 0.865672 0.486659
vn 0.265759 0.964038 0.001432
vn -0.653985 0.468069 -0.594319
vn 0.117368 0.865673 0.486658
vn 0.862168 0.504977 -0.040811
vn 0.653985 0.468068 -0.594320
vn -0.265759 0.964038 0.001429
vn 0.000000 0.469271 -0.883054
vn 0.087961 0.434416 -0.896407
vn 0.059952 0.030893 -0.997723
vn 0.000000 0.095911 -0.995390
vn -0.087961 0.434416 -0.896407
vn 0.000000 0.469271 -0.883054
vn 0.000000 0.095911 -0.995390
vn -0.059952 0.030893 -0.997723
vn 0.030889 -0.071064 -0.996993
vn 0.059952 0.030893 -0.997723
vn 0.087961 0.434416 -0.896407
vn 0.047028 0.359078 -0.932122
vn -0.087961 0.434416 -0.896407
vn -0.059952 0.030893 -0.997723
vn -0.030889 -0.071064 -0.996993
vn -0.047028 0.359077 -0.932122
vn -0.023292 -0.120770 -0.992407
vn 0.030889 -0.071064 -0.996993
vn 0.047028 0.359078 -0.932122
vn -0.012245 0.312167 -0.949948
vn -0.047028 0.359077 -0.932122
vn -0.030889 -0.071064 -0.996993
vn 0.023292 -0.120770 -0.992407
vn 0.012245 0.312166 -0.949949
vn -0.126338 -0.148172 -0.980859
vn -0.023292 -0.120770 -0.992407
vn -0.012245 0.312167 -0.949948
vn -0.172227 0.307753 -0.935749
vn 0.012245 0.312166 -0.949949
vn 0.023292 -0.120770 -0.992407
vn 0.126338 -0.148172 -0.980859
vn 0.172227 0.307754 -0.935749
vn -0.249074 -0.127205 -0.960094
vn -0.126338 -0.148172 -0.980859
vn -0.172227 0.307753 -0.935749
vn -0.377465 0.303550 -0.874859
vn 0.172227 0.307754 -0.935749
vn 0.126338 -0.148172 -0.980859
vn 0.249074 -0.127205 -0.960094
vn 0.377465 0.303550 -0.874859
vn -0.318404 -0.067954 -0.945516
vn -0.249074 -0.127205 -0.960094
vn -0.377465 0.303550 -0.874859
vn -0.508571 0.251077 -0.823600
vn 0.377465 0.303550 -0.874859
vn 0.249074 -0.127205 -0.960094
vn 0.318404 -0.067954 -0.945516
vn 0.508571 0.251077 -0.823599
vn 0.000000 -0.999785 -0.020738
vn -0.391224 -0.918978 -0.049225
vn 0.000000 -0.763350 0.645985
vn 0.410707 -0.659227 0.629872
vn 0.391224 -0.918978 -0.049225
vn 0.000000 -0.999785 -0.020738
vn -0.277307 -0.693334 0.665123
vn -0.410707 -0.659228 0.629872
vn -0.391224 -0.918978 -0.049225
vn -0.278235 -0.956815 -0.084202
vn 0.410707 -0.659227 0.629872
vn 0.277307 -0.693334 0.665124
vn 0.278235 -0.956815 -0.084201
vn 0.391224 -0.918978 -0.049225
vn 0.052863 -0.695760 0.716327
vn -0.277307 -0.693334 0.665123
vn -0.278235 -0.956815 -0.084202
vn 0.027731 -0.995559 -0.089958
vn 0.277307 -0.693334 0.665124
vn -0.052863 -0.695759 0.716327
vn -0.027731 -0.995559 -0.089958
vn 0.278235 -0.956815 -0.084201
vn 0.428870 -0.608550 0.667636
vn 0.052863 -0.695760 0.716327
vn 0.027731 -0.995559 -0.089958
vn 0.215749 -0.970876 -0.104175
vn -0.052863 -0.695759 0.716327
vn -0.428870 -0.608550 0.667635
vn -0.215749 -0.970876 -0.104176
vn -0.027731 -0.995559 -0.089958
vn 0.751390 -0.473671 0.459401
vn 0.428870 -0.608550 0.667636
vn 0.215749 -0.970876 -0.104175
vn 0.441188 -0.875636 -0.196505
vn -0.428870 -0.608550 0.667635
vn -0.751390 -0.473671 0.459400
vn -0.441188 -0.875636 -0.196506
vn -0.215749 -0.970876 -0.104176
vn 0.404969 -0.008138 -0.914294
vn 0.508571 0.251077 -0.823599
vn 0.318404 -0.067954 -0.945516
vn -0.508571 0.251077 -0.823600
vn -0.404968 -0.008137 -0.914295
vn -0.318404 -0.067954 -0.945516
vn 0.441188 -0.875636 -0.196505
vn 0.555832 -0.729596 -0.398423
vn 0.894456 -0.343902 0.285798
vn 0.751390 -0.473671 0.459401
vn -0.555832 -0.729595 -0.398424
vn -0.441188 -0.875636 -0.196506
vn -0.751390 -0.473671 0.459400
vn -0.894456 -0.343903 0.285797
vn 0.751390 -0.473671 0.459401
vn 0.894456 -0.343902 0.285798
vn 0.709628 0.277667 0.647557
vn 0.590220 0.202947 0.781315
vn -0.894456 -0.343903 0.285797
vn -0.751390 -0.473671 0.459400
vn -0.590220 0.202947 0.781315
vn -0.709628 0.277667 0.647556
vn -0.709628 0.277667 0.647556
vn -0.862168 0.504977 -0.040809
vn -0.980892 -0.190514 0.039428
vn -0.894456 -0.343903 0.285797
vn 0.862168 0.504977 -0.040811
vn 0.709628 0.277667 0.647557
vn 0.894456 -0.343902 0.285798
vn 0.980893 -0.190513 0.039430
vn -0.894456 -0.343903 0.285797
vn -0.980892 -0.190514 0.039428
vn -0.719148 -0.467742 -0.513851
vn -0.555832 -0.729595 -0.398424
vn 0.980893 -0.190513 0.039430
vn 0.894456 -0.343902 0.285798
vn 0.555832 -0.729596 -0.398423
vn 0.719148 -0.467742 -0.513851
vn -0.318404 -0.067954 -0.945516
vn -0.404968 -0.008137 -0.914295
vn -0.152759 -0.242556 -0.958035
vn -0.122780 -0.428581 -0.895122
vn -0.118338 -0.495167 -0.860701
vn -0.249074 -0.127205 -0.960094
vn -0.318404 -0.067954 -0.945516
vn -0.122780 -0.428581 -0.895122
vn -0.073804 -0.483172 -0.872409
vn -0.126338 -0.148172 -0.980859
vn -0.249074 -0.127205 -0.960094
vn -0.118338 -0.495167 -0.860701
vn -0.027822 -0.455464 -0.889819
vn -0.023292 -0.120770 -0.992407
vn -0.126338 -0.148172 -0.980859
vn -0.073804 -0.483172 -0.872409
vn 0.005857 -0.426543 -0.904448
vn 0.030889 -0.071064 -0.996993
vn -0.023292 -0.120770 -0.992407
vn -0.027822 -0.455464 -0.889819
vn 0.030626 -0.365683 -0.930236
vn 0.059952 0.030893 -0.997723
vn 0.030889 -0.071064 -0.996993
vn 0.005857 -0.426543 -0.904448
vn 0.000000 0.095911 -0.995390
vn 0.059952 0.030893 -0.997723
vn 0.030626 -0.365683 -0.930236
vn 0.000000 -0.315846 -0.948810
vn -0.059952 0.030893 -0.997723
vn 0.000000 0.095911 -0.995390
vn 0.000000 -0.315846 -0.948810
vn -0.030626 -0.365683 -0.930236
vn -0.030889 -0.071064 -0.996993
vn -0.059952 0.030893 -0.997723
vn -0.030626 -0.365683 -0.930236
vn -0.005857 -0.426543 -0.904448
vn 0.023292 -0.120770 -0.992407
vn -0.030889 -0.071064 -0.996993
vn -0.005857 -0.426543 -0.904448
vn 0.027822 -0.455464 -0.889819
vn 0.126338 -0.148172 -0.980859
vn 0.023292 -0.120770 -0.992407
vn 0.027822 -0.455464 -0.889819
vn 0.073804 -0.483172 -0.872409
vn 0.249074 -0.127205 -0.960094
vn 0.126338 -0.148172 -0.980859
vn 0.073804 -0.483172 -0.872409
vn 0.118338 -0.495168 -0.860700
vn 0.318404 -0.067954 -0.945516
vn 0.249074 -0.127205 -0.960094
vn 0.118338 -0.495168 -0.860700
vn 0.122781 -0.428582 -0.895121
vn 0.404969 -0.008138 -0.914294
vn 0.318404 -0.067954 -0.945516
vn 0.122781 -0.428582 -0.895121
vn 0.152760 -0.242558 -0.958034
vn 0.719148 -0.467742 -0.513851
vn 0.653985 0.468068 -0.594320
vn 0.862168 0.504977 -0.040811
vn 0.980893 -0.190513 0.039430
vn -0.653985 0.468069 -0.594319
vn -0.719148 -0.467742 -0.513851
vn -0.980892 -0.190514 0.039428
vn -0.862168 0.504977 -0.040809
s 1
g Dwarf_low1 DwarfStache_low
usemtl lambert2SG
f 1138/1392/4386 1139/1393/4387 1154/1394/4388 1155/1395/4389
f 1138/1392/4386 1155/1395/4389 1156/1396/4390 1143/1397/4391
f 1153/1398/4392 1154/1394/4388 1139/1393/4387 1144/1399/4393
s off
f 1143/1397/4394 1156/1396/4395 1157/1400/4396 1147/1401/4397
s 1
f 1152/1402/4398 1153/1398/4392 1144/1399/4393 1148/1403/4399
s off
f 1147/1401/4400 1157/1400/4401 1158/1404/4402 1151/1405/4403
s 1
f 1145/1406/4404 1153/1398/4392 1152/1402/4398 1149/1407/4405
f 1140/1408/4406 1154/1394/4388 1153/1398/4392 1145/1406/4404
f 1155/1395/4389 1154/1394/4388 1140/1408/4406 1141/1409/4407
s off
f 1156/1396/4408 1155/1395/4409 1141/1409/4410 1142/1410/4411
f 1157/1400/4412 1156/1396/4413 1142/1410/4414 1146/1411/4415
f 1158/1404/4416 1157/1400/4417 1146/1411/4418 1150/1412/4419
s 1
f 1152/1402/4398 1148/1403/4399 1159/1413/4420 1160/1414/4421
s off
f 1158/1404/4422 1150/1412/4423 1161/1415/4424 1162/1416/4425
s 1
f 1149/1407/4405 1152/1402/4398 1160/1414/4426 1163/1417/4427
s off
f 1151/1405/4428 1158/1404/4429 1162/1416/4430 1164/1418/4431
f 1160/1414/4432 1159/1413/4433 1165/1419/4434 1166/1420/4435
f 1162/1416/4436 1161/1415/4437 1167/1421/4438 1168/1422/4439
f 1163/1417/4440 1160/1414/4441 1166/1420/4442 1169/1423/4443
f 1164/1418/4444 1162/1416/4445 1168/1422/4446 1170/1424/4447
f 1168/1422/4448 1167/1421/4449 1173/1425/4450 1174/1426/4451
f 1169/1423/4452 1166/1420/4453 1172/1427/4454 1175/1428/4455
f 1174/1426/4456 1173/1425/4457 1177/1429/4458
f 1175/1428/4459 1172/1427/4460 1178/1430/4461
f 1141/1409/4462 1140/1408/4463 1179/1431/4464 1180/1432/4465
f 1142/1410/4466 1141/1409/4467 1180/1432/4468 1181/1433/4469
f 1140/1408/4470 1145/1406/4471 1182/1434/4472 1179/1431/4473
f 1146/1411/4474 1142/1410/4475 1181/1433/4476 1183/1435/4477
f 1145/1406/4478 1149/1407/4479 1184/1436/4480 1182/1434/4481
f 1150/1412/4482 1146/1411/4483 1183/1435/4484 1185/1437/4485
f 1161/1415/4486 1150/1412/4487 1185/1437/4488 1186/1438/4489
f 1149/1407/4490 1163/1417/4491 1187/1439/4492 1184/1436/4493
f 1167/1421/4494 1161/1415/4495 1186/1438/4496 1188/1440/4497
f 1163/1417/4498 1169/1423/4499 1189/1441/4500 1187/1439/4501
f 1173/1425/4502 1167/1421/4503 1188/1440/4504 1190/1442/4505
f 1169/1423/4506 1175/1428/4507 1191/1443/4508 1189/1441/4509
f 1177/1429/4510 1173/1425/4511 1190/1442/4512 1192/1444/4513
f 1175/1428/4514 1178/1430/4515 1193/1445/4516 1191/1443/4517
f 1180/1446/4518 1179/1447/4519 1216/1448/4520 1217/1449/4521
f 1181/1450/4522 1180/1446/4523 1217/1449/4524 1218/1451/4525
f 1215/1452/4526 1216/1448/4527 1179/1447/4528 1182/1453/4529
f 1181/1450/4530 1218/1451/4531 1219/1454/4532 1183/1455/4533
f 1214/1456/4534 1215/1452/4535 1182/1453/4536 1184/1457/4537
f 1183/1455/4538 1219/1454/4539 1220/1458/4540 1185/1459/4541
f 1213/1460/4542 1214/1456/4543 1184/1457/4544 1187/1461/4545
f 1185/1459/4546 1220/1458/4547 1221/1462/4548 1186/1463/4549
f 1212/1464/4550 1213/1460/4551 1187/1461/4552 1189/1465/4553
f 1186/1463/4554 1221/1462/4555 1222/1466/4556 1188/1467/4557
f 1211/1468/4558 1212/1464/4559 1189/1465/4560 1191/1469/4561
f 1188/1467/4562 1222/1466/4563 1223/1470/4564 1190/1471/4565
s 1
f 1139/1393/4387 1138/1392/4386 1195/1472/4566 1194/1473/4567
s off
f 1138/1392/4568 1143/1397/4569 1196/1474/4570 1195/1472/4571
f 1144/1399/4572 1139/1393/4573 1194/1473/4574 1197/1475/4575
f 1143/1397/4576 1147/1401/4577 1198/1476/4578 1196/1474/4579
f 1148/1403/4580 1144/1399/4581 1197/1475/4582 1199/1477/4583
f 1147/1401/4584 1151/1405/4585 1200/1478/4586 1198/1476/4587
f 1159/1413/4588 1148/1403/4589 1199/1477/4590 1201/1479/4591
f 1151/1405/4592 1164/1418/4593 1202/1480/4594 1200/1478/4595
f 1165/1419/4596 1159/1413/4597 1201/1479/4598 1203/1481/4599
f 1164/1418/4600 1170/1424/4601 1204/1482/4602 1202/1480/4603
f 1192/1483/4604 1190/1471/4605 1223/1470/4606
f 1191/1469/4607 1193/1484/4608 1211/1468/4609
f 1203/1481/4610 1205/1485/4611 1207/1486/4612 1165/1419/4613
f 1206/1487/4614 1204/1482/4615 1170/1424/4616 1208/1488/4617
f 1165/1419/4618 1207/1486/4619 1172/1427/4620 1166/1420/4621
f 1208/1488/4622 1170/1424/4623 1168/1422/4624 1174/1426/4625
f 1174/1426/4626 1177/1429/4627 1209/1489/4628 1208/1488/4629
f 1178/1430/4630 1172/1427/4631 1207/1486/4632 1210/1490/4633
f 1208/1488/4634 1209/1489/4635 1176/1491/4636 1206/1487/4637
f 1210/1490/4638 1207/1486/4639 1205/1485/4640 1171/1492/4641
f 1211/1468/4642 1193/1484/4643 1171/1493/4644 1205/1494/4645
f 1203/1495/4646 1212/1464/4647 1211/1468/4648 1205/1494/4649
f 1201/1496/4650 1213/1460/4651 1212/1464/4652 1203/1495/4653
f 1199/1497/4654 1214/1456/4655 1213/1460/4656 1201/1496/4657
f 1197/1498/4658 1215/1452/4659 1214/1456/4660 1199/1497/4661
f 1194/1499/4662 1216/1448/4663 1215/1452/4664 1197/1498/4665
f 1217/1449/4666 1216/1448/4667 1194/1499/4668 1195/1500/4669
f 1218/1451/4670 1217/1449/4671 1195/1500/4672 1196/1501/4673
f 1219/1454/4674 1218/1451/4675 1196/1501/4676 1198/1502/4677
f 1220/1458/4678 1219/1454/4679 1198/1502/4680 1200/1503/4681
f 1221/1462/4682 1220/1458/4683 1200/1503/4684 1202/1504/4685
f 1222/1466/4686 1221/1462/4687 1202/1504/4688 1204/1505/4689
f 1223/1470/4690 1222/1466/4691 1204/1505/4692 1206/1506/4693
f 1192/1483/4694 1223/1470/4695 1206/1506/4696 1176/1507/4697
f 1171/1492/4698 1193/1445/4699 1178/1430/4700 1210/1490/4701
f 1192/1444/4702 1176/1491/4703 1209/1489/4704 1177/1429/4705
g default
v 0.066357 1.312792 0.433441
v 0.064728 1.355867 0.398493
v -0.000396 1.354955 0.407942
v -0.000396 1.315932 0.447123
v 0.113552 1.303342 0.411295
v 0.124179 1.346888 0.376542
v 0.141990 1.295056 0.405157
v 0.180536 1.316820 0.375868
v 0.113970 1.246788 0.423819
v 0.151263 1.200286 0.427027
v 0.066325 1.252967 0.446640
v 0.081628 1.203434 0.472198
v -0.000396 1.254198 0.455885
v -0.000396 1.203323 0.493381
v 0.144224 1.254195 0.411269
v 0.195791 1.252707 0.415232
v 0.304798 1.415601 0.196898
v 0.340513 1.360246 0.218443
v 0.371003 1.407844 0.050981
v 0.402108 1.350420 0.066134
v 0.197455 1.415656 0.300712
v 0.253710 1.343582 0.323140
v 0.275692 1.236157 0.360628
v 0.372798 1.206066 0.273324
v 0.430547 1.200657 0.155141
v 0.352958 1.136790 0.308075
v 0.423657 1.090275 0.198655
v 0.321090 1.055678 0.326269
v 0.397588 0.998496 0.223405
v 0.265195 1.175212 0.403260
v 0.244070 1.113377 0.429351
v 0.289397 0.860301 0.283921
v 0.093740 1.021441 0.501599
v -0.000396 1.030643 0.524046
v 0.131527 1.017505 0.457057
v 0.060326 0.874094 0.495274
v -0.000396 0.863945 0.512602
v 0.039237 0.791795 0.481469
v -0.000396 0.783826 0.491498
v 0.083762 0.890171 0.447342
v 0.054087 0.810877 0.440982
v 0.213341 1.021171 0.449114
v -0.000396 1.137466 0.511637
v 0.093799 1.132700 0.493580
v 0.144290 1.121518 0.452817
v 0.273182 0.962898 0.323279
v 0.219958 0.900126 0.387681
v 0.185659 0.926361 0.449727
v 0.127217 0.931347 0.442178
v -0.000396 1.287529 0.458774
v 0.065858 1.283662 0.445959
v 0.116079 1.276543 0.418419
v 0.151762 1.274091 0.408355
v 0.200413 1.287969 0.387691
v 0.272841 1.292544 0.331885
v 0.365803 1.293729 0.237846
v 0.419401 1.296232 0.102030
v 0.356296 1.392477 0.019413
v 0.389666 1.329809 0.031640
v 0.394445 1.257164 0.051852
v 0.394840 1.161269 0.091239
v 0.359031 1.064389 0.131976
v 0.334706 0.997649 0.171179
v 0.275611 0.867952 0.272767
v 0.354843 0.929571 0.256403
v 0.273614 0.872110 0.305338
v 0.140637 0.818727 0.438505
v 0.143534 0.811759 0.424629
v 0.302557 0.919302 0.223009
v 0.020742 0.741068 0.471234
v -0.000396 0.727536 0.474953
v 0.018747 0.743577 0.453351
v -0.000396 0.732571 0.456048
v -0.000396 0.808961 0.434121
v 0.107430 0.915311 0.400340
v 0.110559 0.974690 0.336222
v 0.052969 0.948341 0.354259
v -0.000396 0.938483 0.358537
v 0.061378 1.105724 0.241647
v -0.000396 1.105856 0.245437
v 0.125790 1.107346 0.227859
v 0.116071 1.407231 0.284017
v 0.066817 1.433098 0.339483
v -0.000396 1.441813 0.344118
v 0.124917 1.419562 0.324637
v 0.199907 1.400119 0.257414
v 0.291103 1.403259 0.164651
v 0.283520 1.333468 0.113076
v 0.201285 1.343667 0.207824
v -0.000396 1.356298 0.261053
v 0.062341 1.355083 0.257217
v 0.122156 1.349518 0.243094
v 0.277195 1.258561 0.103797
v 0.127684 1.270814 0.222952
v -0.000396 1.278353 0.245336
v 0.062620 1.274064 0.241155
v 0.195266 1.269130 0.176286
v 0.276321 1.174899 0.115659
v 0.198324 1.185033 0.174477
v -0.000396 1.195554 0.237222
v 0.062919 1.192504 0.234021
v 0.129728 1.189234 0.217263
v 0.193527 1.104856 0.195656
v 0.270810 1.094005 0.151258
v 0.268557 1.035340 0.198194
v 0.182740 1.033066 0.236092
v -0.000396 1.010393 0.268564
v 0.058318 1.012360 0.267748
v 0.118792 1.024804 0.259125
v 0.254071 0.959280 0.302035
v 0.173594 0.982169 0.309816
v 0.155703 0.913739 0.372793
v 0.127580 0.815794 0.415471
v 0.122667 0.823736 0.429693
v 0.266087 0.877509 0.287618
v -0.000396 0.944429 0.520088
v 0.076420 0.939232 0.501616
v 0.101809 0.936038 0.451847
v -0.067150 1.312792 0.433441
v -0.065520 1.355867 0.398493
v -0.114344 1.303342 0.411295
v -0.124971 1.346888 0.376542
v -0.142783 1.295056 0.405157
v -0.181329 1.316820 0.375868
v -0.114762 1.246788 0.423819
v -0.152056 1.200286 0.427027
v -0.067118 1.252967 0.446640
v -0.082420 1.203434 0.472198
v -0.145016 1.254195 0.411269
v -0.196583 1.252707 0.415232
v -0.305590 1.415601 0.196898
v -0.341305 1.360246 0.218443
v -0.371795 1.407844 0.050981
v -0.402901 1.350420 0.066134
v -0.198247 1.415656 0.300712
v -0.254502 1.343582 0.323140
v -0.276484 1.236157 0.360628
v -0.373590 1.206066 0.273324
v -0.431339 1.200657 0.155141
v -0.353750 1.136790 0.308075
v -0.424450 1.090275 0.198655
v -0.321882 1.055678 0.326269
v -0.398381 0.998496 0.223405
v -0.265987 1.175212 0.403260
v -0.244862 1.113377 0.429351
v -0.290189 0.860301 0.283921
v -0.094532 1.021441 0.501599
v -0.132319 1.017505 0.457057
v -0.061118 0.874094 0.495274
v -0.040030 0.791795 0.481469
v -0.084555 0.890171 0.447342
v -0.054879 0.810877 0.440982
v -0.214133 1.021171 0.449114
v -0.094592 1.132700 0.493580
v -0.145082 1.121518 0.452817
v -0.273974 0.962898 0.323279
v -0.220750 0.900126 0.387681
v -0.186451 0.926361 0.449727
v -0.128010 0.931347 0.442178
v -0.066650 1.283662 0.445959
v -0.116871 1.276543 0.418419
v -0.152554 1.274091 0.408355
v -0.201205 1.287969 0.387691
v -0.273633 1.292544 0.331885
v -0.366596 1.293729 0.237846
v -0.420193 1.296232 0.102030
v -0.357089 1.392477 0.019413
v -0.390458 1.329809 0.031640
v -0.395238 1.257164 0.051852
v -0.395632 1.161269 0.091239
v -0.359824 1.064389 0.131976
v -0.335498 0.997649 0.171179
v -0.276404 0.867952 0.272767
v -0.355635 0.929571 0.256403
v -0.274407 0.872110 0.305338
v -0.141429 0.818727 0.438505
v -0.144326 0.811759 0.424629
v -0.303350 0.919302 0.223009
v -0.021534 0.741068 0.471234
v -0.019540 0.743577 0.453351
v -0.108222 0.915311 0.400340
v -0.111352 0.974690 0.336222
v -0.053761 0.948341 0.354259
v -0.062170 1.105724 0.241647
v -0.126582 1.107346 0.227859
v -0.116863 1.407231 0.284017
v -0.067610 1.433098 0.339483
v -0.125709 1.419562 0.324637
v -0.200699 1.400119 0.257414
v -0.291896 1.403259 0.164651
v -0.284313 1.333468 0.113076
v -0.202077 1.343667 0.207824
v -0.063134 1.355083 0.257217
v -0.122949 1.349518 0.243094
v -0.277988 1.258561 0.103797
v -0.128476 1.270814 0.222952
v -0.063412 1.274064 0.241155
v -0.196058 1.269130 0.176286
v -0.277113 1.174899 0.115659
v -0.199117 1.185033 0.174477
v -0.063711 1.192504 0.234021
v -0.130521 1.189234 0.217263
v -0.194320 1.104856 0.195656
v -0.271602 1.094005 0.151258
v -0.269350 1.035340 0.198194
v -0.183532 1.033066 0.236092
v -0.059111 1.012360 0.267748
v -0.119584 1.024804 0.259125
v -0.254863 0.959280 0.302035
v -0.174386 0.982169 0.309816
v -0.156495 0.913739 0.372793
v -0.128372 0.815794 0.415471
v -0.123459 0.823736 0.429693
v -0.266879 0.877509 0.287618
v -0.077213 0.939232 0.501616
v -0.102601 0.936038 0.451847
v -0.000396 1.426837 0.307334
v 0.062788 1.416582 0.298870
v -0.063580 1.416582 0.298870
v -0.000396 0.743727 0.453258
vt 0.155349 0.706998
vt 0.155274 0.717247
vt 0.143664 0.716112
vt 0.143779 0.706143
vt 0.164499 0.707548
vt 0.166393 0.718283
vt 0.169715 0.706850
vt 0.176707 0.713438
vt 0.171888 0.703003
vt 0.180477 0.707685
vt 0.173410 0.688199
vt 0.165721 0.696437
vt 0.156291 0.695503
vt 0.159098 0.685048
vt 0.143910 0.694665
vt 0.144037 0.683442
vt 0.143841 0.700705
vt 0.155474 0.701109
vt 0.165399 0.702241
vt 0.179773 0.699402
vt 0.171012 0.698963
vt 0.190370 0.722958
vt 0.211147 0.735794
vt 0.204915 0.747045
vt 0.179881 0.736986
vt 0.237257 0.750658
vt 0.230078 0.760196
vt 0.195321 0.713974
vt 0.216891 0.723690
vt 0.239420 0.738548
vt 0.241536 0.718292
vt 0.219912 0.706623
vt 0.218650 0.691527
vt 0.243379 0.696846
vt 0.219223 0.673989
vt 0.245054 0.679947
vt 0.196570 0.702173
vt 0.194727 0.688185
vt 0.192839 0.675320
vt 0.144174 0.671213
vt 0.161869 0.671535
vt 0.174110 0.672079
vt 0.163971 0.651089
vt 0.144387 0.651898
vt 0.144545 0.637092
vt 0.161328 0.636009
vt 0.157494 0.624286
vt 0.144690 0.623175
vt 0.144834 0.608780
vt 0.152636 0.609274
vt 0.175600 0.651513
vt 0.173473 0.633579
vt 0.168441 0.624123
vt 0.161301 0.608930
vt 0.191658 0.656899
vt 0.223641 0.653385
vt 0.191700 0.639133
vt 0.207049 0.638385
vt 0.180059 0.633950
vt 0.244238 0.754162
vt 0.233526 0.766713
vt 0.252044 0.739885
vt 0.256898 0.718787
vt 0.261195 0.696401
vt 0.260084 0.679823
vt 0.243720 0.665047
vt 0.254850 0.660411
vt 0.245379 0.649846
vt 0.241092 0.648636
vt 0.196706 0.619802
vt 0.199216 0.618442
vt 0.247501 0.648303
vt 0.144929 0.599195
vt 0.148507 0.600278
vt 0.150479 0.597697
vt 0.144960 0.595956
vt 0.178787 0.624308
vt 0.349150 0.637308
vt 0.359061 0.617659
vt 0.358966 0.648083
vt 0.348081 0.653284
vt 0.368917 0.618011
vt 0.368647 0.646419
vt 0.368437 0.668563
vt 0.357192 0.668680
vt 0.345306 0.670732
vt 0.356039 0.687367
vt 0.368257 0.687483
vt 0.368092 0.704863
vt 0.355648 0.704291
vt 0.343088 0.687828
vt 0.342199 0.703928
vt 0.155329 0.735384
vt 0.143437 0.735619
vt 0.166283 0.735538
vt 0.182902 0.745111
vt 0.166483 0.743892
vt 0.205856 0.754019
vt 0.283149 0.743000
vt 0.280575 0.730402
vt 0.305800 0.732079
vt 0.311421 0.746803
vt 0.329176 0.734706
vt 0.333524 0.747670
vt 0.345124 0.734974
vt 0.348023 0.747783
vt 0.282698 0.717270
vt 0.306596 0.718154
vt 0.355863 0.720086
vt 0.367940 0.720848
vt 0.367797 0.735969
vt 0.356368 0.735783
vt 0.342886 0.719729
vt 0.327161 0.719747
vt 0.285747 0.699378
vt 0.308047 0.703013
vt 0.326590 0.703843
vt 0.328467 0.688186
vt 0.311343 0.687569
vt 0.294508 0.682204
vt 0.299362 0.669715
vt 0.314234 0.674397
vt 0.332237 0.673031
vt 0.303963 0.653639
vt 0.321779 0.652744
vt 0.336358 0.656711
vt 0.339658 0.639468
vt 0.328072 0.635486
vt 0.344076 0.619234
vt 0.347193 0.619512
vt 0.340917 0.617905
vt 0.226534 0.648232
vt 0.242553 0.645722
vt 0.308339 0.640484
vt 0.312028 0.640540
vt 0.194266 0.617604
vt 0.197081 0.615610
vt 0.132192 0.706737
vt 0.132031 0.716985
vt 0.120890 0.717770
vt 0.123031 0.707081
vt 0.110689 0.712695
vt 0.117831 0.706267
vt 0.107052 0.706860
vt 0.115747 0.702373
vt 0.114561 0.687543
vt 0.128942 0.684712
vt 0.131512 0.695226
vt 0.122062 0.695948
vt 0.132201 0.700848
vt 0.122252 0.701757
vt 0.107944 0.698596
vt 0.116715 0.698355
vt 0.096810 0.721903
vt 0.106972 0.736162
vt 0.081713 0.745655
vt 0.075742 0.734266
vt 0.056255 0.758229
vt 0.049298 0.748531
vt 0.092066 0.712812
vt 0.047413 0.736376
vt 0.070277 0.722036
vt 0.045761 0.716082
vt 0.044406 0.694605
vt 0.069251 0.689850
vt 0.067646 0.704908
vt 0.043115 0.677678
vt 0.069075 0.672309
vt 0.093247 0.687051
vt 0.091087 0.700988
vt 0.095424 0.674236
vt 0.126474 0.671144
vt 0.114224 0.671417
vt 0.124824 0.650661
vt 0.127790 0.635648
vt 0.131866 0.624014
vt 0.137025 0.609114
vt 0.113187 0.650830
vt 0.115700 0.632955
vt 0.120926 0.623616
vt 0.128368 0.608591
vt 0.097014 0.655855
vt 0.065119 0.651617
vt 0.082035 0.637009
vt 0.097361 0.638101
vt 0.109109 0.633181
vt 0.052659 0.764666
vt 0.042238 0.751873
vt 0.034762 0.737425
vt 0.030391 0.716227
vt 0.026605 0.693755
vt 0.028091 0.677211
vt 0.033762 0.657928
vt 0.044784 0.662816
vt 0.043468 0.647584
vt 0.047781 0.646472
vt 0.090296 0.617259
vt 0.092774 0.618674
vt 0.041381 0.645993
vt 0.141330 0.600206
vt 0.139409 0.597587
vt 0.110581 0.623575
vt 0.388313 0.637680
vt 0.389079 0.653673
vt 0.378294 0.648267
vt 0.378777 0.617847
vt 0.379677 0.668893
vt 0.391523 0.671171
vt 0.380475 0.687599
vt 0.380545 0.704528
vt 0.393415 0.688306
vt 0.393998 0.704419
vt 0.131554 0.735115
vt 0.120599 0.735021
vt 0.120202 0.743368
vt 0.103763 0.744218
vt 0.080612 0.752605
vt 0.452296 0.744606
vt 0.423957 0.747871
vt 0.429856 0.733257
vt 0.455108 0.732059
vt 0.401841 0.748319
vt 0.406435 0.735440
vt 0.387343 0.748156
vt 0.390484 0.735405
vt 0.429325 0.719319
vt 0.453235 0.718889
vt 0.380030 0.720315
vt 0.379227 0.736000
vt 0.393011 0.720205
vt 0.408734 0.720522
vt 0.428162 0.704153
vt 0.450527 0.700942
vt 0.409607 0.704631
vt 0.408027 0.688942
vt 0.425159 0.688650
vt 0.442093 0.683605
vt 0.422519 0.675425
vt 0.437477 0.671027
vt 0.404545 0.673718
vt 0.415386 0.653633
vt 0.433182 0.654866
vt 0.400735 0.657322
vt 0.397763 0.640019
vt 0.409423 0.636258
vt 0.390607 0.619924
vt 0.393730 0.619706
vt 0.396913 0.618436
vt 0.062342 0.646400
vt 0.046387 0.643525
vt 0.425367 0.641616
vt 0.429057 0.641630
vt 0.095262 0.616532
vt 0.092494 0.614474
vt 0.367645 0.751934
vt 0.357008 0.749670
vt 0.378323 0.749873
vt 0.155993 0.743457
vt 0.143349 0.743036
vt 0.130699 0.743171
vt 0.365512 0.605196
vt 0.369038 0.605266
vt 0.372564 0.605263
vt 0.369058 0.603121
vn 0.283621 0.531411 0.798224
vn 0.269042 0.614787 0.741386
vn -0.000000 0.671710 0.740814
vn -0.000000 0.569667 0.821875
vn 0.384881 0.478846 0.789033
vn 0.339771 0.544906 0.766572
vn 0.339771 0.544906 0.766572
vn 0.384881 0.478846 0.789033
vn 0.303332 0.466349 0.830968
vn 0.362499 0.505163 0.783202
vn 0.362499 0.505163 0.783202
vn 0.303332 0.466349 0.830968
vn 0.215739 0.390832 0.894822
vn 0.471487 0.437172 0.765886
vn 0.372280 0.296368 0.879530
vn 0.395151 0.352808 0.848164
vn 0.305004 0.375199 0.875327
vn 0.365135 0.377040 0.851186
vn 0.365135 0.377040 0.851186
vn 0.305004 0.375199 0.875327
vn 0.000000 0.380712 0.924694
vn 0.000000 0.397341 0.917671
vn 0.000000 0.385780 0.922591
vn 0.317125 0.352165 0.880574
vn 0.407510 0.296065 0.863876
vn 0.391395 0.312293 0.865611
vn 0.127275 0.290454 0.948387
vn 0.395151 0.352808 0.848164
vn 0.372280 0.296368 0.879530
vn 0.215739 0.390832 0.894822
vn 0.303332 0.466349 0.830968
vn 0.531864 0.518826 0.669283
vn 0.723006 0.518862 0.456119
vn 0.496806 0.808637 0.315105
vn 0.349059 0.801083 0.486234
vn 0.496806 0.808637 0.315105
vn 0.723006 0.518862 0.456119
vn 0.890926 0.439089 0.115981
vn 0.546396 0.836979 0.030282
vn 0.362499 0.505163 0.783202
vn 0.531864 0.518826 0.669283
vn 0.349059 0.801083 0.486234
vn 0.339771 0.544906 0.766572
vn 0.531864 0.518826 0.669283
vn 0.362499 0.505163 0.783202
vn 0.471487 0.437172 0.765886
vn 0.631421 0.384062 0.673649
vn 0.890926 0.439089 0.115981
vn 0.723006 0.518862 0.456119
vn 0.800127 0.355537 0.483104
vn 0.963594 0.241226 0.115307
vn 0.993974 0.028230 0.105918
vn 0.819097 0.210061 0.533811
vn 0.796407 0.024310 0.604272
vn 0.967996 -0.199563 0.152177
vn 0.967996 -0.199563 0.152177
vn 0.796407 0.024310 0.604272
vn 0.746306 -0.179744 0.640874
vn 0.889672 -0.396535 0.226370
vn 0.531864 0.518826 0.669283
vn 0.631421 0.384062 0.673649
vn 0.800127 0.355537 0.483104
vn 0.723006 0.518862 0.456119
vn 0.796407 0.024310 0.604272
vn 0.819097 0.210061 0.533811
vn 0.637202 0.293681 0.712548
vn 0.593498 0.139573 0.792641
vn 0.593498 0.139573 0.792641
vn 0.637202 0.293681 0.712548
vn 0.391395 0.312293 0.865611
vn 0.372280 0.296368 0.879530
vn 0.746306 -0.179744 0.640874
vn 0.796407 0.024310 0.604272
vn 0.593498 0.139573 0.792641
vn 0.572484 -0.025462 0.819520
vn 0.365135 0.377040 0.851186
vn 0.000000 0.397341 0.917671
vn 0.000000 0.171950 0.985106
vn 0.410325 0.153813 0.898874
vn 0.372280 0.296368 0.879530
vn 0.365135 0.377040 0.851186
vn 0.410325 0.153813 0.898874
vn 0.409088 0.160880 0.898201
vn 0.458061 -0.024042 0.888596
vn 0.000000 0.038868 0.999244
vn 0.000000 -0.076663 0.997057
vn 0.498664 -0.159877 0.851923
vn 0.602286 -0.253510 0.756957
vn 0.000000 -0.184274 0.982875
vn 0.000000 -0.262784 0.964855
vn 0.662726 -0.340642 0.666901
vn 0.403129 -0.041514 0.914201
vn 0.458061 -0.024042 0.888596
vn 0.498664 -0.159877 0.851923
vn 0.777988 -0.338036 0.529590
vn 0.875055 -0.362964 0.320213
vn 0.602286 -0.253510 0.756957
vn 0.662726 -0.340642 0.666901
vn 0.911696 -0.337921 0.233708
vn 0.593498 0.139573 0.792641
vn 0.372280 0.296368 0.879530
vn 0.409088 0.160880 0.898201
vn 0.572484 -0.025462 0.819520
vn 0.410325 0.153813 0.898874
vn 0.000000 0.171950 0.985106
vn 0.000000 0.038868 0.999244
vn 0.458061 -0.024042 0.888596
vn 0.409088 0.160880 0.898201
vn 0.410325 0.153813 0.898874
vn 0.458061 -0.024042 0.888596
vn 0.403129 -0.041514 0.914201
vn 0.572484 -0.025462 0.819520
vn 0.409088 0.160880 0.898201
vn 0.403129 -0.041514 0.914201
vn 0.568807 -0.149158 0.808833
vn 0.746306 -0.179744 0.640874
vn 0.572484 -0.025462 0.819520
vn 0.568807 -0.149158 0.808833
vn 0.704049 -0.279348 0.652901
vn 0.704049 -0.279348 0.652901
vn 0.568807 -0.149158 0.808833
vn 0.536367 -0.218020 0.815339
vn 0.816314 -0.266035 0.512695
vn 0.568807 -0.149158 0.808833
vn 0.403129 -0.041514 0.914201
vn -0.076527 -0.157369 0.984570
vn 0.536367 -0.218020 0.815339
vn 0.289390 0.011728 0.957139
vn 0.000000 -0.033264 0.999447
vn 0.000000 0.380712 0.924694
vn 0.305004 0.375199 0.875327
vn 0.414195 0.083482 0.906352
vn 0.289390 0.011728 0.957139
vn 0.305004 0.375199 0.875327
vn 0.395151 0.352808 0.848164
vn 0.127275 0.290454 0.948387
vn 0.215739 0.390832 0.894822
vn 0.414195 0.083482 0.906352
vn 0.395151 0.352808 0.848164
vn 0.471487 0.437172 0.765886
vn 0.215739 0.390832 0.894822
vn 0.127275 0.290454 0.948387
vn 0.391395 0.312293 0.865611
vn 0.631421 0.384062 0.673649
vn 0.471487 0.437172 0.765886
vn 0.391395 0.312293 0.865611
vn 0.637202 0.293681 0.712548
vn 0.800127 0.355537 0.483104
vn 0.631421 0.384062 0.673649
vn 0.637202 0.293681 0.712548
vn 0.819097 0.210061 0.533811
vn 0.963594 0.241226 0.115307
vn 0.800127 0.355537 0.483104
vn 0.819097 0.210061 0.533811
vn 0.993974 0.028230 0.105918
vn 0.546396 0.836979 0.030282
vn 0.890926 0.439089 0.115981
vn 0.890999 0.107061 -0.441201
vn 0.318488 0.806930 -0.497422
vn 0.890999 0.107061 -0.441201
vn 0.890926 0.439089 0.115981
vn 0.963594 0.241226 0.115307
vn 0.913490 -0.105198 -0.393025
vn 0.913490 -0.105198 -0.393025
vn 0.963594 0.241226 0.115307
vn 0.993974 0.028230 0.105918
vn 0.859981 -0.270968 -0.432445
vn 0.859981 -0.270968 -0.432445
vn 0.993974 0.028230 0.105918
vn 0.967996 -0.199563 0.152177
vn 0.745532 -0.404191 -0.529916
vn 0.745532 -0.404191 -0.529916
vn 0.967996 -0.199563 0.152177
vn 0.889672 -0.396535 0.226370
vn 0.596450 -0.523653 -0.608305
vn 0.596450 -0.523653 -0.608305
vn 0.889672 -0.396535 0.226370
vn 0.793730 -0.496351 0.351608
vn 0.478842 -0.641334 -0.599500
vn 0.746306 -0.179744 0.640874
vn 0.704049 -0.279348 0.652901
vn 0.793730 -0.496351 0.351608
vn 0.889672 -0.396535 0.226370
vn 0.710320 -0.535114 0.457273
vn 0.793730 -0.496351 0.351608
vn 0.704049 -0.279348 0.652901
vn 0.377874 -0.268579 0.886046
vn 0.536367 -0.218020 0.815339
vn 0.396759 -0.324867 0.858513
vn 0.708865 -0.440744 0.550687
vn 0.816314 -0.266035 0.512695
vn 0.337593 -0.761662 -0.553085
vn 0.478842 -0.641334 -0.599500
vn 0.793730 -0.496351 0.351608
vn 0.710320 -0.535114 0.457273
vn 0.662726 -0.340642 0.666901
vn 0.000000 -0.262784 0.964855
vn 0.000000 -0.541555 0.840665
vn 0.680171 -0.469128 0.563282
vn 0.662726 -0.340642 0.666901
vn 0.680171 -0.469128 0.563282
vn 0.866725 -0.498730 0.007519
vn 0.911696 -0.337921 0.233708
vn 0.680171 -0.469128 0.563282
vn 0.000000 -0.541555 0.840665
vn 0.000000 -0.973245 -0.229769
vn 0.866725 -0.498730 0.007519
vn 0.875055 -0.362964 0.320213
vn 0.911696 -0.337921 0.233708
vn -0.239605 -0.556500 0.795549
vn 0.001091 -0.583281 -0.812270
vn 0.119198 -0.497047 -0.859498
vn 0.154601 -0.664562 -0.731065
vn 0.004190 -0.748241 -0.663413
vn 0.119198 -0.497047 -0.859498
vn 0.000000 -0.463154 -0.886278
vn 0.000000 -0.630098 -0.776516
vn 0.154601 -0.664562 -0.731065
vn 0.154601 -0.664562 -0.731065
vn 0.000000 -0.630098 -0.776516
vn 0.000000 -0.566707 -0.823920
vn 0.020154 -0.595345 -0.803218
vn 0.004190 -0.748241 -0.663413
vn 0.154601 -0.664562 -0.731065
vn 0.020154 -0.595345 -0.803218
vn -0.124872 -0.610153 -0.782381
vn -0.113798 -0.189426 -0.975278
vn 0.000000 -0.173717 -0.984796
vn 0.000000 0.001685 -0.999999
vn -0.152258 -0.007679 -0.988311
vn -0.310688 -0.228910 -0.922536
vn -0.113798 -0.189426 -0.975278
vn -0.152258 -0.007679 -0.988311
vn -0.400870 -0.039751 -0.915272
vn 0.000000 0.626909 0.779092
vn 0.234616 0.593217 0.770097
vn 0.222586 0.579872 0.783712
vn 0.000000 0.598287 0.801282
vn 0.234616 0.593217 0.770097
vn 0.339771 0.544906 0.766572
vn 0.257294 0.865739 0.429297
vn 0.222586 0.579872 0.783712
vn 0.339771 0.544906 0.766572
vn 0.349059 0.801083 0.486234
vn 0.257294 0.865739 0.429297
vn 0.257294 0.865739 0.429297
vn 0.349059 0.801083 0.486234
vn -0.229183 0.926425 -0.298683
vn 0.017075 0.945033 -0.326530
vn -0.229183 0.926425 -0.298683
vn 0.349059 0.801083 0.486234
vn 0.496806 0.808637 0.315105
vn -0.347784 0.904079 -0.248371
vn -0.347784 0.904079 -0.248371
vn 0.496806 0.808637 0.315105
vn 0.546396 0.836979 0.030282
vn 0.318488 0.806930 -0.497422
vn -0.796765 0.024252 -0.603802
vn -0.653723 -0.021210 -0.756437
vn -0.683485 0.151287 -0.714115
vn -0.702850 0.354614 -0.616644
vn -0.702850 0.354614 -0.616644
vn -0.683485 0.151287 -0.714115
vn -0.554380 0.421601 -0.717576
vn -0.433211 0.565241 -0.702019
vn -0.433211 0.565241 -0.702019
vn -0.554380 0.421601 -0.717576
vn -0.285174 0.417600 -0.862720
vn -0.188605 0.576792 -0.794820
vn -0.653723 -0.021210 -0.756437
vn -0.413658 -0.164106 -0.895520
vn -0.530283 -0.056620 -0.845928
vn -0.683485 0.151287 -0.714115
vn -0.150929 0.141924 -0.978304
vn 0.000000 0.146258 -0.989247
vn 0.000000 0.385268 -0.922805
vn -0.113531 0.382552 -0.916932
vn -0.395180 0.153022 -0.905769
vn -0.150929 0.141924 -0.978304
vn -0.113531 0.382552 -0.916932
vn -0.285174 0.417600 -0.862720
vn -0.285174 0.417600 -0.862720
vn -0.554380 0.421601 -0.717576
vn -0.606178 0.129280 -0.784752
vn -0.395180 0.153022 -0.905769
vn -0.606178 0.129280 -0.784752
vn -0.554380 0.421601 -0.717576
vn -0.683485 0.151287 -0.714115
vn -0.530283 -0.056620 -0.845928
vn -0.413658 -0.164106 -0.895520
vn -0.290402 -0.290077 -0.911878
vn -0.423759 -0.235001 -0.874759
vn -0.530283 -0.056620 -0.845928
vn -0.530283 -0.056620 -0.845928
vn -0.423759 -0.235001 -0.874759
vn -0.570942 -0.109658 -0.813634
vn -0.606178 0.129280 -0.784752
vn -0.152258 -0.007679 -0.988311
vn 0.000000 0.001685 -0.999999
vn 0.000000 0.146258 -0.989247
vn -0.150929 0.141924 -0.978304
vn -0.400870 -0.039751 -0.915272
vn -0.152258 -0.007679 -0.988311
vn -0.150929 0.141924 -0.978304
vn -0.395180 0.153022 -0.905769
vn -0.606178 0.129280 -0.784752
vn -0.570942 -0.109658 -0.813634
vn -0.400870 -0.039751 -0.915272
vn -0.395180 0.153022 -0.905769
vn -0.310688 -0.228910 -0.922536
vn -0.400870 -0.039751 -0.915272
vn -0.570942 -0.109658 -0.813634
vn -0.466809 -0.310764 -0.827958
vn -0.466809 -0.310764 -0.827958
vn -0.570942 -0.109658 -0.813634
vn -0.423759 -0.235001 -0.874759
vn -0.406833 -0.360578 -0.839328
vn -0.406833 -0.360578 -0.839328
vn -0.423759 -0.235001 -0.874759
vn -0.290402 -0.290077 -0.911878
vn -0.323053 -0.373614 -0.869511
vn -0.323053 -0.373614 -0.869511
vn -0.626164 -0.394872 -0.672306
vn -0.508947 -0.505583 -0.696677
vn -0.406833 -0.360578 -0.839328
vn -0.406833 -0.360578 -0.839328
vn -0.508947 -0.505583 -0.696677
vn -0.299406 -0.636346 -0.710929
vn -0.466809 -0.310764 -0.827958
vn 0.020154 -0.595345 -0.803218
vn 0.000000 -0.566707 -0.823920
vn 0.000000 -0.173717 -0.984796
vn -0.113798 -0.189426 -0.975278
vn -0.124872 -0.610153 -0.782381
vn 0.020154 -0.595345 -0.803218
vn -0.113798 -0.189426 -0.975278
vn -0.310688 -0.228910 -0.922536
vn -0.466809 -0.310764 -0.827958
vn -0.299406 -0.636346 -0.710929
vn -0.124872 -0.610153 -0.782381
vn -0.310688 -0.228910 -0.922536
vn -0.626164 -0.394872 -0.672306
vn -0.782412 -0.278358 -0.557089
vn -0.454498 -0.616931 -0.642516
vn -0.508947 -0.505583 -0.696677
vn -0.508947 -0.505583 -0.696677
vn -0.454498 -0.616931 -0.642516
vn -0.196044 -0.758947 -0.620940
vn -0.299406 -0.636346 -0.710929
vn -0.299406 -0.636346 -0.710929
vn -0.196044 -0.758947 -0.620940
vn 0.004190 -0.748241 -0.663413
vn -0.124872 -0.610153 -0.782381
vn 0.004190 -0.748241 -0.663413
vn -0.196044 -0.758947 -0.620940
vn -0.193368 -0.614068 -0.765199
vn 0.001091 -0.583281 -0.812270
vn -0.193368 -0.614068 -0.765199
vn -0.196044 -0.758947 -0.620940
vn -0.454498 -0.616931 -0.642516
vn -0.051325 -0.654518 -0.754303
vn 0.001091 -0.583281 -0.812270
vn -0.193368 -0.614068 -0.765199
vn -0.160368 -0.410291 -0.897744
vn -0.625786 -0.239572 -0.742292
vn -0.193368 -0.614068 -0.765199
vn -0.051325 -0.654518 -0.754303
vn 0.159726 -0.462375 -0.872179
vn -0.160368 -0.410291 -0.897744
vn 0.816314 -0.266035 0.512695
vn -0.617250 -0.661199 0.426403
vn 0.704049 -0.279348 0.652901
vn 0.337593 -0.761662 -0.553085
vn 0.710320 -0.535114 0.457273
vn 0.377874 -0.268579 0.886046
vn -0.819140 -0.309137 0.483160
vn -0.819140 -0.309137 0.483160
vn 0.377874 -0.268579 0.886046
vn 0.704049 -0.279348 0.652901
vn -0.617250 -0.661199 0.426403
vn -0.454498 -0.616931 -0.642516
vn -0.782412 -0.278358 -0.557089
vn -0.859133 -0.039109 -0.510256
vn -0.859133 -0.039109 -0.510256
vn 0.536367 -0.218020 0.815339
vn -0.076527 -0.157369 0.984570
vn -0.333493 -0.102644 0.937148
vn 0.396759 -0.324867 0.858513
vn 0.498664 -0.159877 0.851923
vn 0.000000 -0.076663 0.997057
vn 0.000000 -0.184274 0.982875
vn 0.602286 -0.253510 0.756957
vn 0.777988 -0.338036 0.529590
vn 0.498664 -0.159877 0.851923
vn 0.602286 -0.253510 0.756957
vn 0.875055 -0.362964 0.320213
vn 0.403129 -0.041514 0.914201
vn 0.777988 -0.338036 0.529590
vn -0.076527 -0.157369 0.984570
vn -0.405464 -0.849327 0.337998
vn 0.708865 -0.440744 0.550687
vn 0.396759 -0.324867 0.858513
vn -0.333493 -0.102644 0.937148
vn -0.333493 -0.102644 0.937148
vn -0.076527 -0.157369 0.984570
vn -0.239605 -0.556500 0.795549
vn -0.239605 -0.556500 0.795549
vn -0.076527 -0.157369 0.984570
vn 0.777988 -0.338036 0.529590
vn 0.875055 -0.362964 0.320213
vn -0.283618 0.531410 0.798226
vn -0.234616 0.593217 0.770097
vn -0.339771 0.544907 0.766572
vn -0.384881 0.478847 0.789032
vn -0.339771 0.544907 0.766572
vn -0.362499 0.505163 0.783202
vn -0.303332 0.466350 0.830968
vn -0.384881 0.478847 0.789032
vn -0.362499 0.505163 0.783202
vn -0.471487 0.437172 0.765886
vn -0.215738 0.390832 0.894823
vn -0.303332 0.466350 0.830968
vn -0.372280 0.296368 0.879530
vn -0.365135 0.377040 0.851186
vn -0.305004 0.375199 0.875327
vn -0.395151 0.352808 0.848164
vn -0.365135 0.377040 0.851186
vn 0.000000 0.397341 0.917671
vn 0.000000 0.380712 0.924694
vn -0.305004 0.375199 0.875327
vn -0.317125 0.352165 0.880575
vn -0.384881 0.478847 0.789032
vn -0.407509 0.296065 0.863876
vn -0.317125 0.352165 0.880575
vn -0.283618 0.531410 0.798226
vn -0.391395 0.312293 0.865611
vn -0.372280 0.296368 0.879530
vn -0.395151 0.352808 0.848164
vn -0.127275 0.290454 0.948387
vn -0.407509 0.296065 0.863876
vn -0.384881 0.478847 0.789032
vn -0.303332 0.466350 0.830968
vn -0.215738 0.390832 0.894823
vn -0.531864 0.518826 0.669283
vn -0.349059 0.801083 0.486234
vn -0.496806 0.808636 0.315105
vn -0.723006 0.518862 0.456119
vn -0.496806 0.808636 0.315105
vn -0.546395 0.836980 0.030282
vn -0.890926 0.439088 0.115982
vn -0.723006 0.518862 0.456119
vn -0.362499 0.505163 0.783202
vn -0.339771 0.544907 0.766572
vn -0.349059 0.801083 0.486234
vn -0.531864 0.518826 0.669283
vn -0.531864 0.518826 0.669283
vn -0.631421 0.384062 0.673649
vn -0.471487 0.437172 0.765886
vn -0.362499 0.505163 0.783202
vn -0.890926 0.439088 0.115982
vn -0.963594 0.241226 0.115307
vn -0.800127 0.355537 0.483104
vn -0.723006 0.518862 0.456119
vn -0.993974 0.028230 0.105918
vn -0.967996 -0.199562 0.152177
vn -0.796407 0.024310 0.604272
vn -0.819097 0.210061 0.533811
vn -0.967996 -0.199562 0.152177
vn -0.889672 -0.396535 0.226371
vn -0.746306 -0.179744 0.640874
vn -0.796407 0.024310 0.604272
vn -0.531864 0.518826 0.669283
vn -0.723006 0.518862 0.456119
vn -0.800127 0.355537 0.483104
vn -0.631421 0.384062 0.673649
vn -0.796407 0.024310 0.604272
vn -0.593498 0.139572 0.792641
vn -0.637202 0.293681 0.712548
vn -0.819097 0.210061 0.533811
vn -0.593498 0.139572 0.792641
vn -0.372280 0.296368 0.879530
vn -0.391395 0.312293 0.865611
vn -0.637202 0.293681 0.712548
vn -0.746306 -0.179744 0.640874
vn -0.572484 -0.025462 0.819520
vn -0.593498 0.139572 0.792641
vn -0.796407 0.024310 0.604272
vn -0.365135 0.377040 0.851186
vn -0.410325 0.153813 0.898874
vn 0.000000 0.171950 0.985106
vn 0.000000 0.397341 0.917671
vn -0.372280 0.296368 0.879530
vn -0.409088 0.160880 0.898201
vn -0.410325 0.153813 0.898874
vn -0.365135 0.377040 0.851186
vn -0.458061 -0.024042 0.888596
vn -0.498664 -0.159877 0.851923
vn 0.000000 -0.076663 0.997057
vn 0.000000 0.038868 0.999244
vn -0.602286 -0.253509 0.756957
vn -0.662726 -0.340642 0.666901
vn 0.000000 -0.262784 0.964855
vn 0.000000 -0.184274 0.982875
vn -0.403129 -0.041514 0.914201
vn -0.777988 -0.338036 0.529590
vn -0.498664 -0.159877 0.851923
vn -0.458061 -0.024042 0.888596
vn -0.875055 -0.362964 0.320213
vn -0.911696 -0.337921 0.233709
vn -0.662726 -0.340642 0.666901
vn -0.602286 -0.253509 0.756957
vn -0.593498 0.139572 0.792641
vn -0.572484 -0.025462 0.819520
vn -0.409088 0.160880 0.898201
vn -0.372280 0.296368 0.879530
vn -0.410325 0.153813 0.898874
vn -0.458061 -0.024042 0.888596
vn 0.000000 0.038868 0.999244
vn 0.000000 0.171950 0.985106
vn -0.409088 0.160880 0.898201
vn -0.403129 -0.041514 0.914201
vn -0.458061 -0.024042 0.888596
vn -0.410325 0.153813 0.898874
vn -0.572484 -0.025462 0.819520
vn -0.568807 -0.149158 0.808833
vn -0.403129 -0.041514 0.914201
vn -0.409088 0.160880 0.898201
vn -0.746306 -0.179744 0.640874
vn -0.704049 -0.279348 0.652901
vn -0.568807 -0.149158 0.808833
vn -0.572484 -0.025462 0.819520
vn -0.704049 -0.279348 0.652901
vn -0.816314 -0.266035 0.512695
vn -0.536367 -0.218020 0.815339
vn -0.568807 -0.149158 0.808833
vn -0.568807 -0.149158 0.808833
vn -0.536367 -0.218020 0.815339
vn 0.076527 -0.157369 0.984570
vn -0.403129 -0.041514 0.914201
vn -0.289389 0.011728 0.957140
vn -0.305004 0.375199 0.875327
vn 0.000000 0.380712 0.924694
vn 0.000000 -0.033264 0.999447
vn -0.414194 0.083482 0.906352
vn -0.395151 0.352808 0.848164
vn -0.305004 0.375199 0.875327
vn -0.289389 0.011728 0.957140
vn -0.127275 0.290454 0.948387
vn -0.395151 0.352808 0.848164
vn -0.414194 0.083482 0.906352
vn -0.215738 0.390832 0.894823
vn -0.471487 0.437172 0.765886
vn -0.391395 0.312293 0.865611
vn -0.127275 0.290454 0.948387
vn -0.215738 0.390832 0.894823
vn -0.631421 0.384062 0.673649
vn -0.637202 0.293681 0.712548
vn -0.391395 0.312293 0.865611
vn -0.471487 0.437172 0.765886
vn -0.800127 0.355537 0.483104
vn -0.819097 0.210061 0.533811
vn -0.637202 0.293681 0.712548
vn -0.631421 0.384062 0.673649
vn -0.963594 0.241226 0.115307
vn -0.993974 0.028230 0.105918
vn -0.819097 0.210061 0.533811
vn -0.800127 0.355537 0.483104
vn -0.546395 0.836980 0.030282
vn -0.318487 0.806931 -0.497422
vn -0.891000 0.107061 -0.441200
vn -0.890926 0.439088 0.115982
vn -0.891000 0.107061 -0.441200
vn -0.913490 -0.105198 -0.393025
vn -0.963594 0.241226 0.115307
vn -0.890926 0.439088 0.115982
vn -0.913490 -0.105198 -0.393025
vn -0.859981 -0.270968 -0.432445
vn -0.993974 0.028230 0.105918
vn -0.963594 0.241226 0.115307
vn -0.859981 -0.270968 -0.432445
vn -0.745532 -0.404191 -0.529916
vn -0.967996 -0.199562 0.152177
vn -0.993974 0.028230 0.105918
vn -0.745532 -0.404191 -0.529916
vn -0.596450 -0.523653 -0.608304
vn -0.889672 -0.396535 0.226371
vn -0.967996 -0.199562 0.152177
vn -0.596450 -0.523653 -0.608304
vn -0.478842 -0.641335 -0.599500
vn -0.793730 -0.496351 0.351608
vn -0.889672 -0.396535 0.226371
vn -0.746306 -0.179744 0.640874
vn -0.889672 -0.396535 0.226371
vn -0.793730 -0.496351 0.351608
vn -0.704049 -0.279348 0.652901
vn -0.710320 -0.535115 0.457273
vn -0.377873 -0.268579 0.886046
vn -0.704049 -0.279348 0.652901
vn -0.793730 -0.496351 0.351608
vn -0.536367 -0.218020 0.815339
vn -0.816314 -0.266035 0.512695
vn -0.708865 -0.440744 0.550687
vn -0.396759 -0.324867 0.858513
vn -0.337592 -0.761662 -0.553084
vn -0.710320 -0.535115 0.457273
vn -0.793730 -0.496351 0.351608
vn -0.478842 -0.641335 -0.599500
vn -0.662726 -0.340642 0.666901
vn -0.680171 -0.469128 0.563282
vn 0.000000 -0.541555 0.840665
vn 0.000000 -0.262784 0.964855
vn -0.662726 -0.340642 0.666901
vn -0.911696 -0.337921 0.233709
vn -0.866725 -0.498730 0.007520
vn -0.680171 -0.469128 0.563282
vn -0.680171 -0.469128 0.563282
vn -0.866725 -0.498730 0.007520
vn 0.000000 -0.973245 -0.229769
vn 0.000000 -0.541555 0.840665
vn -0.875055 -0.362964 0.320213
vn 0.239604 -0.556500 0.795549
vn -0.911696 -0.337921 0.233709
vn -0.001091 -0.583281 -0.812270
vn -0.004190 -0.748241 -0.663414
vn -0.154601 -0.664562 -0.731065
vn -0.119198 -0.497047 -0.859498
vn -0.119198 -0.497047 -0.859498
vn -0.154601 -0.664562 -0.731065
vn 0.000000 -0.630098 -0.776516
vn 0.000000 -0.463154 -0.886278
vn -0.154601 -0.664562 -0.731065
vn -0.020154 -0.595345 -0.803218
vn 0.000000 -0.566707 -0.823920
vn 0.000000 -0.630098 -0.776516
vn -0.004190 -0.748241 -0.663414
vn 0.124872 -0.610153 -0.782381
vn -0.020154 -0.595345 -0.803218
vn -0.154601 -0.664562 -0.731065
vn 0.113797 -0.189426 -0.975278
vn 0.152258 -0.007679 -0.988311
vn 0.000000 0.001685 -0.999999
vn 0.000000 -0.173717 -0.984796
vn 0.310688 -0.228910 -0.922536
vn 0.400870 -0.039751 -0.915272
vn 0.152258 -0.007679 -0.988311
vn 0.113797 -0.189426 -0.975278
vn 0.000000 0.626909 0.779092
vn 0.000000 0.598287 0.801282
vn -0.222586 0.579872 0.783711
vn -0.234616 0.593217 0.770097
vn -0.234616 0.593217 0.770097
vn -0.222586 0.579872 0.783711
vn -0.257294 0.865739 0.429297
vn -0.339771 0.544907 0.766572
vn -0.339771 0.544907 0.766572
vn -0.257294 0.865739 0.429297
vn -0.349059 0.801083 0.486234
vn -0.257294 0.865739 0.429297
vn -0.017075 0.945033 -0.326530
vn 0.229183 0.926425 -0.298685
vn -0.349059 0.801083 0.486234
vn 0.229183 0.926425 -0.298685
vn 0.347784 0.904079 -0.248371
vn -0.496806 0.808636 0.315105
vn -0.349059 0.801083 0.486234
vn 0.347784 0.904079 -0.248371
vn -0.318487 0.806931 -0.497422
vn -0.546395 0.836980 0.030282
vn -0.496806 0.808636 0.315105
vn 0.796764 0.024251 -0.603803
vn 0.702850 0.354614 -0.616644
vn 0.683485 0.151287 -0.714115
vn 0.653722 -0.021210 -0.756437
vn 0.702850 0.354614 -0.616644
vn 0.433211 0.565241 -0.702019
vn 0.554380 0.421601 -0.717576
vn 0.683485 0.151287 -0.714115
vn 0.433211 0.565241 -0.702019
vn 0.188605 0.576792 -0.794820
vn 0.285174 0.417600 -0.862720
vn 0.554380 0.421601 -0.717576
vn 0.653722 -0.021210 -0.756437
vn 0.683485 0.151287 -0.714115
vn 0.530284 -0.056620 -0.845928
vn 0.413659 -0.164106 -0.895520
vn 0.150929 0.141924 -0.978304
vn 0.113531 0.382552 -0.916932
vn 0.000000 0.385268 -0.922805
vn 0.000000 0.146258 -0.989247
vn 0.395180 0.153022 -0.905769
vn 0.285174 0.417600 -0.862720
vn 0.113531 0.382552 -0.916932
vn 0.150929 0.141924 -0.978304
vn 0.285174 0.417600 -0.862720
vn 0.395180 0.153022 -0.905769
vn 0.606178 0.129280 -0.784752
vn 0.554380 0.421601 -0.717576
vn 0.606178 0.129280 -0.784752
vn 0.530284 -0.056620 -0.845928
vn 0.683485 0.151287 -0.714115
vn 0.554380 0.421601 -0.717576
vn 0.413659 -0.164106 -0.895520
vn 0.530284 -0.056620 -0.845928
vn 0.423759 -0.235001 -0.874759
vn 0.290403 -0.290078 -0.911878
vn 0.530284 -0.056620 -0.845928
vn 0.606178 0.129280 -0.784752
vn 0.570942 -0.109658 -0.813634
vn 0.423759 -0.235001 -0.874759
vn 0.152258 -0.007679 -0.988311
vn 0.150929 0.141924 -0.978304
vn 0.000000 0.146258 -0.989247
vn 0.000000 0.001685 -0.999999
vn 0.400870 -0.039751 -0.915272
vn 0.395180 0.153022 -0.905769
vn 0.150929 0.141924 -0.978304
vn 0.152258 -0.007679 -0.988311
vn 0.606178 0.129280 -0.784752
vn 0.395180 0.153022 -0.905769
vn 0.400870 -0.039751 -0.915272
vn 0.570942 -0.109658 -0.813634
vn 0.310688 -0.228910 -0.922536
vn 0.466809 -0.310764 -0.827959
vn 0.570942 -0.109658 -0.813634
vn 0.400870 -0.039751 -0.915272
vn 0.466809 -0.310764 -0.827959
vn 0.406832 -0.360578 -0.839328
vn 0.423759 -0.235001 -0.874759
vn 0.570942 -0.109658 -0.813634
vn 0.406832 -0.360578 -0.839328
vn 0.323053 -0.373614 -0.869511
vn 0.290403 -0.290078 -0.911878
vn 0.423759 -0.235001 -0.874759
vn 0.323053 -0.373614 -0.869511
vn 0.406832 -0.360578 -0.839328
vn 0.508947 -0.505583 -0.696677
vn 0.626164 -0.394872 -0.672306
vn 0.406832 -0.360578 -0.839328
vn 0.466809 -0.310764 -0.827959
vn 0.299406 -0.636346 -0.710929
vn 0.508947 -0.505583 -0.696677
vn -0.020154 -0.595345 -0.803218
vn 0.113797 -0.189426 -0.975278
vn 0.000000 -0.173717 -0.984796
vn 0.000000 -0.566707 -0.823920
vn 0.124872 -0.610153 -0.782381
vn 0.310688 -0.228910 -0.922536
vn 0.113797 -0.189426 -0.975278
vn -0.020154 -0.595345 -0.803218
vn 0.466809 -0.310764 -0.827959
vn 0.310688 -0.228910 -0.922536
vn 0.124872 -0.610153 -0.782381
vn 0.299406 -0.636346 -0.710929
vn 0.626164 -0.394872 -0.672306
vn 0.508947 -0.505583 -0.696677
vn 0.454498 -0.616932 -0.642516
vn 0.782412 -0.278358 -0.557090
vn 0.508947 -0.505583 -0.696677
vn 0.299406 -0.636346 -0.710929
vn 0.196044 -0.758947 -0.620940
vn 0.454498 -0.616932 -0.642516
vn 0.299406 -0.636346 -0.710929
vn 0.124872 -0.610153 -0.782381
vn -0.004190 -0.748241 -0.663414
vn 0.196044 -0.758947 -0.620940
vn -0.004190 -0.748241 -0.663414
vn -0.001091 -0.583281 -0.812270
vn 0.193368 -0.614068 -0.765199
vn 0.196044 -0.758947 -0.620940
vn 0.193368 -0.614068 -0.765199
vn 0.051325 -0.654518 -0.754302
vn 0.454498 -0.616932 -0.642516
vn 0.196044 -0.758947 -0.620940
vn -0.001091 -0.583281 -0.812270
vn 0.625786 -0.239572 -0.742292
vn 0.160368 -0.410291 -0.897744
vn 0.193368 -0.614068 -0.765199
vn 0.193368 -0.614068 -0.765199
vn 0.160368 -0.410291 -0.897744
vn -0.159725 -0.462375 -0.872180
vn 0.051325 -0.654518 -0.754302
vn -0.816314 -0.266035 0.512695
vn -0.704049 -0.279348 0.652901
vn 0.617250 -0.661199 0.426402
vn -0.337592 -0.761662 -0.553084
vn 0.819140 -0.309137 0.483160
vn -0.377873 -0.268579 0.886046
vn -0.710320 -0.535115 0.457273
vn 0.819140 -0.309137 0.483160
vn 0.617250 -0.661199 0.426402
vn -0.704049 -0.279348 0.652901
vn -0.377873 -0.268579 0.886046
vn 0.454498 -0.616932 -0.642516
vn 0.859132 -0.039110 -0.510257
vn 0.859132 -0.039110 -0.510257
vn 0.782412 -0.278358 -0.557090
vn -0.536367 -0.218020 0.815339
vn -0.396759 -0.324867 0.858513
vn 0.333493 -0.102644 0.937148
vn 0.076527 -0.157369 0.984570
vn -0.498664 -0.159877 0.851923
vn -0.602286 -0.253509 0.756957
vn 0.000000 -0.184274 0.982875
vn 0.000000 -0.076663 0.997057
vn -0.777988 -0.338036 0.529590
vn -0.875055 -0.362964 0.320213
vn -0.602286 -0.253509 0.756957
vn -0.498664 -0.159877 0.851923
vn -0.403129 -0.041514 0.914201
vn 0.076527 -0.157369 0.984570
vn -0.777988 -0.338036 0.529590
vn 0.405465 -0.849328 0.337995
vn 0.333493 -0.102644 0.937148
vn -0.396759 -0.324867 0.858513
vn -0.708865 -0.440744 0.550687
vn 0.333493 -0.102644 0.937148
vn 0.239604 -0.556500 0.795549
vn 0.076527 -0.157369 0.984570
vn 0.239604 -0.556500 0.795549
vn -0.875055 -0.362964 0.320213
vn -0.777988 -0.338036 0.529590
vn 0.076527 -0.157369 0.984570
vn -0.113531 0.382552 -0.916932
vn 0.000000 0.385268 -0.922805
vn 0.000000 0.554371 -0.832270
vn -0.069988 0.556970 -0.827579
vn 0.000000 0.385268 -0.922805
vn 0.113531 0.382552 -0.916932
vn 0.069988 0.556970 -0.827579
vn 0.000000 0.554371 -0.832270
vn 0.097560 0.926914 -0.362370
vn 0.000000 0.924498 -0.381186
vn 0.000000 0.924498 -0.381186
vn 0.097260 0.925813 -0.365254
vn 0.000000 0.924498 -0.381186
vn -0.097560 0.926915 -0.362369
vn -0.097260 0.925814 -0.365252
vn 0.000000 0.924498 -0.381186
vn 0.097260 0.925813 -0.365254
vn 0.257294 0.865739 0.429297
vn 0.017075 0.945033 -0.326530
vn 0.097560 0.926914 -0.362370
vn -0.257294 0.865739 0.429297
vn -0.097260 0.925814 -0.365252
vn -0.097560 0.926915 -0.362369
vn -0.017075 0.945033 -0.326530
vn -0.069988 0.556970 -0.827579
vn -0.188605 0.576792 -0.794820
vn -0.285174 0.417600 -0.862720
vn -0.113531 0.382552 -0.916932
vn 0.188605 0.576792 -0.794820
vn 0.069988 0.556970 -0.827579
vn 0.113531 0.382552 -0.916932
vn 0.285174 0.417600 -0.862720
vn 0.119198 -0.497047 -0.859498
vn 0.095892 -0.254457 -0.962318
vn 0.000000 -0.255240 -0.966878
vn 0.000000 -0.463154 -0.886278
vn -0.095892 -0.254457 -0.962318
vn -0.119198 -0.497047 -0.859498
vn 0.000000 -0.463154 -0.886278
vn 0.000000 -0.255240 -0.966878
vn 0.000000 -0.255240 -0.966878
vn 0.095892 -0.254457 -0.962318
vn 0.000000 -0.242631 -0.970119
vn -0.095892 -0.254457 -0.962318
vn 0.000000 -0.255240 -0.966878
vn 0.000000 -0.242631 -0.970119
s 1
g Dwarf_low1 DwarfBeard_low
usemtl lambert2SG
f 1224/1508/4706 1225/1509/4707 1226/1510/4708 1227/1511/4709
f 1225/1509/4707 1224/1508/4706 1228/1512/4710 1229/1513/4711
s off
f 1229/1513/4712 1228/1512/4713 1230/1514/4714 1231/1515/4715
f 1231/1515/4716 1230/1514/4717 1276/1516/4718 1277/1517/4719
f 1233/1518/4720 1232/1519/4721 1234/1520/4722 1235/1521/4723
f 1235/1521/4724 1234/1520/4725 1236/1522/4726 1237/1523/4727
s 1
f 1224/1508/4706 1227/1511/4709 1273/1524/4728 1274/1525/4729
f 1228/1512/4710 1224/1508/4706 1274/1525/4729 1275/1526/4730
s off
f 1239/1527/4731 1238/1528/4732 1232/1519/4733 1233/1518/4734
s 1
f 1275/1526/4730 1276/1516/4735 1230/1514/4736 1228/1512/4710
s off
f 1245/1529/4737 1241/1530/4738 1240/1531/4739 1244/1532/4740
f 1240/1531/4741 1241/1530/4742 1243/1533/4743 1242/1534/4744
f 1231/1515/4745 1245/1529/4746 1244/1532/4747 1229/1513/4748
f 1245/1529/4749 1231/1515/4750 1277/1517/4751 1278/1535/4752
f 1243/1533/4753 1241/1530/4754 1279/1536/4755 1280/1537/4756
f 1248/1538/4757 1247/1539/4758 1249/1540/4759 1250/1541/4760
f 1250/1541/4761 1249/1540/4762 1251/1542/4763 1252/1543/4764
f 1245/1529/4765 1278/1535/4766 1279/1536/4767 1241/1530/4768
f 1249/1540/4769 1247/1539/4770 1246/1544/4771 1253/1545/4772
f 1253/1545/4773 1246/1544/4774 1239/1527/4775 1233/1518/4776
f 1251/1542/4777 1249/1540/4778 1253/1545/4779 1254/1546/4780
f 1235/1521/4781 1237/1523/4782 1266/1547/4783 1267/1548/4784
f 1233/1518/4785 1235/1521/4786 1267/1548/4787 1268/1549/4788
f 1256/1550/4789 1257/1551/4790 1339/1552/4791 1340/1553/4792
f 1259/1554/4793 1260/1555/4794 1262/1556/4795 1261/1557/4796
f 1258/1558/4797 1256/1550/4798 1340/1553/4799 1341/1559/4800
f 1263/1560/4801 1259/1554/4802 1261/1557/4803 1264/1561/4804
f 1253/1545/4805 1233/1518/4806 1268/1549/4807 1254/1546/4808
f 1267/1548/4809 1266/1547/4810 1257/1551/4811 1256/1550/4812
f 1268/1549/4813 1267/1548/4814 1256/1550/4815 1258/1558/4816
f 1254/1546/4817 1268/1549/4818 1258/1558/4819 1265/1562/4820
f 1251/1542/4821 1254/1546/4822 1265/1562/4823 1269/1563/4824
f 1269/1563/4825 1265/1562/4826 1271/1564/4827 1270/1565/4828
f 1265/1562/4829 1258/1558/4830 1272/1566/4831 1271/1564/4832
f 1274/1525/4833 1273/1524/4834 1236/1522/4835 1234/1520/4836
f 1275/1526/4837 1274/1525/4838 1234/1520/4839 1232/1519/4840
f 1238/1528/4841 1276/1516/4842 1275/1526/4843 1232/1519/4844
f 1277/1517/4845 1276/1516/4846 1238/1528/4847 1239/1527/4848
f 1278/1535/4849 1277/1517/4850 1239/1527/4851 1246/1544/4852
f 1279/1536/4853 1278/1535/4854 1246/1544/4855 1247/1539/4856
f 1280/1537/4857 1279/1536/4858 1247/1539/4859 1248/1538/4860
f 1242/1534/4861 1243/1533/4862 1282/1567/4863 1281/1568/4864
f 1282/1567/4865 1243/1533/4866 1280/1537/4867 1283/1569/4868
f 1283/1569/4869 1280/1537/4870 1248/1538/4871 1284/1570/4872
f 1284/1570/4873 1248/1538/4874 1250/1541/4875 1285/1571/4876
f 1285/1571/4877 1250/1541/4878 1252/1543/4879 1286/1572/4880
f 1286/1572/4881 1252/1543/4882 1288/1573/4883 1292/1574/4884
f 1251/1542/4885 1269/1563/4886 1288/1573/4887 1252/1543/4888
f 1255/1575/4889 1288/1573/4890 1269/1563/4891 1289/1576/4892
f 1271/1564/4893 1290/1577/4894 1291/1578/4895 1270/1565/4896
f 1287/1579/4897 1292/1574/4898 1288/1573/4899 1255/1575/4900
f 1261/1557/4901 1262/1556/4902 1294/1580/4903 1293/1581/4904
f 1261/1557/4905 1293/1581/4906 1295/1582/4907 1264/1561/4908
f 1293/1581/4909 1294/1580/4910 1296/1583/4911 1295/1582/4912
f 1263/1560/4913 1264/1561/4914 1298/1584/4915
f 1298/1585/4916 1264/1586/4917 1300/1587/4918 1299/1588/4919
f 1264/1586/4920 1297/1589/4921 1301/1590/4922 1300/1587/4923
f 1300/1587/4924 1301/1590/4925 1330/1591/4926 1331/1592/4927
f 1299/1588/4928 1300/1587/4929 1331/1592/4930 1332/1593/4931
f 1302/1594/4932 1303/1595/4933 1323/1596/4934 1324/1597/4935
f 1304/1598/4936 1302/1594/4937 1324/1597/4938 1325/1599/4939
f 1226/1510/4940 1225/1509/4941 1306/1600/4942 1307/1601/4943
f 1225/1509/4944 1229/1513/4945 1308/1602/4946 1306/1600/4947
f 1229/1513/4948 1244/1532/4949 1308/1602/4950
f 1308/1602/4951 1244/1532/4952 1309/1603/4953 1305/1604/4954
f 1309/1603/4955 1244/1532/4956 1240/1531/4957 1310/1605/4958
f 1310/1605/4959 1240/1531/4960 1242/1534/4961 1281/1568/4962
f 1281/1606/4963 1282/1607/4964 1311/1608/4965 1310/1609/4966
f 1310/1609/4967 1311/1608/4968 1312/1610/4969 1309/1611/4970
f 1309/1611/4971 1312/1610/4972 1315/1612/4973 1305/1613/4974
f 1282/1607/4975 1283/1614/4976 1316/1615/4977 1311/1608/4978
f 1319/1616/4979 1318/1617/4980 1313/1618/4981 1314/1619/4982
f 1317/1620/4983 1319/1616/4984 1314/1619/4985 1315/1612/4986
f 1315/1612/4987 1312/1610/4988 1320/1621/4989 1317/1620/4990
f 1320/1621/4991 1312/1610/4992 1311/1608/4993 1316/1615/4994
f 1283/1614/4995 1284/1622/4996 1321/1623/4997 1316/1615/4998
f 1316/1615/4999 1321/1623/5000 1322/1624/5001 1320/1621/5002
f 1324/1597/5003 1323/1596/5004 1318/1617/5005 1319/1616/5006
f 1325/1599/5007 1324/1597/5008 1319/1616/5009 1317/1620/5010
f 1320/1621/5011 1322/1624/5012 1325/1599/5013 1317/1620/5014
f 1304/1598/5015 1325/1599/5016 1322/1624/5017 1326/1625/5018
f 1326/1625/5019 1322/1624/5020 1321/1623/5021 1327/1626/5022
f 1327/1626/5023 1321/1623/5024 1284/1622/5025 1285/1627/5026
f 1285/1627/5027 1286/1628/5028 1328/1629/5029 1327/1626/5030
f 1327/1626/5031 1328/1629/5032 1329/1630/5033 1326/1625/5034
f 1331/1592/5035 1330/1591/5036 1303/1595/5037 1302/1594/5038
f 1332/1593/5039 1331/1592/5040 1302/1594/5041 1304/1598/5042
f 1326/1625/5043 1329/1630/5044 1332/1593/5045 1304/1598/5046
f 1286/1628/5047 1292/1631/5048 1333/1632/5049 1328/1629/5050
f 1328/1629/5051 1333/1632/5052 1334/1633/5053 1329/1630/5054
f 1329/1630/5055 1334/1633/5056 1299/1588/5057 1332/1593/5058
f 1299/1588/5059 1334/1633/5060 1335/1634/5061 1298/1585/5062
f 1335/1634/5063 1334/1633/5064 1333/1632/5065 1270/1635/5066
f 1298/1585/5067 1335/1634/5068 1336/1636/5069 1337/1637/5070
f 1335/1634/5071 1270/1635/5072 1291/1638/5073 1336/1636/5074
f 1270/1565/5075 1333/1639/5076 1269/1563/5077
f 1287/1579/5078 1255/1575/5079 1289/1576/5080 1338/1640/5081
f 1338/1640/5082 1289/1576/5083 1269/1563/5084 1333/1639/5085
f 1333/1632/5086 1292/1631/5087 1287/1641/5088 1338/1642/5089
f 1271/1564/5090 1272/1566/5091 1337/1643/5092 1290/1577/5093
f 1340/1553/5094 1339/1552/5095 1260/1555/5096 1259/1554/5097
f 1341/1559/5098 1340/1553/5099 1259/1554/5100 1263/1560/5101
f 1258/1558/5102 1341/1559/5103 1272/1566/5104
f 1336/1644/5105 1291/1578/5106 1290/1577/5107 1337/1643/5108
f 1337/1643/5109 1272/1566/5110 1298/1584/5111
f 1298/1584/5112 1272/1566/5113 1341/1559/5114 1263/1560/5115
s 1
f 1342/1645/5116 1227/1511/4709 1226/1510/4708 1343/1646/5117
f 1343/1646/5117 1345/1647/5118 1344/1648/5119 1342/1645/5116
s off
f 1345/1647/5120 1347/1649/5121 1346/1650/5122 1344/1648/5123
f 1347/1649/5124 1386/1651/5125 1385/1652/5126 1346/1650/5127
f 1349/1653/5128 1351/1654/5129 1350/1655/5130 1348/1656/5131
f 1351/1654/5132 1237/1523/5133 1236/1522/5134 1350/1655/5135
s 1
f 1342/1645/5116 1383/1657/5136 1273/1524/4728 1227/1511/4709
s off
f 1344/1648/5137 1384/1658/5138 1383/1657/5139 1342/1645/5140
f 1353/1659/5141 1349/1653/5142 1348/1656/5143 1352/1660/5144
f 1384/1658/5145 1344/1648/5146 1346/1650/5147 1385/1652/5148
f 1359/1661/5149 1358/1662/5150 1354/1663/5151 1355/1664/5152
f 1354/1663/5153 1356/1665/5154 1357/1666/5155 1355/1664/5156
f 1347/1649/5157 1345/1647/5158 1358/1662/5159 1359/1661/5160
f 1359/1661/5161 1387/1667/5162 1386/1651/5163 1347/1649/5164
f 1357/1666/5165 1389/1668/5166 1388/1669/5167 1355/1664/5168
f 1362/1670/5169 1364/1671/5170 1363/1672/5171 1361/1673/5172
f 1364/1671/5173 1366/1674/5174 1365/1675/5175 1363/1672/5176
f 1359/1661/5177 1355/1664/5178 1388/1669/5179 1387/1667/5180
f 1363/1672/5181 1367/1676/5182 1360/1677/5183 1361/1673/5184
f 1367/1676/5185 1349/1653/5186 1353/1659/5187 1360/1677/5188
f 1365/1675/5189 1368/1678/5190 1367/1676/5191 1363/1672/5192
f 1351/1654/5193 1377/1679/5194 1266/1547/5195 1237/1523/5196
f 1349/1653/5197 1378/1680/5198 1377/1679/5199 1351/1654/5200
f 1370/1681/5201 1438/1682/5202 1339/1552/5203 1257/1551/5204
f 1372/1683/5205 1373/1684/5206 1262/1556/5207 1260/1555/5208
f 1371/1685/5209 1439/1686/5210 1438/1682/5211 1370/1681/5212
f 1374/1687/5213 1375/1688/5214 1373/1684/5215 1372/1683/5216
f 1367/1676/5217 1368/1678/5218 1378/1680/5219 1349/1653/5220
f 1377/1679/5221 1370/1681/5222 1257/1551/5223 1266/1547/5224
f 1378/1680/5225 1371/1685/5226 1370/1681/5227 1377/1679/5228
f 1368/1678/5229 1376/1689/5230 1371/1685/5231 1378/1680/5232
f 1365/1675/5233 1379/1690/5234 1376/1689/5235 1368/1678/5236
f 1379/1690/5237 1380/1691/5238 1381/1692/5239 1376/1689/5240
f 1376/1689/5241 1381/1692/5242 1382/1693/5243 1371/1685/5244
f 1383/1657/5245 1350/1655/5246 1236/1522/5247 1273/1524/5248
f 1384/1658/5249 1348/1656/5250 1350/1655/5251 1383/1657/5252
f 1352/1660/5253 1348/1656/5254 1384/1658/5255 1385/1652/5256
f 1386/1651/5257 1353/1659/5258 1352/1660/5259 1385/1652/5260
f 1387/1667/5261 1360/1677/5262 1353/1659/5263 1386/1651/5264
f 1388/1669/5265 1361/1673/5266 1360/1677/5267 1387/1667/5268
f 1389/1668/5269 1362/1670/5270 1361/1673/5271 1388/1669/5272
f 1356/1665/5273 1390/1694/5274 1391/1695/5275 1357/1666/5276
f 1391/1695/5277 1392/1696/5278 1389/1668/5279 1357/1666/5280
f 1392/1696/5281 1393/1697/5282 1362/1670/5283 1389/1668/5284
f 1393/1697/5285 1394/1698/5286 1364/1671/5287 1362/1670/5288
f 1394/1698/5289 1395/1699/5290 1366/1674/5291 1364/1671/5292
f 1395/1699/5293 1401/1700/5294 1397/1701/5295 1366/1674/5296
f 1365/1675/5297 1366/1674/5298 1397/1701/5299 1379/1690/5300
f 1369/1702/5301 1398/1703/5302 1379/1690/5303 1397/1701/5304
f 1381/1692/5305 1380/1691/5306 1400/1704/5307 1399/1705/5308
f 1396/1706/5309 1369/1702/5310 1397/1701/5311 1401/1700/5312
f 1373/1684/5313 1402/1707/5314 1294/1580/5315 1262/1556/5316
f 1373/1684/5317 1375/1688/5318 1403/1708/5319 1402/1707/5320
f 1402/1707/5321 1403/1708/5322 1296/1583/5323 1294/1580/5324
f 1374/1687/5325 1404/1709/5326 1375/1688/5327
f 1404/1710/5328 1405/1711/5329 1406/1712/5330 1375/1713/5331
f 1375/1713/5332 1406/1712/5333 1301/1590/5334 1297/1589/5335
f 1406/1712/5336 1430/1714/5337 1330/1591/5338 1301/1590/5339
f 1405/1711/5340 1431/1715/5341 1430/1714/5342 1406/1712/5343
f 1407/1716/5344 1424/1717/5345 1323/1596/5346 1303/1595/5347
f 1408/1718/5348 1425/1719/5349 1424/1717/5350 1407/1716/5351
f 1226/1510/5352 1307/1601/5353 1410/1720/5354 1343/1646/5355
f 1343/1646/5356 1410/1720/5357 1411/1721/5358 1345/1647/5359
f 1345/1647/5360 1411/1721/5361 1358/1662/5362
f 1411/1721/5363 1409/1722/5364 1412/1723/5365 1358/1662/5366
f 1412/1723/5367 1413/1724/5368 1354/1663/5369 1358/1662/5370
f 1413/1724/5371 1390/1694/5372 1356/1665/5373 1354/1663/5374
f 1390/1725/5375 1413/1726/5376 1414/1727/5377 1391/1728/5378
f 1413/1726/5379 1412/1729/5380 1415/1730/5381 1414/1727/5382
f 1412/1729/5383 1409/1731/5384 1417/1732/5385 1415/1730/5386
f 1391/1728/5387 1414/1727/5388 1418/1733/5389 1392/1734/5390
f 1420/1735/5391 1416/1736/5392 1313/1618/5393 1318/1617/5394
f 1419/1737/5395 1417/1732/5396 1416/1736/5397 1420/1735/5398
f 1417/1732/5399 1419/1737/5400 1421/1738/5401 1415/1730/5402
f 1421/1738/5403 1418/1733/5404 1414/1727/5405 1415/1730/5406
f 1392/1734/5407 1418/1733/5408 1422/1739/5409 1393/1740/5410
f 1418/1733/5411 1421/1738/5412 1423/1741/5413 1422/1739/5414
f 1424/1717/5415 1420/1735/5416 1318/1617/5417 1323/1596/5418
f 1425/1719/5419 1419/1737/5420 1420/1735/5421 1424/1717/5422
f 1421/1738/5423 1419/1737/5424 1425/1719/5425 1423/1741/5426
f 1408/1718/5427 1426/1742/5428 1423/1741/5429 1425/1719/5430
f 1426/1742/5431 1427/1743/5432 1422/1739/5433 1423/1741/5434
f 1427/1743/5435 1394/1744/5436 1393/1740/5437 1422/1739/5438
f 1394/1744/5439 1427/1743/5440 1428/1745/5441 1395/1746/5442
f 1427/1743/5443 1426/1742/5444 1429/1747/5445 1428/1745/5446
f 1430/1714/5447 1407/1716/5448 1303/1595/5449 1330/1591/5450
f 1431/1715/5451 1408/1718/5452 1407/1716/5453 1430/1714/5454
f 1426/1742/5455 1408/1718/5456 1431/1715/5457 1429/1747/5458
f 1395/1746/5459 1428/1745/5460 1432/1748/5461 1401/1749/5462
f 1428/1745/5463 1429/1747/5464 1433/1750/5465 1432/1748/5466
f 1429/1747/5467 1431/1715/5468 1405/1711/5469 1433/1750/5470
f 1405/1711/5471 1404/1710/5472 1434/1751/5473 1433/1750/5474
f 1434/1751/5475 1380/1752/5476 1432/1748/5477 1433/1750/5478
f 1404/1710/5479 1436/1753/5480 1435/1754/5481 1434/1751/5482
f 1434/1751/5483 1435/1754/5484 1400/1755/5485 1380/1752/5486
f 1380/1691/5487 1379/1690/5488 1432/1756/5489
f 1396/1706/5490 1437/1757/5491 1398/1703/5492 1369/1702/5493
f 1437/1757/5494 1432/1756/5495 1379/1690/5496 1398/1703/5497
f 1432/1748/5498 1437/1758/5499 1396/1759/5500 1401/1749/5501
f 1381/1692/5502 1399/1705/5503 1436/1760/5504 1382/1693/5505
f 1438/1682/5506 1372/1683/5507 1260/1555/5508 1339/1552/5509
f 1439/1686/5510 1374/1687/5511 1372/1683/5512 1438/1682/5513
f 1371/1685/5514 1382/1693/5515 1439/1686/5516
f 1435/1761/5517 1436/1760/5518 1399/1705/5519 1400/1704/5520
f 1436/1760/5521 1404/1709/5522 1382/1693/5523
f 1404/1709/5524 1374/1687/5525 1439/1686/5526 1382/1693/5527
f 1314/1619/5528 1313/1618/5529 1440/1762/5530 1441/1763/5531
f 1313/1618/5532 1416/1736/5533 1442/1764/5534 1440/1762/5535
f 1441/1765/5536 1440/1766/5537 1307/1601/5538 1306/1600/5539
f 1440/1766/5540 1442/1767/5541 1410/1720/5542 1307/1601/5543
f 1306/1600/5544 1308/1602/5545 1305/1604/5546 1441/1765/5547
f 1411/1721/5548 1410/1720/5549 1442/1767/5550 1409/1722/5551
f 1441/1763/5552 1305/1613/5553 1315/1612/5554 1314/1619/5555
f 1409/1731/5556 1442/1764/5557 1416/1736/5558 1417/1732/5559
f 1264/1586/5560 1295/1768/5561 1443/1769/5562 1297/1589/5563
f 1403/1770/5564 1375/1713/5565 1297/1589/5566 1443/1769/5567
f 1443/1769/5568 1295/1768/5569 1296/1771/5570
f 1403/1770/5571 1443/1769/5572 1296/1771/5573
g default
v -0.101659 0.906081 0.296645
v -0.000396 0.899664 0.315259
v -0.000396 0.960034 0.256523
v -0.081569 0.967564 0.239352
v 0.080776 0.967564 0.239352
v 0.100866 0.906081 0.296645
v -0.117817 0.805130 0.330779
v -0.000396 0.801576 0.351550
v 0.117025 0.805130 0.330779
v -0.000396 1.007714 0.199550
v -0.061090 1.009371 0.192956
v 0.060298 1.009371 0.192956
v -0.152258 0.982755 0.197475
v -0.109734 1.019642 0.162190
v 0.151465 0.982755 0.197475
v 0.108942 1.019642 0.162190
v -0.204496 1.002722 0.137880
v -0.139513 1.038372 0.102753
v 0.203703 1.002722 0.137880
v 0.138721 1.038372 0.102753
v -0.222500 1.021754 0.024784
v -0.159045 1.045533 0.017069
v 0.221708 1.021754 0.024784
v 0.158252 1.045533 0.017069
v -0.216170 1.010512 -0.075711
v -0.152607 1.035882 -0.069723
v 0.215378 1.010512 -0.075711
v 0.151815 1.035882 -0.069723
v -0.160906 0.983704 -0.163289
v -0.125007 1.026603 -0.115005
v 0.160114 0.983704 -0.163289
v 0.124215 1.026603 -0.115005
v -0.130169 0.686513 0.350461
v 0.129377 0.686513 0.350461
v -0.000396 0.683818 0.373515
v -0.142982 0.553537 0.356272
v -0.000396 0.546571 0.386814
v 0.142189 0.553537 0.356272
v -0.144961 0.411209 0.320345
v -0.000396 0.398747 0.349213
v 0.144168 0.411209 0.320345
v -0.195711 0.918654 0.244957
v 0.194919 0.918654 0.244957
v -0.224061 0.813490 0.271614
v 0.223268 0.813490 0.271614
v -0.241706 0.694399 0.282987
v 0.240914 0.694399 0.282987
v -0.253763 0.568240 0.285301
v 0.252971 0.568240 0.285301
v -0.257535 0.442837 0.260680
v 0.256743 0.442837 0.260680
v -0.264356 0.940940 0.169709
v 0.263564 0.940940 0.169709
v -0.298526 0.821119 0.203078
v 0.297733 0.821119 0.203078
v -0.313720 0.701087 0.211080
v 0.312928 0.701087 0.211080
v -0.327269 0.577518 0.211362
v 0.326477 0.577518 0.211362
v -0.316318 0.452988 0.198270
v 0.315526 0.452988 0.198270
v -0.291463 0.951577 0.044986
v 0.290671 0.951577 0.044986
v -0.335129 0.827627 0.049417
v 0.334336 0.827627 0.049417
v -0.349803 0.706705 0.057787
v 0.349010 0.706705 0.057787
v -0.367362 0.581644 0.061272
v 0.366570 0.581644 0.061272
v -0.359678 0.455472 0.061744
v 0.358886 0.455472 0.061744
v -0.273192 0.945526 -0.087536
v 0.272400 0.945526 -0.087536
v -0.317481 0.828900 -0.097745
v 0.316688 0.828900 -0.097745
v -0.336278 0.708109 -0.099793
v 0.335485 0.708109 -0.099793
v -0.349921 0.586236 -0.096137
v 0.349128 0.586236 -0.096137
v -0.333331 0.449741 -0.084475
v 0.332538 0.449741 -0.084475
v -0.207682 0.925384 -0.190921
v 0.206890 0.925384 -0.190921
v -0.239585 0.822861 -0.206621
v 0.238792 0.822861 -0.206621
v -0.262636 0.702043 -0.214018
v 0.261844 0.702043 -0.214018
v -0.275451 0.573891 -0.203415
v 0.274659 0.573891 -0.203415
v -0.273852 0.436929 -0.182544
v 0.273060 0.436929 -0.182544
v -0.079032 0.974603 -0.194737
v -0.066484 1.020456 -0.134871
v 0.078239 0.974603 -0.194737
v 0.065691 1.020456 -0.134871
v -0.101865 0.907178 -0.237200
v 0.101073 0.907178 -0.237200
v -0.126549 0.811988 -0.268648
v 0.125757 0.811988 -0.268648
v -0.142440 0.694322 -0.284999
v 0.141647 0.694322 -0.284999
v -0.154898 0.558261 -0.284916
v 0.154106 0.558261 -0.284916
v -0.153090 0.412294 -0.243974
v 0.152298 0.412294 -0.243974
v -0.000396 0.964943 -0.208168
v -0.000396 1.016942 -0.144272
v -0.000396 0.898475 -0.251460
v -0.000396 0.806689 -0.287856
v -0.000396 0.690764 -0.311048
v -0.000396 0.552730 -0.324638
v -0.000396 0.403178 -0.288694
v -0.140287 0.311769 0.198295
v -0.000396 0.293809 0.207793
v 0.139495 0.311769 0.198295
v -0.263376 0.369292 0.188141
v 0.262584 0.369292 0.188141
v -0.142175 0.284952 0.049826
v -0.000396 0.273142 0.045248
v 0.141382 0.284952 0.049826
v -0.148017 0.298274 -0.109878
v -0.000396 0.286454 -0.127974
v 0.147225 0.298274 -0.109878
v -0.279945 0.363343 -0.088079
v 0.279153 0.363343 -0.088079
v -0.272927 0.328068 0.058527
v 0.272135 0.328068 0.058527
v -0.000396 1.034709 0.144177
v -0.056778 1.032583 0.145178
v 0.055986 1.032583 0.145178
v -0.000396 1.053212 0.081359
v -0.067208 1.050319 0.085601
v 0.066416 1.050319 0.085601
v -0.000396 1.058641 0.007783
v -0.072464 1.055295 0.010555
v 0.071672 1.055295 0.010555
v 0.070204 1.045148 -0.067996
v -0.000396 1.048405 -0.069272
v -0.070997 1.045148 -0.067996
vt 0.632615 0.063542
vt 0.651811 0.059013
vt 0.651904 0.073275
vt 0.637586 0.077168
vt 0.671064 0.063292
vt 0.666270 0.076982
vt 0.625915 0.046560
vt 0.651697 0.041465
vt 0.677543 0.046225
vt 0.651985 0.085806
vt 0.641831 0.087314
vt 0.662158 0.087182
vt 0.670013 0.093047
vt 0.678110 0.085633
vt 0.634053 0.093281
vt 0.625860 0.085973
vt 0.629876 0.104001
vt 0.618221 0.097738
vt 0.685902 0.097297
vt 0.674330 0.103712
vt 0.677200 0.117923
vt 0.688029 0.116497
vt 0.627190 0.118249
vt 0.616344 0.116964
vt 0.628146 0.132623
vt 0.617357 0.133692
vt 0.687234 0.133237
vt 0.676433 0.132308
vt 0.632136 0.140609
vt 0.624785 0.150412
vt 0.680025 0.150052
vt 0.672547 0.140346
vt 0.615711 0.074786
vt 0.603160 0.060603
vt 0.618210 0.026192
vt 0.589012 0.044017
vt 0.651561 0.020521
vt 0.684983 0.025758
vt 0.867677 0.235287
vt 0.826162 0.225530
vt 0.833998 0.203523
vt 0.867600 0.209512
vt 0.909133 0.225280
vt 0.901165 0.203321
vt 0.840937 0.180746
vt 0.867522 0.183775
vt 0.894089 0.180585
vt 0.791316 0.203179
vt 0.806749 0.187296
vt 0.818766 0.170667
vt 0.688113 0.074315
vt 0.700478 0.059970
vt 0.714410 0.043202
vt 0.928316 0.186930
vt 0.943844 0.202719
vt 0.916199 0.170373
vt 0.605211 0.090611
vt 0.698819 0.090001
vt 0.588643 0.077372
vt 0.715213 0.076548
vt 0.571055 0.065067
vt 0.732639 0.064015
vt 0.770967 0.178022
vt 0.790618 0.167762
vt 0.944329 0.167298
vt 0.964042 0.177439
vt 0.807315 0.158407
vt 0.927576 0.158044
vt 0.600462 0.113197
vt 0.703861 0.112523
vt 0.578767 0.110698
vt 0.725522 0.109742
vt 0.557386 0.105748
vt 0.746837 0.104514
vt 0.756652 0.132054
vt 0.778735 0.132382
vt 0.955998 0.131847
vt 0.978079 0.131385
vt 0.799816 0.131808
vt 0.934914 0.131400
vt 0.603734 0.137212
vt 0.700903 0.136578
vt 0.583297 0.143283
vt 0.721417 0.142383
vt 0.562462 0.149082
vt 0.742326 0.147909
vt 0.765128 0.084768
vt 0.784584 0.095014
vt 0.949922 0.094514
vt 0.969316 0.084151
vt 0.804222 0.103855
vt 0.930339 0.103474
vt 0.613883 0.157714
vt 0.691022 0.157211
vt 0.599957 0.168219
vt 0.705084 0.167533
vt 0.582051 0.181499
vt 0.723162 0.180579
vt 0.788603 0.050412
vt 0.802334 0.069260
vt 0.932018 0.068869
vt 0.945634 0.049937
vt 0.817093 0.086048
vt 0.917360 0.085746
vt 0.641495 0.144796
vt 0.638603 0.157145
vt 0.666296 0.156965
vt 0.663244 0.144655
vt 0.632705 0.170003
vt 0.672362 0.169744
vt 0.623959 0.185337
vt 0.681308 0.184963
vt 0.613477 0.204421
vt 0.692037 0.203909
vt 0.824353 0.027783
vt 0.831057 0.050768
vt 0.903183 0.050550
vt 0.909748 0.027525
vt 0.839626 0.075391
vt 0.894763 0.075225
vt 0.652383 0.146788
vt 0.652473 0.160614
vt 0.652558 0.173604
vt 0.652671 0.190942
vt 0.652819 0.213535
vt 0.867031 0.021364
vt 0.867100 0.044083
vt 0.867173 0.068296
vt 0.844670 0.154849
vt 0.867440 0.156259
vt 0.890200 0.154712
vt 0.822431 0.154162
vt 0.912434 0.153890
vt 0.845058 0.129909
vt 0.867358 0.129376
vt 0.889661 0.129774
vt 0.843953 0.103715
vt 0.867271 0.100453
vt 0.890607 0.103574
vt 0.820319 0.105980
vt 0.914255 0.105697
vt 0.823795 0.131285
vt 0.910932 0.131023
vt 0.652053 0.096255
vt 0.642896 0.096229
vt 0.661209 0.096110
vt 0.652125 0.107316
vt 0.641569 0.106721
vt 0.662673 0.106584
vt 0.652207 0.119840
vt 0.640937 0.119380
vt 0.663470 0.119233
vt 0.652293 0.132998
vt 0.641113 0.132718
vt 0.663468 0.132572
vn -0.087011 0.694459 0.714252
vn -0.087011 0.694459 0.714252
vn -0.087011 0.694459 0.714252
vn -0.087011 0.694459 0.714252
vn 0.260511 0.483851 0.835477
vn 0.165191 0.721918 0.671973
vn 0.000000 0.718838 0.695178
vn 0.000000 0.480532 0.876977
vn 0.000000 0.480532 0.876977
vn -0.260511 0.483851 0.835477
vn -0.318449 0.250086 0.914356
vn 0.000000 0.250464 0.968126
vn 0.260511 0.483851 0.835477
vn 0.000000 0.480532 0.876977
vn 0.000000 0.250464 0.968126
vn 0.318449 0.250086 0.914356
vn -0.165191 0.721918 0.671972
vn 0.000000 0.718838 0.695178
vn 0.000000 0.819106 0.573642
vn -0.101195 0.812569 0.574014
vn 0.000000 0.718838 0.695178
vn 0.165191 0.721918 0.671973
vn 0.101195 0.812568 0.574014
vn 0.000000 0.819106 0.573642
vn 0.195596 0.862271 0.467151
vn 0.101195 0.812568 0.574014
vn 0.165191 0.721918 0.671973
vn 0.307988 0.742917 0.594321
vn -0.101195 0.812569 0.574014
vn -0.195596 0.862271 0.467152
vn -0.307988 0.742917 0.594321
vn -0.165191 0.721918 0.671972
vn -0.307988 0.742917 0.594321
vn -0.195596 0.862271 0.467152
vn -0.238934 0.939816 0.244247
vn -0.496437 0.793356 0.352330
vn 0.195596 0.862271 0.467151
vn 0.307988 0.742917 0.594321
vn 0.496438 0.793356 0.352330
vn 0.238934 0.939816 0.244247
vn 0.253540 0.967246 0.012389
vn 0.238934 0.939816 0.244247
vn 0.496438 0.793356 0.352330
vn 0.588142 0.807899 0.037270
vn -0.238934 0.939816 0.244247
vn -0.253540 0.967246 0.012389
vn -0.588142 0.807899 0.037270
vn -0.496437 0.793356 0.352330
vn -0.588142 0.807899 0.037270
vn -0.253540 0.967246 0.012389
vn -0.245553 0.939647 -0.238257
vn -0.578613 0.759722 -0.296697
vn 0.253540 0.967246 0.012389
vn 0.588142 0.807899 0.037270
vn 0.578613 0.759722 -0.296696
vn 0.245553 0.939647 -0.238257
vn -0.578613 0.759722 -0.296697
vn -0.245553 0.939647 -0.238257
vn -0.182419 0.873105 -0.452119
vn -0.362441 0.688708 -0.627948
vn 0.245553 0.939647 -0.238257
vn 0.578613 0.759722 -0.296696
vn 0.362442 0.688708 -0.627947
vn 0.182419 0.873105 -0.452119
vn -0.260511 0.483851 0.835477
vn -0.165191 0.721918 0.671972
vn -0.307988 0.742917 0.594321
vn -0.470886 0.489375 0.734016
vn -0.318449 0.250086 0.914356
vn -0.260511 0.483851 0.835477
vn -0.470886 0.489375 0.734016
vn -0.555943 0.252423 0.791966
vn -0.331725 0.178932 0.926252
vn -0.318449 0.250086 0.914356
vn -0.555943 0.252423 0.791966
vn -0.574320 0.164593 0.801914
vn 0.000000 0.250464 0.968126
vn -0.318449 0.250086 0.914356
vn -0.331725 0.178932 0.926252
vn 0.000000 0.182113 0.983278
vn 0.318449 0.250086 0.914356
vn 0.000000 0.250464 0.968126
vn 0.000000 0.182113 0.983278
vn 0.331725 0.178932 0.926252
vn 0.000000 0.079660 0.996822
vn -0.349862 0.078752 0.933485
vn -0.357704 -0.078582 0.930523
vn 0.000000 -0.099027 0.995085
vn 0.349862 0.078752 0.933485
vn 0.000000 0.079660 0.996822
vn 0.000000 -0.099027 0.995085
vn 0.357704 -0.078582 0.930523
vn 0.000000 -0.099027 0.995085
vn -0.357704 -0.078582 0.930523
vn -0.324631 -0.510984 0.795933
vn 0.000000 -0.555331 0.831629
vn 0.357704 -0.078582 0.930523
vn 0.000000 -0.099027 0.995085
vn 0.000000 -0.555331 0.831629
vn 0.324631 -0.510984 0.795933
vn -0.357704 -0.078582 0.930523
vn -0.349862 0.078752 0.933485
vn -0.602845 0.078307 0.794006
vn -0.607071 -0.038955 0.793692
vn -0.568969 -0.373531 0.732632
vn -0.324631 -0.510984 0.795933
vn -0.357704 -0.078582 0.930523
vn -0.607071 -0.038955 0.793692
vn 0.260511 0.483851 0.835477
vn 0.470886 0.489375 0.734016
vn 0.307988 0.742917 0.594321
vn 0.165191 0.721918 0.671973
vn 0.318449 0.250086 0.914356
vn 0.555943 0.252423 0.791966
vn 0.470886 0.489375 0.734016
vn 0.260511 0.483851 0.835477
vn 0.331725 0.178932 0.926252
vn 0.574320 0.164593 0.801914
vn 0.555943 0.252423 0.791966
vn 0.318449 0.250086 0.914356
vn 0.357704 -0.078582 0.930523
vn 0.607071 -0.038955 0.793692
vn 0.602845 0.078307 0.794006
vn 0.349862 0.078752 0.933485
vn 0.324631 -0.510984 0.795933
vn 0.568969 -0.373531 0.732632
vn 0.607071 -0.038955 0.793692
vn 0.357704 -0.078582 0.930523
vn -0.470886 0.489375 0.734016
vn -0.307988 0.742917 0.594321
vn -0.496437 0.793356 0.352330
vn -0.764158 0.500151 0.407322
vn 0.307988 0.742917 0.594321
vn 0.470886 0.489375 0.734016
vn 0.764158 0.500151 0.407323
vn 0.496438 0.793356 0.352330
vn -0.555943 0.252423 0.791966
vn -0.470886 0.489375 0.734016
vn -0.764158 0.500151 0.407322
vn -0.860457 0.245953 0.446230
vn 0.470886 0.489375 0.734016
vn 0.555943 0.252423 0.791966
vn 0.860457 0.245953 0.446230
vn 0.764158 0.500151 0.407323
vn -0.574320 0.164593 0.801914
vn -0.555943 0.252423 0.791966
vn -0.860457 0.245953 0.446230
vn -0.881328 0.147555 0.448875
vn 0.555943 0.252423 0.791966
vn 0.574320 0.164593 0.801914
vn 0.881328 0.147554 0.448875
vn 0.860457 0.245953 0.446230
vn -0.607071 -0.038955 0.793692
vn -0.602845 0.078307 0.794006
vn -0.888757 0.110028 0.444978
vn -0.893782 0.008342 0.448424
vn 0.602845 0.078307 0.794006
vn 0.607071 -0.038955 0.793692
vn 0.893782 0.008342 0.448424
vn 0.888757 0.110028 0.444978
vn -0.568969 -0.373531 0.732632
vn -0.607071 -0.038955 0.793692
vn -0.893782 0.008342 0.448424
vn -0.872648 -0.287268 0.394921
vn 0.607071 -0.038955 0.793692
vn 0.568969 -0.373531 0.732632
vn 0.872648 -0.287268 0.394921
vn 0.893782 0.008342 0.448424
vn -0.764158 0.500151 0.407322
vn -0.496437 0.793356 0.352330
vn -0.588142 0.807899 0.037270
vn -0.869936 0.489636 0.058891
vn 0.496438 0.793356 0.352330
vn 0.764158 0.500151 0.407323
vn 0.869936 0.489636 0.058892
vn 0.588142 0.807899 0.037270
vn -0.860457 0.245953 0.446230
vn -0.764158 0.500151 0.407322
vn -0.869936 0.489636 0.058891
vn -0.969790 0.236391 0.060225
vn 0.764158 0.500151 0.407323
vn 0.860457 0.245953 0.446230
vn 0.969790 0.236391 0.060226
vn 0.869936 0.489636 0.058892
vn -0.881328 0.147555 0.448875
vn -0.860457 0.245953 0.446230
vn -0.969790 0.236391 0.060225
vn -0.987509 0.136521 0.078658
vn 0.860457 0.245953 0.446230
vn 0.881328 0.147554 0.448875
vn 0.987509 0.136521 0.078658
vn 0.969790 0.236391 0.060226
vn -0.893782 0.008342 0.448424
vn -0.888757 0.110028 0.444978
vn -0.989571 0.124861 0.071832
vn -0.997489 0.015759 0.069049
vn 0.888757 0.110028 0.444978
vn 0.893782 0.008342 0.448424
vn 0.997489 0.015759 0.069049
vn 0.989571 0.124861 0.071832
vn -0.872648 -0.287268 0.394921
vn -0.893782 0.008342 0.448424
vn -0.997489 0.015759 0.069049
vn -0.948993 -0.309330 0.061055
vn 0.893782 0.008342 0.448424
vn 0.872648 -0.287268 0.394921
vn 0.948993 -0.309330 0.061054
vn 0.997489 0.015759 0.069049
vn -0.869936 0.489636 0.058891
vn -0.588142 0.807899 0.037270
vn -0.578613 0.759722 -0.296697
vn -0.818065 0.474347 -0.325215
vn 0.588142 0.807899 0.037270
vn 0.869936 0.489636 0.058892
vn 0.818065 0.474347 -0.325215
vn 0.578613 0.759722 -0.296696
vn -0.969790 0.236391 0.060225
vn -0.869936 0.489636 0.058891
vn -0.818065 0.474347 -0.325215
vn -0.911786 0.245854 -0.328940
vn 0.869936 0.489636 0.058892
vn 0.969790 0.236391 0.060226
vn 0.911786 0.245854 -0.328940
vn 0.818065 0.474347 -0.325215
vn -0.987509 0.136521 0.078658
vn -0.969790 0.236391 0.060225
vn -0.911786 0.245854 -0.328940
vn -0.933795 0.151918 -0.323957
vn 0.969790 0.236391 0.060226
vn 0.987509 0.136521 0.078658
vn 0.933795 0.151918 -0.323957
vn 0.911786 0.245854 -0.328940
vn -0.997489 0.015759 0.069049
vn -0.989571 0.124861 0.071832
vn -0.941114 0.093502 -0.324903
vn -0.946760 -0.004335 -0.321910
vn 0.989571 0.124861 0.071832
vn 0.997489 0.015759 0.069049
vn 0.946760 -0.004335 -0.321910
vn 0.941114 0.093502 -0.324903
vn -0.948993 -0.309330 0.061055
vn -0.997489 0.015759 0.069049
vn -0.946760 -0.004335 -0.321910
vn -0.919444 -0.284817 -0.271114
vn 0.997489 0.015759 0.069049
vn 0.948993 -0.309330 0.061054
vn 0.919444 -0.284817 -0.271114
vn 0.946760 -0.004335 -0.321910
vn -0.818065 0.474347 -0.325215
vn -0.578613 0.759722 -0.296697
vn -0.362441 0.688708 -0.627948
vn -0.557870 0.441784 -0.702572
vn 0.578613 0.759722 -0.296696
vn 0.818065 0.474347 -0.325215
vn 0.557870 0.441784 -0.702572
vn 0.362442 0.688708 -0.627947
vn -0.911786 0.245854 -0.328940
vn -0.818065 0.474347 -0.325215
vn -0.557870 0.441784 -0.702572
vn -0.641691 0.243531 -0.727273
vn 0.818065 0.474347 -0.325215
vn 0.911786 0.245854 -0.328940
vn 0.641690 0.243532 -0.727273
vn 0.557870 0.441784 -0.702572
vn -0.933795 0.151918 -0.323957
vn -0.911786 0.245854 -0.328940
vn -0.641691 0.243531 -0.727273
vn -0.668204 0.167579 -0.724859
vn 0.911786 0.245854 -0.328940
vn 0.933795 0.151918 -0.323957
vn 0.668204 0.167579 -0.724859
vn 0.641690 0.243532 -0.727273
vn -0.946760 -0.004335 -0.321910
vn -0.941114 0.093502 -0.324903
vn -0.679319 0.034951 -0.733011
vn -0.689417 -0.063622 -0.721565
vn 0.941114 0.093502 -0.324903
vn 0.946760 -0.004335 -0.321910
vn 0.689417 -0.063622 -0.721565
vn 0.679319 0.034951 -0.733011
vn -0.919444 -0.284817 -0.271114
vn -0.946760 -0.004335 -0.321910
vn -0.689417 -0.063622 -0.721565
vn -0.619641 -0.392335 -0.679793
vn 0.946760 -0.004335 -0.321910
vn 0.919444 -0.284817 -0.271114
vn 0.619641 -0.392335 -0.679793
vn 0.689417 -0.063622 -0.721565
vn -0.362441 0.688708 -0.627948
vn -0.182419 0.873105 -0.452119
vn -0.062652 0.862661 -0.501888
vn -0.126453 0.662488 -0.738322
vn 0.182419 0.873105 -0.452119
vn 0.362442 0.688708 -0.627947
vn 0.126453 0.662488 -0.738322
vn 0.062652 0.862661 -0.501887
vn -0.557870 0.441784 -0.702572
vn -0.362441 0.688708 -0.627948
vn -0.126453 0.662488 -0.738322
vn -0.225904 0.421691 -0.878148
vn 0.362442 0.688708 -0.627947
vn 0.557870 0.441784 -0.702572
vn 0.225904 0.421691 -0.878148
vn 0.126453 0.662488 -0.738322
vn -0.641691 0.243531 -0.727273
vn -0.557870 0.441784 -0.702572
vn -0.225904 0.421691 -0.878148
vn -0.300791 0.240427 -0.922887
vn 0.557870 0.441784 -0.702572
vn 0.641690 0.243532 -0.727273
vn 0.300791 0.240427 -0.922887
vn 0.225904 0.421691 -0.878148
vn -0.668204 0.167579 -0.724859
vn -0.641691 0.243531 -0.727273
vn -0.300791 0.240427 -0.922887
vn -0.327892 0.171983 -0.928929
vn 0.641690 0.243532 -0.727273
vn 0.668204 0.167579 -0.724859
vn 0.327892 0.171983 -0.928929
vn 0.300791 0.240427 -0.922887
vn -0.689417 -0.063622 -0.721565
vn -0.679319 0.034951 -0.733011
vn -0.367694 0.039467 -0.929109
vn -0.383517 -0.101640 -0.917924
vn 0.679319 0.034951 -0.733011
vn 0.689417 -0.063622 -0.721565
vn 0.383517 -0.101640 -0.917924
vn 0.367694 0.039466 -0.929109
vn -0.619641 -0.392335 -0.679793
vn -0.689417 -0.063622 -0.721565
vn -0.383517 -0.101640 -0.917924
vn -0.344761 -0.528825 -0.775554
vn 0.689417 -0.063622 -0.721565
vn 0.619641 -0.392335 -0.679793
vn 0.344761 -0.528825 -0.775554
vn 0.383517 -0.101640 -0.917924
vn -0.126453 0.662488 -0.738322
vn -0.062652 0.862661 -0.501888
vn 0.000000 0.855845 -0.517233
vn 0.000000 0.646125 -0.763231
vn 0.062652 0.862661 -0.501887
vn 0.126453 0.662488 -0.738322
vn 0.000000 0.646125 -0.763231
vn 0.000000 0.855845 -0.517233
vn -0.225904 0.421691 -0.878148
vn -0.126453 0.662488 -0.738322
vn 0.000000 0.646125 -0.763231
vn 0.000000 0.424290 -0.905526
vn 0.126453 0.662488 -0.738322
vn 0.225904 0.421691 -0.878148
vn 0.000000 0.424290 -0.905526
vn 0.000000 0.646125 -0.763231
vn -0.300791 0.240427 -0.922887
vn -0.225904 0.421691 -0.878148
vn 0.000000 0.424290 -0.905526
vn 0.000000 0.248058 -0.968745
vn 0.225904 0.421691 -0.878148
vn 0.300791 0.240427 -0.922887
vn 0.000000 0.248058 -0.968745
vn 0.000000 0.424290 -0.905526
vn -0.327892 0.171983 -0.928929
vn -0.300791 0.240427 -0.922887
vn 0.000000 0.248058 -0.968745
vn 0.000000 0.177494 -0.984122
vn 0.300791 0.240427 -0.922887
vn 0.327892 0.171983 -0.928929
vn 0.000000 0.177494 -0.984122
vn 0.000000 0.248058 -0.968745
vn -0.383517 -0.101640 -0.917924
vn -0.367694 0.039467 -0.929109
vn 0.000000 0.059171 -0.998248
vn 0.000000 -0.111169 -0.993802
vn 0.367694 0.039466 -0.929109
vn 0.383517 -0.101640 -0.917924
vn 0.000000 -0.111169 -0.993802
vn 0.000000 0.059171 -0.998248
vn -0.344761 -0.528825 -0.775554
vn -0.383517 -0.101640 -0.917924
vn 0.000000 -0.111169 -0.993802
vn 0.000000 -0.556476 -0.830864
vn 0.383517 -0.101640 -0.917924
vn 0.344761 -0.528825 -0.775554
vn 0.000000 -0.556476 -0.830864
vn 0.000000 -0.111169 -0.993802
vn 0.000000 -0.555331 0.831629
vn -0.324631 -0.510984 0.795933
vn -0.250992 -0.880208 0.402787
vn 0.000000 -0.914691 0.404154
vn 0.324631 -0.510984 0.795933
vn 0.000000 -0.555331 0.831629
vn 0.000000 -0.914691 0.404154
vn 0.250992 -0.880208 0.402787
vn -0.250992 -0.880208 0.402787
vn -0.324631 -0.510984 0.795933
vn -0.568969 -0.373531 0.732632
vn -0.568791 -0.730155 0.378617
vn 0.324631 -0.510984 0.795933
vn 0.250992 -0.880208 0.402787
vn 0.568791 -0.730155 0.378617
vn 0.568969 -0.373531 0.732632
vn 0.000000 -0.914691 0.404154
vn -0.250992 -0.880208 0.402787
vn -0.230656 -0.972418 0.034666
vn 0.000000 -0.999570 0.029312
vn 0.250992 -0.880208 0.402787
vn 0.000000 -0.914691 0.404154
vn 0.000000 -0.999570 0.029312
vn 0.230656 -0.972418 0.034666
vn 0.000000 -0.999570 0.029312
vn -0.230656 -0.972418 0.034666
vn -0.264728 -0.893179 -0.363525
vn 0.000000 -0.917622 -0.397454
vn 0.230656 -0.972418 0.034666
vn 0.000000 -0.999570 0.029312
vn 0.000000 -0.917622 -0.397454
vn 0.264728 -0.893179 -0.363525
vn 0.000000 -0.917622 -0.397454
vn -0.264728 -0.893179 -0.363525
vn -0.344761 -0.528825 -0.775554
vn 0.000000 -0.556476 -0.830864
vn 0.264728 -0.893179 -0.363525
vn 0.000000 -0.917622 -0.397454
vn 0.000000 -0.556476 -0.830864
vn 0.344761 -0.528825 -0.775554
vn -0.619641 -0.392335 -0.679793
vn -0.344761 -0.528825 -0.775554
vn -0.264728 -0.893179 -0.363525
vn -0.594323 -0.747399 -0.296941
vn 0.344761 -0.528825 -0.775554
vn 0.619641 -0.392335 -0.679793
vn 0.594323 -0.747399 -0.296941
vn 0.264728 -0.893179 -0.363525
vn -0.594323 -0.747399 -0.296941
vn -0.264728 -0.893179 -0.363525
vn -0.230656 -0.972418 0.034666
vn -0.594804 -0.802205 0.051731
vn 0.264728 -0.893179 -0.363525
vn 0.594323 -0.747399 -0.296941
vn 0.594804 -0.802205 0.051731
vn 0.230656 -0.972418 0.034666
vn -0.594804 -0.802205 0.051731
vn -0.230656 -0.972418 0.034666
vn -0.250992 -0.880208 0.402787
vn -0.568791 -0.730155 0.378617
vn 0.230656 -0.972418 0.034666
vn 0.594804 -0.802205 0.051731
vn 0.568791 -0.730155 0.378617
vn 0.250992 -0.880208 0.402787
vn -0.948993 -0.309330 0.061055
vn -0.919444 -0.284817 -0.271114
vn -0.594323 -0.747399 -0.296941
vn -0.594804 -0.802205 0.051731
vn 0.919444 -0.284817 -0.271114
vn 0.948993 -0.309330 0.061054
vn 0.594804 -0.802205 0.051731
vn 0.594323 -0.747399 -0.296941
vn -0.872648 -0.287268 0.394921
vn -0.948993 -0.309330 0.061055
vn -0.594804 -0.802205 0.051731
vn -0.568791 -0.730155 0.378617
vn 0.948993 -0.309330 0.061054
vn 0.872648 -0.287268 0.394921
vn 0.568791 -0.730155 0.378617
vn 0.594804 -0.802205 0.051731
vn 0.568791 -0.730155 0.378617
vn 0.872648 -0.287268 0.394921
vn 0.568969 -0.373531 0.732632
vn -0.872648 -0.287268 0.394921
vn -0.568791 -0.730155 0.378617
vn -0.568969 -0.373531 0.732632
vn 0.919444 -0.284817 -0.271114
vn 0.594323 -0.747399 -0.296941
vn 0.619641 -0.392335 -0.679793
vn -0.594323 -0.747399 -0.296941
vn -0.919444 -0.284817 -0.271114
vn -0.619641 -0.392335 -0.679793
vn -0.101195 0.812569 0.574014
vn 0.000000 0.819106 0.573642
vn 0.000000 0.934831 0.355093
vn -0.055869 0.935290 0.349444
vn 0.000000 0.819106 0.573642
vn 0.101195 0.812568 0.574014
vn 0.055869 0.935291 0.349443
vn 0.000000 0.934831 0.355093
vn -0.055869 0.935290 0.349444
vn 0.000000 0.934831 0.355093
vn 0.000000 0.987051 0.160406
vn -0.079561 0.982282 0.169684
vn 0.000000 0.934831 0.355093
vn 0.055869 0.935291 0.349443
vn 0.079561 0.982282 0.169683
vn 0.000000 0.987051 0.160406
vn -0.079561 0.982282 0.169684
vn 0.000000 0.987051 0.160406
vn 0.000000 0.999354 -0.035947
vn -0.087312 0.995828 -0.026517
vn 0.000000 0.987051 0.160406
vn 0.079561 0.982282 0.169683
vn 0.087312 0.995828 -0.026518
vn 0.000000 0.999354 -0.035947
vn -0.087312 0.995828 -0.026517
vn 0.000000 0.999354 -0.035947
vn 0.000000 0.968887 -0.247503
vn -0.068253 0.973994 -0.216050
vn 0.000000 0.999354 -0.035947
vn 0.087312 0.995828 -0.026518
vn 0.068253 0.973994 -0.216050
vn 0.000000 0.968887 -0.247503
vn -0.055869 0.935290 0.349444
vn -0.079561 0.982282 0.169684
vn -0.238934 0.939816 0.244247
vn -0.195596 0.862271 0.467152
vn 0.079561 0.982282 0.169683
vn 0.055869 0.935291 0.349443
vn 0.195596 0.862271 0.467151
vn 0.238934 0.939816 0.244247
vn -0.238934 0.939816 0.244247
vn -0.079561 0.982282 0.169684
vn -0.087312 0.995828 -0.026517
vn -0.253540 0.967246 0.012389
vn 0.079561 0.982282 0.169683
vn 0.238934 0.939816 0.244247
vn 0.253540 0.967246 0.012389
vn 0.087312 0.995828 -0.026518
vn 0.000000 0.968887 -0.247503
vn 0.068253 0.973994 -0.216050
vn 0.062652 0.862661 -0.501887
vn 0.000000 0.855845 -0.517233
vn -0.068253 0.973994 -0.216050
vn 0.000000 0.968887 -0.247503
vn 0.000000 0.855845 -0.517233
vn -0.062652 0.862661 -0.501888
vn -0.087312 0.995828 -0.026517
vn -0.068253 0.973994 -0.216050
vn -0.245553 0.939647 -0.238257
vn -0.253540 0.967246 0.012389
vn 0.068253 0.973994 -0.216050
vn 0.087312 0.995828 -0.026518
vn 0.253540 0.967246 0.012389
vn 0.245553 0.939647 -0.238257
vn 0.062652 0.862661 -0.501887
vn 0.068253 0.973994 -0.216050
vn 0.245553 0.939647 -0.238257
vn 0.182419 0.873105 -0.452119
vn -0.068253 0.973994 -0.216050
vn -0.062652 0.862661 -0.501888
vn -0.182419 0.873105 -0.452119
vn -0.245553 0.939647 -0.238257
vn 0.101195 0.812568 0.574014
vn 0.195596 0.862271 0.467151
vn 0.055869 0.935291 0.349443
vn -0.195596 0.862271 0.467152
vn -0.101195 0.812569 0.574014
vn -0.055869 0.935290 0.349444
s off
g Dwarf_low1 DwarfBody_low
usemtl lambert2SG
f 1444/1772/5574 1445/1773/5575 1446/1774/5576 1447/1775/5577
f 1449/1776/5578 1448/1777/5579 1446/1774/5580 1445/1773/5581
f 1445/1773/5582 1444/1772/5583 1450/1778/5584 1451/1779/5585
f 1449/1776/5586 1445/1773/5587 1451/1779/5588 1452/1780/5589
f 1447/1775/5590 1446/1774/5591 1453/1781/5592 1454/1782/5593
f 1446/1774/5594 1448/1777/5595 1455/1783/5596 1453/1781/5597
f 1459/1784/5598 1455/1783/5599 1448/1777/5600 1458/1785/5601
f 1454/1782/5602 1457/1786/5603 1456/1787/5604 1447/1775/5605
f 1456/1787/5606 1457/1786/5607 1461/1788/5608 1460/1789/5609
f 1459/1784/5610 1458/1785/5611 1462/1790/5612 1463/1791/5613
f 1467/1792/5614 1463/1791/5615 1462/1790/5616 1466/1793/5617
f 1461/1788/5618 1465/1794/5619 1464/1795/5620 1460/1789/5621
f 1464/1795/5622 1465/1794/5623 1469/1796/5624 1468/1797/5625
f 1467/1792/5626 1466/1793/5627 1470/1798/5628 1471/1799/5629
f 1468/1797/5630 1469/1796/5631 1473/1800/5632 1472/1801/5633
f 1471/1799/5634 1470/1798/5635 1474/1802/5636 1475/1803/5637
f 1444/1772/5638 1447/1775/5639 1456/1787/5640 1485/1804/5641
f 1450/1778/5642 1444/1772/5643 1485/1804/5644 1487/1805/5645
f 1476/1806/5646 1450/1778/5647 1487/1805/5648 1489/1807/5649
f 1451/1779/5650 1450/1778/5651 1476/1806/5652 1478/1808/5653
f 1452/1780/5654 1451/1779/5655 1478/1808/5656 1477/1809/5657
f 1478/1810/5658 1476/1811/5659 1479/1812/5660 1480/1813/5661
f 1477/1814/5662 1478/1810/5663 1480/1813/5664 1481/1815/5665
f 1480/1813/5666 1479/1812/5667 1482/1816/5668 1483/1817/5669
f 1481/1815/5670 1480/1813/5671 1483/1817/5672 1484/1818/5673
f 1479/1812/5674 1476/1811/5675 1489/1819/5676 1491/1820/5677
f 1493/1821/5678 1482/1816/5679 1479/1812/5680 1491/1820/5681
f 1449/1776/5682 1486/1822/5683 1458/1785/5684 1448/1777/5685
f 1452/1780/5686 1488/1823/5687 1486/1822/5688 1449/1776/5689
f 1477/1809/5690 1490/1824/5691 1488/1823/5692 1452/1780/5693
f 1481/1815/5694 1492/1825/5695 1490/1826/5696 1477/1814/5697
f 1484/1818/5698 1494/1827/5699 1492/1825/5700 1481/1815/5701
f 1485/1804/5702 1456/1787/5703 1460/1789/5704 1495/1828/5705
f 1458/1785/5706 1486/1822/5707 1496/1829/5708 1462/1790/5709
f 1487/1805/5710 1485/1804/5711 1495/1828/5712 1497/1830/5713
f 1486/1822/5714 1488/1823/5715 1498/1831/5716 1496/1829/5717
f 1489/1807/5718 1487/1805/5719 1497/1830/5720 1499/1832/5721
f 1488/1823/5722 1490/1824/5723 1500/1833/5724 1498/1831/5725
f 1491/1820/5726 1489/1819/5727 1499/1834/5728 1501/1835/5729
f 1490/1826/5730 1492/1825/5731 1502/1836/5732 1500/1837/5733
f 1493/1821/5734 1491/1820/5735 1501/1835/5736 1503/1838/5737
f 1492/1825/5738 1494/1827/5739 1504/1839/5740 1502/1836/5741
f 1495/1828/5742 1460/1789/5743 1464/1795/5744 1505/1840/5745
f 1462/1790/5746 1496/1829/5747 1506/1841/5748 1466/1793/5749
f 1497/1830/5750 1495/1828/5751 1505/1840/5752 1507/1842/5753
f 1496/1829/5754 1498/1831/5755 1508/1843/5756 1506/1841/5757
f 1499/1832/5758 1497/1830/5759 1507/1842/5760 1509/1844/5761
f 1498/1831/5762 1500/1833/5763 1510/1845/5764 1508/1843/5765
f 1501/1835/5766 1499/1834/5767 1509/1846/5768 1511/1847/5769
f 1500/1837/5770 1502/1836/5771 1512/1848/5772 1510/1849/5773
f 1503/1838/5774 1501/1835/5775 1511/1847/5776 1513/1850/5777
f 1502/1836/5778 1504/1839/5779 1514/1851/5780 1512/1848/5781
f 1505/1840/5782 1464/1795/5783 1468/1797/5784 1515/1852/5785
f 1466/1793/5786 1506/1841/5787 1516/1853/5788 1470/1798/5789
f 1507/1842/5790 1505/1840/5791 1515/1852/5792 1517/1854/5793
f 1506/1841/5794 1508/1843/5795 1518/1855/5796 1516/1853/5797
f 1509/1844/5798 1507/1842/5799 1517/1854/5800 1519/1856/5801
f 1508/1843/5802 1510/1845/5803 1520/1857/5804 1518/1855/5805
f 1511/1847/5806 1509/1846/5807 1519/1858/5808 1521/1859/5809
f 1510/1849/5810 1512/1848/5811 1522/1860/5812 1520/1861/5813
f 1513/1850/5814 1511/1847/5815 1521/1859/5816 1523/1862/5817
f 1512/1848/5818 1514/1851/5819 1524/1863/5820 1522/1860/5821
f 1515/1852/5822 1468/1797/5823 1472/1801/5824 1525/1864/5825
f 1470/1798/5826 1516/1853/5827 1526/1865/5828 1474/1802/5829
f 1517/1854/5830 1515/1852/5831 1525/1864/5832 1527/1866/5833
f 1516/1853/5834 1518/1855/5835 1528/1867/5836 1526/1865/5837
f 1519/1856/5838 1517/1854/5839 1527/1866/5840 1529/1868/5841
f 1518/1855/5842 1520/1857/5843 1530/1869/5844 1528/1867/5845
f 1521/1859/5846 1519/1858/5847 1529/1870/5848 1531/1871/5849
f 1520/1861/5850 1522/1860/5851 1532/1872/5852 1530/1873/5853
f 1523/1862/5854 1521/1859/5855 1531/1871/5856 1533/1874/5857
f 1522/1860/5858 1524/1863/5859 1534/1875/5860 1532/1872/5861
f 1472/1801/5862 1473/1800/5863 1536/1876/5864 1535/1877/5865
f 1475/1803/5866 1474/1802/5867 1537/1878/5868 1538/1879/5869
f 1525/1864/5870 1472/1801/5871 1535/1877/5872 1539/1880/5873
f 1474/1802/5874 1526/1865/5875 1540/1881/5876 1537/1878/5877
f 1527/1866/5878 1525/1864/5879 1539/1880/5880 1541/1882/5881
f 1526/1865/5882 1528/1867/5883 1542/1883/5884 1540/1881/5885
f 1529/1868/5886 1527/1866/5887 1541/1882/5888 1543/1884/5889
f 1528/1867/5890 1530/1869/5891 1544/1885/5892 1542/1883/5893
f 1531/1871/5894 1529/1870/5895 1543/1886/5896 1545/1887/5897
f 1530/1873/5898 1532/1872/5899 1546/1888/5900 1544/1889/5901
f 1533/1874/5902 1531/1871/5903 1545/1887/5904 1547/1890/5905
f 1532/1872/5906 1534/1875/5907 1548/1891/5908 1546/1888/5909
f 1535/1877/5910 1536/1876/5911 1550/1892/5912 1549/1893/5913
f 1538/1879/5914 1537/1878/5915 1549/1893/5916 1550/1892/5917
f 1539/1880/5918 1535/1877/5919 1549/1893/5920 1551/1894/5921
f 1537/1878/5922 1540/1881/5923 1551/1894/5924 1549/1893/5925
f 1541/1882/5926 1539/1880/5927 1551/1894/5928 1552/1895/5929
f 1540/1881/5930 1542/1883/5931 1552/1895/5932 1551/1894/5933
f 1543/1884/5934 1541/1882/5935 1552/1895/5936 1553/1896/5937
f 1542/1883/5938 1544/1885/5939 1553/1896/5940 1552/1895/5941
f 1545/1887/5942 1543/1886/5943 1553/1897/5944 1554/1898/5945
f 1544/1889/5946 1546/1888/5947 1554/1898/5948 1553/1897/5949
f 1547/1890/5950 1545/1887/5951 1554/1898/5952 1555/1899/5953
f 1546/1888/5954 1548/1891/5955 1555/1899/5956 1554/1898/5957
f 1483/1817/5958 1482/1816/5959 1556/1900/5960 1557/1901/5961
f 1484/1818/5962 1483/1817/5963 1557/1901/5964 1558/1902/5965
f 1556/1900/5966 1482/1816/5967 1493/1821/5968 1559/1903/5969
f 1484/1818/5970 1558/1902/5971 1560/1904/5972 1494/1827/5973
f 1557/1901/5974 1556/1900/5975 1561/1905/5976 1562/1906/5977
f 1558/1902/5978 1557/1901/5979 1562/1906/5980 1563/1907/5981
f 1562/1906/5982 1561/1905/5983 1564/1908/5984 1565/1909/5985
f 1563/1907/5986 1562/1906/5987 1565/1909/5988 1566/1910/5989
f 1565/1909/5990 1564/1908/5991 1547/1890/5992 1555/1899/5993
f 1566/1910/5994 1565/1909/5995 1555/1899/5996 1548/1891/5997
f 1533/1874/5998 1547/1890/5999 1564/1908/6000 1567/1911/6001
f 1548/1891/6002 1534/1875/6003 1568/1912/6004 1566/1910/6005
f 1567/1911/6006 1564/1908/6007 1561/1905/6008 1569/1913/6009
f 1566/1910/6010 1568/1912/6011 1570/1914/6012 1563/1907/6013
f 1569/1913/6014 1561/1905/6015 1556/1900/6016 1559/1903/6017
f 1563/1907/6018 1570/1914/6019 1560/1904/6020 1558/1902/6021
f 1513/1850/6022 1523/1862/6023 1567/1911/6024 1569/1913/6025
f 1524/1863/6026 1514/1851/6027 1570/1914/6028 1568/1912/6029
f 1503/1838/6030 1513/1850/6031 1569/1913/6032 1559/1903/6033
f 1514/1851/6034 1504/1839/6035 1560/1904/6036 1570/1914/6037
f 1560/1904/6038 1504/1839/6039 1494/1827/6040
f 1503/1838/6041 1559/1903/6042 1493/1821/6043
f 1524/1863/6044 1568/1912/6045 1534/1875/6046
f 1567/1911/6047 1523/1862/6048 1533/1874/6049
f 1454/1782/6050 1453/1781/6051 1571/1915/6052 1572/1916/6053
f 1453/1781/6054 1455/1783/6055 1573/1917/6056 1571/1915/6057
f 1572/1916/6058 1571/1915/6059 1574/1918/6060 1575/1919/6061
f 1571/1915/6062 1573/1917/6063 1576/1920/6064 1574/1918/6065
f 1575/1919/6066 1574/1918/6067 1577/1921/6068 1578/1922/6069
f 1574/1918/6070 1576/1920/6071 1579/1923/6072 1577/1921/6073
f 1578/1922/6074 1577/1921/6075 1581/1924/6076 1582/1925/6077
f 1577/1921/6078 1579/1923/6079 1580/1926/6080 1581/1924/6081
f 1572/1916/6082 1575/1919/6083 1461/1788/6084 1457/1786/6085
f 1576/1920/6086 1573/1917/6087 1459/1784/6088 1463/1791/6089
f 1461/1788/6090 1575/1919/6091 1578/1922/6092 1465/1794/6093
f 1576/1920/6094 1463/1791/6095 1467/1792/6096 1579/1923/6097
f 1581/1924/6098 1580/1926/6099 1538/1879/6100 1550/1892/6101
f 1582/1925/6102 1581/1924/6103 1550/1892/6104 1536/1876/6105
f 1578/1922/6106 1582/1925/6107 1469/1796/6108 1465/1794/6109
f 1580/1926/6110 1579/1923/6111 1467/1792/6112 1471/1799/6113
f 1538/1879/6114 1580/1926/6115 1471/1799/6116 1475/1803/6117
f 1582/1925/6118 1536/1876/6119 1473/1800/6120 1469/1796/6121
f 1455/1783/6122 1459/1784/6123 1573/1917/6124
f 1457/1786/6125 1454/1782/6126 1572/1916/6127
g default
v -0.000396 0.779683 0.417232
v -0.000396 0.751152 0.417713
v 0.037588 0.747167 0.417713
v 0.057796 0.772717 0.417232
v -0.058588 0.772717 0.417232
v -0.038380 0.747167 0.417713
v 0.066743 0.727482 0.417713
v 0.105899 0.742874 0.417232
v -0.106691 0.742874 0.417232
v -0.067536 0.727482 0.417713
v 0.075688 0.697178 0.417713
v 0.116700 0.695418 0.417232
v -0.117493 0.695418 0.417232
v -0.076480 0.697178 0.417713
v 0.063034 0.672185 0.417713
v 0.097557 0.655530 0.417232
v -0.098349 0.655530 0.417232
v -0.063827 0.672185 0.417713
v -0.000396 0.653515 0.417713
v -0.000396 0.623822 0.417232
v 0.057000 0.628922 0.417232
v 0.034383 0.657984 0.417713
v -0.057792 0.628922 0.417232
v -0.035175 0.657984 0.417713
v 0.060600 0.770450 0.386439
v -0.000396 0.779447 0.386439
v -0.061393 0.770450 0.386439
v 0.106971 0.742584 0.386439
v -0.107764 0.742584 0.386439
v 0.117543 0.695376 0.386439
v -0.118335 0.695376 0.386439
v 0.100721 0.656267 0.386439
v -0.101514 0.656267 0.386439
v 0.052781 0.628520 0.386439
v -0.053574 0.628520 0.386439
v -0.000396 0.623982 0.386439
v -0.039251 0.744898 0.399181
v -0.000396 0.750136 0.399181
v 0.038459 0.744898 0.399181
v -0.064997 0.725910 0.399181
v 0.064205 0.725910 0.399181
v 0.071266 0.695134 0.399181
v -0.072058 0.695134 0.399181
v 0.059163 0.672874 0.399181
v -0.059956 0.672874 0.399181
v -0.034829 0.660586 0.399181
v 0.034036 0.660586 0.399181
v -0.000396 0.656772 0.399181
v -0.000396 0.756339 -0.347090
v -0.000396 0.648318 -0.345575
v -0.161714 0.648318 -0.306972
v -0.161714 0.756339 -0.310357
v 0.160921 0.756339 -0.310357
v 0.160921 0.648318 -0.306972
v -0.293609 0.648318 -0.215980
v -0.292031 0.756339 -0.219699
v 0.291234 0.756339 -0.219696
v 0.292817 0.648318 -0.215980
v -0.369871 0.648318 -0.079542
v -0.365850 0.756339 -0.079542
v 0.365033 0.756339 -0.079542
v 0.369079 0.648318 -0.079542
v -0.383860 0.648318 0.060727
v -0.371514 0.756339 0.060727
v 0.370706 0.756339 0.060727
v 0.383068 0.648318 0.060727
v -0.346250 0.648318 0.182070
v -0.341553 0.756339 0.182070
v 0.340784 0.756339 0.182070
v 0.345457 0.648318 0.182070
v -0.265619 0.648318 0.295810
v -0.263014 0.756339 0.297114
v 0.262162 0.756339 0.296916
v 0.264826 0.648318 0.295810
v -0.138265 0.648318 0.370770
v -0.137452 0.756339 0.376055
v 0.136663 0.756339 0.376054
v 0.137472 0.648318 0.370770
v -0.000403 0.648318 0.397135
v -0.000401 0.756339 0.400415
v -0.161714 0.760452 -0.281285
v -0.000396 0.760452 -0.315042
v 0.160921 0.760452 -0.281285
v -0.267215 0.760452 -0.200182
v 0.266423 0.760452 -0.200182
v -0.336409 0.760452 -0.079542
v 0.335617 0.760452 -0.079542
v -0.351142 0.760452 0.060727
v 0.350349 0.760452 0.060727
v -0.317606 0.760452 0.182070
v 0.316813 0.760452 0.182070
v -0.240241 0.760452 0.274282
v 0.239448 0.760452 0.274282
v -0.138253 0.760452 0.341073
v 0.137471 0.760452 0.341082
v -0.000396 0.760452 0.364106
v -0.000396 0.641654 -0.303994
v -0.161714 0.641654 -0.257123
v 0.160921 0.641654 -0.257123
v -0.266235 0.641654 -0.180926
v 0.265443 0.641654 -0.180926
v -0.329413 0.641654 -0.079542
v 0.328620 0.641654 -0.079542
v -0.353789 0.641654 0.060727
v 0.352997 0.641654 0.060727
v -0.314207 0.641654 0.182070
v 0.313414 0.641654 0.182070
v -0.249926 0.641654 0.265107
v 0.249134 0.641654 0.265107
v -0.138272 0.641654 0.334670
v 0.137480 0.641654 0.334668
v -0.000396 0.641654 0.358067
v -0.000396 0.779447 0.386439
v 0.060600 0.770450 0.386439
v 0.038459 0.744898 0.399181
v -0.000396 0.750136 0.399181
v -0.061393 0.770450 0.386439
v -0.039251 0.744898 0.399181
v 0.106971 0.742584 0.386439
v 0.064205 0.725910 0.399181
v -0.107764 0.742584 0.386439
v -0.064997 0.725910 0.399181
v 0.117543 0.695376 0.386439
v 0.071266 0.695134 0.399181
v -0.072058 0.695134 0.399181
v -0.118335 0.695376 0.386439
v 0.100721 0.656267 0.386439
v 0.059163 0.672874 0.399181
v -0.059956 0.672874 0.399181
v -0.101514 0.656267 0.386439
v -0.034829 0.660586 0.399181
v -0.053574 0.628520 0.386439
v 0.034036 0.660586 0.399181
v 0.052781 0.628520 0.386439
v -0.000396 0.656772 0.399181
v -0.000396 0.623982 0.386439
v -0.000396 0.756339 -0.347090
v -0.000396 0.648318 -0.345575
v -0.161714 0.648318 -0.306972
v -0.161714 0.756339 -0.310357
v 0.160921 0.756339 -0.310357
v 0.160921 0.648318 -0.306972
v -0.293609 0.648318 -0.215980
v -0.292031 0.756339 -0.219699
v 0.291234 0.756339 -0.219696
v 0.292817 0.648318 -0.215980
v -0.369871 0.648318 -0.079542
v -0.365850 0.756339 -0.079542
v 0.365033 0.756339 -0.079542
v 0.369079 0.648318 -0.079542
v -0.383860 0.648318 0.060727
v -0.371514 0.756339 0.060727
v 0.370706 0.756339 0.060727
v 0.383068 0.648318 0.060727
v -0.346250 0.648318 0.182070
v -0.341553 0.756339 0.182070
v 0.340784 0.756339 0.182070
v 0.345457 0.648318 0.182070
v -0.265619 0.648318 0.295810
v -0.263014 0.756339 0.297114
v 0.262162 0.756339 0.296916
v 0.264826 0.648318 0.295810
v -0.138265 0.648318 0.370770
v -0.137452 0.756339 0.376055
v 0.136663 0.756339 0.376054
v 0.137472 0.648318 0.370770
v -0.000403 0.648318 0.397135
v -0.000401 0.756339 0.400415
v -0.161714 0.760452 -0.281285
v -0.000396 0.760452 -0.315042
v 0.160921 0.760452 -0.281285
v -0.267215 0.760452 -0.200182
v 0.266423 0.760452 -0.200182
v -0.336409 0.760452 -0.079542
v 0.335617 0.760452 -0.079542
v -0.351142 0.760452 0.060727
v 0.350349 0.760452 0.060727
v -0.317606 0.760452 0.182070
v 0.316813 0.760452 0.182070
v -0.240241 0.760452 0.274282
v 0.239448 0.760452 0.274282
v -0.138253 0.760452 0.341073
v 0.137471 0.760452 0.341082
v -0.000396 0.760452 0.364106
v -0.000396 0.641654 -0.303994
v -0.161714 0.641654 -0.257123
v 0.160921 0.641654 -0.257123
v -0.266235 0.641654 -0.180926
v 0.265443 0.641654 -0.180926
v -0.329413 0.641654 -0.079542
v 0.328620 0.641654 -0.079542
v -0.353789 0.641654 0.060727
v 0.352997 0.641654 0.060727
v -0.314207 0.641654 0.182070
v 0.313414 0.641654 0.182070
v -0.249926 0.641654 0.265107
v 0.249134 0.641654 0.265107
v -0.138272 0.641654 0.334670
v 0.137480 0.641654 0.334668
v -0.000396 0.641654 0.358067
vt 0.070880 0.148260
vt 0.059360 0.150708
vt 0.059295 0.145460
vt 0.066684 0.144084
vt 0.051827 0.144283
vt 0.047748 0.148580
vt 0.079098 0.141371
vt 0.072127 0.139272
vt 0.046229 0.139629
vt 0.039329 0.141884
vt 0.073777 0.132727
vt 0.081161 0.132463
vt 0.037076 0.133004
vt 0.044464 0.133096
vt 0.071421 0.127150
vt 0.077790 0.124873
vt 0.040290 0.125340
vt 0.046730 0.127475
vt 0.058915 0.116742
vt 0.070476 0.118783
vt 0.065843 0.123466
vt 0.058977 0.122365
vt 0.047435 0.119086
vt 0.052180 0.123643
vt 0.074175 0.152978
vt 0.059448 0.156728
vt 0.044588 0.153387
vt 0.083958 0.143890
vt 0.034537 0.144516
vt 0.086250 0.132148
vt 0.031983 0.132798
vt 0.082931 0.121791
vt 0.035078 0.122373
vt 0.071860 0.113320
vt 0.045914 0.113656
vt 0.058846 0.111310
vt 0.052847 0.141271
vt 0.059272 0.142350
vt 0.065563 0.141104
vt 0.048675 0.137920
vt 0.069601 0.137623
vt 0.070740 0.132528
vt 0.047506 0.132844
vt 0.068837 0.128857
vt 0.049389 0.129122
vt 0.053391 0.126729
vt 0.064734 0.126591
vt 0.058995 0.125631
vt 0.123558 0.147224
vt 0.112022 0.145449
vt 0.116342 0.140285
vt 0.123542 0.141243
vt 0.135083 0.145386
vt 0.130735 0.140245
vt 0.103332 0.140038
vt 0.111568 0.136789
vt 0.143744 0.139931
vt 0.135491 0.136725
vt 0.101347 0.131135
vt 0.110238 0.131086
vt 0.136791 0.131016
vt 0.145683 0.131019
vt 0.104448 0.123720
vt 0.112468 0.126950
vt 0.134539 0.126893
vt 0.142543 0.123620
vt 0.129884 0.124608
vt 0.133534 0.118273
vt 0.117111 0.124640
vt 0.113427 0.118325
vt 0.123495 0.123909
vt 0.123478 0.117339
vt 0.235312 0.051219
vt 0.235315 0.031121
vt 0.264932 0.031360
vt 0.264514 0.051596
vt 0.206109 0.051586
vt 0.205697 0.031349
vt 0.293352 0.031725
vt 0.292290 0.051747
vt 0.178334 0.051728
vt 0.177278 0.031706
vt 0.320979 0.032768
vt 0.320080 0.052757
vt 0.150544 0.052729
vt 0.149651 0.032740
vt 0.345924 0.033919
vt 0.345412 0.054558
vt 0.125211 0.054521
vt 0.124706 0.033881
vt 0.368525 0.034798
vt 0.368160 0.055098
vt 0.102464 0.055049
vt 0.102103 0.034752
vt 0.393324 0.035757
vt 0.393144 0.055681
vt 0.077498 0.055643
vt 0.077303 0.035712
vt 0.419847 0.036897
vt 0.419627 0.056807
vt 0.050995 0.056748
vt 0.050782 0.036843
vt 0.446040 0.037347
vt 0.444871 0.058530
vt 0.025749 0.058468
vt 0.024585 0.037284
vt 0.266723 0.056509
vt 0.235311 0.057144
vt 0.203899 0.056498
vt 0.291842 0.057335
vt 0.178779 0.057315
vt 0.318307 0.057860
vt 0.152314 0.057829
vt 0.345571 0.058491
vt 0.125050 0.058451
vt 0.369984 0.059227
vt 0.100636 0.059179
vt 0.393075 0.061407
vt 0.077546 0.061341
vt 0.416486 0.062541
vt 0.054137 0.062477
vt 0.442879 0.065407
vt 0.027742 0.065344
vt 0.235316 0.023306
vt 0.269020 0.023044
vt 0.201612 0.023033
vt 0.295082 0.024020
vt 0.175551 0.024000
vt 0.318699 0.025566
vt 0.151933 0.025539
vt 0.346629 0.028185
vt 0.124002 0.028147
vt 0.371506 0.029526
vt 0.099123 0.029481
vt 0.391703 0.029689
vt 0.078926 0.029645
vt 0.417371 0.030551
vt 0.053260 0.030496
vt 0.444425 0.029841
vt 0.026205 0.029779
vt 0.439945 0.087460
vt 0.413922 0.084755
vt 0.056698 0.084691
vt 0.030676 0.087397
vt 0.388819 0.083165
vt 0.081796 0.083103
vt 0.368887 0.081627
vt 0.101726 0.081578
vt 0.344599 0.080702
vt 0.126014 0.080663
vt 0.317020 0.079994
vt 0.153593 0.079963
vt 0.293773 0.079591
vt 0.176839 0.079570
vt 0.268420 0.079111
vt 0.202193 0.079099
vt 0.235306 0.079452
vn 0.001942 0.017059 0.999853
vn 0.001942 0.017059 0.999853
vn 0.001942 0.017059 0.999853
vn 0.001942 0.017059 0.999853
vn -0.004533 0.014925 0.999878
vn 0.000000 0.017080 0.999854
vn 0.000000 0.017080 0.999854
vn -0.005761 0.013902 0.999887
vn 0.010109 0.006452 0.999928
vn 0.005761 0.013902 0.999887
vn 0.004533 0.014925 0.999878
vn 0.009476 0.008035 0.999923
vn -0.009476 0.008035 0.999923
vn -0.004533 0.014925 0.999878
vn -0.005761 0.013902 0.999887
vn -0.010109 0.006452 0.999928
vn 0.010109 0.006452 0.999928
vn 0.009476 0.008035 0.999923
vn 0.011458 -0.001072 0.999934
vn 0.011463 -0.000734 0.999934
vn -0.009476 0.008035 0.999923
vn -0.010109 0.006452 0.999928
vn -0.011463 -0.000734 0.999934
vn -0.011458 -0.001072 0.999934
vn 0.011463 -0.000734 0.999934
vn 0.011458 -0.001072 0.999934
vn 0.008888 -0.009447 0.999916
vn 0.009708 -0.008180 0.999919
vn -0.011458 -0.001072 0.999934
vn -0.011463 -0.000734 0.999934
vn -0.009709 -0.008180 0.999919
vn -0.008889 -0.009447 0.999916
vn 0.000000 -0.015761 0.999876
vn 0.005042 -0.013518 0.999896
vn 0.003779 -0.014350 0.999890
vn 0.000000 -0.015761 0.999876
vn -0.005042 -0.013518 0.999896
vn -0.003779 -0.014350 0.999890
vn -0.008889 -0.009447 0.999916
vn -0.009709 -0.008180 0.999919
vn 0.003779 -0.014350 0.999890
vn 0.005042 -0.013518 0.999896
vn 0.009708 -0.008180 0.999919
vn 0.008888 -0.009447 0.999916
vn 0.000000 -0.015761 0.999876
vn -0.003779 -0.014350 0.999890
vn -0.005042 -0.013518 0.999896
vn 0.000000 -0.015761 0.999876
vn 0.000000 0.999404 -0.034531
vn 0.312277 0.949768 -0.020594
vn 0.339506 0.940424 -0.018391
vn 0.000000 0.999404 -0.034531
vn -0.312277 0.949768 -0.020595
vn 0.000000 0.999404 -0.034531
vn 0.000000 0.999404 -0.034531
vn -0.339506 0.940424 -0.018392
vn 0.312277 0.949768 -0.020594
vn 0.791828 0.610606 0.012983
vn 0.800163 0.599629 0.013550
vn 0.339506 0.940424 -0.018391
vn -0.791828 0.610606 0.012983
vn -0.312277 0.949768 -0.020595
vn -0.339506 0.940424 -0.018392
vn -0.800163 0.599629 0.013550
vn 0.791828 0.610606 0.012983
vn 0.995523 -0.083988 0.043362
vn 0.995572 -0.083412 0.043339
vn 0.800163 0.599629 0.013550
vn -0.995523 -0.083988 0.043362
vn -0.791828 0.610606 0.012983
vn -0.800163 0.599629 0.013550
vn -0.995572 -0.083412 0.043339
vn 0.995523 -0.083988 0.043362
vn 0.720229 -0.693543 0.016379
vn 0.741705 -0.670426 0.020074
vn 0.995572 -0.083412 0.043339
vn -0.720230 -0.693542 0.016379
vn -0.995523 -0.083988 0.043362
vn -0.995572 -0.083412 0.043339
vn -0.741705 -0.670426 0.020075
vn 0.720229 -0.693543 0.016379
vn 0.324521 -0.945842 -0.008320
vn 0.287437 -0.957771 -0.007338
vn 0.741705 -0.670426 0.020074
vn -0.324521 -0.945842 -0.008319
vn -0.720230 -0.693542 0.016379
vn -0.741705 -0.670426 0.020075
vn -0.287437 -0.957771 -0.007338
vn 0.324521 -0.945842 -0.008320
vn 0.000000 -0.999998 -0.002042
vn 0.000000 -0.999998 -0.002042
vn 0.287437 -0.957771 -0.007338
vn 0.000000 -0.999998 -0.002042
vn -0.324521 -0.945842 -0.008319
vn -0.287437 -0.957771 -0.007338
vn 0.000000 -0.999998 -0.002042
vn 0.000000 -0.996341 0.085465
vn 0.327460 -0.939685 0.098802
vn 0.352652 -0.930371 0.100234
vn 0.000000 -0.996341 0.085465
vn -0.327459 -0.939685 0.098803
vn 0.000000 -0.996341 0.085465
vn 0.000000 -0.996341 0.085465
vn -0.352652 -0.930371 0.100235
vn 0.327460 -0.939685 0.098802
vn 0.805447 -0.569158 0.165270
vn 0.803432 -0.572141 0.164776
vn 0.352652 -0.930371 0.100234
vn -0.805447 -0.569157 0.165272
vn -0.327459 -0.939685 0.098803
vn -0.352652 -0.930371 0.100235
vn -0.803432 -0.572141 0.164777
vn -0.977499 0.049091 0.205146
vn -0.805447 -0.569157 0.165272
vn -0.803432 -0.572141 0.164777
vn -0.973054 0.108321 0.203549
vn 0.805447 -0.569158 0.165270
vn 0.977500 0.049090 0.205145
vn 0.973054 0.108320 0.203549
vn 0.803432 -0.572141 0.164776
vn -0.692895 0.702623 0.161917
vn -0.977499 0.049091 0.205146
vn -0.973054 0.108321 0.203549
vn -0.658941 0.735419 0.157974
vn 0.977500 0.049090 0.205145
vn 0.692895 0.702623 0.161917
vn 0.658941 0.735419 0.157974
vn 0.973054 0.108320 0.203549
vn 0.692895 0.702623 0.161917
vn 0.266829 0.952657 0.145762
vn 0.271272 0.951458 0.145394
vn 0.658941 0.735419 0.157974
vn -0.266829 0.952657 0.145762
vn -0.692895 0.702623 0.161917
vn -0.658941 0.735419 0.157974
vn -0.271272 0.951458 0.145394
vn 0.000000 0.987566 0.157205
vn -0.266829 0.952657 0.145762
vn -0.271272 0.951458 0.145394
vn 0.000000 0.987566 0.157206
vn 0.266829 0.952657 0.145762
vn 0.000000 0.987566 0.157205
vn 0.000000 0.987566 0.157206
vn 0.271272 0.951458 0.145394
vn -0.057238 -0.401491 -0.914073
vn -0.057238 -0.401491 -0.914073
vn -0.057238 -0.401491 -0.914073
vn -0.057238 -0.401491 -0.914073
vn 0.137811 -0.328850 -0.934273
vn 0.000000 -0.402155 -0.915572
vn 0.000000 -0.402155 -0.915572
vn 0.111156 -0.353496 -0.928808
vn -0.137812 -0.328850 -0.934273
vn -0.236909 -0.141915 -0.961111
vn -0.224806 -0.176480 -0.958289
vn -0.111157 -0.353496 -0.928808
vn 0.236910 -0.141915 -0.961111
vn 0.137811 -0.328850 -0.934273
vn 0.111156 -0.353496 -0.928808
vn 0.224806 -0.176480 -0.958289
vn -0.224806 -0.176480 -0.958289
vn -0.236909 -0.141915 -0.961111
vn -0.261762 0.014584 -0.965022
vn -0.261195 0.027566 -0.964892
vn 0.236910 -0.141915 -0.961111
vn 0.224806 -0.176480 -0.958289
vn 0.261195 0.027566 -0.964892
vn 0.261763 0.014584 -0.965022
vn -0.261195 0.027566 -0.964892
vn -0.261762 0.014584 -0.965022
vn -0.221033 0.186889 -0.957192
vn -0.198171 0.228678 -0.953118
vn 0.261763 0.014584 -0.965022
vn 0.261195 0.027566 -0.964892
vn 0.198170 0.228678 -0.953119
vn 0.221033 0.186889 -0.957192
vn 0.198170 0.228678 -0.953119
vn 0.089633 0.330260 -0.939625
vn 0.108019 0.321109 -0.940862
vn 0.221033 0.186889 -0.957192
vn -0.089634 0.330261 -0.939624
vn -0.198171 0.228678 -0.953118
vn -0.221033 0.186889 -0.957192
vn -0.108020 0.321110 -0.940861
vn 0.000000 0.357182 -0.934035
vn -0.089634 0.330261 -0.939624
vn -0.108020 0.321110 -0.940861
vn 0.000000 0.357182 -0.934035
vn 0.089633 0.330260 -0.939625
vn 0.000000 0.357182 -0.934035
vn 0.000000 0.357182 -0.934035
vn 0.108019 0.321109 -0.940862
vn 0.000000 -0.022675 -0.999743
vn 0.000000 -0.022675 -0.999743
vn -0.403566 -0.022873 -0.914665
vn -0.400796 -0.022866 -0.915882
vn 0.000000 -0.022675 -0.999743
vn 0.400803 -0.022853 -0.915879
vn 0.403572 -0.022860 -0.914662
vn 0.000000 -0.022675 -0.999743
vn -0.400796 -0.022866 -0.915882
vn -0.403566 -0.022873 -0.914665
vn -0.746861 -0.003977 -0.664968
vn -0.739879 -0.004819 -0.672723
vn 0.403572 -0.022860 -0.914662
vn 0.400803 -0.022853 -0.915879
vn 0.739898 -0.004743 -0.672702
vn 0.746882 -0.003898 -0.664945
vn -0.739879 -0.004819 -0.672723
vn -0.746861 -0.003977 -0.664968
vn -0.956081 0.044538 -0.289700
vn -0.955283 0.044135 -0.292381
vn 0.746882 -0.003898 -0.664945
vn 0.739898 -0.004743 -0.672702
vn 0.955279 0.044293 -0.292369
vn 0.956082 0.044699 -0.289672
vn -0.955283 0.044135 -0.292381
vn -0.956081 0.044538 -0.289700
vn -0.993014 0.076659 0.089702
vn -0.992789 0.076664 0.092152
vn 0.956082 0.044699 -0.289672
vn 0.955279 0.044293 -0.292369
vn 0.992792 0.076743 0.092059
vn 0.993016 0.076740 0.089609
vn -0.992789 0.076664 0.092152
vn -0.993014 0.076659 0.089702
vn -0.900968 0.049794 0.431019
vn -0.899295 0.049187 0.434568
vn 0.993016 0.076740 0.089609
vn 0.992792 0.076743 0.092059
vn 0.899176 0.049523 0.434775
vn 0.900847 0.050119 0.431234
vn -0.899295 0.049187 0.434568
vn -0.900968 0.049794 0.431019
vn -0.682975 0.002999 0.730436
vn -0.678001 0.002307 0.735057
vn 0.900847 0.050119 0.431234
vn 0.899176 0.049523 0.434775
vn 0.678074 0.003129 0.734987
vn 0.682867 0.003794 0.730533
vn -0.678001 0.002307 0.735057
vn -0.682975 0.002999 0.730436
vn -0.363915 -0.028073 0.931009
vn -0.358661 -0.028392 0.933036
vn 0.682867 0.003794 0.730533
vn 0.678074 0.003129 0.734987
vn 0.358989 -0.027908 0.932925
vn 0.364248 -0.027575 0.930894
vn -0.358661 -0.028392 0.933036
vn -0.363915 -0.028073 0.931009
vn -0.181317 -0.038275 0.982680
vn -0.181317 -0.038275 0.982680
vn 0.364248 -0.027575 0.930894
vn 0.358989 -0.027908 0.932925
vn 0.181300 -0.038276 0.982683
vn 0.181300 -0.038276 0.982683
vn 0.000000 0.991064 -0.133385
vn -0.047171 0.990397 -0.129955
vn -0.062878 0.989910 -0.126980
vn 0.000000 0.991064 -0.133385
vn 0.047173 0.990397 -0.129959
vn 0.000000 0.991064 -0.133385
vn 0.000000 0.991064 -0.133385
vn 0.062883 0.989909 -0.126986
vn -0.047171 0.990397 -0.129955
vn -0.108595 0.989699 -0.093292
vn -0.107289 0.989660 -0.095199
vn -0.062878 0.989910 -0.126980
vn 0.108628 0.989693 -0.093317
vn 0.047173 0.990397 -0.129959
vn 0.062883 0.989909 -0.126986
vn 0.107322 0.989654 -0.095221
vn -0.108595 0.989699 -0.093292
vn -0.146086 0.988562 -0.037471
vn -0.139237 0.989103 -0.047828
vn -0.107289 0.989660 -0.095199
vn 0.146181 0.988547 -0.037495
vn 0.108628 0.989693 -0.093317
vn 0.107322 0.989654 -0.095221
vn 0.139321 0.989090 -0.047853
vn -0.146086 0.988562 -0.037471
vn -0.170790 0.985233 0.012119
vn -0.171886 0.984995 0.015480
vn -0.139237 0.989103 -0.047828
vn 0.170860 0.985221 0.012113
vn 0.146181 0.988547 -0.037495
vn 0.139321 0.989090 -0.047853
vn 0.171945 0.984985 0.015469
vn -0.170790 0.985233 0.012119
vn -0.160356 0.984792 0.066864
vn -0.144884 0.986186 0.080287
vn -0.171886 0.984995 0.015480
vn 0.160521 0.984760 0.066937
vn 0.170860 0.985221 0.012113
vn 0.171945 0.984985 0.015469
vn 0.145126 0.986134 0.080493
vn -0.160356 0.984792 0.066864
vn -0.097427 0.989651 0.105350
vn -0.096185 0.989729 0.105755
vn -0.144884 0.986186 0.080287
vn 0.097819 0.989576 0.105692
vn 0.160521 0.984760 0.066937
vn 0.145126 0.986134 0.080493
vn 0.096472 0.989661 0.106131
vn -0.097427 0.989651 0.105350
vn -0.036692 0.992757 0.114401
vn -0.049806 0.992226 0.114049
vn -0.096185 0.989729 0.105755
vn 0.036745 0.992740 0.114527
vn 0.097819 0.989576 0.105692
vn 0.096472 0.989661 0.106131
vn 0.049965 0.992194 0.114258
vn -0.036692 0.992757 0.114401
vn -0.019795 0.993189 0.114824
vn -0.019795 0.993189 0.114824
vn -0.049806 0.992226 0.114049
vn 0.019793 0.993186 0.114843
vn 0.036745 0.992740 0.114527
vn 0.049965 0.992194 0.114258
vn 0.019793 0.993186 0.114843
vn -0.054100 -0.988864 -0.138641
vn 0.000000 -0.989541 -0.144251
vn 0.000000 -0.989541 -0.144251
vn -0.068229 -0.988668 -0.133715
vn 0.000000 -0.989541 -0.144251
vn 0.054100 -0.988864 -0.138640
vn 0.068229 -0.988668 -0.133715
vn 0.000000 -0.989541 -0.144251
vn -0.113058 -0.987403 -0.110697
vn -0.054100 -0.988864 -0.138641
vn -0.068229 -0.988668 -0.133715
vn -0.119339 -0.987120 -0.106545
vn 0.054100 -0.988864 -0.138640
vn 0.113058 -0.987403 -0.110697
vn 0.119338 -0.987120 -0.106545
vn 0.068229 -0.988668 -0.133715
vn -0.170751 -0.984027 -0.050358
vn -0.113058 -0.987403 -0.110697
vn -0.119339 -0.987120 -0.106545
vn -0.162895 -0.984603 -0.063426
vn 0.113058 -0.987403 -0.110697
vn 0.170751 -0.984027 -0.050358
vn 0.162895 -0.984603 -0.063426
vn 0.119338 -0.987120 -0.106545
vn -0.195312 -0.980675 0.011360
vn -0.170751 -0.984027 -0.050358
vn -0.162895 -0.984603 -0.063426
vn -0.196595 -0.980349 0.016311
vn 0.170751 -0.984027 -0.050358
vn 0.195313 -0.980675 0.011360
vn 0.196596 -0.980349 0.016311
vn 0.162895 -0.984603 -0.063426
vn -0.201401 -0.975454 0.089035
vn -0.195312 -0.980675 0.011360
vn -0.196595 -0.980349 0.016311
vn -0.194086 -0.974865 0.109402
vn 0.195313 -0.980675 0.011360
vn 0.201404 -0.975453 0.089035
vn 0.194088 -0.974865 0.109403
vn 0.196596 -0.980349 0.016311
vn -0.131145 -0.978481 0.159298
vn -0.201401 -0.975454 0.089035
vn -0.194086 -0.974865 0.109402
vn -0.144677 -0.977515 0.153406
vn 0.201404 -0.975453 0.089035
vn 0.131143 -0.978482 0.159296
vn 0.144676 -0.977515 0.153405
vn 0.194088 -0.974865 0.109403
vn -0.056391 -0.983225 0.173462
vn -0.131145 -0.978481 0.159298
vn -0.144677 -0.977515 0.153406
vn -0.072670 -0.982287 0.172720
vn 0.131143 -0.978482 0.159296
vn 0.056389 -0.983225 0.173462
vn 0.072668 -0.982287 0.172718
vn 0.144676 -0.977515 0.153405
vn -0.031494 -0.984152 0.174508
vn -0.056391 -0.983225 0.173462
vn -0.072670 -0.982287 0.172720
vn -0.031494 -0.984152 0.174508
vn 0.056389 -0.983225 0.173462
vn 0.031493 -0.984152 0.174509
vn 0.031493 -0.984152 0.174509
vn 0.072668 -0.982287 0.172718
vn 0.347209 0.043858 -0.936762
vn 0.165829 0.051557 -0.984806
vn 0.165829 0.051557 -0.984806
vn 0.351831 0.043634 -0.935046
vn -0.165798 0.051609 -0.984808
vn -0.347213 0.043914 -0.936758
vn -0.351825 0.043691 -0.935046
vn -0.165798 0.051609 -0.984808
vn 0.650637 0.020658 -0.759108
vn 0.347209 0.043858 -0.936762
vn 0.351831 0.043634 -0.935046
vn 0.667800 0.018565 -0.744109
vn -0.347213 0.043914 -0.936758
vn -0.650658 0.020691 -0.759089
vn -0.667818 0.018594 -0.744092
vn -0.351825 0.043691 -0.935046
vn 0.890173 0.003404 -0.455610
vn 0.650637 0.020658 -0.759108
vn 0.667800 0.018565 -0.744109
vn 0.888684 0.003409 -0.458507
vn -0.650658 0.020691 -0.759089
vn -0.890173 0.003404 -0.455610
vn -0.888684 0.003409 -0.458507
vn -0.667818 0.018594 -0.744092
vn 0.997815 0.011248 -0.065109
vn 0.890173 0.003404 -0.455610
vn 0.888684 0.003409 -0.458507
vn 0.997845 0.011265 -0.064644
vn -0.890173 0.003404 -0.455610
vn -0.997815 0.011248 -0.065109
vn -0.997845 0.011265 -0.064644
vn -0.888684 0.003409 -0.458507
vn 0.946260 0.043566 0.320459
vn 0.997815 0.011248 -0.065109
vn 0.997845 0.011265 -0.064644
vn 0.944646 0.044213 0.325099
vn -0.997815 0.011248 -0.065109
vn -0.946260 0.043566 0.320459
vn -0.944646 0.044213 0.325099
vn -0.997845 0.011265 -0.064644
vn 0.727784 0.114111 0.676246
vn 0.946260 0.043566 0.320459
vn 0.944646 0.044213 0.325099
vn 0.746945 0.108548 0.655965
vn -0.946260 0.043566 0.320459
vn -0.727784 0.114111 0.676246
vn -0.746945 0.108548 0.655965
vn -0.944646 0.044213 0.325099
vn 0.393912 0.147067 0.907306
vn 0.727784 0.114111 0.676246
vn 0.746945 0.108548 0.655965
vn 0.413137 0.147398 0.898661
vn -0.727784 0.114111 0.676246
vn -0.393912 0.147067 0.907306
vn -0.413137 0.147398 0.898661
vn -0.746945 0.108548 0.655965
vn 0.000000 0.146597 0.989196
vn 0.393912 0.147067 0.907306
vn 0.413137 0.147398 0.898661
vn 0.000000 0.146597 0.989196
vn -0.393912 0.147067 0.907306
vn 0.000000 0.146597 0.989196
vn 0.000000 0.146597 0.989196
vn -0.413137 0.147398 0.898661
s off
g Dwarf_low1 DwarfBelt_low
usemtl lambert2SG
f 1586/1927/6128 1583/1928/6129 1584/1929/6130 1585/1930/6131
f 1588/1931/6132 1584/1929/6133 1583/1928/6134 1587/1932/6135
f 1590/1933/6136 1586/1927/6137 1585/1930/6138 1589/1934/6139
f 1592/1935/6140 1588/1931/6141 1587/1932/6142 1591/1936/6143
f 1590/1933/6144 1589/1934/6145 1593/1937/6146 1594/1938/6147
f 1592/1935/6148 1591/1936/6149 1595/1939/6150 1596/1940/6151
f 1594/1938/6152 1593/1937/6153 1597/1941/6154 1598/1942/6155
f 1596/1940/6156 1595/1939/6157 1599/1943/6158 1600/1944/6159
f 1602/1945/6160 1603/1946/6161 1604/1947/6162 1601/1948/6163
f 1605/1949/6164 1606/1950/6165 1600/1944/6166 1599/1943/6167
f 1604/1947/6168 1603/1946/6169 1598/1942/6170 1597/1941/6171
f 1601/1948/6172 1606/1950/6173 1605/1949/6174 1602/1945/6175
f 1583/1928/6176 1586/1927/6177 1607/1951/6178 1608/1952/6179
f 1587/1932/6180 1583/1928/6181 1608/1952/6182 1609/1953/6183
f 1586/1927/6184 1590/1933/6185 1610/1954/6186 1607/1951/6187
f 1591/1936/6188 1587/1932/6189 1609/1953/6190 1611/1955/6191
f 1590/1933/6192 1594/1938/6193 1612/1956/6194 1610/1954/6195
f 1595/1939/6196 1591/1936/6197 1611/1955/6198 1613/1957/6199
f 1594/1938/6200 1598/1942/6201 1614/1958/6202 1612/1956/6203
f 1599/1943/6204 1595/1939/6205 1613/1957/6206 1615/1959/6207
f 1598/1942/6208 1603/1946/6209 1616/1960/6210 1614/1958/6211
f 1605/1949/6212 1599/1943/6213 1615/1959/6214 1617/1961/6215
f 1603/1946/6216 1602/1945/6217 1618/1962/6218 1616/1960/6219
f 1602/1945/6220 1605/1949/6221 1617/1961/6222 1618/1962/6223
f 1584/1929/6224 1588/1931/6225 1619/1963/6226 1620/1964/6227
f 1585/1930/6228 1584/1929/6229 1620/1964/6230 1621/1965/6231
f 1588/1931/6232 1592/1935/6233 1622/1966/6234 1619/1963/6235
f 1589/1934/6236 1585/1930/6237 1621/1965/6238 1623/1967/6239
f 1593/1937/6240 1589/1934/6241 1623/1967/6242 1624/1968/6243
f 1592/1935/6244 1596/1940/6245 1625/1969/6246 1622/1966/6247
f 1597/1941/6248 1593/1937/6249 1624/1968/6250 1626/1970/6251
f 1596/1940/6252 1600/1944/6253 1627/1971/6254 1625/1969/6255
f 1600/1944/6256 1606/1950/6257 1628/1972/6258 1627/1971/6259
f 1604/1947/6260 1597/1941/6261 1626/1970/6262 1629/1973/6263
f 1601/1948/6264 1604/1947/6265 1629/1973/6266 1630/1974/6267
f 1606/1950/6268 1601/1948/6269 1630/1974/6270 1628/1972/6271
f 1695/1975/6272 1696/1976/6273 1697/1977/6274 1698/1978/6275
f 1699/1979/6276 1695/1975/6277 1698/1978/6278 1700/1980/6279
f 1696/1976/6280 1701/1981/6281 1702/1982/6282 1697/1977/6283
f 1703/1983/6284 1699/1979/6285 1700/1980/6286 1704/1984/6287
f 1702/1982/6288 1701/1981/6289 1705/1985/6290 1706/1986/6291
f 1703/1983/6292 1704/1984/6293 1707/1987/6294 1708/1988/6295
f 1706/1986/6296 1705/1985/6297 1709/1989/6298 1710/1990/6299
f 1708/1988/6300 1707/1987/6301 1711/1991/6302 1712/1992/6303
f 1711/1991/6304 1713/1993/6305 1714/1994/6306 1712/1992/6307
f 1715/1995/6308 1710/1990/6309 1709/1989/6310 1716/1996/6311
f 1717/1997/6312 1715/1995/6313 1716/1996/6314 1718/1998/6315
f 1713/1993/6316 1717/1997/6317 1718/1998/6318 1714/1994/6319
f 1719/1999/6320 1720/2000/6321 1721/2001/6322 1722/2002/6323
f 1719/1999/6324 1723/2003/6325 1724/2004/6326 1720/2000/6327
f 1722/2002/6328 1721/2001/6329 1725/2005/6330 1726/2006/6331
f 1724/2004/6332 1723/2003/6333 1727/2007/6334 1728/2008/6335
f 1726/2006/6336 1725/2005/6337 1729/2009/6338 1730/2010/6339
f 1728/2008/6340 1727/2007/6341 1731/2011/6342 1732/2012/6343
f 1730/2010/6344 1729/2009/6345 1733/2013/6346 1734/2014/6347
f 1732/2012/6348 1731/2011/6349 1735/2015/6350 1736/2016/6351
f 1734/2014/6352 1733/2013/6353 1737/2017/6354 1738/2018/6355
f 1736/2016/6356 1735/2015/6357 1739/2019/6358 1740/2020/6359
f 1738/2018/6360 1737/2017/6361 1741/2021/6362 1742/2022/6363
f 1740/2020/6364 1739/2019/6365 1743/2023/6366 1744/2024/6367
f 1742/2022/6368 1741/2021/6369 1745/2025/6370 1746/2026/6371
f 1744/2024/6372 1743/2023/6373 1747/2027/6374 1748/2028/6375
f 1746/2026/6376 1745/2025/6377 1749/2029/6378 1750/2030/6379
f 1748/2028/6380 1747/2027/6381 1750/2031/6382 1749/2032/6383
f 1719/1999/6384 1722/2002/6385 1751/2033/6386 1752/2034/6387
f 1723/2003/6388 1719/1999/6389 1752/2034/6390 1753/2035/6391
f 1722/2002/6392 1726/2006/6393 1754/2036/6394 1751/2033/6395
f 1727/2007/6396 1723/2003/6397 1753/2035/6398 1755/2037/6399
f 1726/2006/6400 1730/2010/6401 1756/2038/6402 1754/2036/6403
f 1731/2011/6404 1727/2007/6405 1755/2037/6406 1757/2039/6407
f 1730/2010/6408 1734/2014/6409 1758/2040/6410 1756/2038/6411
f 1735/2015/6412 1731/2011/6413 1757/2039/6414 1759/2041/6415
f 1734/2014/6416 1738/2018/6417 1760/2042/6418 1758/2040/6419
f 1739/2019/6420 1735/2015/6421 1759/2041/6422 1761/2043/6423
f 1738/2018/6424 1742/2022/6425 1762/2044/6426 1760/2042/6427
f 1743/2023/6428 1739/2019/6429 1761/2043/6430 1763/2045/6431
f 1742/2022/6432 1746/2026/6433 1764/2046/6434 1762/2044/6435
f 1747/2027/6436 1743/2023/6437 1763/2045/6438 1765/2047/6439
f 1746/2026/6440 1750/2030/6441 1766/2048/6442 1764/2046/6443
f 1750/2031/6444 1747/2027/6445 1765/2047/6446 1766/2049/6447
f 1721/2001/6448 1720/2000/6449 1767/2050/6450 1768/2051/6451
f 1720/2000/6452 1724/2004/6453 1769/2052/6454 1767/2050/6455
f 1725/2005/6456 1721/2001/6457 1768/2051/6458 1770/2053/6459
f 1724/2004/6460 1728/2008/6461 1771/2054/6462 1769/2052/6463
f 1729/2009/6464 1725/2005/6465 1770/2053/6466 1772/2055/6467
f 1728/2008/6468 1732/2012/6469 1773/2056/6470 1771/2054/6471
f 1733/2013/6472 1729/2009/6473 1772/2055/6474 1774/2057/6475
f 1732/2012/6476 1736/2016/6477 1775/2058/6478 1773/2056/6479
f 1737/2017/6480 1733/2013/6481 1774/2057/6482 1776/2059/6483
f 1736/2016/6484 1740/2020/6485 1777/2060/6486 1775/2058/6487
f 1741/2021/6488 1737/2017/6489 1776/2059/6490 1778/2061/6491
f 1740/2020/6492 1744/2024/6493 1779/2062/6494 1777/2060/6495
f 1745/2025/6496 1741/2021/6497 1778/2061/6498 1780/2063/6499
f 1744/2024/6500 1748/2028/6501 1781/2064/6502 1779/2062/6503
f 1749/2029/6504 1745/2025/6505 1780/2063/6506 1782/2065/6507
f 1748/2028/6508 1749/2032/6509 1782/2066/6510 1781/2064/6511
f 1764/2046/6512 1766/2048/6513 1782/2067/6514 1780/2068/6515
f 1766/2049/6516 1765/2047/6517 1781/2069/6518 1782/2070/6519
f 1762/2044/6520 1764/2046/6521 1780/2068/6522 1778/2071/6523
f 1765/2047/6524 1763/2045/6525 1779/2072/6526 1781/2069/6527
f 1760/2042/6528 1762/2044/6529 1778/2071/6530 1776/2073/6531
f 1763/2045/6532 1761/2043/6533 1777/2074/6534 1779/2072/6535
f 1758/2040/6536 1760/2042/6537 1776/2073/6538 1774/2075/6539
f 1761/2043/6540 1759/2041/6541 1775/2076/6542 1777/2074/6543
f 1756/2038/6544 1758/2040/6545 1774/2075/6546 1772/2077/6547
f 1759/2041/6548 1757/2039/6549 1773/2078/6550 1775/2076/6551
f 1754/2036/6552 1756/2038/6553 1772/2077/6554 1770/2079/6555
f 1757/2039/6556 1755/2037/6557 1771/2080/6558 1773/2078/6559
f 1751/2033/6560 1754/2036/6561 1770/2079/6562 1768/2081/6563
f 1755/2037/6564 1753/2035/6565 1769/2082/6566 1771/2080/6567
f 1752/2034/6568 1751/2033/6569 1768/2081/6570 1767/2083/6571
f 1753/2035/6572 1752/2034/6573 1767/2083/6574 1769/2082/6575
g default
v -0.000396 0.779331 0.423470
v -0.000396 0.664146 0.455477
v -0.000396 0.530980 0.471001
v -0.000396 0.328851 0.458548
v -0.000396 0.237582 0.437859
v -0.000396 0.865070 0.375068
v -0.129118 0.353200 0.446025
v -0.166930 0.258379 0.413158
v -0.209737 0.431602 0.441326
v -0.254525 0.361351 0.410491
v -0.195191 0.566903 0.450889
v -0.250600 0.585580 0.434486
v -0.186750 0.694746 0.435223
v -0.248098 0.710612 0.412140
v -0.104038 0.540332 0.463382
v -0.096498 0.672841 0.448379
v -0.094315 0.790115 0.414838
v -0.102302 0.889961 0.353987
v -0.180854 0.815302 0.396766
v -0.246158 0.826342 0.372567
v -0.175475 0.923553 0.320746
v -0.248029 0.917361 0.311847
v -0.185417 0.970096 0.249423
v -0.250380 0.962290 0.255113
v -0.193654 1.025416 0.118326
v -0.242652 1.021266 0.118326
v -0.171475 1.041746 -0.037317
v -0.221606 1.036121 -0.037317
v -0.110092 1.019552 -0.133285
v -0.142919 1.002734 -0.169930
v -0.000396 1.013027 -0.166913
v -0.000396 0.992006 -0.217353
v -0.166449 0.249025 0.374466
v -0.000396 0.228959 0.398137
v -0.245638 0.362945 0.372643
v -0.241006 0.577462 0.401681
v -0.236609 0.700953 0.387331
v -0.238363 0.819531 0.352017
v -0.241108 0.912315 0.285648
v -0.243898 0.950218 0.239533
v -0.243760 1.001898 0.118326
v -0.220235 1.018752 -0.037317
v -0.138415 0.989370 -0.166812
v -0.000396 0.978976 -0.211812
v -0.080576 0.331394 0.393962
v -0.000396 0.326192 0.401229
v -0.167226 0.424388 0.393116
v -0.176405 0.562633 0.399852
v -0.182500 0.691004 0.385053
v -0.196096 0.821000 0.345877
v -0.179953 0.908256 0.301208
v -0.191468 0.955098 0.239082
v -0.196111 1.006132 0.118326
v -0.176847 1.021395 -0.037317
v -0.112474 0.998882 -0.137474
v -0.000396 0.993427 -0.172375
v -0.000396 0.848594 0.354772
v -0.096208 0.865748 0.340189
v -0.092351 0.785384 0.364575
v -0.000396 0.778287 0.370463
v -0.091016 0.678885 0.392634
v -0.088353 0.559890 0.407358
v -0.084442 0.438192 0.405957
v -0.000396 0.437855 0.412541
v -0.000396 0.559194 0.412714
v -0.000396 0.675885 0.397266
v -0.106638 0.594020 0.477147
v -0.085777 0.553290 0.491865
v -0.000396 0.558931 0.496171
v -0.000396 0.598802 0.479738
v -0.161525 0.566040 0.471522
v -0.117250 0.541567 0.488357
v -0.160553 0.492465 0.471526
v -0.116042 0.502004 0.489137
v -0.121030 0.430039 0.478709
v -0.095129 0.470304 0.491917
v -0.068960 0.398003 0.483668
v -0.059901 0.446855 0.494751
v -0.000396 0.385690 0.485823
v -0.000396 0.444720 0.497919
v -0.049742 0.558341 0.494372
v -0.049360 0.598624 0.478628
v -0.000396 0.596174 0.465621
v -0.049853 0.596938 0.464179
v -0.112484 0.592588 0.457609
v -0.159754 0.571211 0.455228
v -0.160593 0.494463 0.453695
v -0.121881 0.433190 0.456842
v -0.071755 0.395881 0.464372
v -0.000396 0.379683 0.468366
v -0.118340 0.535058 0.436776
v -0.119081 0.490567 0.439942
v -0.088875 0.541701 0.438924
v -0.044925 0.534974 0.441541
v -0.000396 0.530958 0.442466
v -0.091701 0.464146 0.443312
v -0.047145 0.441443 0.446473
v -0.000396 0.435574 0.447067
v 0.128326 0.353200 0.446025
v 0.166138 0.258379 0.413158
v 0.208945 0.431602 0.441326
v 0.253732 0.361351 0.410491
v 0.194398 0.566903 0.450889
v 0.249808 0.585580 0.434486
v 0.185958 0.694746 0.435223
v 0.247306 0.710612 0.412140
v 0.103245 0.540332 0.463382
v 0.095705 0.672841 0.448379
v 0.093523 0.790115 0.414838
v 0.101509 0.889961 0.353987
v 0.180062 0.815302 0.396766
v 0.245366 0.826342 0.372567
v 0.174683 0.923553 0.320746
v 0.247237 0.917361 0.311847
v 0.184625 0.970096 0.249423
v 0.249588 0.962290 0.255113
v 0.192862 1.025416 0.118326
v 0.241860 1.021266 0.118326
v 0.170682 1.041746 -0.037317
v 0.220814 1.036121 -0.037317
v 0.109300 1.019552 -0.133285
v 0.142127 1.002734 -0.169930
v 0.165657 0.249025 0.374466
v 0.244845 0.362945 0.372643
v 0.240214 0.577462 0.401681
v 0.235816 0.700953 0.387331
v 0.237571 0.819531 0.352017
v 0.240315 0.912315 0.285648
v 0.243105 0.950218 0.239533
v 0.242968 1.001898 0.118326
v 0.219442 1.018752 -0.037317
v 0.137622 0.989370 -0.166812
v 0.079784 0.331394 0.393962
v 0.166434 0.424388 0.393116
v 0.175612 0.562633 0.399852
v 0.181707 0.691004 0.385053
v 0.195303 0.821000 0.345877
v 0.179161 0.908256 0.301208
v 0.190676 0.955098 0.239082
v 0.195319 1.006132 0.118326
v 0.176055 1.021395 -0.037317
v 0.111682 0.998882 -0.137474
v 0.095415 0.865748 0.340189
v 0.091559 0.785384 0.364575
v 0.090224 0.678885 0.392634
v 0.087560 0.559890 0.407358
v 0.083650 0.438192 0.405957
v 0.105846 0.594020 0.477147
v 0.084985 0.553290 0.491865
v 0.160732 0.566040 0.471522
v 0.116457 0.541567 0.488357
v 0.159760 0.492465 0.471526
v 0.115249 0.502004 0.489137
v 0.120238 0.430039 0.478709
v 0.094336 0.470304 0.491917
v 0.068168 0.398003 0.483668
v 0.059108 0.446855 0.494751
v 0.048949 0.558341 0.494372
v 0.048568 0.598624 0.478628
v 0.049061 0.596938 0.464179
v 0.111692 0.592588 0.457609
v 0.158962 0.571211 0.455228
v 0.159801 0.494463 0.453695
v 0.121088 0.433190 0.456842
v 0.070963 0.395881 0.464372
v 0.117547 0.535058 0.436776
v 0.118289 0.490567 0.439942
v 0.088083 0.541701 0.438924
v 0.044132 0.534974 0.441541
v 0.090909 0.464146 0.443312
v 0.046353 0.441443 0.446473
vt 0.081161 0.422701
vt 0.081144 0.444520
vt 0.099534 0.446676
vt 0.099625 0.424336
vt 0.081143 0.398122
vt 0.100509 0.399772
vt 0.081073 0.360403
vt 0.104605 0.364680
vt 0.112483 0.346324
vt 0.081032 0.342838
vt 0.119548 0.379005
vt 0.128208 0.365266
vt 0.118004 0.404311
vt 0.129125 0.407433
vt 0.117156 0.428432
vt 0.129519 0.432047
vt 0.081109 0.462609
vt 0.102134 0.467739
vt 0.116631 0.452170
vt 0.129546 0.456172
vt 0.116712 0.477658
vt 0.130667 0.477848
vt 0.120516 0.494426
vt 0.132453 0.492421
vt 0.123194 0.521752
vt 0.132310 0.522204
vt 0.117108 0.550509
vt 0.126176 0.552036
vt 0.102319 0.566679
vt 0.107606 0.574815
vt 0.080684 0.574251
vt 0.080829 0.584174
vt 0.115627 0.339773
vt 0.081013 0.335193
vt 0.134661 0.362245
vt 0.135508 0.405612
vt 0.134951 0.431353
vt 0.133891 0.456787
vt 0.135362 0.480676
vt 0.135979 0.494210
vt 0.135727 0.521808
vt 0.128778 0.553791
vt 0.108468 0.577329
vt 0.080861 0.586702
vt 0.203340 0.343497
vt 0.172063 0.346954
vt 0.188276 0.362487
vt 0.203321 0.361610
vt 0.157203 0.368105
vt 0.172073 0.379822
vt 0.158382 0.408432
vt 0.170408 0.405677
vt 0.159134 0.431549
vt 0.169252 0.429853
vt 0.158659 0.454546
vt 0.166614 0.455243
vt 0.157837 0.475860
vt 0.169394 0.473468
vt 0.157118 0.487156
vt 0.166812 0.487673
vt 0.157699 0.511765
vt 0.166639 0.511929
vt 0.161651 0.540938
vt 0.169748 0.540932
vt 0.177139 0.565495
vt 0.181964 0.559725
vt 0.202961 0.573797
vt 0.203100 0.566001
vt 0.113979 0.481146
vt 0.116979 0.495477
vt 0.119740 0.520500
vt 0.113938 0.548510
vt 0.100015 0.563705
vt 0.080614 0.570683
vt 0.081159 0.467486
vt 0.098626 0.471369
vt 0.185447 0.463522
vt 0.186052 0.447867
vt 0.203236 0.459500
vt 0.203222 0.446264
vt 0.186331 0.427392
vt 0.186878 0.405108
vt 0.187623 0.382486
vt 0.203298 0.382456
vt 0.203271 0.404930
vt 0.203243 0.426707
vt 0.096843 0.497774
vt 0.089389 0.502688
vt 0.090677 0.509321
vt 0.098975 0.508761
vt 0.090918 0.488393
vt 0.086890 0.496985
vt 0.079671 0.497221
vt 0.077670 0.488364
vt 0.066350 0.495828
vt 0.073898 0.501068
vt 0.060255 0.505364
vt 0.069563 0.507447
vt 0.057809 0.518229
vt 0.069137 0.518293
vt 0.090960 0.518416
vt 0.099141 0.518463
vt 0.101884 0.518478
vt 0.101687 0.508158
vt 0.099510 0.494889
vt 0.092863 0.486074
vt 0.077326 0.485014
vt 0.064300 0.492268
vt 0.057132 0.503402
vt 0.054269 0.518209
vt 0.202851 0.541969
vt 0.217434 0.541772
vt 0.210513 0.533623
vt 0.202368 0.533754
vt 0.221805 0.532873
vt 0.211824 0.528216
vt 0.223060 0.521012
vt 0.210718 0.520042
vt 0.222988 0.511754
vt 0.210025 0.511756
vt 0.191299 0.534509
vt 0.197438 0.528697
vt 0.184132 0.525126
vt 0.193209 0.520434
vt 0.180976 0.511761
vt 0.192132 0.511760
vt 0.062713 0.424329
vt 0.062786 0.446681
vt 0.061786 0.399791
vt 0.057562 0.364741
vt 0.049597 0.346427
vt 0.033962 0.365408
vt 0.042677 0.379089
vt 0.033213 0.407464
vt 0.044317 0.404337
vt 0.032889 0.431913
vt 0.045228 0.428369
vt 0.060188 0.467874
vt 0.032824 0.455710
vt 0.045768 0.451966
vt 0.031390 0.476896
vt 0.045347 0.477064
vt 0.029355 0.491159
vt 0.041073 0.493312
vt 0.030328 0.520450
vt 0.039605 0.520097
vt 0.035526 0.551445
vt 0.044669 0.550393
vt 0.053563 0.575932
vt 0.058926 0.567901
vt 0.046420 0.339893
vt 0.027495 0.362417
vt 0.026823 0.405668
vt 0.027456 0.431217
vt 0.028473 0.456262
vt 0.026653 0.479569
vt 0.025880 0.492845
vt 0.026869 0.519968
vt 0.032863 0.553113
vt 0.052709 0.578431
vt 0.218365 0.362525
vt 0.234611 0.347029
vt 0.234531 0.379906
vt 0.249426 0.368218
vt 0.236137 0.405783
vt 0.248158 0.408575
vt 0.237230 0.430004
vt 0.247338 0.431757
vt 0.239728 0.455550
vt 0.247667 0.454910
vt 0.236663 0.474011
vt 0.248101 0.476430
vt 0.239039 0.488725
vt 0.248880 0.487572
vt 0.242679 0.512970
vt 0.251492 0.512553
vt 0.237327 0.541783
vt 0.245473 0.542231
vt 0.224380 0.560338
vt 0.228966 0.566278
vt 0.044485 0.494378
vt 0.047948 0.480595
vt 0.043151 0.518821
vt 0.047933 0.548531
vt 0.061211 0.565148
vt 0.063698 0.471635
vt 0.220382 0.447916
vt 0.220980 0.463534
vt 0.220154 0.427451
vt 0.219665 0.405159
vt 0.218973 0.382530
vt 0.096610 0.539124
vt 0.098865 0.528162
vt 0.090574 0.527508
vt 0.089211 0.534126
vt 0.086649 0.539800
vt 0.090579 0.548437
vt 0.079432 0.539483
vt 0.077331 0.548317
vt 0.073703 0.535571
vt 0.066097 0.540725
vt 0.069440 0.529143
vt 0.060109 0.531121
vt 0.101570 0.528795
vt 0.099244 0.542038
vt 0.092497 0.550778
vt 0.076949 0.551663
vt 0.064006 0.544262
vt 0.056964 0.533048
vt 0.202840 0.481547
vt 0.202361 0.489761
vt 0.210505 0.489890
vt 0.217424 0.481738
vt 0.211819 0.495297
vt 0.221798 0.490636
vt 0.210715 0.503471
vt 0.223057 0.502496
vt 0.191291 0.489010
vt 0.197432 0.494820
vt 0.184128 0.498396
vt 0.193206 0.503085
vn -0.000000 0.183445 0.983030
vn -0.000000 0.376099 0.926579
vn -0.063155 0.392430 0.917611
vn -0.078070 0.191749 0.978334
vn 0.000000 -0.006478 0.999979
vn -0.102021 0.002066 0.994780
vn 0.000000 -0.148810 0.988866
vn 0.000000 -0.006478 0.999979
vn -0.102021 0.002066 0.994780
vn -0.160006 -0.149430 0.975740
vn -0.206986 -0.234793 0.949752
vn 0.000000 -0.246442 0.969158
vn 0.000000 -0.148810 0.988866
vn -0.160006 -0.149430 0.975740
vn -0.206986 -0.234793 0.949752
vn -0.160006 -0.149430 0.975740
vn -0.258215 -0.099461 0.960954
vn -0.305213 -0.188642 0.933413
vn -0.305213 -0.188642 0.933413
vn -0.258215 -0.099461 0.960954
vn -0.213583 0.025687 0.976587
vn -0.333638 0.055286 0.941079
vn -0.333638 0.055286 0.941079
vn -0.213583 0.025687 0.976587
vn -0.170187 0.218660 0.960846
vn -0.275362 0.249391 0.928429
vn -0.160006 -0.149430 0.975740
vn -0.102021 0.002066 0.994780
vn -0.213583 0.025687 0.976587
vn -0.258215 -0.099461 0.960954
vn 0.000000 0.506076 0.862489
vn -0.056273 0.532582 0.844506
vn -0.275362 0.249391 0.928429
vn -0.146668 0.432629 0.889562
vn -0.217022 0.463258 0.859240
vn -0.217022 0.463258 0.859240
vn -0.120532 0.623755 0.772270
vn -0.144900 0.668471 0.729487
vn -0.144900 0.668471 0.729487
vn -0.120532 0.623755 0.772270
vn -0.084421 0.879658 0.468055
vn -0.085576 0.873245 0.479709
vn -0.085576 0.873245 0.479709
vn -0.084421 0.879658 0.468055
vn -0.088365 0.966490 0.241016
vn -0.087170 0.962179 0.258096
vn -0.087170 0.962179 0.258096
vn -0.088365 0.966490 0.241016
vn -0.112849 0.985022 -0.130373
vn -0.107667 0.993040 -0.047742
vn -0.107667 0.993040 -0.047742
vn -0.112849 0.985022 -0.130373
vn -0.088811 0.934914 -0.343582
vn -0.089487 0.935146 -0.342774
vn -0.089487 0.935146 -0.342774
vn -0.088811 0.934914 -0.343582
vn 0.000000 0.925071 -0.379795
vn 0.000000 0.925071 -0.379795
vn 0.000000 -0.974916 0.222575
vn -0.473535 -0.873236 0.114993
vn -0.455296 -0.881958 0.121887
vn 0.000000 -0.974916 0.222575
vn -0.455296 -0.881958 0.121887
vn -0.473535 -0.873236 0.114993
vn -0.959948 -0.209947 -0.185533
vn -0.953525 -0.245848 -0.174211
vn -0.959948 -0.209947 -0.185533
vn -0.957033 0.020749 -0.289236
vn -0.959714 0.029710 -0.279403
vn -0.953525 -0.245848 -0.174211
vn -0.957033 0.020749 -0.289236
vn -0.936068 -0.066219 -0.345532
vn -0.937025 -0.059257 -0.344199
vn -0.959714 0.029710 -0.279403
vn -0.936068 -0.066219 -0.345532
vn -0.938804 -0.147009 -0.311505
vn -0.940453 -0.153617 -0.303232
vn -0.937025 -0.059257 -0.344199
vn -0.940453 -0.153617 -0.303232
vn -0.938804 -0.147009 -0.311505
vn -0.947813 -0.213742 -0.236569
vn -0.945802 -0.241724 -0.216858
vn -0.945802 -0.241724 -0.216858
vn -0.947813 -0.213742 -0.236569
vn -0.969681 -0.204940 -0.133108
vn -0.978852 -0.171137 -0.112075
vn -0.978852 -0.171137 -0.112075
vn -0.969681 -0.204940 -0.133108
vn -0.991279 -0.052095 -0.121045
vn -0.991160 -0.071848 -0.111536
vn -0.991160 -0.071848 -0.111536
vn -0.991279 -0.052095 -0.121045
vn -0.952474 -0.096026 -0.289088
vn -0.946100 -0.106385 -0.305904
vn -0.946100 -0.106385 -0.305904
vn -0.952474 -0.096026 -0.289088
vn -0.687817 -0.278742 -0.670232
vn -0.606070 -0.300339 -0.736529
vn -0.606070 -0.300339 -0.736529
vn -0.687817 -0.278742 -0.670232
vn 0.000000 -0.362749 -0.931887
vn 0.000000 -0.362749 -0.931887
vn 0.000000 0.062497 -0.998045
vn 0.141755 0.091003 -0.985710
vn 0.126935 0.089102 -0.987901
vn 0.000000 0.081411 -0.996681
vn 0.126935 0.089102 -0.987901
vn 0.141755 0.091003 -0.985710
vn 0.130865 0.104131 -0.985916
vn 0.119891 0.089161 -0.988775
vn 0.119891 0.089161 -0.988775
vn 0.130865 0.104131 -0.985916
vn 0.029724 0.008299 -0.999524
vn 0.073195 -0.003465 -0.997312
vn 0.073195 -0.003465 -0.997312
vn 0.029724 0.008299 -0.999524
vn -0.084079 -0.204979 -0.975148
vn 0.014182 -0.197597 -0.980181
vn 0.014182 -0.197597 -0.980181
vn -0.084079 -0.204979 -0.975148
vn -0.032387 -0.400988 -0.915511
vn 0.047229 -0.367629 -0.928773
vn 0.047229 -0.367629 -0.928773
vn -0.032387 -0.400988 -0.915511
vn 0.077022 -0.660281 -0.747059
vn 0.094949 -0.523843 -0.846506
vn 0.094949 -0.523843 -0.846506
vn 0.077022 -0.660281 -0.747059
vn 0.084938 -0.871834 -0.482380
vn 0.084947 -0.871670 -0.482676
vn 0.084947 -0.871670 -0.482676
vn 0.084938 -0.871834 -0.482380
vn 0.079398 -0.965446 -0.248212
vn 0.079040 -0.969378 -0.232507
vn 0.079040 -0.969378 -0.232507
vn 0.079398 -0.965446 -0.248212
vn 0.071530 -0.997333 0.014479
vn 0.068572 -0.993574 0.090053
vn 0.068572 -0.993574 0.090053
vn 0.071530 -0.997333 0.014479
vn 0.050991 -0.957237 0.284776
vn 0.050512 -0.956844 0.286179
vn 0.050512 -0.956844 0.286179
vn 0.050991 -0.957237 0.284776
vn 0.000000 -0.948982 0.315330
vn 0.000000 -0.948982 0.315330
vn 0.758795 0.362356 -0.541229
vn 0.841922 0.250022 -0.478180
vn 0.971171 -0.165361 -0.171707
vn 0.971005 -0.158426 -0.179027
vn 0.980184 -0.196727 0.023196
vn 0.971005 -0.158426 -0.179027
vn 0.971171 -0.165361 -0.171707
vn 0.980053 -0.198089 -0.016009
vn 0.980053 -0.198089 -0.016009
vn 0.928024 -0.205412 0.310770
vn 0.923662 -0.205935 0.323171
vn 0.980184 -0.196727 0.023196
vn 0.594832 -0.234986 0.768737
vn 0.923662 -0.205935 0.323171
vn 0.928024 -0.205412 0.310770
vn 0.542759 -0.238045 0.805449
vn 0.000000 -0.249028 0.968496
vn 0.594832 -0.234986 0.768737
vn 0.542759 -0.238045 0.805449
vn 0.000000 -0.249028 0.968496
vn 0.437205 0.596479 -0.673101
vn 0.000000 0.666232 -0.745744
vn 0.000000 0.666232 -0.745744
vn 0.377332 0.615243 -0.692168
vn 0.841922 0.250022 -0.478180
vn 0.758795 0.362356 -0.541229
vn 0.437205 0.596479 -0.673101
vn 0.377332 0.615243 -0.692168
vn 0.047229 -0.367629 -0.928773
vn 0.094949 -0.523843 -0.846506
vn 0.104705 -0.342597 -0.933630
vn 0.069956 -0.282766 -0.956635
vn 0.069956 -0.282766 -0.956635
vn 0.104705 -0.342597 -0.933630
vn 0.000000 -0.255322 -0.966856
vn 0.000000 -0.254381 -0.967104
vn 0.047229 -0.367629 -0.928773
vn 0.069956 -0.282766 -0.956635
vn 0.058895 -0.188712 -0.980265
vn 0.014182 -0.197597 -0.980181
vn 0.014182 -0.197597 -0.980181
vn 0.058895 -0.188712 -0.980265
vn 0.078968 -0.048547 -0.995694
vn 0.073195 -0.003465 -0.997312
vn 0.073195 -0.003465 -0.997312
vn 0.078968 -0.048547 -0.995694
vn 0.096972 0.054587 -0.993789
vn 0.119891 0.089161 -0.988775
vn 0.119891 0.089161 -0.988775
vn 0.096972 0.054587 -0.993789
vn 0.126935 0.089102 -0.987901
vn 0.000000 0.081411 -0.996681
vn 0.126935 0.089102 -0.987901
vn 0.096972 0.054587 -0.993789
vn 0.000000 0.053989 -0.998542
vn 0.000000 0.053989 -0.998542
vn 0.096972 0.054587 -0.993789
vn 0.078968 -0.048547 -0.995694
vn 0.000000 -0.059521 -0.998227
vn 0.000000 -0.059521 -0.998227
vn 0.078968 -0.048547 -0.995694
vn 0.058895 -0.188712 -0.980265
vn 0.000000 -0.186423 -0.982470
vn 0.000000 -0.186423 -0.982470
vn 0.058895 -0.188712 -0.980265
vn 0.069956 -0.282766 -0.956635
vn 0.000000 -0.254381 -0.967104
vn -0.156143 0.283030 0.946316
vn -0.107564 0.142757 0.983896
vn -0.054388 0.118732 0.991436
vn -0.051697 0.354338 0.933687
vn -0.107564 0.142757 0.983896
vn -0.156143 0.283030 0.946316
vn -0.301844 0.104404 0.947623
vn -0.254067 0.092805 0.962724
vn -0.276382 -0.036553 0.960352
vn -0.254067 0.092805 0.962724
vn -0.301844 0.104404 0.947623
vn -0.348055 -0.051684 0.936048
vn -0.276382 -0.036553 0.960352
vn -0.348055 -0.051684 0.936048
vn -0.259294 -0.152497 0.953683
vn -0.180557 -0.069923 0.981076
vn -0.180557 -0.069923 0.981076
vn -0.259294 -0.152497 0.953683
vn -0.113595 -0.197230 0.973754
vn -0.086738 -0.083808 0.992700
vn -0.086738 -0.083808 0.992700
vn -0.113595 -0.197230 0.973754
vn 0.000000 -0.204938 0.978775
vn 0.000000 -0.070300 0.997526
vn -0.051697 0.354338 0.933687
vn -0.054388 0.118732 0.991436
vn 0.000000 0.105959 0.994371
vn 0.000000 0.372658 0.927969
vn 0.000000 0.105959 0.994371
vn -0.054388 0.118732 0.991436
vn -0.086738 -0.083808 0.992700
vn 0.000000 -0.070300 0.997526
vn -0.180557 -0.069923 0.981076
vn -0.086738 -0.083808 0.992700
vn -0.054388 0.118732 0.991436
vn -0.107564 0.142757 0.983896
vn -0.254067 0.092805 0.962724
vn -0.276382 -0.036553 0.960352
vn -0.180557 -0.069923 0.981076
vn -0.107564 0.142757 0.983896
vn -0.035014 0.993398 -0.109241
vn 0.000000 0.988763 -0.149494
vn 0.000000 0.988763 -0.149494
vn -0.038975 0.993639 -0.105656
vn -0.218240 0.975865 0.007684
vn -0.035014 0.993398 -0.109241
vn -0.038975 0.993639 -0.105656
vn -0.306846 0.949833 0.060523
vn -0.920238 0.390499 0.025919
vn -0.218240 0.975865 0.007684
vn -0.306846 0.949833 0.060523
vn -0.836997 0.544052 0.058680
vn -0.945452 -0.321459 -0.052773
vn -0.920238 0.390499 0.025919
vn -0.836997 0.544052 0.058680
vn -0.960045 -0.274815 -0.052821
vn -0.707864 -0.706303 -0.008019
vn -0.945452 -0.321459 -0.052773
vn -0.960045 -0.274815 -0.052821
vn -0.746083 -0.665578 -0.019156
vn -0.369595 -0.918046 0.143499
vn -0.707864 -0.706303 -0.008019
vn -0.746083 -0.665578 -0.019156
vn -0.406768 -0.905181 0.123236
vn 0.000000 -0.972937 0.231070
vn -0.369595 -0.918046 0.143499
vn -0.406768 -0.905181 0.123236
vn 0.000000 -0.972937 0.231070
vn -0.333061 -0.089397 -0.938658
vn -0.217099 0.182313 -0.958974
vn -0.169311 0.105690 -0.979879
vn -0.192786 -0.125347 -0.973202
vn -0.217099 0.182313 -0.958974
vn 0.013831 0.355717 -0.934491
vn 0.046158 0.177462 -0.983045
vn -0.169311 0.105690 -0.979879
vn 0.013831 0.355717 -0.934491
vn 0.065115 0.351380 -0.933966
vn 0.044135 0.123484 -0.991365
vn 0.046158 0.177462 -0.983045
vn 0.065115 0.351380 -0.933966
vn 0.000000 0.340175 -0.940362
vn 0.000000 0.106735 -0.994288
vn 0.044135 0.123484 -0.991365
vn -0.161980 -0.296351 -0.941243
vn -0.333061 -0.089397 -0.938658
vn -0.192786 -0.125347 -0.973202
vn -0.051723 -0.175108 -0.983190
vn -0.060530 -0.337816 -0.939264
vn -0.161980 -0.296351 -0.941243
vn -0.051723 -0.175108 -0.983190
vn -0.014938 -0.193721 -0.980943
vn 0.000000 -0.354096 -0.935209
vn -0.060530 -0.337816 -0.939264
vn -0.014938 -0.193721 -0.980943
vn 0.000000 -0.197277 -0.980348
vn 0.000000 -0.197277 -0.980348
vn -0.014938 -0.193721 -0.980943
vn 0.044135 0.123484 -0.991365
vn 0.000000 0.106735 -0.994288
vn 0.046158 0.177462 -0.983045
vn 0.044135 0.123484 -0.991365
vn -0.014938 -0.193721 -0.980943
vn -0.051723 -0.175108 -0.983190
vn -0.192786 -0.125347 -0.973202
vn -0.169311 0.105690 -0.979879
vn 0.046158 0.177462 -0.983045
vn -0.051723 -0.175108 -0.983190
vn 0.078070 0.191749 0.978334
vn 0.063157 0.392430 0.917611
vn 0.102021 0.002066 0.994780
vn 0.000000 -0.148810 0.988866
vn 0.160006 -0.149430 0.975740
vn 0.102021 0.002066 0.994780
vn 0.000000 -0.006478 0.999979
vn 0.206986 -0.234793 0.949752
vn 0.160006 -0.149430 0.975740
vn 0.000000 -0.148810 0.988866
vn 0.000000 -0.246442 0.969158
vn 0.206986 -0.234793 0.949752
vn 0.305212 -0.188642 0.933413
vn 0.258215 -0.099461 0.960954
vn 0.160006 -0.149430 0.975740
vn 0.305212 -0.188642 0.933413
vn 0.333637 0.055286 0.941079
vn 0.213583 0.025687 0.976587
vn 0.258215 -0.099461 0.960954
vn 0.333637 0.055286 0.941079
vn 0.275362 0.249391 0.928429
vn 0.170187 0.218660 0.960846
vn 0.213583 0.025687 0.976587
vn 0.160006 -0.149430 0.975740
vn 0.258215 -0.099461 0.960954
vn 0.213583 0.025687 0.976587
vn 0.102021 0.002066 0.994780
vn 0.102021 0.002066 0.994780
vn 0.213583 0.025687 0.976587
vn 0.170187 0.218660 0.960846
vn 0.078070 0.191749 0.978334
vn 0.056274 0.532582 0.844506
vn 0.275362 0.249391 0.928429
vn 0.217022 0.463258 0.859240
vn 0.146668 0.432629 0.889562
vn 0.170187 0.218660 0.960846
vn 0.217022 0.463258 0.859240
vn 0.144900 0.668471 0.729487
vn 0.120532 0.623755 0.772270
vn 0.146668 0.432629 0.889562
vn 0.144900 0.668471 0.729487
vn 0.085576 0.873245 0.479709
vn 0.084421 0.879658 0.468054
vn 0.120532 0.623755 0.772270
vn 0.146668 0.432629 0.889562
vn 0.120532 0.623755 0.772270
vn 0.170187 0.218660 0.960846
vn 0.146668 0.432629 0.889562
vn 0.085576 0.873245 0.479709
vn 0.087170 0.962179 0.258096
vn 0.088365 0.966490 0.241016
vn 0.084421 0.879658 0.468054
vn 0.087170 0.962179 0.258096
vn 0.107667 0.993040 -0.047742
vn 0.112849 0.985022 -0.130373
vn 0.088365 0.966490 0.241016
vn 0.107667 0.993040 -0.047742
vn 0.089487 0.935146 -0.342774
vn 0.088811 0.934914 -0.343582
vn 0.112849 0.985022 -0.130373
vn 0.089487 0.935146 -0.342774
vn 0.000000 0.925071 -0.379795
vn 0.000000 0.925071 -0.379795
vn 0.088811 0.934914 -0.343582
vn 0.000000 -0.974916 0.222575
vn 0.000000 -0.974916 0.222575
vn 0.455296 -0.881958 0.121887
vn 0.473535 -0.873236 0.114992
vn 0.455296 -0.881958 0.121887
vn 0.953524 -0.245848 -0.174212
vn 0.959948 -0.209947 -0.185534
vn 0.473535 -0.873236 0.114992
vn 0.959948 -0.209947 -0.185534
vn 0.953524 -0.245848 -0.174212
vn 0.959714 0.029710 -0.279403
vn 0.957033 0.020749 -0.289237
vn 0.957033 0.020749 -0.289237
vn 0.959714 0.029710 -0.279403
vn 0.937025 -0.059256 -0.344199
vn 0.936067 -0.066219 -0.345533
vn 0.936067 -0.066219 -0.345533
vn 0.937025 -0.059256 -0.344199
vn 0.940453 -0.153617 -0.303232
vn 0.938804 -0.147010 -0.311505
vn 0.940453 -0.153617 -0.303232
vn 0.945802 -0.241724 -0.216858
vn 0.947813 -0.213743 -0.236568
vn 0.938804 -0.147010 -0.311505
vn 0.945802 -0.241724 -0.216858
vn 0.978852 -0.171138 -0.112075
vn 0.969681 -0.204941 -0.133108
vn 0.947813 -0.213743 -0.236568
vn 0.978852 -0.171138 -0.112075
vn 0.991160 -0.071850 -0.111536
vn 0.991279 -0.052097 -0.121045
vn 0.969681 -0.204941 -0.133108
vn 0.991160 -0.071850 -0.111536
vn 0.946099 -0.106387 -0.305905
vn 0.952474 -0.096028 -0.289089
vn 0.991279 -0.052097 -0.121045
vn 0.946099 -0.106387 -0.305905
vn 0.606069 -0.300339 -0.736530
vn 0.687815 -0.278742 -0.670234
vn 0.952474 -0.096028 -0.289089
vn 0.606069 -0.300339 -0.736530
vn 0.000000 -0.362749 -0.931887
vn 0.000000 -0.362749 -0.931887
vn 0.687815 -0.278742 -0.670234
vn 0.000000 0.062497 -0.998045
vn 0.000000 0.081411 -0.996681
vn -0.126935 0.089102 -0.987901
vn -0.141755 0.091003 -0.985710
vn -0.126935 0.089102 -0.987901
vn -0.119891 0.089161 -0.988775
vn -0.130865 0.104131 -0.985916
vn -0.141755 0.091003 -0.985710
vn -0.119891 0.089161 -0.988775
vn -0.073195 -0.003465 -0.997312
vn -0.029724 0.008299 -0.999524
vn -0.130865 0.104131 -0.985916
vn -0.073195 -0.003465 -0.997312
vn -0.014182 -0.197597 -0.980181
vn 0.084079 -0.204979 -0.975148
vn -0.029724 0.008299 -0.999524
vn -0.014182 -0.197597 -0.980181
vn -0.047229 -0.367629 -0.928773
vn 0.032387 -0.400988 -0.915511
vn 0.084079 -0.204979 -0.975148
vn -0.047229 -0.367629 -0.928773
vn -0.094949 -0.523843 -0.846506
vn -0.077022 -0.660281 -0.747059
vn 0.032387 -0.400988 -0.915511
vn -0.094949 -0.523843 -0.846506
vn -0.084947 -0.871670 -0.482676
vn -0.084938 -0.871834 -0.482380
vn -0.077022 -0.660281 -0.747059
vn -0.084947 -0.871670 -0.482676
vn -0.079040 -0.969378 -0.232507
vn -0.079398 -0.965446 -0.248212
vn -0.084938 -0.871834 -0.482380
vn -0.079040 -0.969378 -0.232507
vn -0.068572 -0.993573 0.090054
vn -0.071530 -0.997333 0.014479
vn -0.079398 -0.965446 -0.248212
vn -0.068572 -0.993573 0.090054
vn -0.050512 -0.956844 0.286179
vn -0.050991 -0.957237 0.284776
vn -0.071530 -0.997333 0.014479
vn -0.050512 -0.956844 0.286179
vn 0.000000 -0.948982 0.315330
vn 0.000000 -0.948982 0.315330
vn -0.050991 -0.957237 0.284776
vn -0.758795 0.362355 -0.541229
vn -0.971005 -0.158427 -0.179027
vn -0.971171 -0.165361 -0.171707
vn -0.841922 0.250022 -0.478180
vn -0.980184 -0.196728 0.023196
vn -0.980053 -0.198090 -0.016009
vn -0.971171 -0.165361 -0.171707
vn -0.971005 -0.158427 -0.179027
vn -0.980053 -0.198090 -0.016009
vn -0.980184 -0.196728 0.023196
vn -0.923662 -0.205935 0.323172
vn -0.928023 -0.205413 0.310771
vn -0.594831 -0.234985 0.768738
vn -0.542759 -0.238044 0.805449
vn -0.928023 -0.205413 0.310771
vn -0.923662 -0.205935 0.323172
vn 0.000000 -0.249028 0.968496
vn 0.000000 -0.249028 0.968496
vn -0.542759 -0.238044 0.805449
vn -0.594831 -0.234985 0.768738
vn -0.437205 0.596479 -0.673101
vn -0.377332 0.615243 -0.692168
vn 0.000000 0.666232 -0.745744
vn 0.000000 0.666232 -0.745744
vn -0.841922 0.250022 -0.478180
vn -0.377332 0.615243 -0.692168
vn -0.437205 0.596479 -0.673101
vn -0.758795 0.362355 -0.541229
vn -0.047229 -0.367629 -0.928773
vn -0.069956 -0.282766 -0.956635
vn -0.104705 -0.342597 -0.933630
vn -0.094949 -0.523843 -0.846506
vn -0.069956 -0.282766 -0.956635
vn 0.000000 -0.254381 -0.967104
vn 0.000000 -0.255322 -0.966856
vn -0.104705 -0.342597 -0.933630
vn -0.047229 -0.367629 -0.928773
vn -0.014182 -0.197597 -0.980181
vn -0.058895 -0.188712 -0.980265
vn -0.069956 -0.282766 -0.956635
vn -0.014182 -0.197597 -0.980181
vn -0.073195 -0.003465 -0.997312
vn -0.078968 -0.048547 -0.995694
vn -0.058895 -0.188712 -0.980265
vn -0.073195 -0.003465 -0.997312
vn -0.119891 0.089161 -0.988775
vn -0.096972 0.054587 -0.993789
vn -0.078968 -0.048547 -0.995694
vn -0.119891 0.089161 -0.988775
vn -0.126935 0.089102 -0.987901
vn -0.096972 0.054587 -0.993789
vn 0.000000 0.081411 -0.996681
vn 0.000000 0.053989 -0.998542
vn -0.096972 0.054587 -0.993789
vn -0.126935 0.089102 -0.987901
vn 0.000000 0.053989 -0.998542
vn 0.000000 -0.059521 -0.998227
vn -0.078968 -0.048547 -0.995694
vn -0.096972 0.054587 -0.993789
vn 0.000000 -0.059521 -0.998227
vn 0.000000 -0.186423 -0.982470
vn -0.058895 -0.188712 -0.980265
vn -0.078968 -0.048547 -0.995694
vn 0.000000 -0.186423 -0.982470
vn 0.000000 -0.254381 -0.967104
vn -0.069956 -0.282766 -0.956635
vn -0.058895 -0.188712 -0.980265
vn 0.156143 0.283030 0.946316
vn 0.051697 0.354337 0.933688
vn 0.054388 0.118732 0.991436
vn 0.107564 0.142757 0.983896
vn 0.107564 0.142757 0.983896
vn 0.254067 0.092805 0.962724
vn 0.301844 0.104404 0.947623
vn 0.156143 0.283030 0.946316
vn 0.276383 -0.036553 0.960352
vn 0.348055 -0.051684 0.936048
vn 0.301844 0.104404 0.947623
vn 0.254067 0.092805 0.962724
vn 0.276383 -0.036553 0.960352
vn 0.180557 -0.069923 0.981076
vn 0.259294 -0.152497 0.953683
vn 0.348055 -0.051684 0.936048
vn 0.180557 -0.069923 0.981076
vn 0.086738 -0.083808 0.992700
vn 0.113595 -0.197230 0.973754
vn 0.259294 -0.152497 0.953683
vn 0.086738 -0.083808 0.992700
vn 0.000000 -0.070300 0.997526
vn 0.000000 -0.204938 0.978775
vn 0.113595 -0.197230 0.973754
vn 0.051697 0.354337 0.933688
vn 0.000000 0.372658 0.927969
vn 0.000000 0.105959 0.994371
vn 0.054388 0.118732 0.991436
vn 0.000000 0.105959 0.994371
vn 0.000000 -0.070300 0.997526
vn 0.086738 -0.083808 0.992700
vn 0.054388 0.118732 0.991436
vn 0.180557 -0.069923 0.981076
vn 0.107564 0.142757 0.983896
vn 0.054388 0.118732 0.991436
vn 0.086738 -0.083808 0.992700
vn 0.254067 0.092805 0.962724
vn 0.107564 0.142757 0.983896
vn 0.180557 -0.069923 0.981076
vn 0.276383 -0.036553 0.960352
vn 0.035014 0.993398 -0.109243
vn 0.038975 0.993638 -0.105659
vn 0.000000 0.988763 -0.149494
vn 0.000000 0.988763 -0.149494
vn 0.218240 0.975865 0.007680
vn 0.306846 0.949833 0.060520
vn 0.038975 0.993638 -0.105659
vn 0.035014 0.993398 -0.109243
vn 0.920238 0.390499 0.025919
vn 0.836997 0.544052 0.058679
vn 0.306846 0.949833 0.060520
vn 0.218240 0.975865 0.007680
vn 0.945452 -0.321459 -0.052773
vn 0.960045 -0.274815 -0.052821
vn 0.836997 0.544052 0.058679
vn 0.920238 0.390499 0.025919
vn 0.707864 -0.706303 -0.008019
vn 0.746082 -0.665578 -0.019156
vn 0.960045 -0.274815 -0.052821
vn 0.945452 -0.321459 -0.052773
vn 0.369595 -0.918046 0.143499
vn 0.406768 -0.905181 0.123236
vn 0.746082 -0.665578 -0.019156
vn 0.707864 -0.706303 -0.008019
vn 0.000000 -0.972937 0.231070
vn 0.000000 -0.972937 0.231070
vn 0.406768 -0.905181 0.123236
vn 0.369595 -0.918046 0.143499
vn 0.333061 -0.089397 -0.938658
vn 0.192786 -0.125347 -0.973202
vn 0.169311 0.105690 -0.979879
vn 0.217098 0.182313 -0.958974
vn 0.217098 0.182313 -0.958974
vn 0.169311 0.105690 -0.979879
vn -0.046158 0.177462 -0.983045
vn -0.013832 0.355717 -0.934491
vn -0.013832 0.355717 -0.934491
vn -0.046158 0.177462 -0.983045
vn -0.044135 0.123484 -0.991365
vn -0.065115 0.351380 -0.933966
vn -0.065115 0.351380 -0.933966
vn -0.044135 0.123484 -0.991365
vn 0.000000 0.106735 -0.994288
vn 0.000000 0.340175 -0.940362
vn 0.161980 -0.296351 -0.941243
vn 0.051723 -0.175108 -0.983190
vn 0.192786 -0.125347 -0.973202
vn 0.333061 -0.089397 -0.938658
vn 0.060531 -0.337816 -0.939264
vn 0.014938 -0.193721 -0.980943
vn 0.051723 -0.175108 -0.983190
vn 0.161980 -0.296351 -0.941243
vn 0.000000 -0.354096 -0.935209
vn 0.000000 -0.197277 -0.980348
vn 0.014938 -0.193721 -0.980943
vn 0.060531 -0.337816 -0.939264
vn 0.000000 -0.197277 -0.980348
vn 0.000000 0.106735 -0.994288
vn -0.044135 0.123484 -0.991365
vn 0.014938 -0.193721 -0.980943
vn -0.046158 0.177462 -0.983045
vn 0.051723 -0.175108 -0.983190
vn 0.014938 -0.193721 -0.980943
vn -0.044135 0.123484 -0.991365
vn 0.192786 -0.125347 -0.973202
vn 0.051723 -0.175108 -0.983190
vn -0.046158 0.177462 -0.983045
vn 0.169311 0.105690 -0.979879
s 1
g Dwarf_low1 DwarfApron_low
usemtl lambert2SG
f 1784/2084/6576 1783/2085/6577 1799/2086/6578 1798/2087/6579
f 1785/2088/6580 1784/2084/6576 1798/2087/6579 1797/2089/6581
s off
f 1786/2090/6582 1785/2088/6583 1797/2089/6584 1789/2091/6585
f 1790/2092/6586 1787/2093/6587 1786/2090/6588 1789/2091/6589
f 1790/2092/6590 1789/2091/6591 1791/2094/6592 1792/2095/6593
f 1792/2095/6594 1791/2094/6595 1793/2096/6596 1794/2097/6597
s 1
f 1794/2097/6598 1793/2096/6599 1795/2098/6600 1796/2099/6601
s off
f 1789/2091/6602 1797/2089/6603 1793/2096/6604 1791/2094/6605
s 1
f 1797/2089/6581 1798/2087/6579 1795/2098/6600 1793/2096/6599
f 1788/2100/6606 1800/2101/6607 1799/2086/6578 1783/2085/6577
f 1796/2099/6608 1795/2098/6600 1801/2102/6609 1802/2103/6610
f 1802/2103/6611 1801/2102/6609 1803/2104/6612 1804/2105/6613
s off
f 1804/2105/6614 1803/2104/6615 1805/2106/6616 1806/2107/6617
s 1
f 1799/2086/6578 1800/2101/6607 1803/2104/6612 1801/2102/6609
f 1798/2087/6579 1799/2086/6578 1801/2102/6609 1795/2098/6600
s off
f 1806/2107/6618 1805/2106/6619 1807/2108/6620 1808/2109/6621
f 1808/2109/6622 1807/2108/6623 1809/2110/6624 1810/2111/6625
f 1810/2111/6626 1809/2110/6627 1811/2112/6628 1812/2113/6629
f 1812/2113/6630 1811/2112/6631 1813/2114/6632 1814/2115/6633
f 1787/2093/6634 1790/2092/6635 1815/2116/6636 1816/2117/6637
f 1815/2116/6638 1790/2092/6639 1792/2095/6640 1817/2118/6641
f 1792/2095/6642 1794/2097/6643 1818/2119/6644 1817/2118/6645
f 1794/2097/6646 1796/2099/6647 1819/2120/6648 1818/2119/6649
f 1796/2099/6650 1802/2103/6651 1820/2121/6652 1819/2120/6653
f 1820/2121/6654 1802/2103/6655 1804/2105/6656 1821/2122/6657
f 1821/2122/6658 1804/2105/6659 1806/2107/6660 1822/2123/6661
f 1822/2123/6662 1806/2107/6663 1808/2109/6664 1823/2124/6665
f 1823/2124/6666 1808/2109/6667 1810/2111/6668 1824/2125/6669
f 1824/2125/6670 1810/2111/6671 1812/2113/6672 1825/2126/6673
f 1825/2126/6674 1812/2113/6675 1814/2115/6676 1826/2127/6677
f 1816/2128/6678 1815/2129/6679 1827/2130/6680 1828/2131/6681
f 1827/2130/6682 1815/2129/6683 1817/2132/6684 1829/2133/6685
f 1829/2133/6686 1817/2132/6687 1818/2134/6688 1830/2135/6689
f 1830/2135/6690 1818/2134/6691 1819/2136/6692 1831/2137/6693
f 1831/2137/6694 1819/2136/6695 1820/2138/6696 1832/2139/6697
f 1832/2139/6698 1820/2138/6699 1821/2140/6700 1833/2141/6701
f 1833/2141/6702 1821/2140/6703 1822/2142/6704 1834/2143/6705
f 1834/2143/6706 1822/2142/6707 1823/2144/6708 1835/2145/6709
f 1835/2145/6710 1823/2144/6711 1824/2146/6712 1836/2147/6713
f 1836/2147/6714 1824/2146/6715 1825/2148/6716 1837/2149/6717
f 1837/2149/6718 1825/2148/6719 1826/2150/6720 1838/2151/6721
f 1803/2104/6722 1833/2152/6723 1834/2153/6724 1805/2106/6725
f 1807/2108/6726 1805/2106/6727 1834/2153/6728 1835/2154/6729
f 1835/2154/6730 1836/2155/6731 1809/2110/6732 1807/2108/6733
f 1811/2112/6734 1809/2110/6735 1836/2155/6736 1837/2156/6737
f 1813/2114/6738 1811/2112/6739 1837/2156/6740 1838/2157/6741
f 1800/2101/6742 1788/2100/6743 1839/2158/6744 1840/2159/6745
f 1833/2152/6746 1803/2104/6747 1800/2101/6748 1840/2159/6749
f 1832/2139/6750 1833/2141/6751 1840/2160/6752 1841/2161/6753
f 1841/2161/6754 1840/2160/6755 1839/2162/6756 1842/2163/6757
f 1832/2139/6758 1841/2161/6759 1843/2164/6760 1831/2137/6761
f 1831/2137/6762 1843/2164/6763 1844/2165/6764 1830/2135/6765
f 1830/2135/6766 1844/2165/6767 1845/2166/6768 1829/2133/6769
f 1829/2133/6770 1845/2166/6771 1827/2130/6772
f 1828/2131/6773 1827/2130/6774 1845/2166/6775 1846/2167/6776
f 1846/2167/6777 1845/2166/6778 1844/2165/6779 1847/2168/6780
f 1847/2168/6781 1844/2165/6782 1843/2164/6783 1848/2169/6784
f 1848/2169/6785 1843/2164/6786 1841/2161/6787 1842/2163/6788
f 1849/2170/6789 1850/2171/6790 1863/2172/6791 1864/2173/6792
f 1850/2171/6793 1849/2170/6794 1853/2174/6795 1854/2175/6796
f 1856/2176/6797 1854/2175/6798 1853/2174/6799 1855/2177/6800
f 1856/2176/6801 1855/2177/6802 1857/2178/6803 1858/2179/6804
f 1858/2179/6805 1857/2178/6806 1859/2180/6807 1860/2181/6808
f 1860/2181/6809 1859/2180/6810 1861/2182/6811 1862/2183/6812
f 1864/2173/6813 1863/2172/6814 1851/2184/6815 1852/2185/6816
f 1851/2184/6817 1863/2172/6818 1860/2181/6819 1862/2183/6820
f 1858/2179/6821 1860/2181/6822 1863/2172/6823 1850/2171/6824
f 1854/2175/6825 1856/2176/6826 1858/2179/6827 1850/2171/6828
f 1864/2173/6829 1852/2185/6830 1865/2186/6831 1866/2187/6832
f 1849/2170/6833 1864/2173/6834 1866/2187/6835 1867/2188/6836
f 1853/2174/6837 1849/2170/6838 1867/2188/6839 1868/2189/6840
f 1855/2177/6841 1853/2174/6842 1868/2189/6843 1869/2190/6844
f 1857/2178/6845 1855/2177/6846 1869/2190/6847 1870/2191/6848
f 1859/2180/6849 1857/2178/6850 1870/2191/6851 1871/2192/6852
f 1861/2182/6853 1859/2180/6854 1871/2192/6855 1872/2193/6856
f 1869/2194/6857 1868/2195/6858 1873/2196/6859 1874/2197/6860
f 1868/2195/6861 1867/2198/6862 1875/2199/6863 1873/2196/6864
f 1867/2198/6865 1866/2200/6866 1876/2201/6867 1875/2199/6868
f 1866/2200/6869 1865/2202/6870 1877/2203/6871 1876/2201/6872
f 1870/2204/6873 1869/2194/6874 1874/2197/6875 1878/2205/6876
f 1871/2206/6877 1870/2204/6878 1878/2205/6879 1879/2207/6880
f 1872/2208/6881 1871/2206/6882 1879/2207/6883 1880/2209/6884
f 1880/2209/6885 1879/2207/6886 1876/2201/6887 1877/2203/6888
f 1875/2199/6889 1876/2201/6890 1879/2207/6891 1878/2205/6892
f 1874/2197/6893 1873/2196/6894 1875/2199/6895 1878/2205/6896
s 1
f 1784/2084/6576 1890/2210/6897 1891/2211/6898 1783/2085/6577
f 1785/2088/6580 1889/2212/6899 1890/2210/6897 1784/2084/6576
s off
f 1786/2090/6900 1881/2213/6901 1889/2212/6902 1785/2088/6903
f 1882/2214/6904 1881/2213/6905 1786/2090/6906 1787/2093/6907
f 1882/2214/6908 1884/2215/6909 1883/2216/6910 1881/2213/6911
f 1884/2215/6912 1886/2217/6913 1885/2218/6914 1883/2216/6915
f 1886/2217/6916 1888/2219/6917 1887/2220/6918 1885/2218/6919
f 1881/2213/6920 1883/2216/6921 1885/2218/6922 1889/2212/6923
f 1889/2212/6924 1885/2218/6925 1887/2220/6926 1890/2210/6927
s 1
f 1788/2100/6606 1783/2085/6577 1891/2211/6898 1892/2221/6928
s off
f 1888/2219/6929 1894/2222/6930 1893/2223/6931 1887/2220/6932
f 1894/2222/6933 1896/2224/6934 1895/2225/6935 1893/2223/6936
f 1896/2224/6937 1898/2226/6938 1897/2227/6939 1895/2225/6940
s 1
f 1891/2211/6898 1893/2223/6941 1895/2225/6942 1892/2221/6928
f 1890/2210/6897 1887/2220/6943 1893/2223/6944 1891/2211/6898
s off
f 1898/2226/6945 1900/2228/6946 1899/2229/6947 1897/2227/6948
f 1900/2228/6949 1902/2230/6950 1901/2231/6951 1899/2229/6952
f 1902/2230/6953 1904/2232/6954 1903/2233/6955 1901/2231/6956
f 1904/2232/6957 1814/2115/6958 1813/2114/6959 1903/2233/6960
f 1787/2093/6961 1816/2117/6962 1905/2234/6963 1882/2214/6964
f 1905/2234/6965 1906/2235/6966 1884/2215/6967 1882/2214/6968
f 1884/2215/6969 1906/2235/6970 1907/2236/6971 1886/2217/6972
f 1886/2217/6973 1907/2236/6974 1908/2237/6975 1888/2219/6976
f 1888/2219/6977 1908/2237/6978 1909/2238/6979 1894/2222/6980
f 1909/2238/6981 1910/2239/6982 1896/2224/6983 1894/2222/6984
f 1910/2239/6985 1911/2240/6986 1898/2226/6987 1896/2224/6988
f 1911/2240/6989 1912/2241/6990 1900/2228/6991 1898/2226/6992
f 1912/2241/6993 1913/2242/6994 1902/2230/6995 1900/2228/6996
f 1913/2242/6997 1914/2243/6998 1904/2232/6999 1902/2230/7000
f 1914/2243/7001 1826/2127/7002 1814/2115/7003 1904/2232/7004
f 1816/2128/7005 1828/2131/7006 1915/2244/7007 1905/2245/7008
f 1915/2244/7009 1916/2246/7010 1906/2247/7011 1905/2245/7012
f 1916/2246/7013 1917/2248/7014 1907/2249/7015 1906/2247/7016
f 1917/2248/7017 1918/2250/7018 1908/2251/7019 1907/2249/7020
f 1918/2250/7021 1919/2252/7022 1909/2253/7023 1908/2251/7024
f 1919/2252/7025 1920/2254/7026 1910/2255/7027 1909/2253/7028
f 1920/2254/7029 1921/2256/7030 1911/2257/7031 1910/2255/7032
f 1921/2256/7033 1922/2258/7034 1912/2259/7035 1911/2257/7036
f 1922/2258/7037 1923/2260/7038 1913/2261/7039 1912/2259/7040
f 1923/2260/7041 1924/2262/7042 1914/2263/7043 1913/2261/7044
f 1924/2262/7045 1838/2151/7046 1826/2150/7047 1914/2263/7048
f 1895/2225/7049 1897/2227/7050 1921/2264/7051 1920/2265/7052
f 1899/2229/7053 1922/2266/7054 1921/2264/7055 1897/2227/7056
f 1922/2266/7057 1899/2229/7058 1901/2231/7059 1923/2267/7060
f 1903/2233/7061 1924/2268/7062 1923/2267/7063 1901/2231/7064
f 1813/2114/7065 1838/2157/7066 1924/2268/7067 1903/2233/7068
f 1892/2221/7069 1925/2269/7070 1839/2158/7071 1788/2100/7072
f 1920/2265/7073 1925/2269/7074 1892/2221/7075 1895/2225/7076
f 1919/2252/7077 1926/2270/7078 1925/2271/7079 1920/2254/7080
f 1926/2270/7081 1842/2163/7082 1839/2162/7083 1925/2271/7084
f 1919/2252/7085 1918/2250/7086 1927/2272/7087 1926/2270/7088
f 1918/2250/7089 1917/2248/7090 1928/2273/7091 1927/2272/7092
f 1917/2248/7093 1916/2246/7094 1929/2274/7095 1928/2273/7096
f 1916/2246/7097 1915/2244/7098 1929/2274/7099
f 1828/2131/7100 1846/2167/7101 1929/2274/7102 1915/2244/7103
f 1846/2167/7104 1847/2168/7105 1928/2273/7106 1929/2274/7107
f 1847/2168/7108 1848/2169/7109 1927/2272/7110 1928/2273/7111
f 1848/2169/7112 1842/2163/7113 1926/2270/7114 1927/2272/7115
f 1930/2275/7116 1941/2276/7117 1940/2277/7118 1931/2278/7119
f 1931/2278/7120 1933/2279/7121 1932/2280/7122 1930/2275/7123
f 1935/2281/7124 1934/2282/7125 1932/2280/7126 1933/2279/7127
f 1935/2281/7128 1937/2283/7129 1936/2284/7130 1934/2282/7131
f 1937/2283/7132 1939/2285/7133 1938/2286/7134 1936/2284/7135
f 1939/2285/7136 1862/2183/7137 1861/2182/7138 1938/2286/7139
f 1941/2276/7140 1852/2185/7141 1851/2184/7142 1940/2277/7143
f 1851/2184/7144 1862/2183/7145 1939/2285/7146 1940/2277/7147
f 1937/2283/7148 1931/2278/7149 1940/2277/7150 1939/2285/7151
f 1933/2279/7152 1931/2278/7153 1937/2283/7154 1935/2281/7155
f 1941/2276/7156 1942/2287/7157 1865/2186/7158 1852/2185/7159
f 1930/2275/7160 1943/2288/7161 1942/2287/7162 1941/2276/7163
f 1932/2280/7164 1944/2289/7165 1943/2288/7166 1930/2275/7167
f 1934/2282/7168 1945/2290/7169 1944/2289/7170 1932/2280/7171
f 1936/2284/7172 1946/2291/7173 1945/2290/7174 1934/2282/7175
f 1938/2286/7176 1947/2292/7177 1946/2291/7178 1936/2284/7179
f 1861/2182/7180 1872/2193/7181 1947/2292/7182 1938/2286/7183
f 1945/2293/7184 1949/2294/7185 1948/2295/7186 1944/2296/7187
f 1944/2296/7188 1948/2295/7189 1950/2297/7190 1943/2298/7191
f 1943/2298/7192 1950/2297/7193 1951/2299/7194 1942/2300/7195
f 1942/2300/7196 1951/2299/7197 1877/2203/7198 1865/2202/7199
f 1946/2301/7200 1952/2302/7201 1949/2294/7202 1945/2293/7203
f 1947/2303/7204 1953/2304/7205 1952/2302/7206 1946/2301/7207
f 1872/2208/7208 1880/2209/7209 1953/2304/7210 1947/2303/7211
f 1880/2209/7212 1877/2203/7213 1951/2299/7214 1953/2304/7215
f 1950/2297/7216 1952/2302/7217 1953/2304/7218 1951/2299/7219
f 1949/2294/7220 1952/2302/7221 1950/2297/7222 1948/2295/7223
g default
v 0.664617 0.622796 0.285249
v 0.619344 0.636850 0.292860
v 0.622529 0.591940 0.326586
v 0.663134 0.577527 0.316811
v 0.579148 0.626950 0.283811
v 0.587752 0.576138 0.317236
v 0.562341 0.606142 0.261258
v 0.577612 0.555569 0.300760
v 0.651238 0.569223 0.229610
v 0.663804 0.534637 0.274401
v 0.582696 0.561090 0.232683
v 0.587727 0.532555 0.279690
v 0.632288 0.548237 0.341655
v 0.655371 0.546642 0.327031
v 0.598208 0.540109 0.330084
v 0.597083 0.524929 0.316484
v 0.609703 0.516232 0.304518
v 0.652339 0.524500 0.309872
v 0.520696 0.752164 0.147222
v 0.510808 0.697791 0.124697
v 0.492946 0.807326 0.093101
v 0.479068 0.741221 0.069821
v 0.765361 0.570389 0.230833
v 0.805886 0.581507 0.234658
v 0.846239 0.568275 0.180821
v 0.736458 0.554205 0.203357
v 0.824746 0.549148 0.145523
v 0.768475 0.539364 0.143639
v 0.776264 0.529190 0.247127
v 0.818791 0.528230 0.247677
v 0.850125 0.507915 0.195627
v 0.744526 0.510856 0.219622
v 0.833100 0.502322 0.163666
v 0.769436 0.497653 0.154609
v 0.784804 0.486652 0.256746
v 0.815516 0.474581 0.254820
v 0.842509 0.459877 0.202429
v 0.753673 0.460626 0.228088
v 0.821732 0.446404 0.175687
v 0.777155 0.447021 0.172767
v 0.571752 0.788666 0.165662
v 0.561184 0.840265 0.120114
v 0.930100 0.547099 0.092829
v 0.899176 0.545083 0.147162
v 0.902811 0.532073 0.043048
v 0.857157 0.535647 0.148114
v 0.842873 0.517475 0.042860
v 0.828206 0.528471 0.121469
v 0.899633 0.489141 0.152348
v 0.931615 0.491259 0.102358
v 0.907273 0.475926 0.058572
v 0.860400 0.476342 0.154512
v 0.857928 0.460772 0.053193
v 0.829100 0.462084 0.128647
v 0.901738 0.476759 0.015655
v 0.914482 0.476616 -0.029621
v 0.912787 0.526793 -0.045233
v 0.896248 0.521849 0.018932
v 0.883606 0.466498 -0.072037
v 0.877083 0.513953 -0.081547
v 0.847821 0.505945 0.012312
v 0.853331 0.463936 0.011815
v 0.804357 0.488481 -0.040165
v 0.823587 0.450075 -0.037027
v 0.834800 0.497347 -0.082189
v 0.844072 0.456620 -0.075632
v 0.907025 0.431340 0.000801
v 0.915330 0.429318 -0.023884
v 0.886550 0.422966 -0.055455
v 0.866383 0.420808 0.001223
v 0.849610 0.411848 -0.033650
v 0.858696 0.415122 -0.059744
v 0.893183 0.403863 -0.016957
v 0.876327 0.400247 -0.035957
v 0.515052 0.850669 -0.025386
v 0.504755 0.796842 -0.036283
v 0.571067 0.879902 0.023130
v 0.629707 0.846189 -0.054002
v 0.574674 0.776299 -0.073734
v 0.669142 0.856530 0.012360
v 0.631418 0.818597 0.161120
v 0.615847 0.850897 0.124253
v 0.634806 0.865005 0.094322
v 0.685121 0.854392 0.072388
v 0.674244 0.843052 0.125140
v 0.642098 0.856108 0.113577
v 0.568381 0.642384 0.064354
v 0.522484 0.698480 0.031041
v 0.541582 0.719784 -0.029615
v 0.581006 0.701515 -0.055713
v 0.897725 0.434888 0.149906
v 0.921337 0.435131 0.108577
v 0.910763 0.427334 0.081779
v 0.869953 0.417723 0.152829
v 0.862716 0.402396 0.071010
v 0.842634 0.402915 0.128437
v 0.873413 0.385678 0.128793
v 0.894206 0.390025 0.094485
v 0.635627 0.530069 0.332883
v 0.609364 0.523722 0.325449
v 0.597916 0.655366 -0.010844
v 0.805216 0.418580 0.194180
v 0.789779 0.420558 0.237922
v 0.548739 0.679715 -0.007634
v 0.629707 0.846189 -0.054002
v 0.574674 0.776299 -0.073734
v 0.669142 0.856530 0.012360
v 0.685121 0.854392 0.072388
v 0.631418 0.818597 0.161120
v 0.674244 0.843052 0.125140
v 0.581006 0.701515 -0.055713
v 0.568381 0.642384 0.064354
v 0.597916 0.655366 -0.010844
v 0.571752 0.788666 0.165662
v 0.520696 0.752164 0.147222
v 0.510808 0.697791 0.124697
v 0.676529 0.625646 0.290524
v 0.619433 0.645832 0.306088
v 0.687904 0.666844 0.253647
v 0.618987 0.707747 0.271406
v 0.568173 0.633154 0.294354
v 0.557252 0.678084 0.255347
v 0.547113 0.604195 0.263258
v 0.531255 0.636569 0.219440
v 0.576204 0.551283 0.224710
v 0.579285 0.576719 0.187634
v 0.660823 0.561434 0.222228
v 0.659796 0.594078 0.194180
v 0.767304 0.686339 0.210141
v 0.731398 0.653264 0.224849
v 0.760952 0.572077 0.238722
v 0.810638 0.584627 0.242098
v 0.798813 0.716381 0.180878
v 0.857072 0.571225 0.181417
v 0.703434 0.600952 0.178193
v 0.725644 0.554480 0.202688
v 0.747996 0.582861 0.114326
v 0.766270 0.536669 0.133754
v 0.904583 0.547079 0.156871
v 0.941031 0.548816 0.092569
v 0.900939 0.618385 0.095165
v 0.857294 0.622202 0.173400
v 0.907192 0.531207 0.034553
v 0.915783 0.609183 0.016137
v 0.854433 0.535406 0.157446
v 0.836465 0.516933 0.035271
v 0.818760 0.549543 0.026505
v 0.812582 0.563930 0.116403
v 0.817881 0.525711 0.121763
v 0.920626 0.529705 -0.047902
v 0.902134 0.523824 0.025957
v 0.902692 0.597177 -0.058743
v 0.633210 0.856882 -0.065342
v 0.570473 0.777175 -0.088864
v 0.700668 0.785937 -0.099828
v 0.662633 0.725987 -0.122383
v 0.677247 0.870993 0.007598
v 0.748581 0.823614 -0.011287
v 0.773846 0.725199 -0.098102
v 0.717923 0.654510 -0.125751
v 0.797753 0.771419 -0.016779
v 0.869372 0.577524 -0.093157
v 0.878806 0.514105 -0.091977
v 0.804263 0.540421 -0.105962
v 0.831915 0.497200 -0.093070
v 0.693590 0.869158 0.073293
v 0.758656 0.833629 0.067992
v 0.783849 0.793516 0.067102
v 0.712990 0.745034 0.204843
v 0.683304 0.790886 0.199991
v 0.744239 0.789177 0.162763
v 0.739461 0.820508 0.160039
v 0.632463 0.829634 0.174109
v 0.680460 0.856372 0.133277
v 0.842115 0.505740 0.021435
v 0.792876 0.484699 -0.039713
v 0.769762 0.530721 -0.048770
v 0.573357 0.692560 -0.067856
v 0.622286 0.668437 -0.073638
v 0.686447 0.620174 -0.070824
v 0.559726 0.628054 0.062601
v 0.591698 0.640950 -0.016773
v 0.670714 0.610783 0.000282
v 0.662717 0.604847 0.094617
v 0.849071 0.673017 -0.083048
v 0.769252 0.592061 -0.116960
v 0.872294 0.701240 0.000085
v 0.855602 0.719380 0.084623
v 0.764576 0.575609 0.019422
v 0.741155 0.570784 -0.059357
v 0.566513 0.797539 0.179229
v 0.610907 0.744905 0.232196
v 0.705698 0.699931 0.234407
v 0.508799 0.756033 0.157931
v 0.540427 0.713158 0.212095
v 0.515639 0.662089 0.170421
v 0.496964 0.691755 0.128179
v 0.575023 0.602858 0.140929
v 0.657873 0.607204 0.157168
v 0.843842 0.575023 0.155222
v 0.808995 0.780940 -0.020704
v 0.782878 0.734730 -0.101281
v 0.881721 0.714098 -0.004703
v 0.862199 0.689884 -0.087055
v 0.791206 0.797845 0.070626
v 0.861956 0.730842 0.085075
v 0.753005 0.794785 0.163004
v 0.808506 0.728692 0.178286
v 0.828022 0.545717 0.138117
v 0.853425 0.598760 0.188222
v -0.665409 0.622796 0.285249
v -0.620136 0.636851 0.292860
v -0.623321 0.591940 0.326586
v -0.663927 0.577527 0.316811
v -0.579941 0.626950 0.283811
v -0.588545 0.576138 0.317236
v -0.563133 0.606142 0.261258
v -0.578404 0.555569 0.300760
v -0.652030 0.569223 0.229610
v -0.664597 0.534637 0.274401
v -0.583488 0.561090 0.232683
v -0.588519 0.532555 0.279690
v -0.633080 0.548238 0.341655
v -0.656164 0.546642 0.327031
v -0.599000 0.540109 0.330084
v -0.597876 0.524929 0.316484
v -0.610495 0.516232 0.304518
v -0.653131 0.524500 0.309872
v -0.521489 0.752164 0.147222
v -0.511600 0.697791 0.124697
v -0.493739 0.807326 0.093101
v -0.479860 0.741221 0.069821
v -0.766154 0.570389 0.230833
v -0.806678 0.581507 0.234658
v -0.847031 0.568274 0.180821
v -0.737250 0.554205 0.203357
v -0.825538 0.549148 0.145523
v -0.769267 0.539364 0.143639
v -0.777057 0.529190 0.247127
v -0.819583 0.528230 0.247677
v -0.850917 0.507915 0.195627
v -0.745318 0.510856 0.219622
v -0.833892 0.502322 0.163666
v -0.770229 0.497654 0.154609
v -0.785596 0.486652 0.256746
v -0.816309 0.474581 0.254820
v -0.843301 0.459877 0.202429
v -0.754466 0.460626 0.228088
v -0.822525 0.446404 0.175687
v -0.777947 0.447021 0.172767
v -0.572544 0.788666 0.165662
v -0.561976 0.840264 0.120114
v -0.930892 0.547099 0.092829
v -0.899968 0.545083 0.147162
v -0.903604 0.532073 0.043048
v -0.857949 0.535647 0.148114
v -0.843666 0.517475 0.042860
v -0.828998 0.528471 0.121469
v -0.900425 0.489141 0.152348
v -0.932407 0.491259 0.102358
v -0.908065 0.475926 0.058572
v -0.861192 0.476342 0.154512
v -0.858721 0.460772 0.053193
v -0.829892 0.462084 0.128647
v -0.902531 0.476759 0.015655
v -0.915274 0.476616 -0.029621
v -0.913579 0.526793 -0.045233
v -0.897041 0.521849 0.018932
v -0.884399 0.466498 -0.072037
v -0.877875 0.513953 -0.081547
v -0.848613 0.505945 0.012312
v -0.854123 0.463936 0.011815
v -0.805149 0.488481 -0.040165
v -0.824379 0.450075 -0.037027
v -0.835592 0.497347 -0.082189
v -0.844865 0.456620 -0.075632
v -0.907817 0.431340 0.000801
v -0.916122 0.429318 -0.023884
v -0.887342 0.422966 -0.055455
v -0.867175 0.420808 0.001223
v -0.850402 0.411848 -0.033650
v -0.859489 0.415122 -0.059745
v -0.893976 0.403863 -0.016957
v -0.877119 0.400247 -0.035957
v -0.515844 0.850669 -0.025386
v -0.505547 0.796842 -0.036283
v -0.571860 0.879902 0.023130
v -0.630499 0.846189 -0.054002
v -0.575466 0.776299 -0.073734
v -0.669935 0.856530 0.012360
v -0.632210 0.818597 0.161120
v -0.616639 0.850897 0.124253
v -0.635598 0.865005 0.094322
v -0.685914 0.854392 0.072388
v -0.675037 0.843052 0.125140
v -0.642891 0.856108 0.113577
v -0.569174 0.642384 0.064354
v -0.523276 0.698480 0.031041
v -0.542374 0.719784 -0.029615
v -0.581798 0.701515 -0.055713
v -0.898517 0.434888 0.149906
v -0.922129 0.435131 0.108577
v -0.911556 0.427333 0.081779
v -0.870745 0.417723 0.152829
v -0.863508 0.402396 0.071010
v -0.843426 0.402915 0.128437
v -0.874206 0.385678 0.128793
v -0.894998 0.390025 0.094485
v -0.636419 0.530069 0.332883
v -0.610156 0.523722 0.325449
v -0.598708 0.655365 -0.010844
v -0.806008 0.418581 0.194180
v -0.790571 0.420558 0.237922
v -0.549532 0.679715 -0.007634
v -0.630499 0.846189 -0.054002
v -0.575466 0.776299 -0.073734
v -0.669935 0.856530 0.012360
v -0.685914 0.854392 0.072388
v -0.632210 0.818597 0.161120
v -0.675037 0.843052 0.125140
v -0.581798 0.701515 -0.055713
v -0.569174 0.642384 0.064354
v -0.598708 0.655365 -0.010844
v -0.572544 0.788666 0.165662
v -0.521489 0.752164 0.147222
v -0.511600 0.697791 0.124697
v -0.677322 0.625646 0.290524
v -0.620225 0.645832 0.306088
v -0.688696 0.666844 0.253647
v -0.619780 0.707747 0.271406
v -0.568965 0.633154 0.294354
v -0.558044 0.678084 0.255347
v -0.547905 0.604195 0.263258
v -0.532047 0.636569 0.219440
v -0.576996 0.551283 0.224710
v -0.580077 0.576719 0.187634
v -0.661615 0.561434 0.222228
v -0.660588 0.594079 0.194180
v -0.768097 0.686339 0.210141
v -0.732191 0.653264 0.224849
v -0.761745 0.572077 0.238722
v -0.811431 0.584627 0.242098
v -0.799606 0.716381 0.180878
v -0.857865 0.571225 0.181417
v -0.704226 0.600952 0.178193
v -0.726436 0.554480 0.202688
v -0.748789 0.582861 0.114326
v -0.767062 0.536669 0.133754
v -0.905376 0.547079 0.156871
v -0.941823 0.548816 0.092569
v -0.901731 0.618385 0.095165
v -0.858086 0.622202 0.173400
v -0.907985 0.531207 0.034553
v -0.916576 0.609184 0.016137
v -0.855226 0.535406 0.157446
v -0.837257 0.516933 0.035271
v -0.819552 0.549543 0.026505
v -0.813374 0.563930 0.116403
v -0.818673 0.525711 0.121763
v -0.921418 0.529705 -0.047902
v -0.902927 0.523824 0.025957
v -0.903484 0.597177 -0.058743
v -0.634003 0.856882 -0.065342
v -0.571265 0.777175 -0.088864
v -0.701460 0.785937 -0.099828
v -0.663425 0.725987 -0.122383
v -0.678040 0.870993 0.007598
v -0.749373 0.823614 -0.011287
v -0.774638 0.725199 -0.098102
v -0.718716 0.654510 -0.125751
v -0.798545 0.771419 -0.016779
v -0.870164 0.577524 -0.093157
v -0.879598 0.514105 -0.091977
v -0.805055 0.540421 -0.105962
v -0.832708 0.497200 -0.093070
v -0.694382 0.869158 0.073293
v -0.759449 0.833629 0.067992
v -0.784641 0.793516 0.067102
v -0.713783 0.745034 0.204843
v -0.684097 0.790886 0.199991
v -0.745031 0.789177 0.162763
v -0.740253 0.820508 0.160039
v -0.633256 0.829634 0.174109
v -0.681253 0.856372 0.133277
v -0.842907 0.505740 0.021435
v -0.793669 0.484699 -0.039713
v -0.770554 0.530721 -0.048770
v -0.574150 0.692560 -0.067856
v -0.623078 0.668437 -0.073638
v -0.687239 0.620175 -0.070824
v -0.560519 0.628054 0.062601
v -0.592490 0.640950 -0.016773
v -0.671507 0.610783 0.000282
v -0.663509 0.604847 0.094617
v -0.849863 0.673017 -0.083048
v -0.770044 0.592061 -0.116960
v -0.873086 0.701240 0.000085
v -0.856394 0.719380 0.084623
v -0.765369 0.575609 0.019422
v -0.741948 0.570784 -0.059357
v -0.567305 0.797539 0.179229
v -0.611699 0.744905 0.232196
v -0.706491 0.699931 0.234407
v -0.509591 0.756033 0.157931
v -0.541220 0.713158 0.212095
v -0.516432 0.662089 0.170421
v -0.497756 0.691755 0.128179
v -0.575815 0.602858 0.140929
v -0.658666 0.607204 0.157168
v -0.844634 0.575022 0.155222
v -0.809788 0.780940 -0.020704
v -0.783671 0.734730 -0.101281
v -0.882513 0.714098 -0.004703
v -0.862991 0.689884 -0.087055
v -0.791998 0.797845 0.070626
v -0.862749 0.730842 0.085075
v -0.753797 0.794785 0.163004
v -0.809299 0.728692 0.178286
v -0.828815 0.545717 0.138117
v -0.854217 0.598760 0.188222
vt 0.695131 0.279737
vt 0.686125 0.285272
vt 0.693002 0.295349
vt 0.698023 0.287581
vt 0.702517 0.300131
vt 0.704926 0.289869
vt 0.711393 0.300088
vt 0.710063 0.288716
vt 0.722203 0.290073
vt 0.714339 0.284308
vt 0.697130 0.268687
vt 0.684654 0.267889
vt 0.726345 0.274677
vt 0.714067 0.269725
vt 0.712447 0.328925
vt 0.701830 0.332849
vt 0.702291 0.343240
vt 0.719399 0.339642
vt 0.720201 0.322554
vt 0.729092 0.329718
vt 0.725634 0.315316
vt 0.736537 0.320433
vt 0.680139 0.317629
vt 0.680878 0.305730
vt 0.669944 0.304670
vt 0.671656 0.320220
vt 0.685125 0.328108
vt 0.679572 0.334142
vt 0.702193 0.281034
vt 0.700957 0.277722
vt 0.706255 0.284297
vt 0.708747 0.282693
vt 0.709617 0.279797
vt 0.705012 0.273088
vt 0.760899 0.376056
vt 0.760269 0.391684
vt 0.774900 0.389141
vt 0.774011 0.380049
vt 0.796428 0.384521
vt 0.795920 0.380538
vt 0.698103 0.365068
vt 0.693718 0.353871
vt 0.681409 0.357141
vt 0.683905 0.363354
vt 0.675424 0.346775
vt 0.674825 0.353948
vt 0.596150 0.311334
vt 0.609058 0.309342
vt 0.604823 0.302260
vt 0.595582 0.301047
vt 0.579202 0.301757
vt 0.586221 0.290614
vt 0.619697 0.301420
vt 0.613087 0.296544
vt 0.573747 0.292180
vt 0.582119 0.283884
vt 0.625444 0.282988
vt 0.625043 0.269897
vt 0.613064 0.269323
vt 0.617748 0.281535
vt 0.602509 0.296412
vt 0.597634 0.293165
vt 0.593115 0.283141
vt 0.608069 0.290900
vt 0.598905 0.275814
vt 0.607788 0.281122
vt 0.764097 0.407801
vt 0.776339 0.405758
vt 0.794822 0.398291
vt 0.673559 0.381244
vt 0.669426 0.393253
vt 0.678382 0.392109
vt 0.684246 0.377209
vt 0.662024 0.391612
vt 0.669532 0.404453
vt 0.654573 0.383288
vt 0.648903 0.383068
vt 0.663083 0.374478
vt 0.662245 0.369343
vt 0.593134 0.363699
vt 0.581806 0.352223
vt 0.574651 0.360087
vt 0.584172 0.366953
vt 0.595727 0.378709
vt 0.582188 0.378985
vt 0.571191 0.348902
vt 0.565906 0.359845
vt 0.588993 0.393546
vt 0.579612 0.387625
vt 0.562210 0.347408
vt 0.557021 0.362190
vt 0.574564 0.405341
vt 0.564315 0.394242
vt 0.613164 0.410383
vt 0.612995 0.419342
vt 0.622550 0.419776
vt 0.629791 0.412938
vt 0.630175 0.427244
vt 0.637555 0.423681
vt 0.602260 0.415999
vt 0.604435 0.425698
vt 0.614554 0.446703
vt 0.618067 0.454641
vt 0.631705 0.447634
vt 0.625079 0.442273
vt 0.638429 0.435525
vt 0.630844 0.435272
vt 0.614609 0.427051
vt 0.618710 0.426847
vt 0.623735 0.430147
vt 0.611607 0.435425
vt 0.619940 0.436420
vt 0.623746 0.434386
vt 0.616697 0.431187
vt 0.619173 0.433138
vt 0.653676 0.403265
vt 0.657637 0.417780
vt 0.670142 0.419267
vt 0.814796 0.398680
vt 0.810215 0.375488
vt 0.806178 0.414457
vt 0.746205 0.444938
vt 0.743228 0.425241
vt 0.721303 0.432142
vt 0.721601 0.446489
vt 0.740955 0.408324
vt 0.725015 0.410957
vt 0.705362 0.430213
vt 0.700342 0.447885
vt 0.712912 0.412151
vt 0.669535 0.429137
vt 0.657517 0.429108
vt 0.666363 0.442921
vt 0.655380 0.437432
vt 0.772818 0.420984
vt 0.780793 0.415366
vt 0.788300 0.416339
vt 0.796598 0.423058
vt 0.738355 0.393751
vt 0.723565 0.395213
vt 0.716906 0.395797
vt 0.724532 0.363647
vt 0.713425 0.361420
vt 0.718301 0.375372
vt 0.723767 0.377483
vt 0.737939 0.365820
vt 0.737236 0.379860
vt 0.785356 0.425984
vt 0.785246 0.419072
vt 0.646268 0.393855
vt 0.622181 0.388685
vt 0.627271 0.397290
vt 0.635891 0.390373
vt 0.632445 0.381272
vt 0.771122 0.357179
vt 0.779527 0.368804
vt 0.794669 0.371689
vt 0.798265 0.358568
vt 0.612638 0.335028
vt 0.596688 0.330340
vt 0.600160 0.351725
vt 0.615804 0.344657
vt 0.609696 0.365490
vt 0.622181 0.358740
vt 0.569706 0.367842
vt 0.576630 0.371716
vt 0.577175 0.376570
vt 0.564493 0.371056
vt 0.570703 0.382353
vt 0.560456 0.378952
vt 0.565560 0.376275
vt 0.568935 0.377457
vt 0.707100 0.281291
vt 0.704323 0.278428
vt 0.643367 0.324210
vt 0.627556 0.335495
vt 0.635654 0.350710
vt 0.655385 0.341697
vt 0.687535 0.425195
vt 0.681231 0.446942
vt 0.609569 0.225797
vt 0.591043 0.225523
vt 0.592038 0.244925
vt 0.607249 0.241577
vt 0.573404 0.224543
vt 0.574630 0.243809
vt 0.554293 0.224771
vt 0.554950 0.240707
vt 0.643452 0.369895
vt 0.659342 0.359141
vt 0.628412 0.372000
vt 0.743305 0.353425
vt 0.727184 0.346964
vt 0.707868 0.351773
vt 0.702832 0.374290
vt 0.750736 0.342589
vt 0.738370 0.335630
vt 0.747750 0.325129
vt 0.757248 0.331859
vt 0.648785 0.302626
vt 0.661165 0.322535
vt 0.659073 0.304847
vt 0.671256 0.338122
vt 0.601424 0.280905
vt 0.601649 0.286952
vt 0.694395 0.394308
vt 0.688717 0.409308
vt 0.616980 0.378302
vt 0.785191 0.351299
vt 0.786389 0.361637
vt 0.814797 0.398679
vt 0.810215 0.375488
vt 0.806180 0.414456
vt 0.796599 0.423058
vt 0.772818 0.420984
vt 0.785356 0.425984
vt 0.798266 0.358567
vt 0.785190 0.351299
vt 0.771120 0.357179
vt 0.764096 0.407801
vt 0.760269 0.391684
vt 0.760897 0.376057
vt 0.710919 0.326463
vt 0.701925 0.330689
vt 0.717864 0.320747
vt 0.722281 0.314987
vt 0.682367 0.317111
vt 0.683611 0.307119
vt 0.687132 0.326473
vt 0.680364 0.358016
vt 0.682683 0.363005
vt 0.676803 0.369809
vt 0.677716 0.371193
vt 0.675221 0.355297
vt 0.672117 0.381544
vt 0.668839 0.389004
vt 0.662342 0.390377
vt 0.669031 0.377369
vt 0.669892 0.376594
vt 0.656023 0.383413
vt 0.663806 0.375766
vt 0.652432 0.403878
vt 0.656188 0.417638
vt 0.748776 0.442895
vt 0.745350 0.424788
vt 0.744144 0.407767
vt 0.655846 0.427953
vt 0.653494 0.435948
vt 0.741545 0.393286
vt 0.740328 0.380121
vt 0.741124 0.366785
vt 0.645777 0.395862
vt 0.629305 0.397877
vt 0.636303 0.392396
vt 0.612933 0.331918
vt 0.598450 0.327813
vt 0.640611 0.322344
vt 0.626199 0.332405
vt 0.746301 0.354819
vt 0.753135 0.344103
vt 0.758932 0.334588
vt 0.645858 0.303202
vt 0.611618 0.224255
vt 0.591327 0.222673
vt 0.592143 0.248098
vt 0.610728 0.243611
vt 0.573727 0.222813
vt 0.574160 0.246237
vt 0.552645 0.223485
vt 0.552379 0.242500
vt 0.667218 0.361375
vt 0.665706 0.361350
vt 0.673958 0.372779
vt 0.669537 0.368475
vt 0.668339 0.369105
vt 0.682072 0.372994
vt 0.375086 0.279955
vt 0.382915 0.277022
vt 0.390708 0.282004
vt 0.380667 0.288933
vt 0.385168 0.270109
vt 0.395442 0.272465
vt 0.383989 0.264977
vt 0.395354 0.263589
vt 0.379560 0.260724
vt 0.385284 0.252830
vt 0.364026 0.278012
vt 0.363291 0.290491
vt 0.364978 0.261069
vt 0.369868 0.248767
vt 0.418148 0.256026
vt 0.427199 0.246952
vt 0.434327 0.262979
vt 0.424230 0.265615
vt 0.410267 0.249759
vt 0.415425 0.239529
vt 0.402025 0.245952
vt 0.404752 0.234180
vt 0.413861 0.290096
vt 0.418186 0.297873
vt 0.403292 0.302822
vt 0.402033 0.291874
vt 0.430180 0.287180
vt 0.423092 0.283001
vt 0.373041 0.274139
vt 0.376347 0.272886
vt 0.379589 0.268808
vt 0.377973 0.266324
vt 0.375072 0.265468
vt 0.368387 0.270107
vt 0.435632 0.190989
vt 0.439047 0.177715
vt 0.448091 0.176428
vt 0.451273 0.190934
vt 0.438576 0.155805
vt 0.442533 0.155123
vt 0.456621 0.262496
vt 0.457926 0.276785
vt 0.452354 0.280541
vt 0.446559 0.269153
vt 0.450607 0.287671
vt 0.443444 0.288591
vt 0.431333 0.359752
vt 0.421595 0.363116
vt 0.420231 0.353896
vt 0.425882 0.347884
vt 0.426765 0.378676
vt 0.414126 0.374977
vt 0.412470 0.347514
vt 0.415349 0.339822
vt 0.419048 0.386545
vt 0.408777 0.380766
vt 0.396048 0.339344
vt 0.396757 0.347143
vt 0.386297 0.354992
vt 0.383567 0.343316
vt 0.413453 0.363301
vt 0.415240 0.357724
vt 0.405050 0.370395
vt 0.408416 0.353887
vt 0.396418 0.366832
vt 0.399089 0.356836
vt 0.464629 0.174263
vt 0.467207 0.186404
vt 0.456360 0.156124
vt 0.477651 0.283172
vt 0.471445 0.273537
vt 0.487297 0.276157
vt 0.490302 0.284703
vt 0.501267 0.282242
vt 0.490248 0.292309
vt 0.484625 0.306977
vt 0.483649 0.301369
vt 0.473217 0.294873
vt 0.468356 0.296774
vt 0.479909 0.361130
vt 0.486056 0.368418
vt 0.482899 0.379723
vt 0.473048 0.375722
vt 0.493100 0.353514
vt 0.498034 0.366126
vt 0.485692 0.388014
vt 0.473597 0.386832
vt 0.509350 0.354712
vt 0.507031 0.365561
vt 0.490959 0.395543
vt 0.475293 0.395776
vt 0.525401 0.364183
vt 0.518522 0.377633
vt 0.509293 0.331098
vt 0.511775 0.314461
vt 0.518645 0.321673
vt 0.518252 0.331229
vt 0.522484 0.306651
vt 0.526080 0.314016
vt 0.524645 0.339761
vt 0.514955 0.341979
vt 0.545606 0.329551
vt 0.541131 0.319045
vt 0.546463 0.312398
vt 0.553528 0.326004
vt 0.534105 0.313311
vt 0.534326 0.305725
vt 0.525732 0.325482
vt 0.525955 0.329582
vt 0.529011 0.320443
vt 0.534341 0.332547
vt 0.535300 0.324210
vt 0.533249 0.320413
vt 0.532021 0.324991
vt 0.530082 0.327476
vt 0.503436 0.298047
vt 0.515671 0.278528
vt 0.516842 0.291109
vt 0.432905 0.141745
vt 0.455875 0.136153
vt 0.472013 0.144071
vt 0.524859 0.198512
vt 0.531554 0.222323
vt 0.517542 0.225631
vt 0.506162 0.205575
vt 0.495979 0.226445
vt 0.490044 0.211362
vt 0.537395 0.242884
vt 0.519003 0.241676
vt 0.499695 0.238068
vt 0.525481 0.277048
vt 0.527980 0.288845
vt 0.539671 0.277262
vt 0.536595 0.289191
vt 0.474033 0.169392
vt 0.479995 0.177113
vt 0.474677 0.161849
vt 0.481026 0.153265
vt 0.480840 0.231178
vt 0.476295 0.216978
vt 0.482812 0.237588
vt 0.449669 0.236869
vt 0.463404 0.234709
vt 0.462482 0.240516
vt 0.449820 0.248233
vt 0.448982 0.223259
vt 0.462903 0.220996
vt 0.477541 0.164781
vt 0.484441 0.164368
vt 0.495763 0.307293
vt 0.495756 0.332011
vt 0.486325 0.323500
vt 0.494528 0.318206
vt 0.503128 0.325208
vt 0.416325 0.181602
vt 0.427572 0.172696
vt 0.429791 0.157442
vt 0.416524 0.154424
vt 0.445125 0.352656
vt 0.453906 0.347524
vt 0.464129 0.361386
vt 0.443880 0.369289
vt 0.466379 0.338307
vt 0.475627 0.349136
vt 0.493129 0.373850
vt 0.491884 0.381686
vt 0.497498 0.371664
vt 0.496700 0.385471
vt 0.505159 0.375742
vt 0.505504 0.386533
vt 0.501175 0.379090
vt 0.501230 0.382667
vt 0.373731 0.270769
vt 0.376579 0.267978
vt 0.428050 0.324786
vt 0.442677 0.309318
vt 0.455669 0.326780
vt 0.442445 0.337923
vt 0.540488 0.261831
vt 0.517828 0.260220
vt 0.388270 0.181964
vt 0.372483 0.179691
vt 0.369088 0.164490
vt 0.388488 0.163436
vt 0.370152 0.147078
vt 0.389414 0.145794
vt 0.373195 0.127389
vt 0.389129 0.126685
vt 0.458957 0.301768
vt 0.472850 0.315095
vt 0.478078 0.329406
vt 0.432746 0.237775
vt 0.435693 0.220602
vt 0.441525 0.255714
vt 0.464673 0.255918
vt 0.419274 0.229186
vt 0.423500 0.215592
vt 0.407000 0.222191
vt 0.411604 0.211459
vt 0.405736 0.324009
vt 0.405752 0.313449
vt 0.422664 0.307678
vt 0.435833 0.294501
vt 0.406378 0.361142
vt 0.400624 0.363015
vt 0.486086 0.259985
vt 0.501995 0.262401
vt 0.486664 0.339296
vt 0.420111 0.166155
vt 0.409836 0.167805
vt 0.432905 0.141745
vt 0.455873 0.136151
vt 0.472012 0.144069
vt 0.481026 0.153265
vt 0.484441 0.164369
vt 0.479995 0.177114
vt 0.416524 0.154424
vt 0.416326 0.181604
vt 0.409835 0.167805
vt 0.467207 0.186404
vt 0.451273 0.190934
vt 0.435633 0.190990
vt 0.416054 0.258042
vt 0.422091 0.265977
vt 0.408987 0.252432
vt 0.402406 0.249309
vt 0.412885 0.288019
vt 0.402820 0.288900
vt 0.421066 0.281376
vt 0.453434 0.281383
vt 0.457841 0.278058
vt 0.466917 0.281209
vt 0.465752 0.282395
vt 0.451847 0.286999
vt 0.478249 0.284524
vt 0.486257 0.286171
vt 0.488970 0.292256
vt 0.474803 0.288430
vt 0.473861 0.287748
vt 0.483467 0.299920
vt 0.474329 0.293892
vt 0.504299 0.299139
vt 0.517007 0.292561
vt 0.522314 0.196419
vt 0.505271 0.203589
vt 0.488827 0.208351
vt 0.527198 0.290727
vt 0.535537 0.291353
vt 0.475168 0.213945
vt 0.462508 0.217908
vt 0.449258 0.219932
vt 0.497834 0.307353
vt 0.503275 0.323089
vt 0.496427 0.317376
vt 0.442012 0.353020
vt 0.441030 0.368091
vt 0.426799 0.327882
vt 0.439699 0.339904
vt 0.436431 0.217369
vt 0.424480 0.212919
vt 0.413928 0.209233
vt 0.406916 0.326760
vt 0.389819 0.184008
vt 0.391338 0.163712
vt 0.365915 0.164605
vt 0.370459 0.183176
vt 0.391146 0.146113
vt 0.367723 0.146616
vt 0.390408 0.125033
vt 0.371394 0.124823
vt 0.459493 0.293572
vt 0.459788 0.295060
vt 0.469263 0.284561
vt 0.466841 0.290847
vt 0.465970 0.289804
vt 0.467768 0.276556
vn 0.908348 0.212588 0.360153
vn 0.889182 0.317164 0.329792
vn -0.027364 0.565502 0.824293
vn -0.017429 0.481647 0.876192
vn -0.636046 0.357834 0.683667
vn -0.622709 0.267185 0.735422
vn -0.622709 0.267185 0.735422
vn -0.636046 0.357834 0.683667
vn -0.973303 -0.118154 0.196776
vn -0.956138 -0.228003 0.183889
vn -0.956138 -0.228003 0.183889
vn -0.973303 -0.118154 0.196776
vn -0.427505 -0.773333 -0.468184
vn -0.425545 -0.808137 -0.407219
vn 0.687226 -0.602767 -0.405453
vn 0.600423 -0.615962 -0.509983
vn -0.425545 -0.808137 -0.407219
vn -0.427505 -0.773333 -0.468184
vn 0.600423 -0.615962 -0.509983
vn 0.687226 -0.602767 -0.405453
vn 0.064827 0.535286 0.842179
vn 0.894494 0.161811 0.416771
vn 0.894412 0.121913 0.430308
vn 0.011857 0.594034 0.804352
vn -0.620881 0.385923 0.682327
vn 0.064827 0.535286 0.842179
vn 0.011857 0.594034 0.804352
vn -0.658613 0.408862 0.631712
vn -0.975439 -0.186201 0.117675
vn -0.620881 0.385923 0.682327
vn -0.658613 0.408862 0.631712
vn -0.959892 -0.256156 0.113981
vn -0.496332 -0.716074 -0.490808
vn -0.975439 -0.186201 0.117675
vn -0.959892 -0.256156 0.113981
vn -0.414792 -0.804772 -0.424605
vn 0.894494 0.161811 0.416771
vn 0.717302 -0.552743 -0.424209
vn 0.736798 -0.600815 -0.310082
vn 0.894412 0.121913 0.430308
vn 0.717302 -0.552743 -0.424209
vn -0.496332 -0.716074 -0.490808
vn -0.414792 -0.804772 -0.424605
vn 0.736798 -0.600815 -0.310082
vn 0.004167 0.146784 0.989160
vn 0.800841 -0.029499 0.598150
vn -0.537672 -0.012890 0.843056
vn -0.956138 -0.228003 0.183889
vn -0.811839 -0.511804 0.281025
vn -0.956138 -0.228003 0.183889
vn -0.425545 -0.808137 -0.407219
vn -0.084826 -0.975024 -0.205263
vn -0.811839 -0.511804 0.281025
vn 0.687226 -0.602767 -0.405453
vn 0.543430 -0.836608 -0.069067
vn -0.425545 -0.808137 -0.407219
vn 0.687226 -0.602767 -0.405453
vn 0.543430 -0.836608 -0.069067
vn -0.084826 -0.975024 -0.205263
vn -0.883092 -0.446448 0.144333
vn -0.750909 0.234748 0.617276
vn -0.820860 0.498028 0.279566
vn -0.975684 -0.215271 -0.041224
vn -0.975684 -0.215271 -0.041224
vn -0.820860 0.498028 0.279566
vn -0.601642 0.712827 -0.360424
vn -0.807494 0.085678 -0.583620
vn 0.414801 0.371072 0.830810
vn -0.255688 -0.049015 0.965516
vn -0.377674 0.094316 0.921123
vn 0.372504 0.338488 0.864099
vn -0.255688 -0.049015 0.965516
vn -0.656620 -0.634130 0.408324
vn -0.909599 -0.349191 0.225157
vn -0.377674 0.094316 0.921123
vn 0.570171 0.295158 0.766672
vn -0.421747 0.206374 0.882915
vn -0.391286 0.160775 0.906116
vn 0.647287 0.190387 0.738087
vn 0.968660 0.165617 0.185121
vn 0.570171 0.295158 0.766672
vn 0.647287 0.190387 0.738087
vn 0.986350 0.024952 0.162762
vn -0.421747 0.206374 0.882915
vn -0.992566 -0.101630 0.066959
vn -0.983853 -0.128514 0.124571
vn -0.391286 0.160775 0.906116
vn 0.517427 -0.209215 -0.829758
vn 0.968660 0.165617 0.185121
vn 0.986350 0.024952 0.162762
vn 0.529238 -0.238130 -0.814372
vn -0.491320 -0.317014 -0.811238
vn 0.517427 -0.209215 -0.829758
vn 0.529238 -0.238130 -0.814372
vn -0.544776 -0.316478 -0.776570
vn -0.992566 -0.101630 0.066959
vn -0.491320 -0.317014 -0.811238
vn -0.544776 -0.316478 -0.776570
vn -0.983853 -0.128514 0.124571
vn 0.647287 0.190387 0.738087
vn -0.391286 0.160775 0.906116
vn -0.346956 0.007204 0.937854
vn 0.667869 -0.222079 0.710375
vn 0.986350 0.024952 0.162762
vn 0.647287 0.190387 0.738087
vn 0.667869 -0.222079 0.710375
vn 0.916987 -0.338263 0.211456
vn -0.391286 0.160775 0.906116
vn -0.983853 -0.128514 0.124571
vn -0.921222 -0.374750 0.104460
vn -0.346956 0.007204 0.937854
vn 0.529238 -0.238130 -0.814372
vn 0.986350 0.024952 0.162762
vn 0.916987 -0.338263 0.211456
vn 0.410067 -0.375459 -0.831189
vn -0.544776 -0.316478 -0.776570
vn 0.529238 -0.238130 -0.814372
vn 0.410067 -0.375459 -0.831189
vn -0.589287 -0.487145 -0.644539
vn -0.983853 -0.128514 0.124571
vn -0.544776 -0.316478 -0.776570
vn -0.589287 -0.487145 -0.644539
vn -0.921222 -0.374750 0.104460
vn -0.750909 0.234748 0.617276
vn -0.437081 0.534598 0.723302
vn -0.444992 0.756975 0.478509
vn -0.820860 0.498028 0.279566
vn -0.820860 0.498028 0.279566
vn -0.444992 0.756975 0.478509
vn -0.211596 0.977247 -0.014653
vn -0.601642 0.712827 -0.360424
vn 0.694537 0.339959 0.634071
vn 0.934659 0.324555 0.145179
vn 0.876607 0.403760 0.261798
vn 0.759094 0.387279 0.523251
vn 0.876607 0.403760 0.261798
vn 0.934659 0.324555 0.145179
vn 0.607347 -0.054642 -0.792555
vn 0.953803 0.290342 -0.077208
vn 0.953803 0.290342 -0.077208
vn 0.607347 -0.054642 -0.792555
vn -0.425701 -0.349229 -0.834756
vn -0.637813 -0.717593 0.279740
vn -0.941350 -0.254052 0.222075
vn -0.593750 -0.793810 -0.131633
vn -0.637813 -0.717593 0.279740
vn -0.425701 -0.349229 -0.834756
vn 0.999314 0.015456 0.033661
vn 0.619695 0.100862 0.778335
vn 0.583357 0.029560 0.811678
vn 0.995163 -0.038511 0.090377
vn 0.570383 -0.146330 -0.808240
vn 0.999314 0.015456 0.033661
vn 0.995163 -0.038511 0.090377
vn 0.558711 -0.208475 -0.802733
vn 0.619695 0.100862 0.778335
vn -0.341161 0.085754 0.936085
vn -0.355812 0.003939 0.934549
vn 0.583357 0.029560 0.811678
vn -0.687809 -0.227453 -0.689336
vn 0.570383 -0.146330 -0.808240
vn 0.558711 -0.208475 -0.802733
vn -0.601643 -0.280973 -0.747717
vn -0.341161 0.085754 0.936085
vn -0.988561 -0.095207 0.116973
vn -0.983223 -0.153571 0.098431
vn -0.355812 0.003939 0.934549
vn -0.988561 -0.095207 0.116973
vn -0.687809 -0.227453 -0.689336
vn -0.601643 -0.280973 -0.747717
vn -0.983223 -0.153571 0.098431
vn 0.673690 0.050391 0.737294
vn 0.584035 -0.045335 0.810462
vn 0.981202 -0.012019 -0.192610
vn 0.963943 -0.008008 -0.265987
vn 0.963943 -0.008008 -0.265987
vn 0.981202 -0.012019 -0.192610
vn 0.546066 -0.167766 -0.820772
vn 0.557356 -0.129805 -0.820064
vn 0.584035 -0.045335 0.810462
vn 0.673690 0.050391 0.737294
vn -0.458274 -0.144727 0.876949
vn -0.465080 -0.255600 0.847567
vn -0.465080 -0.255600 0.847567
vn -0.458274 -0.144727 0.876949
vn -0.934755 -0.331511 0.127803
vn -0.902386 -0.406244 0.143758
vn -0.902386 -0.406244 0.143758
vn -0.934755 -0.331511 0.127803
vn -0.342629 -0.280843 -0.896511
vn -0.376644 -0.368805 -0.849778
vn -0.376644 -0.368805 -0.849778
vn -0.342629 -0.280843 -0.896511
vn 0.557356 -0.129805 -0.820064
vn 0.546066 -0.167766 -0.820772
vn 0.981202 -0.012019 -0.192610
vn 0.584035 -0.045335 0.810462
vn 0.580267 -0.230158 0.781228
vn 0.943015 -0.207590 -0.260057
vn 0.546066 -0.167766 -0.820772
vn 0.981202 -0.012019 -0.192610
vn 0.943015 -0.207590 -0.260057
vn 0.585958 -0.333981 -0.738315
vn 0.584035 -0.045335 0.810462
vn -0.465080 -0.255600 0.847567
vn -0.394240 -0.493255 0.775419
vn 0.580267 -0.230158 0.781228
vn -0.465080 -0.255600 0.847567
vn -0.902386 -0.406244 0.143758
vn -0.761249 -0.621810 0.183988
vn -0.394240 -0.493255 0.775419
vn -0.902386 -0.406244 0.143758
vn -0.376644 -0.368805 -0.849778
vn -0.335790 -0.547328 -0.766601
vn -0.761249 -0.621810 0.183988
vn -0.376644 -0.368805 -0.849778
vn 0.546066 -0.167766 -0.820772
vn 0.585958 -0.333981 -0.738315
vn -0.335790 -0.547328 -0.766601
vn 0.585958 -0.333981 -0.738315
vn 0.943015 -0.207590 -0.260057
vn 0.332318 -0.936511 0.111853
vn 0.126038 -0.988656 -0.081692
vn -0.394240 -0.493255 0.775419
vn -0.761249 -0.621810 0.183988
vn 0.126038 -0.988656 -0.081692
vn 0.332318 -0.936511 0.111853
vn 0.587847 0.048827 0.807498
vn 0.963780 0.055161 -0.260933
vn 0.902671 0.252621 -0.348380
vn 0.953803 0.290342 -0.077208
vn -0.807494 0.085678 -0.583620
vn -0.601642 0.712827 -0.360424
vn -0.060049 0.804436 -0.590997
vn -0.412779 0.105642 -0.904684
vn -0.601642 0.712827 -0.360424
vn -0.211596 0.977247 -0.014653
vn 0.143867 0.972454 -0.183402
vn -0.060049 0.804436 -0.590997
vn -0.225958 0.142242 -0.963696
vn 0.209616 0.626437 -0.750759
vn 0.260293 0.527382 -0.808775
vn -0.147505 0.040532 -0.988231
vn 0.209616 0.626437 -0.750759
vn 0.472899 0.800894 -0.367336
vn 0.565349 0.730751 -0.382601
vn 0.260293 0.527382 -0.808775
vn -0.147505 0.040532 -0.988231
vn 0.260293 0.527382 -0.808775
vn 0.369288 0.324567 -0.870794
vn -0.062819 -0.145968 -0.987293
vn 0.260293 0.527382 -0.808775
vn 0.565349 0.730751 -0.382601
vn 0.632574 0.640792 -0.435012
vn 0.369288 0.324567 -0.870794
vn 0.402168 0.076584 -0.912357
vn 0.902671 0.252621 -0.348380
vn 0.963780 0.055161 -0.260933
vn 0.433447 -0.001991 -0.901177
vn -0.153114 -0.230698 -0.960903
vn 0.402168 0.076584 -0.912357
vn 0.433447 -0.001991 -0.901177
vn -0.268865 -0.328178 -0.905545
vn -0.437081 0.534598 0.723302
vn -0.148621 0.685189 0.713041
vn -0.160093 0.829164 0.535591
vn -0.444992 0.756975 0.478509
vn 0.068691 0.982278 0.174390
vn -0.211596 0.977247 -0.014653
vn -0.444992 0.756975 0.478509
vn -0.160093 0.829164 0.535591
vn -0.211596 0.977247 -0.014653
vn 0.068691 0.982278 0.174390
vn 0.233861 0.971706 0.033122
vn 0.143867 0.972454 -0.183402
vn 0.472899 0.800894 -0.367336
vn 0.483649 0.873923 0.048396
vn 0.660189 0.748820 0.058482
vn 0.565349 0.730751 -0.382601
vn 0.565349 0.730751 -0.382601
vn 0.660189 0.748820 0.058482
vn 0.833062 0.551082 0.048128
vn 0.632574 0.640792 -0.435012
vn 0.155729 0.545129 0.823761
vn 0.337465 0.392232 0.855729
vn 0.609594 0.397558 0.685816
vn 0.540721 0.665504 0.514514
vn -0.010572 0.637158 0.770661
vn 0.155729 0.545129 0.823761
vn 0.540721 0.665504 0.514514
vn 0.328665 0.823099 0.463128
vn -0.160093 0.829164 0.535591
vn -0.148621 0.685189 0.713041
vn 0.197795 0.862229 0.466303
vn 0.183591 0.865675 0.465726
vn 0.068691 0.982278 0.174390
vn -0.160093 0.829164 0.535591
vn 0.183591 0.865675 0.465726
vn 0.233861 0.971706 0.033122
vn 0.068691 0.982278 0.174390
vn 0.183591 0.865675 0.465726
vn 0.197795 0.862229 0.466303
vn 0.660189 0.748820 0.058482
vn 0.483649 0.873923 0.048396
vn 0.328665 0.823099 0.463128
vn 0.540721 0.665504 0.514514
vn 0.833062 0.551082 0.048128
vn 0.660189 0.748820 0.058482
vn 0.540721 0.665504 0.514514
vn 0.609594 0.397558 0.685816
vn 0.587847 0.048827 0.807498
vn 0.953803 0.290342 -0.077208
vn -0.637813 -0.717593 0.279740
vn -0.329791 -0.139230 0.933731
vn -0.153114 -0.230698 -0.960903
vn -0.268865 -0.328178 -0.905545
vn -0.847970 -0.504727 0.161854
vn -0.775171 -0.630908 0.032634
vn -0.676542 -0.718331 -0.162151
vn -0.883092 -0.446448 0.144333
vn -0.975684 -0.215271 -0.041224
vn -0.763044 -0.588055 -0.268245
vn -0.975684 -0.215271 -0.041224
vn -0.807494 0.085678 -0.583620
vn -0.690360 -0.408081 -0.597389
vn -0.763044 -0.588055 -0.268245
vn -0.690360 -0.408081 -0.597389
vn -0.807494 0.085678 -0.583620
vn -0.412779 0.105642 -0.904684
vn -0.540159 -0.432456 -0.721949
vn -0.413645 -0.370903 -0.831462
vn -0.225958 0.142242 -0.963696
vn -0.147505 0.040532 -0.988231
vn -0.445807 -0.557342 -0.700447
vn -0.445807 -0.557342 -0.700447
vn -0.147505 0.040532 -0.988231
vn -0.062819 -0.145968 -0.987293
vn -0.505161 -0.728238 -0.463123
vn -0.847970 -0.504727 0.161854
vn -0.329791 -0.139230 0.933731
vn -0.637813 -0.717593 0.279740
vn -0.775171 -0.630908 0.032634
vn 0.585958 -0.333981 -0.738315
vn 0.126038 -0.988656 -0.081692
vn -0.335790 -0.547328 -0.766601
vn -0.335790 -0.547328 -0.766601
vn 0.126038 -0.988656 -0.081692
vn -0.761249 -0.621810 0.183988
vn 0.580267 -0.230158 0.781228
vn -0.394240 -0.493255 0.775419
vn 0.332318 -0.936511 0.111853
vn 0.943015 -0.207590 -0.260057
vn 0.580267 -0.230158 0.781228
vn 0.332318 -0.936511 0.111853
vn 0.995163 -0.038511 0.090377
vn 0.583357 0.029560 0.811678
vn 0.633365 -0.238490 0.736187
vn 0.936206 -0.283281 0.208016
vn 0.558711 -0.208475 -0.802733
vn 0.995163 -0.038511 0.090377
vn 0.936206 -0.283281 0.208016
vn 0.619988 -0.319843 -0.716460
vn 0.583357 0.029560 0.811678
vn -0.355812 0.003939 0.934549
vn -0.292074 -0.211116 0.932804
vn 0.633365 -0.238490 0.736187
vn -0.601643 -0.280973 -0.747717
vn 0.558711 -0.208475 -0.802733
vn 0.619988 -0.319843 -0.716460
vn -0.599717 -0.475280 -0.643777
vn -0.355812 0.003939 0.934549
vn -0.983223 -0.153571 0.098431
vn -0.909389 -0.415210 0.024760
vn -0.292074 -0.211116 0.932804
vn -0.983223 -0.153571 0.098431
vn -0.601643 -0.280973 -0.747717
vn -0.599717 -0.475280 -0.643777
vn -0.909389 -0.415210 0.024760
vn 0.936206 -0.283281 0.208016
vn 0.633365 -0.238490 0.736187
vn 0.231584 -0.939678 0.251741
vn 0.431988 -0.901879 -0.000498
vn 0.431988 -0.901879 -0.000498
vn 0.231584 -0.939678 0.251741
vn -0.909389 -0.415210 0.024760
vn -0.599717 -0.475280 -0.643777
vn -0.599717 -0.475280 -0.643777
vn 0.619988 -0.319843 -0.716460
vn 0.431988 -0.901879 -0.000498
vn 0.936206 -0.283281 0.208016
vn 0.431988 -0.901879 -0.000498
vn 0.619988 -0.319843 -0.716460
vn 0.231584 -0.939678 0.251741
vn 0.633365 -0.238490 0.736187
vn -0.292074 -0.211116 0.932804
vn -0.292074 -0.211116 0.932804
vn -0.909389 -0.415210 0.024760
vn 0.231584 -0.939678 0.251741
vn 0.004167 0.146784 0.989160
vn -0.537672 -0.012890 0.843056
vn -0.044486 -0.788156 0.613865
vn 0.129881 -0.744978 0.654323
vn 0.129881 -0.744978 0.654323
vn -0.044486 -0.788156 0.613865
vn -0.084826 -0.975024 -0.205263
vn 0.543430 -0.836608 -0.069067
vn 0.004167 0.146784 0.989160
vn 0.129881 -0.744978 0.654323
vn 0.800841 -0.029499 0.598150
vn 0.129881 -0.744978 0.654323
vn 0.543430 -0.836608 -0.069067
vn 0.800841 -0.029499 0.598150
vn -0.044486 -0.788156 0.613865
vn -0.537672 -0.012890 0.843056
vn -0.811839 -0.511804 0.281025
vn -0.084826 -0.975024 -0.205263
vn -0.044486 -0.788156 0.613865
vn -0.811839 -0.511804 0.281025
vn -0.365648 -0.919381 -0.145049
vn -0.309615 -0.913383 -0.264330
vn -0.346018 -0.928594 -0.134109
vn -0.214026 -0.973423 -0.081496
vn -0.309615 -0.913383 -0.264330
vn -0.445807 -0.557342 -0.700447
vn -0.505161 -0.728238 -0.463123
vn -0.346018 -0.928594 -0.134109
vn -0.062819 -0.145968 -0.987293
vn 0.369288 0.324567 -0.870794
vn 0.556019 0.253186 -0.791669
vn -0.034799 -0.169929 -0.984842
vn 0.584285 0.672455 -0.454330
vn 0.654355 0.724420 -0.216874
vn 0.653123 0.723692 -0.222935
vn 0.584285 0.672455 -0.454330
vn 0.654355 0.724420 -0.216874
vn 0.670738 0.717300 0.188654
vn 0.674298 0.721628 0.156766
vn 0.653123 0.723692 -0.222935
vn 0.670738 0.717300 0.188654
vn 0.644186 0.686433 0.337394
vn 0.644186 0.686433 0.337394
vn 0.674298 0.721628 0.156766
vn -0.214026 -0.973423 -0.081496
vn -0.346018 -0.928594 -0.134109
vn -0.427389 -0.899711 0.088645
vn -0.408528 -0.905254 -0.116708
vn -0.346018 -0.928594 -0.134109
vn -0.505161 -0.728238 -0.463123
vn -0.604992 -0.769071 -0.206192
vn -0.427389 -0.899711 0.088645
vn -0.010572 0.637158 0.770661
vn -0.328610 0.516666 0.790615
vn -0.148270 0.555250 0.818361
vn 0.155729 0.545129 0.823761
vn 0.155729 0.545129 0.823761
vn -0.148270 0.555250 0.818361
vn 0.401350 0.196187 0.894667
vn 0.337465 0.392232 0.855729
vn 0.337465 0.392232 0.855729
vn 0.401350 0.196187 0.894667
vn -0.255688 -0.049015 0.965516
vn 0.414801 0.371072 0.830810
vn 0.337465 0.392232 0.855729
vn 0.414801 0.371072 0.830810
vn 0.627499 0.434067 0.646398
vn 0.609594 0.397558 0.685816
vn -0.328610 0.516666 0.790615
vn -0.710237 0.257858 0.655036
vn -0.697214 0.333199 0.634722
vn -0.148270 0.555250 0.818361
vn -0.903575 -0.412084 0.117211
vn -0.697214 0.333199 0.634722
vn -0.710237 0.257858 0.655036
vn -0.891992 -0.422908 0.159682
vn -0.891992 -0.422908 0.159682
vn -0.365648 -0.919381 -0.145049
vn -0.422137 -0.884378 -0.199189
vn -0.903575 -0.412084 0.117211
vn 0.040318 -0.999147 -0.008954
vn -0.422137 -0.884378 -0.199189
vn -0.365648 -0.919381 -0.145049
vn -0.214026 -0.973423 -0.081496
vn -0.422137 -0.884378 -0.199189
vn 0.040318 -0.999147 -0.008954
vn 0.736798 -0.600815 -0.310082
vn -0.414792 -0.804772 -0.424605
vn -0.903575 -0.412084 0.117211
vn -0.422137 -0.884378 -0.199189
vn -0.414792 -0.804772 -0.424605
vn -0.959892 -0.256156 0.113981
vn -0.658613 0.408862 0.631712
vn 0.011857 0.594034 0.804352
vn -0.148270 0.555250 0.818361
vn -0.697214 0.333199 0.634722
vn 0.011857 0.594034 0.804352
vn 0.894412 0.121913 0.430308
vn 0.401350 0.196187 0.894667
vn -0.148270 0.555250 0.818361
vn -0.697214 0.333199 0.634722
vn -0.903575 -0.412084 0.117211
vn -0.959892 -0.256156 0.113981
vn -0.658613 0.408862 0.631712
vn 0.040318 -0.999147 -0.008954
vn -0.656620 -0.634130 0.408324
vn -0.255688 -0.049015 0.965516
vn 0.401350 0.196187 0.894667
vn 0.040318 -0.999147 -0.008954
vn 0.401350 0.196187 0.894667
vn 0.894412 0.121913 0.430308
vn 0.736798 -0.600815 -0.310082
vn -0.921222 -0.374750 0.104460
vn -0.589287 -0.487145 -0.644539
vn 0.096261 -0.992920 0.069605
vn 0.025855 -0.917317 0.397318
vn 0.025855 -0.917317 0.397318
vn 0.096261 -0.992920 0.069605
vn 0.916987 -0.338263 0.211456
vn 0.667869 -0.222079 0.710375
vn 0.667869 -0.222079 0.710375
vn -0.346956 0.007204 0.937854
vn 0.025855 -0.917317 0.397318
vn -0.921222 -0.374750 0.104460
vn 0.025855 -0.917317 0.397318
vn -0.346956 0.007204 0.937854
vn -0.589287 -0.487145 -0.644539
vn 0.410067 -0.375459 -0.831189
vn 0.096261 -0.992920 0.069605
vn 0.916987 -0.338263 0.211456
vn 0.096261 -0.992920 0.069605
vn 0.410067 -0.375459 -0.831189
vn -0.637813 -0.717593 0.279740
vn -0.593750 -0.793810 -0.131633
vn -0.408528 -0.905254 -0.116708
vn -0.427389 -0.899711 0.088645
vn 0.759094 0.387279 0.523251
vn 0.876607 0.403760 0.261798
vn 0.845452 0.432956 0.312666
vn 0.627499 0.434067 0.646398
vn 0.845452 0.432956 0.312666
vn 0.876607 0.403760 0.261798
vn 0.953803 0.290342 -0.077208
vn 0.897076 0.433629 -0.084978
vn 0.897076 0.433629 -0.084978
vn 0.953803 0.290342 -0.077208
vn 0.902671 0.252621 -0.348380
vn 0.556019 0.253186 -0.791669
vn -0.062819 -0.145968 -0.987293
vn -0.034799 -0.169929 -0.984842
vn -0.604992 -0.769071 -0.206192
vn -0.505161 -0.728238 -0.463123
vn -0.637813 -0.717593 0.279740
vn -0.427389 -0.899711 0.088645
vn -0.604992 -0.769071 -0.206192
vn -0.775171 -0.630908 0.032634
vn -0.775171 -0.630908 0.032634
vn -0.604992 -0.769071 -0.206192
vn -0.034799 -0.169929 -0.984842
vn -0.153114 -0.230698 -0.960903
vn 0.402168 0.076584 -0.912357
vn -0.153114 -0.230698 -0.960903
vn -0.034799 -0.169929 -0.984842
vn 0.556019 0.253186 -0.791669
vn 0.402168 0.076584 -0.912357
vn 0.556019 0.253186 -0.791669
vn 0.902671 0.252621 -0.348380
vn -0.690360 -0.408081 -0.597389
vn -0.540159 -0.432456 -0.721949
vn -0.561501 -0.732783 -0.384376
vn -0.597063 -0.697852 -0.395624
vn -0.597063 -0.697852 -0.395624
vn -0.561501 -0.732783 -0.384376
vn -0.676542 -0.718331 -0.162151
vn -0.763044 -0.588055 -0.268245
vn -0.309615 -0.913383 -0.264330
vn -0.413645 -0.370903 -0.831462
vn -0.445807 -0.557342 -0.700447
vn -0.597063 -0.697852 -0.395624
vn -0.763044 -0.588055 -0.268245
vn -0.690360 -0.408081 -0.597389
vn 0.000000 0.000000 0.000000
vn 0.000000 0.000000 0.000000
vn -0.772557 0.558434 0.302170
vn -0.886118 0.322485 0.332864
vn 0.000000 0.000000 0.000000
vn 0.000000 0.000000 0.000000
vn -0.789432 0.538895 0.293920
vn -0.772557 0.558434 0.302170
vn 0.000000 0.000000 0.000000
vn 0.000000 0.000000 0.000000
vn -0.862634 0.499295 0.081039
vn -0.789432 0.538895 0.293920
vn 0.000000 0.000000 0.000000
vn 0.000000 0.000000 0.000000
vn -0.538158 0.658431 -0.526170
vn -0.792037 0.545633 -0.273794
vn 0.000000 0.000000 0.000000
vn 0.000000 0.000000 0.000000
vn -0.792037 0.545633 -0.273794
vn -0.862634 0.499295 0.081039
vn 0.000000 0.000000 0.000000
vn 0.000000 0.000000 0.000000
vn -0.886118 0.322485 0.332864
vn -0.898910 0.092541 0.428248
vn 0.000000 0.000000 0.000000
vn 0.000000 0.000000 0.000000
vn -0.926848 0.359223 0.109141
vn -0.658240 0.479637 -0.580232
vn 0.000000 0.000000 0.000000
vn 0.000000 0.000000 0.000000
vn -0.349287 0.721626 -0.597708
vn -0.538158 0.658431 -0.526170
vn 0.000000 0.000000 0.000000
vn 0.000000 0.000000 0.000000
vn -0.388979 0.600646 -0.698512
vn -0.349287 0.721626 -0.597708
vn 0.000000 0.000000 0.000000
vn 0.000000 0.000000 0.000000
vn -0.444841 0.416773 -0.792727
vn -0.388979 0.600646 -0.698512
vn 0.000000 0.000000 0.000000
vn 0.000000 0.000000 0.000000
vn -0.658240 0.479637 -0.580232
vn -0.444841 0.416773 -0.792727
vn 0.000000 0.000000 0.000000
vn 0.000000 0.000000 0.000000
vn -0.898910 0.092541 0.428248
vn -0.926848 0.359223 0.109141
vn -0.023960 -0.814359 0.579867
vn -0.111040 -0.748719 0.653521
vn -0.109435 -0.744998 0.658029
vn -0.021613 -0.814686 0.579500
vn 0.114820 -0.805050 0.581989
vn -0.023960 -0.814359 0.579867
vn -0.021613 -0.814686 0.579500
vn 0.116928 -0.803958 0.583077
vn 0.109752 -0.657709 0.745234
vn 0.114820 -0.805050 0.581989
vn 0.116928 -0.803958 0.583077
vn 0.106424 -0.649804 0.752615
vn 0.084157 -0.594960 0.799338
vn 0.109752 -0.657709 0.745234
vn 0.106424 -0.649804 0.752615
vn 0.086444 -0.600547 0.794903
vn -0.111040 -0.748719 0.653521
vn 0.001952 -0.681950 0.731396
vn 0.002861 -0.681646 0.731676
vn -0.109435 -0.744998 0.658029
vn 0.001952 -0.681950 0.731396
vn 0.084157 -0.594960 0.799338
vn 0.086444 -0.600547 0.794903
vn 0.002861 -0.681646 0.731676
vn 0.148035 -0.924973 0.350014
vn 0.195229 -0.925222 0.325347
vn 0.191113 -0.924011 0.331180
vn 0.145943 -0.924653 0.351735
vn 0.195229 -0.925222 0.325347
vn 0.173083 -0.912319 0.371102
vn 0.173883 -0.913511 0.367780
vn 0.191113 -0.924011 0.331180
vn 0.024582 -0.949835 0.311783
vn 0.148035 -0.924973 0.350014
vn 0.145943 -0.924653 0.351735
vn 0.014658 -0.956037 0.292880
vn 0.198594 -0.977832 0.066367
vn 0.175043 -0.975957 0.129878
vn 0.174934 -0.975849 0.130831
vn 0.198815 -0.977792 0.066295
vn 0.175043 -0.975957 0.129878
vn 0.190211 -0.972730 0.132728
vn 0.192516 -0.973154 0.126134
vn 0.174934 -0.975849 0.130831
vn 0.229217 -0.972622 0.038287
vn 0.198594 -0.977832 0.066367
vn 0.198815 -0.977792 0.066295
vn 0.228577 -0.972677 0.040646
vn 0.190211 -0.972730 0.132728
vn 0.166278 -0.980089 0.108519
vn 0.165547 -0.980131 0.109256
vn 0.192516 -0.973154 0.126134
vn 0.173138 -0.980496 0.093007
vn 0.229217 -0.972622 0.038287
vn 0.228577 -0.972677 0.040646
vn 0.153955 -0.981216 0.116245
vn 0.166278 -0.980089 0.108519
vn 0.173138 -0.980496 0.093007
vn 0.153955 -0.981216 0.116245
vn 0.165547 -0.980131 0.109256
vn 0.311222 -0.948758 0.054761
vn 0.330284 -0.943778 0.013980
vn 0.330146 -0.943823 0.014201
vn 0.315065 -0.947912 0.046877
vn -0.886118 0.322485 0.332864
vn -0.772557 0.558434 0.302170
vn -0.770763 0.559113 0.305479
vn -0.887824 0.316020 0.334515
vn -0.772557 0.558434 0.302170
vn -0.789432 0.538895 0.293920
vn -0.788127 0.539846 0.295672
vn -0.770763 0.559113 0.305479
vn 0.330284 -0.943778 0.013980
vn 0.338921 -0.940814 0.000965
vn 0.342817 -0.939389 -0.005046
vn 0.330146 -0.943823 0.014201
vn 0.338921 -0.940814 0.000965
vn 0.308137 -0.951186 -0.017247
vn 0.319000 -0.947588 -0.017781
vn 0.342817 -0.939389 -0.005046
vn -0.789432 0.538895 0.293920
vn -0.862634 0.499295 0.081039
vn -0.861534 0.499788 0.089280
vn -0.788127 0.539846 0.295672
vn -0.792037 0.545633 -0.273794
vn -0.538158 0.658431 -0.526170
vn -0.551772 0.652841 -0.518987
vn -0.795788 0.543685 -0.266697
vn -0.862634 0.499295 0.081039
vn -0.792037 0.545633 -0.273794
vn -0.795788 0.543685 -0.266697
vn -0.861534 0.499788 0.089280
vn 0.281079 -0.954515 0.099475
vn 0.311222 -0.948758 0.054761
vn 0.315065 -0.947912 0.046877
vn 0.280590 -0.954672 0.099353
vn 0.308137 -0.951186 -0.017247
vn 0.276020 -0.959835 0.050306
vn 0.276026 -0.959814 0.050662
vn 0.319000 -0.947588 -0.017781
vn -0.898910 0.092541 0.428248
vn -0.886118 0.322485 0.332864
vn -0.887824 0.316020 0.334515
vn -0.897403 0.095696 0.430708
vn 0.276020 -0.959835 0.050306
vn 0.281079 -0.954515 0.099475
vn 0.280590 -0.954672 0.099353
vn 0.276026 -0.959814 0.050662
vn -0.658240 0.479637 -0.580232
vn -0.926848 0.359223 0.109141
vn -0.921883 0.383240 0.057081
vn -0.662278 0.480562 -0.574846
vn -0.538158 0.658431 -0.526170
vn -0.349287 0.721626 -0.597708
vn -0.354344 0.719786 -0.596950
vn -0.551772 0.652841 -0.518987
vn -0.349287 0.721626 -0.597708
vn -0.388979 0.600646 -0.698512
vn -0.383040 0.612033 -0.691879
vn -0.354344 0.719786 -0.596950
vn -0.388979 0.600646 -0.698512
vn -0.444841 0.416773 -0.792727
vn -0.444986 0.416851 -0.792605
vn -0.383040 0.612033 -0.691879
vn -0.444841 0.416773 -0.792727
vn -0.658240 0.479637 -0.580232
vn -0.662278 0.480562 -0.574846
vn -0.444986 0.416851 -0.792605
vn -0.926848 0.359223 0.109141
vn -0.898910 0.092541 0.428248
vn -0.897403 0.095696 0.430708
vn -0.921883 0.383240 0.057081
vn -0.402561 0.175834 -0.898347
vn -0.652957 0.725046 -0.218988
vn -0.651695 0.725872 -0.220005
vn -0.463799 0.252725 -0.849129
vn 0.819949 -0.560266 0.117412
vn 0.490412 -0.555696 -0.671341
vn 0.578133 -0.592225 -0.561277
vn 0.818021 -0.565791 0.103549
vn 0.490412 -0.555696 -0.671341
vn -0.402561 0.175834 -0.898347
vn -0.463799 0.252725 -0.849129
vn 0.578133 -0.592225 -0.561277
vn -0.652957 0.725046 -0.218988
vn -0.541907 0.808066 -0.231013
vn -0.531546 0.818338 -0.218592
vn -0.651695 0.725872 -0.220005
vn 0.797132 -0.484782 0.359953
vn 0.819949 -0.560266 0.117412
vn 0.818021 -0.565791 0.103549
vn 0.799876 -0.485305 0.353098
vn -0.541907 0.808066 -0.231013
vn -0.323787 0.637360 0.699238
vn -0.371495 0.713369 0.594219
vn -0.531546 0.818338 -0.218592
vn -0.323787 0.637360 0.699238
vn 0.456232 -0.192881 0.868706
vn 0.528648 -0.253028 0.810252
vn -0.371495 0.713369 0.594219
vn 0.456232 -0.192881 0.868706
vn 0.797132 -0.484782 0.359953
vn 0.799876 -0.485305 0.353098
vn 0.528648 -0.253028 0.810252
vn 0.044286 -0.959103 0.279572
vn 0.024582 -0.949835 0.311783
vn 0.014658 -0.956037 0.292880
vn 0.073456 -0.951209 0.299677
vn -0.909599 -0.349191 0.225157
vn -0.656620 -0.634130 0.408324
vn -0.408528 -0.905254 -0.116708
vn -0.537128 -0.582969 -0.609624
vn -0.656620 -0.634130 0.408324
vn 0.040318 -0.999147 -0.008954
vn -0.214026 -0.973423 -0.081496
vn -0.408528 -0.905254 -0.116708
vn -0.037023 -0.205087 0.978043
vn -0.593750 -0.793810 -0.131633
vn -0.941350 -0.254052 0.222075
vn -0.389109 -0.145451 0.909636
vn 0.694537 0.339959 0.634071
vn 0.759094 0.387279 0.523251
vn -0.037023 -0.205087 0.978043
vn -0.389109 -0.145451 0.909636
vn 0.173083 -0.912319 0.371102
vn 0.147031 -0.917271 0.370130
vn 0.142364 -0.921647 0.360971
vn 0.173883 -0.913511 0.367780
vn 0.073456 -0.951209 0.299677
vn 0.142364 -0.921647 0.360971
vn 0.147031 -0.917271 0.370130
vn 0.044286 -0.959103 0.279572
vn -0.537128 -0.582969 -0.609624
vn -0.408528 -0.905254 -0.116708
vn -0.593750 -0.793810 -0.131633
vn 0.326157 -0.416360 -0.848685
vn 0.997850 -0.021670 -0.061857
vn 0.695339 0.303375 0.651512
vn 0.372504 0.338488 0.864099
vn 0.695339 0.303375 0.651512
vn 0.627499 0.434067 0.646398
vn 0.414801 0.371072 0.830810
vn 0.372504 0.338488 0.864099
vn -0.037023 -0.205087 0.978043
vn 0.759094 0.387279 0.523251
vn 0.695339 0.303375 0.651512
vn 0.695339 0.303375 0.651512
vn 0.759094 0.387279 0.523251
vn 0.627499 0.434067 0.646398
vn 0.997850 -0.021670 -0.061857
vn 0.326157 -0.416360 -0.848685
vn -0.037023 -0.205087 0.978043
vn 0.695339 0.303375 0.651512
vn 0.326157 -0.416360 -0.848685
vn -0.593750 -0.793810 -0.131633
vn -0.037023 -0.205087 0.978043
vn -0.908345 0.212596 0.360155
vn 0.017425 0.481649 0.876191
vn 0.027356 0.565503 0.824293
vn -0.889179 0.317172 0.329793
vn 0.017425 0.481649 0.876191
vn 0.622710 0.267185 0.735422
vn 0.636046 0.357836 0.683666
vn 0.027356 0.565503 0.824293
vn 0.622710 0.267185 0.735422
vn 0.956138 -0.228003 0.183890
vn 0.973303 -0.118153 0.196778
vn 0.636046 0.357836 0.683666
vn 0.956138 -0.228003 0.183890
vn 0.425545 -0.808137 -0.407217
vn 0.427505 -0.773334 -0.468181
vn 0.973303 -0.118153 0.196778
vn -0.687226 -0.602767 -0.405452
vn -0.908345 0.212596 0.360155
vn -0.889179 0.317172 0.329793
vn -0.600423 -0.615964 -0.509981
vn 0.425545 -0.808137 -0.407217
vn -0.687226 -0.602767 -0.405452
vn -0.600423 -0.615964 -0.509981
vn 0.427505 -0.773334 -0.468181
vn -0.064826 0.535286 0.842180
vn -0.011857 0.594034 0.804353
vn -0.894411 0.121913 0.430309
vn -0.894493 0.161813 0.416772
vn 0.620881 0.385923 0.682327
vn 0.658613 0.408862 0.631712
vn -0.011857 0.594034 0.804353
vn -0.064826 0.535286 0.842180
vn 0.975439 -0.186203 0.117675
vn 0.959892 -0.256156 0.113983
vn 0.658613 0.408862 0.631712
vn 0.620881 0.385923 0.682327
vn 0.496331 -0.716074 -0.490809
vn 0.414793 -0.804772 -0.424604
vn 0.959892 -0.256156 0.113983
vn 0.975439 -0.186203 0.117675
vn -0.894493 0.161813 0.416772
vn -0.894411 0.121913 0.430309
vn -0.736798 -0.600814 -0.310083
vn -0.717303 -0.552741 -0.424210
vn -0.717303 -0.552741 -0.424210
vn -0.736798 -0.600814 -0.310083
vn 0.414793 -0.804772 -0.424604
vn 0.496331 -0.716074 -0.490809
vn -0.908345 0.212596 0.360155
vn -0.800843 -0.029500 0.598148
vn -0.004167 0.146783 0.989160
vn 0.017425 0.481649 0.876191
vn 0.017425 0.481649 0.876191
vn -0.004167 0.146783 0.989160
vn 0.537671 -0.012891 0.843056
vn 0.622710 0.267185 0.735422
vn 0.622710 0.267185 0.735422
vn 0.537671 -0.012891 0.843056
vn 0.811839 -0.511803 0.281025
vn 0.956138 -0.228003 0.183890
vn 0.956138 -0.228003 0.183890
vn 0.811839 -0.511803 0.281025
vn 0.084827 -0.975023 -0.205265
vn 0.425545 -0.808137 -0.407217
vn -0.687226 -0.602767 -0.405452
vn -0.543431 -0.836608 -0.069070
vn -0.800843 -0.029500 0.598148
vn -0.908345 0.212596 0.360155
vn 0.425545 -0.808137 -0.407217
vn 0.084827 -0.975023 -0.205265
vn -0.543431 -0.836608 -0.069070
vn -0.687226 -0.602767 -0.405452
vn 0.883092 -0.446448 0.144334
vn 0.975684 -0.215271 -0.041224
vn 0.820860 0.498028 0.279567
vn 0.750908 0.234748 0.617276
vn 0.975684 -0.215271 -0.041224
vn 0.807494 0.085678 -0.583620
vn 0.601642 0.712827 -0.360423
vn 0.820860 0.498028 0.279567
vn -0.414801 0.371072 0.830810
vn -0.372504 0.338489 0.864098
vn 0.377673 0.094317 0.921123
vn 0.255688 -0.049015 0.965516
vn 0.255688 -0.049015 0.965516
vn 0.377673 0.094317 0.921123
vn 0.909599 -0.349190 0.225158
vn 0.656620 -0.634131 0.408324
vn -0.570172 0.295156 0.766672
vn -0.647287 0.190385 0.738087
vn 0.391286 0.160776 0.906116
vn 0.421746 0.206375 0.882915
vn -0.968660 0.165615 0.185121
vn -0.986350 0.024951 0.162762
vn -0.647287 0.190385 0.738087
vn -0.570172 0.295156 0.766672
vn 0.421746 0.206375 0.882915
vn 0.391286 0.160776 0.906116
vn 0.983853 -0.128514 0.124571
vn 0.992566 -0.101630 0.066960
vn -0.517427 -0.209216 -0.829758
vn -0.529237 -0.238131 -0.814372
vn -0.986350 0.024951 0.162762
vn -0.968660 0.165615 0.185121
vn 0.491320 -0.317015 -0.811237
vn 0.544776 -0.316478 -0.776570
vn -0.529237 -0.238131 -0.814372
vn -0.517427 -0.209216 -0.829758
vn 0.992566 -0.101630 0.066960
vn 0.983853 -0.128514 0.124571
vn 0.544776 -0.316478 -0.776570
vn 0.491320 -0.317015 -0.811237
vn -0.647287 0.190385 0.738087
vn -0.667869 -0.222079 0.710375
vn 0.346956 0.007204 0.937854
vn 0.391286 0.160776 0.906116
vn -0.986350 0.024951 0.162762
vn -0.916987 -0.338263 0.211455
vn -0.667869 -0.222079 0.710375
vn -0.647287 0.190385 0.738087
vn 0.391286 0.160776 0.906116
vn 0.346956 0.007204 0.937854
vn 0.921222 -0.374750 0.104459
vn 0.983853 -0.128514 0.124571
vn -0.529237 -0.238131 -0.814372
vn -0.410067 -0.375458 -0.831190
vn -0.916987 -0.338263 0.211455
vn -0.986350 0.024951 0.162762
vn 0.544776 -0.316478 -0.776570
vn 0.589287 -0.487145 -0.644539
vn -0.410067 -0.375458 -0.831190
vn -0.529237 -0.238131 -0.814372
vn 0.983853 -0.128514 0.124571
vn 0.921222 -0.374750 0.104459
vn 0.589287 -0.487145 -0.644539
vn 0.544776 -0.316478 -0.776570
vn 0.750908 0.234748 0.617276
vn 0.820860 0.498028 0.279567
vn 0.444992 0.756975 0.478510
vn 0.437081 0.534597 0.723302
vn 0.820860 0.498028 0.279567
vn 0.601642 0.712827 -0.360423
vn 0.211596 0.977247 -0.014653
vn 0.444992 0.756975 0.478510
vn -0.694537 0.339958 0.634072
vn -0.759093 0.387279 0.523252
vn -0.876607 0.403760 0.261798
vn -0.934659 0.324554 0.145179
vn -0.876607 0.403760 0.261798
vn -0.953803 0.290342 -0.077208
vn -0.607347 -0.054642 -0.792555
vn -0.934659 0.324554 0.145179
vn -0.953803 0.290342 -0.077208
vn 0.637813 -0.717593 0.279740
vn 0.425702 -0.349228 -0.834756
vn -0.607347 -0.054642 -0.792555
vn 0.941351 -0.254052 0.222074
vn 0.425702 -0.349228 -0.834756
vn 0.637813 -0.717593 0.279740
vn 0.593749 -0.793810 -0.131633
vn -0.999314 0.015455 0.033661
vn -0.995163 -0.038511 0.090377
vn -0.583357 0.029560 0.811678
vn -0.619695 0.100861 0.778335
vn -0.570383 -0.146330 -0.808239
vn -0.558711 -0.208475 -0.802733
vn -0.995163 -0.038511 0.090377
vn -0.999314 0.015455 0.033661
vn -0.619695 0.100861 0.778335
vn -0.583357 0.029560 0.811678
vn 0.355812 0.003939 0.934549
vn 0.341160 0.085753 0.936086
vn 0.687809 -0.227453 -0.689336
vn 0.601642 -0.280973 -0.747717
vn -0.558711 -0.208475 -0.802733
vn -0.570383 -0.146330 -0.808239
vn 0.341160 0.085753 0.936086
vn 0.355812 0.003939 0.934549
vn 0.983223 -0.153570 0.098431
vn 0.988561 -0.095208 0.116973
vn 0.988561 -0.095208 0.116973
vn 0.983223 -0.153570 0.098431
vn 0.601642 -0.280973 -0.747717
vn 0.687809 -0.227453 -0.689336
vn -0.673690 0.050390 0.737294
vn -0.963943 -0.008009 -0.265987
vn -0.981202 -0.012020 -0.192609
vn -0.584034 -0.045335 0.810462
vn -0.963943 -0.008009 -0.265987
vn -0.557355 -0.129805 -0.820065
vn -0.546067 -0.167766 -0.820772
vn -0.981202 -0.012020 -0.192609
vn -0.584034 -0.045335 0.810462
vn 0.465081 -0.255600 0.847566
vn 0.458275 -0.144728 0.876948
vn -0.673690 0.050390 0.737294
vn 0.465081 -0.255600 0.847566
vn 0.902385 -0.406244 0.143758
vn 0.934755 -0.331511 0.127803
vn 0.458275 -0.144728 0.876948
vn 0.902385 -0.406244 0.143758
vn 0.376645 -0.368805 -0.849778
vn 0.342630 -0.280843 -0.896511
vn 0.934755 -0.331511 0.127803
vn 0.376645 -0.368805 -0.849778
vn -0.546067 -0.167766 -0.820772
vn -0.557355 -0.129805 -0.820065
vn 0.342630 -0.280843 -0.896511
vn -0.981202 -0.012020 -0.192609
vn -0.943015 -0.207591 -0.260056
vn -0.580267 -0.230158 0.781229
vn -0.584034 -0.045335 0.810462
vn -0.546067 -0.167766 -0.820772
vn -0.585958 -0.333981 -0.738316
vn -0.943015 -0.207591 -0.260056
vn -0.981202 -0.012020 -0.192609
vn -0.584034 -0.045335 0.810462
vn -0.580267 -0.230158 0.781229
vn 0.394242 -0.493255 0.775418
vn 0.465081 -0.255600 0.847566
vn 0.465081 -0.255600 0.847566
vn 0.394242 -0.493255 0.775418
vn 0.761250 -0.621810 0.183987
vn 0.902385 -0.406244 0.143758
vn 0.902385 -0.406244 0.143758
vn 0.761250 -0.621810 0.183987
vn 0.335790 -0.547328 -0.766601
vn 0.376645 -0.368805 -0.849778
vn 0.376645 -0.368805 -0.849778
vn 0.335790 -0.547328 -0.766601
vn -0.585958 -0.333981 -0.738316
vn -0.546067 -0.167766 -0.820772
vn -0.585958 -0.333981 -0.738316
vn -0.126037 -0.988656 -0.081694
vn -0.332317 -0.936512 0.111852
vn -0.943015 -0.207591 -0.260056
vn 0.394242 -0.493255 0.775418
vn -0.332317 -0.936512 0.111852
vn -0.126037 -0.988656 -0.081694
vn 0.761250 -0.621810 0.183987
vn -0.587847 0.048828 0.807497
vn -0.953803 0.290342 -0.077208
vn -0.902671 0.252621 -0.348380
vn -0.963779 0.055163 -0.260934
vn 0.807494 0.085678 -0.583620
vn 0.412779 0.105642 -0.904684
vn 0.060050 0.804436 -0.590997
vn 0.601642 0.712827 -0.360423
vn 0.601642 0.712827 -0.360423
vn 0.060050 0.804436 -0.590997
vn -0.143867 0.972453 -0.183403
vn 0.211596 0.977247 -0.014653
vn 0.225958 0.142243 -0.963696
vn 0.147504 0.040532 -0.988231
vn -0.260293 0.527382 -0.808775
vn -0.209615 0.626436 -0.750759
vn -0.209615 0.626436 -0.750759
vn -0.260293 0.527382 -0.808775
vn -0.565349 0.730751 -0.382600
vn -0.472899 0.800894 -0.367336
vn 0.147504 0.040532 -0.988231
vn 0.062819 -0.145968 -0.987293
vn -0.369288 0.324567 -0.870794
vn -0.260293 0.527382 -0.808775
vn -0.260293 0.527382 -0.808775
vn -0.369288 0.324567 -0.870794
vn -0.632574 0.640793 -0.435011
vn -0.565349 0.730751 -0.382600
vn -0.402167 0.076584 -0.912358
vn -0.433447 -0.001990 -0.901177
vn -0.963779 0.055163 -0.260934
vn -0.902671 0.252621 -0.348380
vn 0.153114 -0.230698 -0.960903
vn 0.268864 -0.328178 -0.905545
vn -0.433447 -0.001990 -0.901177
vn -0.402167 0.076584 -0.912358
vn 0.437081 0.534597 0.723302
vn 0.444992 0.756975 0.478510
vn 0.160094 0.829164 0.535591
vn 0.148621 0.685189 0.713041
vn -0.068690 0.982278 0.174390
vn 0.160094 0.829164 0.535591
vn 0.444992 0.756975 0.478510
vn 0.211596 0.977247 -0.014653
vn 0.211596 0.977247 -0.014653
vn -0.143867 0.972453 -0.183403
vn -0.233861 0.971706 0.033122
vn -0.068690 0.982278 0.174390
vn -0.472899 0.800894 -0.367336
vn -0.565349 0.730751 -0.382600
vn -0.660188 0.748820 0.058482
vn -0.483648 0.873924 0.048396
vn -0.565349 0.730751 -0.382600
vn -0.632574 0.640793 -0.435011
vn -0.833062 0.551082 0.048129
vn -0.660188 0.748820 0.058482
vn -0.155729 0.545129 0.823761
vn -0.540721 0.665504 0.514514
vn -0.609594 0.397557 0.685816
vn -0.337465 0.392232 0.855729
vn 0.010572 0.637158 0.770661
vn -0.328665 0.823099 0.463128
vn -0.540721 0.665504 0.514514
vn -0.155729 0.545129 0.823761
vn 0.160094 0.829164 0.535591
vn -0.183590 0.865675 0.465727
vn -0.197794 0.862229 0.466303
vn 0.148621 0.685189 0.713041
vn -0.068690 0.982278 0.174390
vn -0.183590 0.865675 0.465727
vn 0.160094 0.829164 0.535591
vn -0.233861 0.971706 0.033122
vn -0.197794 0.862229 0.466303
vn -0.183590 0.865675 0.465727
vn -0.068690 0.982278 0.174390
vn -0.660188 0.748820 0.058482
vn -0.540721 0.665504 0.514514
vn -0.328665 0.823099 0.463128
vn -0.483648 0.873924 0.048396
vn -0.833062 0.551082 0.048129
vn -0.609594 0.397557 0.685816
vn -0.540721 0.665504 0.514514
vn -0.660188 0.748820 0.058482
vn -0.587847 0.048828 0.807497
vn 0.329790 -0.139230 0.933731
vn 0.637813 -0.717593 0.279740
vn -0.953803 0.290342 -0.077208
vn 0.153114 -0.230698 -0.960903
vn 0.775171 -0.630908 0.032635
vn 0.847970 -0.504728 0.161855
vn 0.268864 -0.328178 -0.905545
vn 0.676542 -0.718330 -0.162151
vn 0.763044 -0.588055 -0.268245
vn 0.975684 -0.215271 -0.041224
vn 0.883092 -0.446448 0.144334
vn 0.975684 -0.215271 -0.041224
vn 0.763044 -0.588055 -0.268245
vn 0.690360 -0.408081 -0.597389
vn 0.807494 0.085678 -0.583620
vn 0.690360 -0.408081 -0.597389
vn 0.540159 -0.432456 -0.721949
vn 0.412779 0.105642 -0.904684
vn 0.807494 0.085678 -0.583620
vn 0.413645 -0.370902 -0.831462
vn 0.445807 -0.557343 -0.700446
vn 0.147504 0.040532 -0.988231
vn 0.225958 0.142243 -0.963696
vn 0.445807 -0.557343 -0.700446
vn 0.505161 -0.728238 -0.463122
vn 0.062819 -0.145968 -0.987293
vn 0.147504 0.040532 -0.988231
vn 0.847970 -0.504728 0.161855
vn 0.775171 -0.630908 0.032635
vn 0.637813 -0.717593 0.279740
vn 0.329790 -0.139230 0.933731
vn -0.585958 -0.333981 -0.738316
vn 0.335790 -0.547328 -0.766601
vn -0.126037 -0.988656 -0.081694
vn 0.335790 -0.547328 -0.766601
vn 0.761250 -0.621810 0.183987
vn -0.126037 -0.988656 -0.081694
vn -0.580267 -0.230158 0.781229
vn -0.332317 -0.936512 0.111852
vn 0.394242 -0.493255 0.775418
vn -0.943015 -0.207591 -0.260056
vn -0.332317 -0.936512 0.111852
vn -0.580267 -0.230158 0.781229
vn -0.995163 -0.038511 0.090377
vn -0.936206 -0.283280 0.208017
vn -0.633364 -0.238489 0.736188
vn -0.583357 0.029560 0.811678
vn -0.558711 -0.208475 -0.802733
vn -0.619989 -0.319842 -0.716460
vn -0.936206 -0.283280 0.208017
vn -0.995163 -0.038511 0.090377
vn -0.583357 0.029560 0.811678
vn -0.633364 -0.238489 0.736188
vn 0.292075 -0.211116 0.932803
vn 0.355812 0.003939 0.934549
vn 0.601642 -0.280973 -0.747717
vn 0.599718 -0.475278 -0.643777
vn -0.619989 -0.319842 -0.716460
vn -0.558711 -0.208475 -0.802733
vn 0.355812 0.003939 0.934549
vn 0.292075 -0.211116 0.932803
vn 0.909389 -0.415209 0.024759
vn 0.983223 -0.153570 0.098431
vn 0.983223 -0.153570 0.098431
vn 0.909389 -0.415209 0.024759
vn 0.599718 -0.475278 -0.643777
vn 0.601642 -0.280973 -0.747717
vn -0.936206 -0.283280 0.208017
vn -0.431987 -0.901880 -0.000497
vn -0.231584 -0.939678 0.251742
vn -0.633364 -0.238489 0.736188
vn -0.431987 -0.901880 -0.000497
vn 0.599718 -0.475278 -0.643777
vn 0.909389 -0.415209 0.024759
vn -0.231584 -0.939678 0.251742
vn 0.599718 -0.475278 -0.643777
vn -0.431987 -0.901880 -0.000497
vn -0.619989 -0.319842 -0.716460
vn -0.936206 -0.283280 0.208017
vn -0.619989 -0.319842 -0.716460
vn -0.431987 -0.901880 -0.000497
vn -0.231584 -0.939678 0.251742
vn 0.292075 -0.211116 0.932803
vn -0.633364 -0.238489 0.736188
vn 0.292075 -0.211116 0.932803
vn -0.231584 -0.939678 0.251742
vn 0.909389 -0.415209 0.024759
vn -0.004167 0.146783 0.989160
vn -0.129880 -0.744977 0.654324
vn 0.044488 -0.788156 0.613866
vn 0.537671 -0.012891 0.843056
vn -0.129880 -0.744977 0.654324
vn -0.543431 -0.836608 -0.069070
vn 0.084827 -0.975023 -0.205265
vn 0.044488 -0.788156 0.613866
vn -0.004167 0.146783 0.989160
vn -0.800843 -0.029500 0.598148
vn -0.129880 -0.744977 0.654324
vn -0.129880 -0.744977 0.654324
vn -0.800843 -0.029500 0.598148
vn -0.543431 -0.836608 -0.069070
vn 0.044488 -0.788156 0.613866
vn 0.811839 -0.511803 0.281025
vn 0.537671 -0.012891 0.843056
vn 0.084827 -0.975023 -0.205265
vn 0.811839 -0.511803 0.281025
vn 0.044488 -0.788156 0.613866
vn 0.365648 -0.919381 -0.145049
vn 0.214025 -0.973423 -0.081497
vn 0.346017 -0.928594 -0.134109
vn 0.309615 -0.913383 -0.264330
vn 0.309615 -0.913383 -0.264330
vn 0.346017 -0.928594 -0.134109
vn 0.505161 -0.728238 -0.463122
vn 0.445807 -0.557343 -0.700446
vn 0.062819 -0.145968 -0.987293
vn 0.034799 -0.169929 -0.984842
vn -0.556018 0.253186 -0.791670
vn -0.369288 0.324567 -0.870794
vn -0.584286 0.672454 -0.454329
vn -0.584286 0.672454 -0.454329
vn -0.653124 0.723691 -0.222935
vn -0.654356 0.724420 -0.216873
vn -0.654356 0.724420 -0.216873
vn -0.653124 0.723691 -0.222935
vn -0.674299 0.721627 0.156766
vn -0.670739 0.717300 0.188654
vn -0.670739 0.717300 0.188654
vn -0.674299 0.721627 0.156766
vn -0.644186 0.686433 0.337393
vn -0.644186 0.686433 0.337393
vn 0.214025 -0.973423 -0.081497
vn 0.408528 -0.905254 -0.116708
vn 0.427389 -0.899712 0.088645
vn 0.346017 -0.928594 -0.134109
vn 0.346017 -0.928594 -0.134109
vn 0.427389 -0.899712 0.088645
vn 0.604993 -0.769070 -0.206191
vn 0.505161 -0.728238 -0.463122
vn 0.010572 0.637158 0.770661
vn -0.155729 0.545129 0.823761
vn 0.148270 0.555250 0.818361
vn 0.328610 0.516666 0.790614
vn -0.155729 0.545129 0.823761
vn -0.337465 0.392232 0.855729
vn -0.401349 0.196186 0.894668
vn 0.148270 0.555250 0.818361
vn -0.337465 0.392232 0.855729
vn -0.414801 0.371072 0.830810
vn 0.255688 -0.049015 0.965516
vn -0.401349 0.196186 0.894668
vn -0.337465 0.392232 0.855729
vn -0.609594 0.397557 0.685816
vn -0.627499 0.434068 0.646398
vn -0.414801 0.371072 0.830810
vn 0.328610 0.516666 0.790614
vn 0.148270 0.555250 0.818361
vn 0.697214 0.333198 0.634722
vn 0.710238 0.257857 0.655036
vn 0.903575 -0.412084 0.117211
vn 0.891993 -0.422908 0.159682
vn 0.710238 0.257857 0.655036
vn 0.697214 0.333198 0.634722
vn 0.891993 -0.422908 0.159682
vn 0.903575 -0.412084 0.117211
vn 0.422138 -0.884377 -0.199189
vn 0.365648 -0.919381 -0.145049
vn -0.040318 -0.999147 -0.008954
vn 0.214025 -0.973423 -0.081497
vn 0.365648 -0.919381 -0.145049
vn 0.422138 -0.884377 -0.199189
vn 0.422138 -0.884377 -0.199189
vn 0.414793 -0.804772 -0.424604
vn -0.736798 -0.600814 -0.310083
vn -0.040318 -0.999147 -0.008954
vn 0.903575 -0.412084 0.117211
vn 0.959892 -0.256156 0.113983
vn 0.414793 -0.804772 -0.424604
vn 0.422138 -0.884377 -0.199189
vn 0.658613 0.408862 0.631712
vn 0.697214 0.333198 0.634722
vn 0.148270 0.555250 0.818361
vn -0.011857 0.594034 0.804353
vn -0.011857 0.594034 0.804353
vn 0.148270 0.555250 0.818361
vn -0.401349 0.196186 0.894668
vn -0.894411 0.121913 0.430309
vn 0.697214 0.333198 0.634722
vn 0.658613 0.408862 0.631712
vn 0.959892 -0.256156 0.113983
vn 0.903575 -0.412084 0.117211
vn -0.040318 -0.999147 -0.008954
vn -0.401349 0.196186 0.894668
vn 0.255688 -0.049015 0.965516
vn 0.656620 -0.634131 0.408324
vn -0.040318 -0.999147 -0.008954
vn -0.736798 -0.600814 -0.310083
vn -0.894411 0.121913 0.430309
vn -0.401349 0.196186 0.894668
vn 0.921222 -0.374750 0.104459
vn -0.025855 -0.917317 0.397317
vn -0.096261 -0.992920 0.069604
vn 0.589287 -0.487145 -0.644539
vn -0.025855 -0.917317 0.397317
vn -0.667869 -0.222079 0.710375
vn -0.916987 -0.338263 0.211455
vn -0.096261 -0.992920 0.069604
vn -0.667869 -0.222079 0.710375
vn -0.025855 -0.917317 0.397317
vn 0.346956 0.007204 0.937854
vn 0.921222 -0.374750 0.104459
vn 0.346956 0.007204 0.937854
vn -0.025855 -0.917317 0.397317
vn 0.589287 -0.487145 -0.644539
vn -0.096261 -0.992920 0.069604
vn -0.410067 -0.375458 -0.831190
vn -0.916987 -0.338263 0.211455
vn -0.410067 -0.375458 -0.831190
vn -0.096261 -0.992920 0.069604
vn 0.637813 -0.717593 0.279740
vn 0.427389 -0.899712 0.088645
vn 0.408528 -0.905254 -0.116708
vn 0.593749 -0.793810 -0.131633
vn -0.759093 0.387279 0.523252
vn -0.627499 0.434068 0.646398
vn -0.845451 0.432957 0.312666
vn -0.876607 0.403760 0.261798
vn -0.845451 0.432957 0.312666
vn -0.897075 0.433630 -0.084979
vn -0.953803 0.290342 -0.077208
vn -0.876607 0.403760 0.261798
vn -0.897075 0.433630 -0.084979
vn -0.556018 0.253186 -0.791670
vn -0.902671 0.252621 -0.348380
vn -0.953803 0.290342 -0.077208
vn 0.062819 -0.145968 -0.987293
vn 0.505161 -0.728238 -0.463122
vn 0.604993 -0.769070 -0.206191
vn 0.034799 -0.169929 -0.984842
vn 0.637813 -0.717593 0.279740
vn 0.775171 -0.630908 0.032635
vn 0.604993 -0.769070 -0.206191
vn 0.427389 -0.899712 0.088645
vn 0.775171 -0.630908 0.032635
vn 0.153114 -0.230698 -0.960903
vn 0.034799 -0.169929 -0.984842
vn 0.604993 -0.769070 -0.206191
vn -0.402167 0.076584 -0.912358
vn -0.556018 0.253186 -0.791670
vn 0.034799 -0.169929 -0.984842
vn 0.153114 -0.230698 -0.960903
vn -0.402167 0.076584 -0.912358
vn -0.902671 0.252621 -0.348380
vn -0.556018 0.253186 -0.791670
vn 0.690360 -0.408081 -0.597389
vn 0.597064 -0.697851 -0.395625
vn 0.561503 -0.732782 -0.384377
vn 0.540159 -0.432456 -0.721949
vn 0.597064 -0.697851 -0.395625
vn 0.763044 -0.588055 -0.268245
vn 0.676542 -0.718330 -0.162151
vn 0.561503 -0.732782 -0.384377
vn 0.309615 -0.913383 -0.264330
vn 0.445807 -0.557343 -0.700446
vn 0.413645 -0.370902 -0.831462
vn 0.597064 -0.697851 -0.395625
vn 0.690360 -0.408081 -0.597389
vn 0.763044 -0.588055 -0.268245
vn 0.000000 0.000000 0.000000
vn 0.886119 0.322484 0.332863
vn 0.772555 0.558439 0.302168
vn 0.000000 0.000000 0.000000
vn 0.000000 0.000000 0.000000
vn 0.772555 0.558439 0.302168
vn 0.789428 0.538903 0.293917
vn 0.000000 0.000000 0.000000
vn 0.000000 0.000000 0.000000
vn 0.789428 0.538903 0.293917
vn 0.862631 0.499301 0.081038
vn 0.000000 0.000000 0.000000
vn 0.000000 0.000000 0.000000
vn 0.792035 0.545635 -0.273794
vn 0.538157 0.658429 -0.526174
vn 0.000000 0.000000 0.000000
vn 0.000000 0.000000 0.000000
vn 0.862631 0.499301 0.081038
vn 0.792035 0.545635 -0.273794
vn 0.000000 0.000000 0.000000
vn 0.000000 0.000000 0.000000
vn 0.898911 0.092540 0.428247
vn 0.886119 0.322484 0.332863
vn 0.000000 0.000000 0.000000
vn 0.000000 0.000000 0.000000
vn 0.658239 0.479637 -0.580233
vn 0.926848 0.359223 0.109141
vn 0.000000 0.000000 0.000000
vn 0.000000 0.000000 0.000000
vn 0.538157 0.658429 -0.526174
vn 0.349285 0.721623 -0.597713
vn 0.000000 0.000000 0.000000
vn 0.000000 0.000000 0.000000
vn 0.349285 0.721623 -0.597713
vn 0.388978 0.600644 -0.698515
vn 0.000000 0.000000 0.000000
vn 0.000000 0.000000 0.000000
vn 0.388978 0.600644 -0.698515
vn 0.444840 0.416774 -0.792728
vn 0.000000 0.000000 0.000000
vn 0.000000 0.000000 0.000000
vn 0.444840 0.416774 -0.792728
vn 0.658239 0.479637 -0.580233
vn 0.000000 0.000000 0.000000
vn 0.000000 0.000000 0.000000
vn 0.926848 0.359223 0.109141
vn 0.898911 0.092540 0.428247
vn 0.000000 0.000000 0.000000
vn 0.023959 -0.814360 0.579865
vn 0.021612 -0.814688 0.579497
vn 0.109433 -0.744999 0.658029
vn 0.111038 -0.748719 0.653521
vn -0.114822 -0.805051 0.581987
vn -0.116931 -0.803960 0.583075
vn 0.021612 -0.814688 0.579497
vn 0.023959 -0.814360 0.579865
vn -0.109754 -0.657710 0.745233
vn -0.106425 -0.649805 0.752613
vn -0.116931 -0.803960 0.583075
vn -0.114822 -0.805051 0.581987
vn -0.084157 -0.594960 0.799337
vn -0.086444 -0.600548 0.794902
vn -0.106425 -0.649805 0.752613
vn -0.109754 -0.657710 0.745233
vn 0.111038 -0.748719 0.653521
vn 0.109433 -0.744999 0.658029
vn -0.002863 -0.681647 0.731676
vn -0.001954 -0.681950 0.731396
vn -0.001954 -0.681950 0.731396
vn -0.002863 -0.681647 0.731676
vn -0.086444 -0.600548 0.794902
vn -0.084157 -0.594960 0.799337
vn -0.148032 -0.924974 0.350015
vn -0.145939 -0.924653 0.351736
vn -0.191115 -0.924011 0.331179
vn -0.195231 -0.925222 0.325346
vn -0.195231 -0.925222 0.325346
vn -0.191115 -0.924011 0.331179
vn -0.173888 -0.913511 0.367777
vn -0.173088 -0.912320 0.371098
vn -0.024575 -0.949836 0.311780
vn -0.014651 -0.956038 0.292877
vn -0.145939 -0.924653 0.351736
vn -0.148032 -0.924974 0.350015
vn -0.198598 -0.977831 0.066375
vn -0.198819 -0.977791 0.066303
vn -0.174938 -0.975848 0.130832
vn -0.175047 -0.975956 0.129880
vn -0.175047 -0.975956 0.129880
vn -0.174938 -0.975848 0.130832
vn -0.192516 -0.973153 0.126136
vn -0.190211 -0.972729 0.132730
vn -0.229217 -0.972622 0.038296
vn -0.228576 -0.972677 0.040656
vn -0.198819 -0.977791 0.066303
vn -0.198598 -0.977831 0.066375
vn -0.190211 -0.972729 0.132730
vn -0.192516 -0.973153 0.126136
vn -0.165548 -0.980131 0.109256
vn -0.166279 -0.980089 0.108520
vn -0.173138 -0.980496 0.093006
vn -0.153956 -0.981216 0.116244
vn -0.228576 -0.972677 0.040656
vn -0.229217 -0.972622 0.038296
vn -0.166279 -0.980089 0.108520
vn -0.165548 -0.980131 0.109256
vn -0.153956 -0.981216 0.116244
vn -0.173138 -0.980496 0.093006
vn -0.311220 -0.948759 0.054762
vn -0.315063 -0.947912 0.046878
vn -0.330141 -0.943825 0.014206
vn -0.330279 -0.943780 0.013985
vn 0.886119 0.322484 0.332863
vn 0.887825 0.316019 0.334514
vn 0.770760 0.559118 0.305476
vn 0.772555 0.558439 0.302168
vn 0.772555 0.558439 0.302168
vn 0.770760 0.559118 0.305476
vn 0.788122 0.539855 0.295669
vn 0.789428 0.538903 0.293917
vn -0.330279 -0.943780 0.013985
vn -0.330141 -0.943825 0.014206
vn -0.342814 -0.939390 -0.005039
vn -0.338917 -0.940816 0.000973
vn -0.338917 -0.940816 0.000973
vn -0.342814 -0.939390 -0.005039
vn -0.319001 -0.947588 -0.017778
vn -0.308138 -0.951185 -0.017244
vn 0.789428 0.538903 0.293917
vn 0.788122 0.539855 0.295669
vn 0.861531 0.499794 0.089279
vn 0.862631 0.499301 0.081038
vn 0.792035 0.545635 -0.273794
vn 0.795787 0.543688 -0.266697
vn 0.551771 0.652839 -0.518990
vn 0.538157 0.658429 -0.526174
vn 0.862631 0.499301 0.081038
vn 0.861531 0.499794 0.089279
vn 0.795787 0.543688 -0.266697
vn 0.792035 0.545635 -0.273794
vn -0.281080 -0.954515 0.099473
vn -0.280591 -0.954672 0.099351
vn -0.315063 -0.947912 0.046878
vn -0.311220 -0.948759 0.054762
vn -0.308138 -0.951185 -0.017244
vn -0.319001 -0.947588 -0.017778
vn -0.276029 -0.959813 0.050660
vn -0.276023 -0.959834 0.050305
vn 0.898911 0.092540 0.428247
vn 0.897404 0.095695 0.430706
vn 0.887825 0.316019 0.334514
vn 0.886119 0.322484 0.332863
vn -0.276023 -0.959834 0.050305
vn -0.276029 -0.959813 0.050660
vn -0.280591 -0.954672 0.099351
vn -0.281080 -0.954515 0.099473
vn 0.658239 0.479637 -0.580233
vn 0.662277 0.480562 -0.574848
vn 0.921884 0.383239 0.057080
vn 0.926848 0.359223 0.109141
vn 0.538157 0.658429 -0.526174
vn 0.551771 0.652839 -0.518990
vn 0.354342 0.719782 -0.596955
vn 0.349285 0.721623 -0.597713
vn 0.349285 0.721623 -0.597713
vn 0.354342 0.719782 -0.596955
vn 0.383039 0.612031 -0.691882
vn 0.388978 0.600644 -0.698515
vn 0.388978 0.600644 -0.698515
vn 0.383039 0.612031 -0.691882
vn 0.444984 0.416852 -0.792606
vn 0.444840 0.416774 -0.792728
vn 0.444840 0.416774 -0.792728
vn 0.444984 0.416852 -0.792606
vn 0.662277 0.480562 -0.574848
vn 0.658239 0.479637 -0.580233
vn 0.926848 0.359223 0.109141
vn 0.921884 0.383239 0.057080
vn 0.897404 0.095695 0.430706
vn 0.898911 0.092540 0.428247
vn 0.402560 0.175830 -0.898348
vn 0.463802 0.252726 -0.849127
vn 0.651699 0.725868 -0.220007
vn 0.652961 0.725042 -0.218990
vn -0.819951 -0.560263 0.117411
vn -0.818023 -0.565788 0.103549
vn -0.578136 -0.592222 -0.561278
vn -0.490413 -0.555692 -0.671343
vn -0.490413 -0.555692 -0.671343
vn -0.578136 -0.592222 -0.561278
vn 0.463802 0.252726 -0.849127
vn 0.402560 0.175830 -0.898348
vn 0.652961 0.725042 -0.218990
vn 0.651699 0.725868 -0.220007
vn 0.531547 0.818337 -0.218592
vn 0.541910 0.808063 -0.231015
vn -0.797132 -0.484783 0.359953
vn -0.799876 -0.485305 0.353098
vn -0.818023 -0.565788 0.103549
vn -0.819951 -0.560263 0.117411
vn 0.541910 0.808063 -0.231015
vn 0.531547 0.818337 -0.218592
vn 0.371494 0.713369 0.594219
vn 0.323786 0.637360 0.699239
vn 0.323786 0.637360 0.699239
vn 0.371494 0.713369 0.594219
vn -0.528647 -0.253028 0.810253
vn -0.456232 -0.192881 0.868705
vn -0.456232 -0.192881 0.868705
vn -0.528647 -0.253028 0.810253
vn -0.799876 -0.485305 0.353098
vn -0.797132 -0.484783 0.359953
vn -0.044281 -0.959104 0.279567
vn -0.073453 -0.951210 0.299673
vn -0.014651 -0.956038 0.292877
vn -0.024575 -0.949836 0.311780
vn 0.909599 -0.349190 0.225158
vn 0.537128 -0.582969 -0.609624
vn 0.408528 -0.905254 -0.116708
vn 0.656620 -0.634131 0.408324
vn 0.656620 -0.634131 0.408324
vn 0.408528 -0.905254 -0.116708
vn 0.214025 -0.973423 -0.081497
vn -0.040318 -0.999147 -0.008954
vn 0.037024 -0.205087 0.978043
vn 0.389108 -0.145453 0.909636
vn 0.941351 -0.254052 0.222074
vn 0.593749 -0.793810 -0.131633
vn -0.694537 0.339958 0.634072
vn 0.389108 -0.145453 0.909636
vn 0.037024 -0.205087 0.978043
vn -0.759093 0.387279 0.523252
vn -0.173088 -0.912320 0.371098
vn -0.173888 -0.913511 0.367777
vn -0.142368 -0.921648 0.360967
vn -0.147036 -0.917272 0.370124
vn -0.073453 -0.951210 0.299673
vn -0.044281 -0.959104 0.279567
vn -0.147036 -0.917272 0.370124
vn -0.142368 -0.921648 0.360967
vn 0.537128 -0.582969 -0.609624
vn -0.326156 -0.416360 -0.848685
vn 0.593749 -0.793810 -0.131633
vn 0.408528 -0.905254 -0.116708
vn -0.997850 -0.021665 -0.061859
vn -0.372504 0.338489 0.864098
vn -0.695339 0.303376 0.651511
vn -0.695339 0.303376 0.651511
vn -0.372504 0.338489 0.864098
vn -0.414801 0.371072 0.830810
vn -0.627499 0.434068 0.646398
vn 0.037024 -0.205087 0.978043
vn -0.695339 0.303376 0.651511
vn -0.759093 0.387279 0.523252
vn -0.695339 0.303376 0.651511
vn -0.627499 0.434068 0.646398
vn -0.759093 0.387279 0.523252
vn -0.997850 -0.021665 -0.061859
vn -0.695339 0.303376 0.651511
vn 0.037024 -0.205087 0.978043
vn -0.326156 -0.416360 -0.848685
vn -0.326156 -0.416360 -0.848685
vn 0.037024 -0.205087 0.978043
vn 0.593749 -0.793810 -0.131633
s 1
g Dwarf_low1 DwarfHands_low
usemtl lambert2SG
f 1957/2305/7224 1954/2306/7225 1955/2307/7226 1956/2308/7227
f 1956/2308/7227 1955/2307/7226 1958/2309/7228 1959/2310/7229
s off
f 1959/2310/7230 1958/2309/7231 1960/2311/7232 1961/2312/7233
f 1961/2312/7234 1960/2311/7235 1964/2313/7236 1965/2314/7237
s 1
f 1963/2315/7238 1962/2316/7239 1954/2306/7225 1957/2305/7224
s off
f 1965/2314/7240 1964/2313/7241 1962/2317/7242 1963/2318/7243
f 2071/2319/7244 2070/2320/7245 2072/2321/7246 2073/2322/7247
f 2074/2323/7248 2071/2319/7249 2073/2322/7250 2075/2324/7251
f 2076/2325/7252 2074/2323/7253 2075/2324/7254 2077/2326/7255
f 2078/2327/7256 2076/2328/7257 2077/2329/7258 2079/2330/7259
f 2070/2320/7260 2080/2331/7261 2081/2332/7262 2072/2321/7263
f 2080/2331/7264 2078/2327/7265 2079/2330/7266 2081/2332/7267
s 1
f 1957/2305/7224 1956/2308/7227 1966/2333/7268 1967/2334/7269
f 1956/2308/7227 1959/2310/7229 1968/2335/7270 1966/2333/7268
f 1959/2310/7229 1961/2312/7271 1969/2336/7272 1968/2335/7270
s off
f 1961/2312/7273 1965/2314/7274 1970/2337/7275 1969/2336/7276
s 1
f 1963/2315/7277 1957/2305/7224 1967/2334/7269 1971/2338/7278
s off
f 1965/2314/7279 1963/2318/7280 1971/2338/7281 1970/2337/7282
f 1973/2339/7283 1972/2340/7284 1974/2341/7285 1975/2342/7286
f 1975/2342/7287 1974/2341/7288 2028/2343/7289 2029/2344/7290
f 2082/2345/7291 2083/2346/7292 2084/2347/7293 2085/2348/7294
f 2083/2346/7295 2088/2349/7296 2089/2350/7297 2084/2347/7298
f 1977/2351/7299 1976/2352/7300 1982/2353/7301 1983/2354/7302
f 1978/2355/7303 1977/2351/7304 1983/2354/7305 1984/2356/7306
f 1976/2352/7307 1979/2357/7308 1985/2358/7309 1982/2353/7310
f 1980/2359/7311 1978/2355/7312 1984/2356/7313 1986/2360/7314
f 1981/2361/7315 1980/2362/7316 1986/2363/7317 1987/2364/7318
f 1979/2357/7319 1981/2361/7320 1987/2364/7321 1985/2358/7322
f 1983/2354/7323 1982/2353/7324 1988/2365/7325 1989/2366/7326
f 1984/2356/7327 1983/2354/7328 1989/2366/7329 1990/2367/7330
f 1982/2353/7331 1985/2358/7332 1991/2368/7333 1988/2365/7334
f 1986/2360/7335 1984/2356/7336 1990/2367/7337 1992/2369/7338
f 1987/2364/7339 1986/2363/7340 1992/2369/7341 1993/2370/7342
f 1985/2358/7343 1987/2364/7344 1993/2370/7345 1991/2368/7346
f 1972/2340/7347 1994/2371/7348 1995/2372/7349 1974/2341/7350
f 1974/2341/7351 1995/2372/7352 2030/2373/7353 2028/2343/7354
f 2092/2374/7355 2093/2375/7356 2094/2376/7357 2095/2377/7358
f 2094/2376/7359 2093/2375/7360 2096/2378/7361 2097/2379/7362
f 2097/2379/7363 2096/2378/7364 2099/2380/7365 2100/2381/7366
f 2102/2382/7367 2101/2383/7368 2100/2381/7369 2099/2380/7370
f 1996/2384/7371 1997/2385/7372 2002/2386/7373 2003/2387/7374
f 1998/2388/7375 1996/2384/7376 2003/2387/7377 2004/2389/7378
f 1997/2385/7379 1999/2390/7380 2005/2391/7381 2002/2386/7382
f 2000/2392/7383 1998/2388/7384 2004/2389/7385 2006/2393/7386
f 1999/2390/7387 2001/2394/7388 2007/2395/7389 2005/2391/7390
f 2001/2396/7391 2000/2392/7392 2006/2393/7393 2007/2397/7394
f 2011/2398/7395 2008/2399/7396 2009/2400/7397 2010/2401/7398
f 2010/2401/7399 2009/2400/7400 2012/2402/7401 2013/2403/7402
f 2008/2399/7403 2011/2398/7404 2014/2404/7405 2015/2405/7406
f 2015/2406/7407 2014/2407/7408 2016/2408/7409 2017/2409/7410
f 2017/2409/7411 2016/2408/7412 2018/2410/7413 2019/2411/7414
f 2019/2411/7415 2018/2410/7416 2013/2403/7417 2012/2402/7418
f 2009/2400/7419 2008/2399/7420 2020/2412/7421 2021/2413/7422
f 2012/2402/7423 2009/2400/7424 2021/2413/7425 2022/2414/7426
f 2008/2399/7427 2015/2405/7428 2023/2415/7429 2020/2412/7430
f 2015/2406/7431 2017/2409/7432 2024/2416/7433 2023/2415/7434
f 2017/2409/7435 2019/2411/7436 2025/2417/7437 2024/2416/7438
f 2019/2411/7439 2012/2402/7440 2022/2414/7441 2025/2417/7442
f 2022/2414/7443 2021/2413/7444 2026/2418/7445 2027/2419/7446
f 2023/2415/7447 2024/2416/7448 2027/2419/7449 2026/2418/7450
f 2104/2420/7451 2103/2421/7452 2105/2422/7453 2097/2379/7454
f 2029/2344/7455 2028/2343/7456 2031/2423/7457 2032/2424/7458
f 2028/2343/7459 2030/2373/7460 2033/2425/7461 2031/2423/7462
f 2107/2426/7463 2106/2427/7464 2108/2428/7465 2109/2429/7466
f 2106/2427/7467 2110/2430/7468 2111/2431/7469 2108/2428/7470
f 2109/2429/7471 2108/2428/7472 2112/2432/7473 2113/2433/7474
f 2108/2428/7475 2111/2431/7476 2114/2434/7477 2112/2432/7478
f 2115/2435/7479 2105/2422/7480 2103/2421/7481 2116/2436/7482
f 2117/2437/7483 2115/2435/7484 2116/2436/7485 2118/2438/7486
f 1994/2371/7487 2034/2439/7488 2035/2440/7489 1995/2372/7490
f 2036/2441/7491 2030/2373/7492 1995/2372/7493 2035/2440/7494
f 2030/2373/7495 2036/2441/7496 2037/2442/7497 2033/2425/7498
f 2110/2430/7499 2119/2443/7500 2120/2444/7501 2111/2431/7502
f 2111/2431/7503 2120/2444/7504 2121/2445/7505 2114/2434/7506
f 2123/2446/7507 2122/2447/7508 2124/2448/7509 2125/2449/7510
f 2126/2450/7511 2123/2446/7512 2125/2449/7513 2127/2451/7514
f 2035/2440/7515 2034/2439/7516 2038/2452/7517 2039/2453/7518
f 2036/2441/7519 2035/2440/7520 2039/2453/7521
f 2037/2442/7522 2036/2441/7523 2039/2453/7524 2038/2452/7525
f 2120/2444/7526 2119/2443/7527 2127/2451/7528 2125/2449/7529
f 2121/2445/7530 2120/2444/7531 2125/2449/7532 2124/2448/7533
f 2104/2420/7534 2097/2379/7535 2100/2381/7536 2128/2454/7537
f 2117/2455/7538 2118/2456/7539 2129/2457/7540 2130/2458/7541
f 2040/2459/7542 1973/2339/7543 1975/2342/7544 2041/2460/7545
f 1975/2342/7546 2029/2344/7547 2042/2461/7548 2041/2460/7549
f 2042/2461/7550 2029/2344/7551 2032/2424/7552 2043/2462/7553
f 2131/2463/7554 2107/2464/7555 2109/2465/7556 2132/2466/7557
f 2132/2466/7558 2109/2465/7559 2113/2467/7560 2133/2468/7561
f 2129/2457/7562 2128/2454/7563 2100/2381/7564 2130/2458/7565
f 2022/2414/7566 2027/2419/7567 2025/2417/7568
f 2025/2417/7569 2027/2419/7570 2024/2416/7571
f 2020/2412/7572 2023/2415/7573 2026/2418/7574
f 2021/2413/7575 2020/2412/7576 2026/2418/7577
f 2003/2387/7578 2002/2386/7579 2044/2469/7580 2045/2470/7581
f 2004/2389/7582 2003/2387/7583 2045/2470/7584 2046/2471/7585
f 2002/2386/7586 2005/2391/7587 2047/2472/7588 2044/2469/7589
f 2006/2393/7590 2004/2389/7591 2046/2471/7592 2048/2473/7593
f 2005/2391/7594 2007/2395/7595 2049/2474/7596 2047/2472/7597
f 2007/2397/7598 2006/2393/7599 2048/2473/7600 2049/2474/7601
f 2045/2470/7602 2044/2469/7603 2050/2475/7604 2051/2476/7605
f 2051/2476/7606 2050/2475/7607 2049/2474/7608 2048/2473/7609
f 2048/2473/7610 2046/2471/7611 2051/2476/7612
f 2045/2470/7613 2051/2476/7614 2046/2471/7615
f 2050/2475/7616 2044/2469/7617 2047/2472/7618
f 2047/2472/7619 2049/2474/7620 2050/2475/7621
f 1966/2333/7622 1968/2335/7623 2053/2477/7624 2052/2478/7625
f 2052/2478/7626 2053/2477/7627 1970/2337/7628 1971/2338/7629
f 1966/2333/7630 2052/2478/7631 1967/2334/7632
f 2052/2478/7633 1971/2338/7634 1967/2334/7635
f 2053/2477/7636 1968/2335/7637 1969/2336/7638
f 1970/2337/7639 2053/2477/7640 1969/2336/7641
f 2134/2479/7642 2135/2480/7643 2136/2481/7644 2137/2482/7645
f 2135/2480/7646 2132/2466/7647 2133/2468/7648 2136/2481/7649
f 2113/2433/7650 2112/2432/7651 2138/2483/7652 2139/2484/7653
f 2155/2485/7654 2154/2486/7655 2156/2487/7656 2157/2488/7657
f 2154/2486/7658 2158/2489/7659 2159/2490/7660 2156/2487/7661
f 2158/2489/7662 2160/2491/7663 2161/2492/7664 2159/2490/7665
f 2137/2482/7666 2136/2481/7667 2142/2493/7668 2090/2494/7669
f 2136/2481/7670 2133/2468/7671 2143/2495/7672 2142/2493/7673
f 2126/2450/7674 2144/2496/7675 2145/2497/7676 2123/2446/7677
f 2123/2446/7678 2145/2497/7679 2146/2498/7680 2122/2447/7681
f 2122/2447/7682 2146/2498/7683 2083/2346/7684 2082/2345/7685
f 2122/2447/7686 2082/2345/7687 2086/2499/7688 2124/2448/7689
f 2144/2496/7690 2147/2500/7691 2148/2501/7692 2145/2497/7693
f 2149/2502/7694 2148/2501/7695 2147/2500/7696 2150/2503/7697
f 2150/2504/7698 2134/2479/7699 2151/2505/7700 2149/2506/7701
f 2152/2507/7702 2151/2505/7703 2134/2479/7704 2137/2482/7705
f 2151/2505/7706 2152/2507/7707 2081/2332/7708 2079/2330/7709
f 2149/2506/7710 2151/2505/7711 2079/2330/7712 2077/2329/7713
f 2075/2324/7714 2073/2322/7715 2145/2497/7716 2148/2501/7717
f 2073/2322/7718 2072/2321/7719 2146/2498/7720 2145/2497/7721
f 2148/2501/7722 2149/2502/7723 2077/2326/7724 2075/2324/7725
f 2152/2507/7726 2088/2349/7727 2083/2346/7728 2146/2498/7729
f 2152/2507/7730 2146/2498/7731 2072/2321/7732 2081/2332/7733
f 1991/2368/7734 1993/2370/7735 2055/2508/7736 2056/2509/7737
f 2056/2509/7738 2055/2508/7739 1990/2367/7740 1989/2366/7741
f 1989/2366/7742 1988/2365/7743 2056/2509/7744
f 1991/2368/7745 2056/2509/7746 1988/2365/7747
f 1993/2370/7748 1992/2369/7749 2055/2508/7750
f 1990/2367/7751 2055/2508/7752 1992/2369/7753
f 2100/2381/7754 2101/2383/7755 2090/2494/7756 2142/2493/7757
f 2095/2377/7758 2094/2376/7759 2141/2510/7760 2086/2499/7761
f 2141/2510/7762 2094/2376/7763 2097/2379/7764 2140/2511/7765
f 2140/2511/7766 2097/2379/7767 2105/2422/7768 2138/2483/7769
f 2113/2467/7770 2139/2512/7771 2143/2495/7772 2133/2468/7773
f 2100/2381/7774 2142/2493/7775 2143/2495/7776 2130/2458/7777
f 2130/2458/7778 2143/2495/7779 2139/2512/7780 2117/2455/7781
f 2115/2435/7782 2117/2437/7783 2139/2484/7784 2138/2483/7785
f 2115/2435/7786 2138/2483/7787 2105/2422/7788
f 2042/2461/7789 2043/2462/7790 2054/2513/7791 2057/2514/7792
f 2057/2514/7793 2054/2513/7794 2040/2459/7795 2041/2460/7796
f 2135/2480/7797 2131/2463/7798 2132/2466/7799
f 2057/2514/7800 2041/2460/7801 2042/2461/7802
f 2032/2424/7803 2031/2423/7804 2058/2515/7805 2059/2516/7806
f 2031/2423/7807 2033/2425/7808 2060/2517/7809 2058/2515/7810
f 2033/2425/7811 2037/2442/7812 2061/2518/7813 2060/2517/7814
f 2038/2452/7815 2034/2439/7816 2062/2519/7817 2063/2520/7818
f 2037/2442/7819 2038/2452/7820 2063/2520/7821 2061/2518/7822
f 2043/2462/7823 2032/2424/7824 2059/2516/7825 2064/2521/7826
f 2040/2459/7827 2054/2513/7828 2066/2522/7829 2065/2523/7830
f 2034/2439/7831 1994/2371/7832 2067/2524/7833 2062/2519/7834
f 1994/2371/7835 1972/2340/7836 2068/2525/7837 2067/2524/7838
f 1972/2340/7839 1973/2339/7840 2069/2526/7841 2068/2525/7842
f 1973/2339/7843 2040/2459/7844 2065/2523/7845 2069/2526/7846
f 2054/2513/7847 2043/2462/7848 2064/2521/7849 2066/2522/7850
f 1955/2527/7851 1954/2528/7852 2070/2320/7853 2071/2319/7854
f 1958/2529/7855 1955/2527/7856 2071/2319/7857 2074/2323/7858
f 1960/2530/7859 1958/2529/7860 2074/2323/7861 2076/2325/7862
f 1964/2531/7863 1960/2532/7864 2076/2328/7865 2078/2327/7866
f 1954/2528/7867 1962/2533/7868 2080/2331/7869 2070/2320/7870
f 1962/2533/7871 1964/2531/7872 2078/2327/7873 2080/2331/7874
f 1976/2534/7875 1977/2535/7876 2085/2348/7877 2084/2347/7878
f 1977/2535/7879 1978/2536/7880 2087/2537/7881 2085/2348/7882
f 1979/2538/7883 1976/2534/7884 2084/2347/7885 2089/2350/7886
f 1997/2539/7887 1996/2540/7888 2093/2375/7889 2092/2374/7890
f 1996/2540/7891 1998/2541/7892 2096/2378/7893 2093/2375/7894
f 1999/2542/7895 1997/2539/7896 2092/2374/7897 2098/2543/7898
f 1998/2541/7899 2000/2544/7900 2099/2380/7901 2096/2378/7902
f 2001/2545/7903 1999/2542/7904 2098/2543/7905 2102/2382/7906
f 2000/2544/7907 2001/2545/7908 2102/2382/7909 2099/2380/7910
f 2011/2546/7911 2010/2547/7912 2103/2421/7913 2104/2420/7914
f 2059/2548/7915 2058/2549/7916 2106/2427/7917 2107/2426/7918
f 2058/2549/7919 2060/2550/7920 2110/2430/7921 2106/2427/7922
f 2010/2547/7923 2013/2551/7924 2116/2436/7925 2103/2421/7926
f 2013/2551/7927 2018/2552/7928 2118/2438/7929 2116/2436/7930
f 2060/2550/7931 2061/2553/7932 2119/2443/7933 2110/2430/7934
f 2063/2554/7935 2062/2555/7936 2126/2450/7937 2127/2451/7938
f 2061/2553/7939 2063/2554/7940 2127/2451/7941 2119/2443/7942
f 2014/2556/7943 2011/2546/7944 2104/2420/7945 2128/2454/7946
f 2018/2557/7947 2016/2558/7948 2129/2457/7949 2118/2456/7950
f 2064/2559/7951 2059/2560/7952 2107/2464/7953 2131/2463/7954
f 2016/2558/7955 2014/2556/7956 2128/2454/7957 2129/2457/7958
f 2065/2561/7959 2066/2562/7960 2135/2480/7961 2134/2479/7962
f 2062/2555/7963 2067/2563/7964 2144/2496/7965 2126/2450/7966
f 2067/2563/7967 2068/2564/7968 2147/2500/7969 2144/2496/7970
f 2068/2564/7971 2069/2565/7972 2150/2503/7973 2147/2500/7974
f 2069/2566/7975 2065/2561/7976 2134/2479/7977 2150/2504/7978
f 2066/2562/7979 2064/2559/7980 2131/2463/7981 2135/2480/7982
f 2112/2567/7983 2114/2568/7984 2154/2486/7985 2155/2485/7986
f 2140/2569/7987 2138/2570/7988 2157/2488/7989 2156/2487/7990
f 2138/2570/7991 2112/2567/7992 2155/2485/7993 2157/2488/7994
f 2114/2568/7995 2121/2571/7996 2158/2489/7997 2154/2486/7998
f 2141/2572/7999 2140/2569/8000 2156/2487/8001 2159/2490/8002
f 2121/2571/8003 2124/2573/8004 2160/2491/8005 2158/2489/8006
f 2124/2573/8007 2086/2574/8008 2161/2492/8009 2160/2491/8010
f 2086/2574/8011 2141/2572/8012 2159/2490/8013 2161/2492/8014
f 1981/2575/8015 1979/2538/8016 2089/2350/8017 2091/2576/8018
f 2089/2350/8019 2088/2349/8020 2090/2494/8021 2091/2576/8022
f 2088/2349/8023 2152/2507/8024 2137/2482/8025 2090/2494/8026
f 2153/2577/8027 2101/2383/8028 2102/2382/8029 2098/2543/8030
f 2092/2374/8031 2095/2377/8032 2153/2577/8033 2098/2543/8034
f 1978/2536/8035 1980/2578/8036 2162/2579/8037 2087/2537/8038
f 2091/2576/8039 2162/2579/8040 1980/2578/8041 1981/2575/8042
f 2091/2576/8043 2090/2494/8044 2101/2383/8045 2162/2579/8046
f 2087/2537/8047 2163/2580/8048 2085/2348/8049
f 2163/2580/8050 2086/2499/8051 2082/2345/8052 2085/2348/8053
f 2153/2577/8054 2095/2377/8055 2163/2580/8056
f 2163/2580/8057 2095/2377/8058 2086/2499/8059
f 2087/2537/8060 2162/2579/8061 2153/2577/8062 2163/2580/8063
f 2162/2579/8064 2101/2383/8065 2153/2577/8066
f 2167/2581/8067 2166/2582/8068 2165/2583/8069 2164/2584/8070
f 2166/2582/8071 2169/2585/8072 2168/2586/8073 2165/2583/8074
f 2169/2585/8075 2171/2587/8076 2170/2588/8077 2168/2586/8078
f 2171/2587/8079 2175/2589/8080 2174/2590/8081 2170/2588/8082
f 2173/2591/8083 2167/2581/8084 2164/2584/8085 2172/2592/8086
f 2175/2589/8087 2173/2593/8088 2172/2594/8089 2174/2590/8090
f 2281/2595/8091 2283/2596/8092 2282/2597/8093 2280/2598/8094
f 2284/2599/8095 2285/2600/8096 2283/2596/8097 2281/2595/8098
f 2286/2601/8099 2287/2602/8100 2285/2600/8101 2284/2599/8102
f 2288/2603/8103 2289/2604/8104 2287/2605/8105 2286/2606/8106
f 2280/2598/8107 2282/2597/8108 2291/2607/8109 2290/2608/8110
f 2290/2608/8111 2291/2607/8112 2289/2604/8113 2288/2603/8114
f 2167/2581/8115 2177/2609/8116 2176/2610/8117 2166/2582/8118
f 2166/2582/8119 2176/2610/8120 2178/2611/8121 2169/2585/8122
f 2169/2585/8123 2178/2611/8124 2179/2612/8125 2171/2587/8126
f 2171/2587/8127 2179/2612/8128 2180/2613/8129 2175/2589/8130
f 2173/2591/8131 2181/2614/8132 2177/2609/8133 2167/2581/8134
f 2175/2589/8135 2180/2613/8136 2181/2614/8137 2173/2593/8138
f 2183/2615/8139 2185/2616/8140 2184/2617/8141 2182/2618/8142
f 2185/2616/8143 2239/2619/8144 2238/2620/8145 2184/2617/8146
f 2292/2621/8147 2295/2622/8148 2294/2623/8149 2293/2624/8150
f 2293/2624/8151 2294/2623/8152 2299/2625/8153 2298/2626/8154
f 2187/2627/8155 2193/2628/8156 2192/2629/8157 2186/2630/8158
f 2188/2631/8159 2194/2632/8160 2193/2628/8161 2187/2627/8162
f 2186/2630/8163 2192/2629/8164 2195/2633/8165 2189/2634/8166
f 2190/2635/8167 2196/2636/8168 2194/2632/8169 2188/2631/8170
f 2191/2637/8171 2197/2638/8172 2196/2639/8173 2190/2640/8174
f 2189/2634/8175 2195/2633/8176 2197/2638/8177 2191/2637/8178
f 2193/2628/8179 2199/2641/8180 2198/2642/8181 2192/2629/8182
f 2194/2632/8183 2200/2643/8184 2199/2641/8185 2193/2628/8186
f 2192/2629/8187 2198/2642/8188 2201/2644/8189 2195/2633/8190
f 2196/2636/8191 2202/2645/8192 2200/2643/8193 2194/2632/8194
f 2197/2638/8195 2203/2646/8196 2202/2645/8197 2196/2639/8198
f 2195/2633/8199 2201/2644/8200 2203/2646/8201 2197/2638/8202
f 2182/2618/8203 2184/2617/8204 2205/2647/8205 2204/2648/8206
f 2184/2617/8207 2238/2620/8208 2240/2649/8209 2205/2647/8210
f 2302/2650/8211 2305/2651/8212 2304/2652/8213 2303/2653/8214
f 2304/2652/8215 2307/2654/8216 2306/2655/8217 2303/2653/8218
f 2307/2654/8219 2310/2656/8220 2309/2657/8221 2306/2655/8222
f 2312/2658/8223 2309/2657/8224 2310/2656/8225 2311/2659/8226
f 2206/2660/8227 2213/2661/8228 2212/2662/8229 2207/2663/8230
f 2208/2664/8231 2214/2665/8232 2213/2661/8233 2206/2660/8234
f 2207/2663/8235 2212/2662/8236 2215/2666/8237 2209/2667/8238
f 2210/2668/8239 2216/2669/8240 2214/2665/8241 2208/2664/8242
f 2209/2667/8243 2215/2666/8244 2217/2670/8245 2211/2671/8246
f 2211/2672/8247 2217/2673/8248 2216/2669/8249 2210/2668/8250
f 2221/2674/8251 2220/2675/8252 2219/2676/8253 2218/2677/8254
f 2220/2675/8255 2223/2678/8256 2222/2679/8257 2219/2676/8258
f 2218/2677/8259 2225/2680/8260 2224/2681/8261 2221/2674/8262
f 2225/2682/8263 2227/2683/8264 2226/2684/8265 2224/2685/8266
f 2227/2683/8267 2229/2686/8268 2228/2687/8269 2226/2684/8270
f 2229/2686/8271 2222/2679/8272 2223/2678/8273 2228/2687/8274
f 2219/2676/8275 2231/2688/8276 2230/2689/8277 2218/2677/8278
f 2222/2679/8279 2232/2690/8280 2231/2688/8281 2219/2676/8282
f 2218/2677/8283 2230/2689/8284 2233/2691/8285 2225/2680/8286
f 2225/2682/8287 2233/2691/8288 2234/2692/8289 2227/2683/8290
f 2227/2683/8291 2234/2692/8292 2235/2693/8293 2229/2686/8294
f 2229/2686/8295 2235/2693/8296 2232/2690/8297 2222/2679/8298
f 2232/2690/8299 2237/2694/8300 2236/2695/8301 2231/2688/8302
f 2233/2691/8303 2236/2695/8304 2237/2694/8305 2234/2692/8306
f 2314/2696/8307 2307/2654/8308 2315/2697/8309 2313/2698/8310
f 2239/2619/8311 2242/2699/8312 2241/2700/8313 2238/2620/8314
f 2238/2620/8315 2241/2700/8316 2243/2701/8317 2240/2649/8318
f 2317/2702/8319 2319/2703/8320 2318/2704/8321 2316/2705/8322
f 2316/2705/8323 2318/2704/8324 2321/2706/8325 2320/2707/8326
f 2319/2703/8327 2323/2708/8328 2322/2709/8329 2318/2704/8330
f 2318/2704/8331 2322/2709/8332 2324/2710/8333 2321/2706/8334
f 2325/2711/8335 2326/2712/8336 2313/2698/8337 2315/2697/8338
f 2327/2713/8339 2328/2714/8340 2326/2712/8341 2325/2711/8342
f 2204/2648/8343 2205/2647/8344 2245/2715/8345 2244/2716/8346
f 2246/2717/8347 2245/2715/8348 2205/2647/8349 2240/2649/8350
f 2240/2649/8351 2243/2701/8352 2247/2718/8353 2246/2717/8354
f 2320/2707/8355 2321/2706/8356 2330/2719/8357 2329/2720/8358
f 2321/2706/8359 2324/2710/8360 2331/2721/8361 2330/2719/8362
f 2333/2722/8363 2335/2723/8364 2334/2724/8365 2332/2725/8366
f 2336/2726/8367 2337/2727/8368 2335/2723/8369 2333/2722/8370
f 2245/2715/8371 2249/2728/8372 2248/2729/8373 2244/2716/8374
f 2246/2717/8375 2249/2728/8376 2245/2715/8377
f 2247/2718/8378 2248/2729/8379 2249/2728/8380 2246/2717/8381
f 2330/2719/8382 2335/2723/8383 2337/2727/8384 2329/2720/8385
f 2331/2721/8386 2334/2724/8387 2335/2723/8388 2330/2719/8389
f 2314/2696/8390 2338/2730/8391 2310/2656/8392 2307/2654/8393
f 2327/2731/8394 2340/2732/8395 2339/2733/8396 2328/2734/8397
f 2250/2735/8398 2251/2736/8399 2185/2616/8400 2183/2615/8401
f 2185/2616/8402 2251/2736/8403 2252/2737/8404 2239/2619/8405
f 2252/2737/8406 2253/2738/8407 2242/2699/8408 2239/2619/8409
f 2341/2739/8410 2342/2740/8411 2319/2741/8412 2317/2742/8413
f 2342/2740/8414 2343/2743/8415 2323/2744/8416 2319/2741/8417
f 2339/2733/8418 2340/2732/8419 2310/2656/8420 2338/2730/8421
f 2232/2690/8422 2235/2693/8423 2237/2694/8424
f 2235/2693/8425 2234/2692/8426 2237/2694/8427
f 2230/2689/8428 2236/2695/8429 2233/2691/8430
f 2231/2688/8431 2236/2695/8432 2230/2689/8433
f 2213/2661/8434 2255/2745/8435 2254/2746/8436 2212/2662/8437
f 2214/2665/8438 2256/2747/8439 2255/2745/8440 2213/2661/8441
f 2212/2662/8442 2254/2746/8443 2257/2748/8444 2215/2666/8445
f 2216/2669/8446 2258/2749/8447 2256/2747/8448 2214/2665/8449
f 2215/2666/8450 2257/2748/8451 2259/2750/8452 2217/2670/8453
f 2217/2673/8454 2259/2750/8455 2258/2749/8456 2216/2669/8457
f 2255/2745/8458 2261/2751/8459 2260/2752/8460 2254/2746/8461
f 2261/2751/8462 2258/2749/8463 2259/2750/8464 2260/2752/8465
f 2258/2749/8466 2261/2751/8467 2256/2747/8468
f 2255/2745/8469 2256/2747/8470 2261/2751/8471
f 2260/2752/8472 2257/2748/8473 2254/2746/8474
f 2257/2748/8475 2260/2752/8476 2259/2750/8477
f 2176/2610/8478 2262/2753/8479 2263/2754/8480 2178/2611/8481
f 2262/2753/8482 2181/2614/8483 2180/2613/8484 2263/2754/8485
f 2176/2610/8486 2177/2609/8487 2262/2753/8488
f 2262/2753/8489 2177/2609/8490 2181/2614/8491
f 2263/2754/8492 2179/2612/8493 2178/2611/8494
f 2180/2613/8495 2179/2612/8496 2263/2754/8497
f 2344/2755/8498 2347/2756/8499 2346/2757/8500 2345/2758/8501
f 2345/2758/8502 2346/2757/8503 2343/2743/8504 2342/2740/8505
f 2323/2708/8506 2349/2759/8507 2348/2760/8508 2322/2709/8509
f 2365/2761/8510 2367/2762/8511 2366/2763/8512 2364/2764/8513
f 2364/2764/8514 2366/2763/8515 2369/2765/8516 2368/2766/8517
f 2368/2766/8518 2369/2765/8519 2371/2767/8520 2370/2768/8521
f 2347/2756/8522 2300/2769/8523 2352/2770/8524 2346/2757/8525
f 2346/2757/8526 2352/2770/8527 2353/2771/8528 2343/2743/8529
f 2336/2726/8530 2333/2722/8531 2355/2772/8532 2354/2773/8533
f 2333/2722/8534 2332/2725/8535 2356/2774/8536 2355/2772/8537
f 2332/2725/8538 2292/2621/8539 2293/2624/8540 2356/2774/8541
f 2332/2725/8542 2334/2724/8543 2296/2775/8544 2292/2621/8545
f 2354/2773/8546 2355/2772/8547 2358/2776/8548 2357/2777/8549
f 2359/2778/8550 2360/2779/8551 2357/2777/8552 2358/2776/8553
f 2360/2780/8554 2359/2781/8555 2361/2782/8556 2344/2755/8557
f 2362/2783/8558 2347/2756/8559 2344/2755/8560 2361/2782/8561
f 2361/2782/8562 2289/2604/8563 2291/2607/8564 2362/2783/8565
f 2359/2781/8566 2287/2605/8567 2289/2604/8568 2361/2782/8569
f 2285/2600/8570 2358/2776/8571 2355/2772/8572 2283/2596/8573
f 2283/2596/8574 2355/2772/8575 2356/2774/8576 2282/2597/8577
f 2358/2776/8578 2285/2600/8579 2287/2602/8580 2359/2778/8581
f 2362/2783/8582 2356/2774/8583 2293/2624/8584 2298/2626/8585
f 2362/2783/8586 2291/2607/8587 2282/2597/8588 2356/2774/8589
f 2201/2644/8590 2266/2784/8591 2265/2785/8592 2203/2646/8593
f 2266/2784/8594 2199/2641/8595 2200/2643/8596 2265/2785/8597
f 2199/2641/8598 2266/2784/8599 2198/2642/8600
f 2201/2644/8601 2198/2642/8602 2266/2784/8603
f 2203/2646/8604 2265/2785/8605 2202/2645/8606
f 2200/2643/8607 2202/2645/8608 2265/2785/8609
f 2310/2656/8610 2352/2770/8611 2300/2769/8612 2311/2659/8613
f 2305/2651/8614 2296/2775/8615 2351/2786/8616 2304/2652/8617
f 2351/2786/8618 2350/2787/8619 2307/2654/8620 2304/2652/8621
f 2350/2787/8622 2348/2760/8623 2315/2697/8624 2307/2654/8625
f 2323/2744/8626 2343/2743/8627 2353/2771/8628 2349/2788/8629
f 2310/2656/8630 2340/2732/8631 2353/2771/8632 2352/2770/8633
f 2340/2732/8634 2327/2731/8635 2349/2788/8636 2353/2771/8637
f 2325/2711/8638 2348/2760/8639 2349/2759/8640 2327/2713/8641
f 2325/2711/8642 2315/2697/8643 2348/2760/8644
f 2252/2737/8645 2267/2789/8646 2264/2790/8647 2253/2738/8648
f 2267/2789/8649 2251/2736/8650 2250/2735/8651 2264/2790/8652
f 2345/2758/8653 2342/2740/8654 2341/2739/8655
f 2267/2789/8656 2252/2737/8657 2251/2736/8658
f 2242/2699/8659 2269/2791/8660 2268/2792/8661 2241/2700/8662
f 2241/2700/8663 2268/2792/8664 2270/2793/8665 2243/2701/8666
f 2243/2701/8667 2270/2793/8668 2271/2794/8669 2247/2718/8670
f 2248/2729/8671 2273/2795/8672 2272/2796/8673 2244/2716/8674
f 2247/2718/8675 2271/2794/8676 2273/2795/8677 2248/2729/8678
f 2253/2738/8679 2274/2797/8680 2269/2791/8681 2242/2699/8682
f 2250/2735/8683 2275/2798/8684 2276/2799/8685 2264/2790/8686
f 2244/2716/8687 2272/2796/8688 2277/2800/8689 2204/2648/8690
f 2204/2648/8691 2277/2800/8692 2278/2801/8693 2182/2618/8694
f 2182/2618/8695 2278/2801/8696 2279/2802/8697 2183/2615/8698
f 2183/2615/8699 2279/2802/8700 2275/2798/8701 2250/2735/8702
f 2264/2790/8703 2276/2799/8704 2274/2797/8705 2253/2738/8706
f 2165/2803/8707 2281/2595/8708 2280/2598/8709 2164/2804/8710
f 2168/2805/8711 2284/2599/8712 2281/2595/8713 2165/2803/8714
f 2170/2806/8715 2286/2601/8716 2284/2599/8717 2168/2805/8718
f 2174/2807/8719 2288/2603/8720 2286/2606/8721 2170/2808/8722
f 2164/2804/8723 2280/2598/8724 2290/2608/8725 2172/2809/8726
f 2172/2809/8727 2290/2608/8728 2288/2603/8729 2174/2807/8730
f 2186/2810/8731 2294/2623/8732 2295/2622/8733 2187/2811/8734
f 2187/2811/8735 2295/2622/8736 2297/2812/8737 2188/2813/8738
f 2189/2814/8739 2299/2625/8740 2294/2623/8741 2186/2810/8742
f 2207/2815/8743 2302/2650/8744 2303/2653/8745 2206/2816/8746
f 2206/2816/8747 2303/2653/8748 2306/2655/8749 2208/2817/8750
f 2209/2818/8751 2308/2819/8752 2302/2650/8753 2207/2815/8754
f 2208/2817/8755 2306/2655/8756 2309/2657/8757 2210/2820/8758
f 2211/2821/8759 2312/2658/8760 2308/2819/8761 2209/2818/8762
f 2210/2820/8763 2309/2657/8764 2312/2658/8765 2211/2821/8766
f 2221/2822/8767 2314/2696/8768 2313/2698/8769 2220/2823/8770
f 2269/2824/8771 2317/2702/8772 2316/2705/8773 2268/2825/8774
f 2268/2825/8775 2316/2705/8776 2320/2707/8777 2270/2826/8778
f 2220/2823/8779 2313/2698/8780 2326/2712/8781 2223/2827/8782
f 2223/2827/8783 2326/2712/8784 2328/2714/8785 2228/2828/8786
f 2270/2826/8787 2320/2707/8788 2329/2720/8789 2271/2829/8790
f 2273/2830/8791 2337/2727/8792 2336/2726/8793 2272/2831/8794
f 2271/2829/8795 2329/2720/8796 2337/2727/8797 2273/2830/8798
f 2224/2832/8799 2338/2730/8800 2314/2696/8801 2221/2822/8802
f 2228/2833/8803 2328/2734/8804 2339/2733/8805 2226/2834/8806
f 2274/2835/8807 2341/2739/8808 2317/2742/8809 2269/2836/8810
f 2226/2834/8811 2339/2733/8812 2338/2730/8813 2224/2832/8814
f 2275/2837/8815 2344/2755/8816 2345/2758/8817 2276/2838/8818
f 2272/2831/8819 2336/2726/8820 2354/2773/8821 2277/2839/8822
f 2277/2839/8823 2354/2773/8824 2357/2777/8825 2278/2840/8826
f 2278/2840/8827 2357/2777/8828 2360/2779/8829 2279/2841/8830
f 2279/2842/8831 2360/2780/8832 2344/2755/8833 2275/2837/8834
f 2276/2838/8835 2345/2758/8836 2341/2739/8837 2274/2835/8838
f 2322/2843/8839 2365/2761/8840 2364/2764/8841 2324/2844/8842
f 2350/2845/8843 2366/2763/8844 2367/2762/8845 2348/2846/8846
f 2348/2846/8847 2367/2762/8848 2365/2761/8849 2322/2843/8850
f 2324/2844/8851 2364/2764/8852 2368/2766/8853 2331/2847/8854
f 2351/2848/8855 2369/2765/8856 2366/2763/8857 2350/2845/8858
f 2331/2847/8859 2368/2766/8860 2370/2768/8861 2334/2849/8862
f 2334/2849/8863 2370/2768/8864 2371/2767/8865 2296/2850/8866
f 2296/2850/8867 2371/2767/8868 2369/2765/8869 2351/2848/8870
f 2191/2851/8871 2301/2852/8872 2299/2625/8873 2189/2814/8874
f 2299/2625/8875 2301/2852/8876 2300/2769/8877 2298/2626/8878
f 2298/2626/8879 2300/2769/8880 2347/2756/8881 2362/2783/8882
f 2363/2853/8883 2308/2819/8884 2312/2658/8885 2311/2659/8886
f 2302/2650/8887 2308/2819/8888 2363/2853/8889 2305/2651/8890
f 2188/2813/8891 2297/2812/8892 2372/2854/8893 2190/2855/8894
f 2301/2852/8895 2191/2851/8896 2190/2855/8897 2372/2854/8898
f 2301/2852/8899 2372/2854/8900 2311/2659/8901 2300/2769/8902
f 2297/2812/8903 2295/2622/8904 2373/2856/8905
f 2373/2856/8906 2295/2622/8907 2292/2621/8908 2296/2775/8909
f 2363/2853/8910 2373/2856/8911 2305/2651/8912
f 2373/2856/8913 2296/2775/8914 2305/2651/8915
f 2297/2812/8916 2373/2856/8917 2363/2853/8918 2372/2854/8919
f 2372/2854/8920 2363/2853/8921 2311/2659/8922
g default
v 0.258311 0.141561 0.230266
v 0.226195 0.150359 0.163747
v 0.186388 0.023831 0.141607
v 0.215513 0.023831 0.223954
v 0.341296 0.205535 0.208026
v 0.327052 0.230903 0.141305
v 0.195811 0.002296 0.136089
v 0.224614 0.002296 0.220477
v 0.244564 0.023831 0.364628
v 0.304303 0.145044 0.347708
v 0.378625 0.203277 0.332065
v 0.247049 0.002296 0.366441
v 0.247090 0.002296 0.458461
v 0.294798 0.002296 0.566342
v 0.441034 0.194624 0.169059
v 0.414992 0.230903 0.113310
v 0.499541 0.187897 0.282624
v 0.520359 0.117862 0.113777
v 0.503814 0.124874 0.053498
v 0.584545 0.131566 0.251896
v 0.547611 0.023831 0.092609
v 0.524247 0.023831 0.020440
v 0.638554 0.023831 0.234934
v 0.546949 0.002296 0.091941
v 0.520877 0.002296 0.020276
v 0.634686 0.002296 0.235110
v 0.680300 0.002296 0.302747
v 0.714447 0.002296 0.417043
v 0.326502 0.257646 0.138560
v 0.326325 0.257646 0.111628
v 0.411523 0.257646 0.108715
v 0.393561 0.257646 0.089229
v 0.444958 0.257646 0.030206
v 0.420329 0.257646 0.029443
v 0.417226 0.257646 -0.055441
v 0.399380 0.257646 -0.032774
v 0.352825 0.257646 -0.083315
v 0.347186 0.257646 -0.063124
v 0.267760 0.257646 -0.062409
v 0.287941 0.257646 -0.046135
v 0.222368 0.257646 0.007632
v 0.246458 0.257646 0.013218
v 0.248409 0.257646 0.090840
v 0.276081 0.257646 0.081602
v 0.347706 0.233014 -0.037367
v 0.377787 0.233014 -0.012610
v 0.389003 0.233014 0.029245
v 0.371345 0.233014 0.061467
v 0.326609 0.233014 0.079892
v 0.294662 0.233014 0.057820
v 0.278117 0.233014 0.019589
v 0.301910 0.233014 -0.023626
v 0.227050 0.230903 -0.001585
v 0.249490 0.230903 0.091169
v 0.353821 0.230903 -0.084892
v 0.263779 0.230903 -0.064724
v 0.417085 0.230903 -0.053115
v 0.449823 0.230903 0.033662
v 0.486000 0.140084 -0.014978
v 0.433416 0.142371 -0.087150
v 0.349661 0.149359 -0.130212
v 0.233918 0.149436 -0.101603
v 0.186917 0.159421 -0.028702
v 0.188561 0.153052 0.075823
v 0.496309 0.023831 -0.045391
v 0.433968 0.023831 -0.119894
v 0.354922 0.023831 -0.152766
v 0.215684 0.023831 -0.121831
v 0.166384 0.023831 -0.059544
v 0.150085 0.023831 0.055020
v 0.490294 0.002296 -0.045694
v 0.428373 0.002296 -0.116057
v 0.349708 0.002296 -0.148181
v 0.218080 0.002296 -0.111959
v 0.175262 0.002296 -0.052059
v 0.159164 0.002296 0.053494
v 0.470929 0.002296 0.651460
v 0.590895 0.002296 0.630094
v 0.693737 0.002296 0.549477
v 0.379013 0.002296 0.628646
v 0.278691 0.002296 0.205569
v 0.490007 0.002296 0.122604
v 0.459675 0.002296 0.578421
v 0.587729 0.002296 0.540551
v 0.377866 0.002296 0.527307
v 0.627270 0.002296 0.448082
v 0.606239 0.002296 0.347065
v 0.329691 0.002296 0.429050
v 0.536288 0.002296 0.255607
v 0.324843 0.002296 0.329762
v 0.459780 0.002296 0.044648
v 0.253141 0.002296 0.119237
v 0.229791 0.002296 0.043034
v 0.418399 0.002296 -0.033104
v 0.361617 0.002296 -0.082656
v 0.242515 0.002296 -0.045111
v 0.246495 0.023831 0.465780
v 0.329376 0.165460 0.468571
v 0.420167 0.227357 0.458787
v 0.292699 0.023831 0.576262
v 0.358578 0.130896 0.591297
v 0.459098 0.187295 0.579900
v 0.378779 0.023831 0.636046
v 0.468688 0.023831 0.655479
v 0.551955 0.219341 0.410634
v 0.588265 0.191468 0.545924
v 0.596448 0.023831 0.631010
v 0.631332 0.159686 0.338255
v 0.683306 0.130465 0.471247
v 0.691895 0.023831 0.550998
v 0.680941 0.023831 0.301147
v 0.721863 0.023831 0.416640
v -0.259104 0.141561 0.230266
v -0.226987 0.150359 0.163747
v -0.187181 0.023831 0.141607
v -0.216306 0.023831 0.223954
v -0.342089 0.205535 0.208026
v -0.327844 0.230903 0.141305
v -0.196604 0.002296 0.136089
v -0.225406 0.002296 0.220477
v -0.245357 0.023831 0.364628
v -0.305095 0.145044 0.347708
v -0.379417 0.203277 0.332065
v -0.247841 0.002296 0.366441
v -0.247883 0.002296 0.458461
v -0.295590 0.002296 0.566342
v -0.441827 0.194624 0.169059
v -0.415784 0.230903 0.113310
v -0.500333 0.187897 0.282624
v -0.521152 0.117862 0.113777
v -0.504606 0.124874 0.053498
v -0.585338 0.131566 0.251896
v -0.548403 0.023831 0.092609
v -0.525040 0.023831 0.020440
v -0.639347 0.023831 0.234934
v -0.547741 0.002296 0.091941
v -0.521669 0.002296 0.020276
v -0.635478 0.002296 0.235110
v -0.681092 0.002296 0.302747
v -0.715239 0.002296 0.417043
v -0.327294 0.257646 0.138560
v -0.327117 0.257646 0.111628
v -0.412315 0.257646 0.108715
v -0.394353 0.257646 0.089229
v -0.445751 0.257646 0.030206
v -0.421122 0.257646 0.029443
v -0.418018 0.257646 -0.055441
v -0.400173 0.257646 -0.032774
v -0.353617 0.257646 -0.083315
v -0.347978 0.257646 -0.063124
v -0.268552 0.257646 -0.062409
v -0.288733 0.257646 -0.046135
v -0.223161 0.257646 0.007632
v -0.247250 0.257646 0.013218
v -0.249201 0.257646 0.090840
v -0.276874 0.257646 0.081602
v -0.348498 0.233014 -0.037367
v -0.378579 0.233014 -0.012610
v -0.389795 0.233014 0.029245
v -0.372138 0.233014 0.061467
v -0.327402 0.233014 0.079892
v -0.295454 0.233014 0.057820
v -0.278909 0.233014 0.019589
v -0.302702 0.233014 -0.023626
v -0.227842 0.230903 -0.001585
v -0.250282 0.230903 0.091169
v -0.354614 0.230903 -0.084892
v -0.264571 0.230903 -0.064724
v -0.417877 0.230903 -0.053115
v -0.450616 0.230903 0.033662
v -0.486793 0.140084 -0.014978
v -0.434209 0.142371 -0.087150
v -0.350453 0.149359 -0.130212
v -0.234711 0.149436 -0.101603
v -0.187710 0.159421 -0.028702
v -0.189353 0.153052 0.075823
v -0.497101 0.023831 -0.045391
v -0.434761 0.023831 -0.119894
v -0.355714 0.023831 -0.152766
v -0.216476 0.023831 -0.121831
v -0.167177 0.023831 -0.059544
v -0.150877 0.023831 0.055020
v -0.491087 0.002296 -0.045694
v -0.429166 0.002296 -0.116057
v -0.350501 0.002296 -0.148181
v -0.218872 0.002296 -0.111959
v -0.176054 0.002296 -0.052059
v -0.159957 0.002296 0.053494
v -0.471722 0.002296 0.651460
v -0.591688 0.002296 0.630094
v -0.694529 0.002296 0.549477
v -0.379806 0.002296 0.628646
v -0.279484 0.002296 0.205569
v -0.490799 0.002296 0.122604
v -0.460467 0.002296 0.578421
v -0.588521 0.002296 0.540551
v -0.378659 0.002296 0.527307
v -0.628062 0.002296 0.448082
v -0.607031 0.002296 0.347065
v -0.330484 0.002296 0.429050
v -0.537080 0.002296 0.255607
v -0.325636 0.002296 0.329762
v -0.460572 0.002296 0.044648
v -0.253934 0.002296 0.119237
v -0.230583 0.002296 0.043034
v -0.419191 0.002296 -0.033104
v -0.362409 0.002296 -0.082656
v -0.243307 0.002296 -0.045111
v -0.247287 0.023831 0.465780
v -0.330168 0.165460 0.468571
v -0.420960 0.227357 0.458787
v -0.293491 0.023831 0.576262
v -0.359371 0.130896 0.591297
v -0.459890 0.187295 0.579900
v -0.379571 0.023831 0.636046
v -0.469480 0.023831 0.655479
v -0.552747 0.219341 0.410634
v -0.589058 0.191468 0.545924
v -0.597241 0.023831 0.631010
v -0.632124 0.159686 0.338255
v -0.684099 0.130465 0.471247
v -0.692687 0.023831 0.550998
v -0.681733 0.023831 0.301147
v -0.722656 0.023831 0.416640
vt 0.407852 0.490438
vt 0.404922 0.474182
vt 0.380119 0.476001
vt 0.381770 0.489783
vt 0.356983 0.477743
vt 0.355093 0.491332
vt 0.332597 0.478038
vt 0.334964 0.491232
vt 0.412375 0.489778
vt 0.409323 0.473485
vt 0.377236 0.453179
vt 0.403198 0.446549
vt 0.357900 0.454332
vt 0.407199 0.445286
vt 0.374985 0.430840
vt 0.402948 0.426334
vt 0.356680 0.430260
vt 0.406954 0.426360
vt 0.374988 0.406469
vt 0.395592 0.403390
vt 0.357474 0.407145
vt 0.399580 0.402157
vt 0.381390 0.386785
vt 0.365335 0.376820
vt 0.331202 0.453973
vt 0.333541 0.429932
vt 0.336985 0.405701
vt 0.339451 0.372501
vt 0.306132 0.477396
vt 0.304314 0.489073
vt 0.310092 0.449452
vt 0.313657 0.432078
vt 0.316273 0.405722
vt 0.314950 0.380362
vt 0.286296 0.474341
vt 0.283129 0.488032
vt 0.287461 0.442026
vt 0.288294 0.426120
vt 0.295401 0.402123
vt 0.282255 0.473689
vt 0.279042 0.487326
vt 0.283420 0.441572
vt 0.284574 0.424495
vt 0.292086 0.399703
vt 0.312501 0.377094
vt 0.338800 0.533084
vt 0.354491 0.525318
vt 0.354145 0.530236
vt 0.343796 0.535157
vt 0.370570 0.532142
vt 0.366997 0.535560
vt 0.376066 0.547980
vt 0.371483 0.547708
vt 0.368909 0.564031
vt 0.366117 0.559574
vt 0.355327 0.564810
vt 0.356158 0.568600
vt 0.339538 0.563020
vt 0.343720 0.560470
vt 0.332878 0.548643
vt 0.337279 0.548051
vt 0.361516 0.554485
vt 0.364147 0.547228
vt 0.347955 0.555443
vt 0.355834 0.558398
vt 0.361640 0.541207
vt 0.353793 0.537465
vt 0.347979 0.540954
vt 0.344403 0.547486
vt 0.335053 0.529441
vt 0.354603 0.520359
vt 0.328107 0.550753
vt 0.356430 0.573829
vt 0.336084 0.566364
vt 0.372559 0.567195
vt 0.381194 0.547434
vt 0.374013 0.528664
vt 0.323376 0.503674
vt 0.302598 0.502557
vt 0.317057 0.520910
vt 0.299107 0.518649
vt 0.315163 0.535356
vt 0.297864 0.535768
vt 0.315822 0.554684
vt 0.298183 0.557346
vt 0.318784 0.569742
vt 0.303083 0.572407
vt 0.309001 0.590618
vt 0.327619 0.585723
vt 0.366581 0.505065
vt 0.385800 0.507351
vt 0.279700 0.500860
vt 0.275931 0.518425
vt 0.274070 0.534086
vt 0.274696 0.560239
vt 0.277018 0.574481
vt 0.282214 0.595551
vt 0.411774 0.507723
vt 0.275462 0.500661
vt 0.269909 0.534904
vt 0.271690 0.518275
vt 0.270404 0.561148
vt 0.272778 0.575840
vt 0.415962 0.506368
vt 0.366225 0.372851
vt 0.384442 0.383910
vt 0.340166 0.368435
vt 0.584185 0.446387
vt 0.581427 0.468894
vt 0.567820 0.466903
vt 0.568084 0.442055
vt 0.518489 0.493137
vt 0.491298 0.489148
vt 0.491603 0.478714
vt 0.516217 0.477293
vt 0.534860 0.498160
vt 0.534144 0.481859
vt 0.556658 0.495571
vt 0.554255 0.478661
vt 0.572344 0.483997
vt 0.575467 0.423686
vt 0.553042 0.412762
vt 0.553797 0.429966
vt 0.534678 0.428185
vt 0.530844 0.412588
vt 0.514586 0.435628
vt 0.516319 0.417004
vt 0.488397 0.436589
vt 0.486055 0.424784
vt 0.471882 0.425504
vt 0.472878 0.437704
vt 0.474849 0.478539
vt 0.474713 0.489658
vt 0.458017 0.491662
vt 0.460018 0.478527
vt 0.456785 0.440814
vt 0.458476 0.427338
vt 0.442575 0.434505
vt 0.444866 0.448206
vt 0.432560 0.446742
vt 0.431807 0.472137
vt 0.444076 0.471150
vt 0.440121 0.483028
vt 0.277717 0.595802
vt 0.134377 0.184543
vt 0.134610 0.210632
vt 0.120893 0.212751
vt 0.118230 0.188025
vt 0.137067 0.237240
vt 0.123421 0.235815
vt 0.137652 0.257360
vt 0.124547 0.260175
vt 0.117384 0.183650
vt 0.133564 0.180046
vt 0.098181 0.216410
vt 0.090672 0.190689
vt 0.099993 0.235696
vt 0.089274 0.186733
vt 0.075932 0.219420
vt 0.070477 0.191627
vt 0.075976 0.237735
vt 0.070366 0.187622
vt 0.051575 0.220248
vt 0.047796 0.199760
vt 0.052847 0.237729
vt 0.046428 0.195816
vt 0.031684 0.214520
vt 0.022272 0.230906
vt 0.100544 0.262390
vt 0.076437 0.260871
vt 0.052103 0.258255
vt 0.018838 0.256923
vt 0.136540 0.288065
vt 0.124808 0.286646
vt 0.096745 0.283642
vt 0.079259 0.280671
vt 0.052830 0.278955
vt 0.027530 0.281141
vt 0.136222 0.309273
vt 0.122432 0.306575
vt 0.090095 0.306512
vt 0.074171 0.306223
vt 0.049945 0.299937
vt 0.135656 0.313382
vt 0.121917 0.310636
vt 0.089780 0.310567
vt 0.072674 0.309996
vt 0.047639 0.303333
vt 0.024347 0.283701
vt 0.179748 0.215153
vt 0.181974 0.220082
vt 0.177376 0.230579
vt 0.172470 0.231078
vt 0.183097 0.243260
vt 0.179791 0.246937
vt 0.195378 0.247368
vt 0.195792 0.251940
vt 0.207071 0.241637
vt 0.211613 0.244289
vt 0.211970 0.230690
vt 0.215784 0.231403
vt 0.207273 0.219224
vt 0.209693 0.214965
vt 0.194662 0.213170
vt 0.195118 0.208753
vt 0.201842 0.237196
vt 0.194669 0.240050
vt 0.202379 0.223611
vt 0.205577 0.231395
vt 0.188574 0.237730
vt 0.184590 0.230003
vt 0.187897 0.224084
vt 0.194316 0.220308
vt 0.167517 0.231343
vt 0.175991 0.211519
vt 0.197079 0.203919
vt 0.212929 0.211409
vt 0.221019 0.231513
vt 0.214889 0.247839
vt 0.195406 0.257082
vt 0.176422 0.250488
vt 0.150482 0.268516
vt 0.150074 0.289320
vt 0.167924 0.274244
vt 0.166277 0.292261
vt 0.182426 0.275644
vt 0.183428 0.292919
vt 0.201720 0.274326
vt 0.204983 0.291864
vt 0.216669 0.270852
vt 0.219867 0.286453
vt 0.232339 0.261477
vt 0.237866 0.279917
vt 0.150401 0.225292
vt 0.152031 0.206007
vt 0.149160 0.312263
vt 0.166843 0.315431
vt 0.182559 0.316757
vt 0.208675 0.315238
vt 0.222830 0.312432
vt 0.243711 0.306520
vt 0.151519 0.180036
vt 0.149105 0.316505
vt 0.183518 0.320887
vt 0.166838 0.319674
vt 0.209730 0.319497
vt 0.224332 0.316623
vt 0.150022 0.175896
vt 0.018275 0.230152
vt 0.028707 0.211568
vt 0.014750 0.256347
vt 0.314760 0.194151
vt 0.319808 0.210042
vt 0.294996 0.211417
vt 0.292398 0.197913
vt 0.270996 0.261873
vt 0.286925 0.263433
vt 0.286608 0.288087
vt 0.276197 0.288857
vt 0.265245 0.245743
vt 0.281562 0.245729
vt 0.266856 0.223851
vt 0.283857 0.225494
vt 0.277717 0.207662
vt 0.337828 0.201844
vt 0.349744 0.223758
vt 0.332523 0.223773
vt 0.350911 0.245926
vt 0.335159 0.242793
vt 0.347149 0.260634
vt 0.328622 0.263199
vt 0.340731 0.291215
vt 0.328833 0.289404
vt 0.340646 0.305406
vt 0.328414 0.304958
vt 0.287532 0.304816
vt 0.276430 0.305449
vt 0.288208 0.319632
vt 0.275175 0.322218
vt 0.326026 0.321173
vt 0.339415 0.318881
vt 0.332965 0.335088
vt 0.319176 0.333411
vt 0.321189 0.345640
vt 0.295854 0.347528
vt 0.296290 0.335228
vt 0.284601 0.339710
vt 0.244114 0.311006
vn -0.888529 0.256148 0.380664
vn -0.888529 0.256148 0.380664
vn -0.888529 0.256148 0.380664
vn -0.888529 0.256148 0.380664
vn -0.225532 0.951896 0.207436
vn -0.301226 0.840114 0.451078
vn -0.301226 0.840114 0.451078
vn -0.225532 0.951896 0.207436
vn 0.408500 0.911483 -0.048224
vn 0.610372 0.767862 0.194510
vn -0.843771 -0.422987 0.330351
vn -0.916255 -0.332440 0.223517
vn -0.775679 0.615620 0.139046
vn -0.919353 0.362170 0.153698
vn -0.243837 0.969294 -0.031809
vn -0.977375 -0.184087 0.104167
vn -0.916255 -0.332440 0.223517
vn -0.714890 0.665844 0.213502
vn -0.775679 0.615620 0.139046
vn -0.919353 0.362170 0.153698
vn -0.890313 0.405547 0.207063
vn -0.714890 0.665844 0.213502
vn -0.193966 0.975361 0.105112
vn -0.972514 -0.139011 0.186795
vn -0.977375 -0.184087 0.104167
vn -0.532955 0.572677 0.622896
vn -0.714890 0.665844 0.213502
vn -0.890313 0.405547 0.207063
vn -0.817619 0.340315 0.464420
vn -0.193966 0.975361 0.105112
vn -0.714890 0.665844 0.213502
vn -0.532955 0.572677 0.622896
vn -0.027881 0.737819 0.674423
vn -0.785680 -0.270529 0.556346
vn -0.817619 0.340315 0.464420
vn -0.890313 0.405547 0.207063
vn -0.972514 -0.139011 0.186795
vn -0.532955 0.572677 0.622896
vn -0.817619 0.340315 0.464420
vn -0.274089 0.258277 0.926374
vn -0.027881 0.737819 0.674423
vn -0.532955 0.572677 0.622896
vn -0.274089 0.258277 0.926374
vn 0.062713 0.363779 0.929372
vn 0.408500 0.911483 -0.048224
vn 0.251531 0.939512 -0.232487
vn 0.251531 0.939512 -0.232487
vn -0.243837 0.969294 -0.031809
vn -0.193966 0.975361 0.105112
vn 0.269554 0.960992 -0.061931
vn 0.269554 0.960992 -0.061931
vn -0.193966 0.975361 0.105112
vn -0.027881 0.737819 0.674423
vn 0.400121 0.738167 0.543151
vn 0.400121 0.738167 0.543151
vn -0.027881 0.737819 0.674423
vn 0.062713 0.363779 0.929372
vn 0.403191 0.387404 0.829069
vn 0.610372 0.767862 0.194510
vn 0.408500 0.911483 -0.048224
vn 0.753106 0.583190 -0.304501
vn 0.894208 0.437233 -0.096016
vn 0.753106 0.583190 -0.304501
vn 0.408500 0.911483 -0.048224
vn 0.251531 0.939512 -0.232487
vn 0.636542 0.642951 -0.425944
vn 0.636542 0.642951 -0.425944
vn 0.251531 0.939512 -0.232487
vn 0.269554 0.960992 -0.061931
vn 0.661930 0.689187 -0.294739
vn 0.661930 0.689187 -0.294739
vn 0.269554 0.960992 -0.061931
vn 0.400121 0.738167 0.543151
vn 0.786347 0.593447 0.171696
vn 0.786347 0.593447 0.171696
vn 0.400121 0.738167 0.543151
vn 0.403191 0.387404 0.829069
vn 0.747390 0.323087 0.580537
vn 0.894208 0.437233 -0.096016
vn 0.753106 0.583190 -0.304501
vn 0.857366 0.298838 -0.419070
vn 0.936716 0.184669 -0.297422
vn 0.636542 0.642951 -0.425944
vn 0.794903 0.344823 -0.499226
vn 0.857366 0.298838 -0.419070
vn 0.753106 0.583190 -0.304501
vn 0.661930 0.689187 -0.294739
vn 0.848190 0.358179 -0.390232
vn 0.794903 0.344823 -0.499226
vn 0.636542 0.642951 -0.425944
vn 0.786347 0.593447 0.171696
vn 0.936209 0.308831 -0.167740
vn 0.848190 0.358179 -0.390232
vn 0.661930 0.689187 -0.294739
vn 0.936209 0.308831 -0.167740
vn 0.786347 0.593447 0.171696
vn 0.747390 0.323087 0.580537
vn 0.936716 0.184669 -0.297422
vn 0.857366 0.298838 -0.419070
vn 0.881246 -0.083016 -0.465311
vn 0.921540 -0.138172 -0.362868
vn 0.881246 -0.083016 -0.465311
vn 0.857366 0.298838 -0.419070
vn 0.794903 0.344823 -0.499226
vn 0.840627 -0.090782 -0.533952
vn 0.840627 -0.090782 -0.533952
vn 0.794903 0.344823 -0.499226
vn 0.848190 0.358179 -0.390232
vn 0.902415 -0.160135 -0.400004
vn 0.902415 -0.160135 -0.400004
vn 0.848190 0.358179 -0.390232
vn 0.936209 0.308831 -0.167740
vn 0.985330 -0.163458 -0.049052
vn 0.985330 -0.163458 -0.049052
vn 0.936209 0.308831 -0.167740
vn 0.747390 0.323087 0.580537
vn 0.868590 -0.123245 0.479960
vn -0.000001 1.000000 0.000001
vn 0.000000 1.000000 0.000002
vn 0.000000 1.000000 0.000002
vn -0.000001 1.000000 0.000001
vn 0.000000 1.000000 0.000002
vn 0.000000 1.000000 0.000002
vn 0.000001 1.000000 0.000002
vn 0.000001 1.000000 0.000002
vn 0.000001 1.000000 0.000002
vn 0.000001 1.000000 0.000002
vn 0.000002 1.000000 0.000000
vn 0.000002 1.000000 0.000000
vn 0.000002 1.000000 0.000000
vn 0.000002 1.000000 0.000000
vn 0.000002 1.000000 -0.000001
vn 0.000002 1.000000 -0.000001
vn 0.000001 1.000000 -0.000002
vn 0.000002 1.000000 -0.000001
vn 0.000002 1.000000 -0.000001
vn 0.000001 1.000000 -0.000002
vn 0.000001 1.000000 -0.000002
vn 0.000001 1.000000 -0.000002
vn 0.000000 1.000000 0.000000
vn 0.000000 1.000000 0.000000
vn 0.000000 1.000000 0.000000
vn 0.000000 1.000000 0.000000
vn -0.000001 1.000000 0.000001
vn -0.000001 1.000000 0.000000
vn -0.000001 1.000000 0.000000
vn -0.000001 1.000000 0.000001
vn -0.000001 1.000000 0.000001
vn -0.000001 1.000000 0.000001
vn -0.244641 0.955239 0.166339
vn -0.300855 0.953360 -0.024324
vn -0.617364 0.786005 -0.032543
vn -0.528681 0.753352 0.391097
vn 0.246520 0.920298 0.303775
vn -0.064186 0.920970 0.384310
vn -0.062103 0.746587 0.662383
vn 0.401090 0.749628 0.526484
vn -0.064186 0.920970 0.384310
vn -0.244641 0.955239 0.166339
vn -0.528681 0.753352 0.391097
vn -0.062103 0.746587 0.662383
vn -0.300855 0.953360 -0.024324
vn -0.247965 0.925508 -0.286267
vn -0.376623 0.805283 -0.457903
vn -0.617364 0.786005 -0.032543
vn 0.030263 0.917796 -0.395898
vn 0.016802 0.807571 -0.589532
vn -0.376623 0.805283 -0.457903
vn -0.247965 0.925508 -0.286267
vn 0.030263 0.917796 -0.395898
vn 0.239171 0.953680 -0.182463
vn 0.491781 0.759891 -0.425109
vn 0.016802 0.807571 -0.589532
vn 0.239171 0.953680 -0.182463
vn 0.326366 0.945044 0.019418
vn 0.626199 0.775727 0.078246
vn 0.491781 0.759891 -0.425109
vn 0.326366 0.945044 0.019418
vn 0.246520 0.920298 0.303775
vn 0.401090 0.749628 0.526484
vn 0.626199 0.775727 0.078246
vn -0.128398 0.101134 0.986553
vn -0.804870 -0.063521 0.590042
vn -0.795725 -0.059640 0.602715
vn -0.110873 0.103614 0.988419
vn -0.795725 -0.059640 0.602715
vn -0.804870 -0.063521 0.590042
vn -0.997823 -0.062568 -0.020828
vn -0.980789 -0.008048 -0.194907
vn -0.544419 0.098826 -0.832972
vn 0.054677 0.047646 -0.997367
vn 0.067328 0.045943 -0.996673
vn -0.572113 0.099717 -0.814091
vn -0.980789 -0.008048 -0.194907
vn -0.997823 -0.062568 -0.020828
vn -0.544419 0.098826 -0.832972
vn -0.572113 0.099717 -0.814091
vn 0.067328 0.045943 -0.996673
vn 0.054677 0.047646 -0.997367
vn 0.767142 0.025292 -0.640979
vn 0.785637 0.027282 -0.618086
vn 0.785637 0.027282 -0.618086
vn 0.767142 0.025292 -0.640979
vn 0.992131 0.125173 -0.002831
vn 0.989200 0.136849 0.052488
vn 0.989200 0.136849 0.052488
vn 0.992131 0.125173 -0.002831
vn 0.658786 0.191311 0.727600
vn 0.651156 0.190691 0.734597
vn -0.110873 0.103614 0.988419
vn 0.651156 0.190691 0.734597
vn 0.658786 0.191311 0.727600
vn -0.128398 0.101134 0.986553
vn 0.878019 0.473708 -0.068432
vn 0.610372 0.767862 0.194510
vn 0.894208 0.437233 -0.096016
vn 0.878434 0.340647 -0.335133
vn 0.666532 0.434738 -0.605589
vn 0.878019 0.473708 -0.068432
vn 0.878434 0.340647 -0.335133
vn 0.637790 0.300164 -0.709313
vn 0.099284 0.466967 -0.878683
vn 0.666532 0.434738 -0.605589
vn 0.637790 0.300164 -0.709313
vn 0.040913 0.299228 -0.953304
vn -0.434364 0.520543 -0.735094
vn 0.099284 0.466967 -0.878683
vn 0.040913 0.299228 -0.953304
vn -0.471267 0.314495 -0.824015
vn -0.825194 0.553687 -0.111742
vn -0.434364 0.520543 -0.735094
vn -0.471267 0.314495 -0.824015
vn -0.903884 0.356248 -0.236815
vn -0.825194 0.553687 -0.111742
vn -0.903884 0.356248 -0.236815
vn -0.933881 0.357322 0.013680
vn -0.837682 0.532932 0.119470
vn -0.837682 0.532932 0.119470
vn -0.933881 0.357322 0.013680
vn 0.878434 0.340647 -0.335133
vn 0.894208 0.437233 -0.096016
vn 0.936716 0.184669 -0.297422
vn 0.850279 0.141766 -0.506881
vn 0.637790 0.300164 -0.709313
vn 0.878434 0.340647 -0.335133
vn 0.850279 0.141766 -0.506881
vn 0.601810 0.140214 -0.786235
vn 0.040913 0.299228 -0.953304
vn 0.637790 0.300164 -0.709313
vn 0.601810 0.140214 -0.786235
vn 0.042490 0.127892 -0.990878
vn -0.471267 0.314495 -0.824015
vn 0.040913 0.299228 -0.953304
vn 0.042490 0.127892 -0.990878
vn -0.480786 0.127585 -0.867506
vn -0.903884 0.356248 -0.236815
vn -0.471267 0.314495 -0.824015
vn -0.480786 0.127585 -0.867506
vn -0.933790 0.149698 -0.325003
vn -0.933881 0.357322 0.013680
vn -0.903884 0.356248 -0.236815
vn -0.933790 0.149698 -0.325003
vn -0.986240 0.149857 -0.069812
vn -0.913751 0.110365 0.390997
vn 0.850279 0.141766 -0.506881
vn 0.936716 0.184669 -0.297422
vn 0.921540 -0.138172 -0.362868
vn 0.804474 -0.229843 -0.547716
vn -0.040747 -0.298529 -0.953530
vn 0.042490 0.127892 -0.990878
vn 0.601810 0.140214 -0.786235
vn 0.564173 -0.265023 -0.781966
vn -0.480786 0.127585 -0.867506
vn 0.042490 0.127892 -0.990878
vn -0.040747 -0.298529 -0.953530
vn -0.454767 -0.361081 -0.814130
vn -0.933790 0.149698 -0.325003
vn -0.480786 0.127585 -0.867506
vn -0.454767 -0.361081 -0.814130
vn -0.862428 -0.412354 -0.293569
vn -0.834480 -0.417334 0.359827
vn -0.843771 -0.422987 0.330351
vn 0.019763 -0.184691 0.982598
vn 0.062713 0.363779 0.929372
vn -0.274089 0.258277 0.926374
vn -0.415224 -0.310726 0.855008
vn 0.387533 -0.116951 0.914407
vn 0.403191 0.387404 0.829069
vn 0.062713 0.363779 0.929372
vn 0.019763 -0.184691 0.982598
vn 0.868590 -0.123245 0.479960
vn 0.747390 0.323087 0.580537
vn 0.403191 0.387404 0.829069
vn 0.387533 -0.116951 0.914407
vn -0.415224 -0.310726 0.855008
vn -0.274089 0.258277 0.926374
vn -0.817619 0.340315 0.464420
vn -0.785680 -0.270529 0.556346
vn 0.000000 -1.000000 0.000000
vn 0.000000 -1.000000 0.000000
vn 0.000000 -1.000000 0.000000
vn 0.000000 -1.000000 0.000000
vn -0.000002 -1.000000 0.000000
vn -0.000001 -1.000000 0.000001
vn 0.000000 -1.000000 0.000000
vn 0.000000 -1.000000 0.000000
vn -0.000001 -1.000000 0.000000
vn -0.000002 -1.000000 0.000000
vn 0.000000 -1.000000 0.000000
vn 0.000000 -1.000000 0.000000
vn 0.000000 -1.000000 0.000000
vn -0.000001 -1.000000 0.000000
vn 0.000000 -1.000000 0.000000
vn 0.000000 -1.000000 0.000000
vn 0.000000 -1.000000 0.000000
vn 0.000000 -1.000000 0.000000
vn 0.000000 -1.000000 0.000000
vn 0.000000 -1.000000 0.000000
vn 0.000000 -1.000000 0.000000
vn 0.000000 -1.000000 0.000000
vn 0.000000 -1.000000 0.000000
vn 0.000000 -1.000000 0.000000
vn 0.000000 -1.000000 0.000000
vn 0.000000 -1.000000 0.000000
vn 0.000000 -1.000000 0.000000
vn 0.000000 -1.000000 0.000000
vn 0.000000 -1.000000 0.000000
vn 0.000000 -1.000000 0.000000
vn 0.000000 -1.000000 0.000000
vn 0.000000 -1.000000 0.000000
vn 0.000000 -1.000000 0.000000
vn 0.000000 -1.000000 0.000000
vn 0.000000 -1.000000 0.000000
vn 0.000000 -1.000000 0.000000
vn 0.000000 -1.000000 0.000000
vn 0.000000 -1.000000 0.000000
vn 0.000000 -1.000000 0.000000
vn 0.000000 -1.000000 0.000000
vn 0.000000 -1.000000 0.000000
vn 0.000000 -1.000000 0.000000
vn 0.000000 -1.000000 0.000000
vn 0.000000 -1.000000 0.000000
vn 0.000000 -1.000000 0.000000
vn 0.000000 -1.000000 0.000000
vn 0.000000 -1.000000 0.000000
vn 0.000000 -1.000000 0.000000
vn 0.000000 -1.000000 0.000000
vn 0.000000 -1.000000 0.000000
vn 0.000000 -1.000000 0.000000
vn 0.000000 -1.000000 0.000000
vn 0.000000 -1.000000 0.000000
vn 0.000000 -1.000000 0.000000
vn 0.000000 -1.000000 0.000000
vn 0.000000 -1.000000 0.000000
vn 0.000000 -1.000000 0.000000
vn 0.000000 -1.000000 0.000000
vn 0.601810 0.140214 -0.786235
vn 0.850279 0.141766 -0.506881
vn 0.804474 -0.229843 -0.547716
vn 0.564173 -0.265023 -0.781966
vn 0.000000 -1.000000 0.000000
vn 0.000000 -1.000000 0.000000
vn 0.000000 -1.000000 0.000000
vn 0.000000 -1.000000 0.000000
vn 0.000000 -1.000000 0.000000
vn 0.000000 -1.000000 0.000000
vn 0.000000 -1.000000 0.000000
vn 0.000000 -1.000000 0.000000
vn 0.000000 -1.000000 0.000000
vn 0.000000 -1.000000 0.000000
vn -0.000001 -1.000000 0.000001
vn 0.000000 -1.000000 0.000000
vn 0.000000 -1.000000 0.000000
vn 0.000000 -1.000000 0.000000
vn 0.000000 -1.000000 0.000000
vn 0.000000 -1.000000 0.000000
vn 0.000000 -1.000000 0.000000
vn 0.000000 -1.000000 0.000000
vn 0.000000 -1.000000 0.000000
vn 0.000000 -1.000000 0.000000
vn 0.000000 -1.000000 0.000000
vn 0.000000 -1.000000 0.000000
vn 0.000000 -1.000000 0.000000
vn 0.000000 -1.000000 0.000000
vn 0.000000 -1.000000 0.000000
vn 0.000000 -1.000000 0.000000
vn 0.000000 -1.000000 0.000000
vn 0.000000 -1.000000 0.000000
vn 0.000000 -1.000000 0.000000
vn 0.000000 -1.000000 0.000000
vn 0.000000 -1.000000 0.000000
vn 0.000000 -1.000000 0.000000
vn 0.000000 -1.000000 0.000000
vn 0.000000 -1.000000 0.000000
vn 0.000000 -1.000000 0.000000
vn 0.000000 -1.000000 0.000000
vn 0.000000 -1.000000 0.000000
vn 0.000000 -1.000000 0.000000
vn 0.000000 -1.000000 0.000000
vn 0.000000 -1.000000 0.000000
vn 0.000000 -1.000000 0.000000
vn 0.000000 -1.000000 0.000000
vn 0.000000 -1.000000 0.000000
vn 0.000000 -1.000000 0.000000
vn 0.000000 -1.000000 0.000000
vn 0.000000 -1.000000 0.000000
vn -0.300855 0.953360 -0.024324
vn -0.244641 0.955239 0.166339
vn 0.326366 0.945044 0.019418
vn 0.239171 0.953680 -0.182463
vn -0.064186 0.920970 0.384310
vn 0.246520 0.920298 0.303775
vn 0.326366 0.945044 0.019418
vn -0.244641 0.955239 0.166339
vn 0.030263 0.917796 -0.395898
vn -0.247965 0.925508 -0.286267
vn -0.300855 0.953360 -0.024324
vn 0.239171 0.953680 -0.182463
vn -0.862428 -0.412354 -0.293569
vn -0.908012 -0.397056 -0.133642
vn 0.913689 0.129182 0.385337
vn 0.775809 0.460778 0.431051
vn 0.777878 0.553283 0.297966
vn 0.924272 0.233831 0.301735
vn 0.775809 0.460778 0.431051
vn 0.301226 0.840114 0.451078
vn 0.225532 0.951896 0.207436
vn 0.777878 0.553283 0.297966
vn 0.301226 0.840114 0.451078
vn -0.610372 0.767862 0.194510
vn -0.408501 0.911483 -0.048224
vn 0.225532 0.951896 0.207436
vn 0.924272 0.233831 0.301735
vn 0.916255 -0.332441 0.223517
vn 0.843771 -0.422987 0.330351
vn 0.913689 0.129182 0.385337
vn 0.775679 0.615620 0.139046
vn 0.919353 0.362170 0.153698
vn 0.924272 0.233831 0.301735
vn 0.777878 0.553283 0.297966
vn 0.225532 0.951896 0.207436
vn 0.243837 0.969294 -0.031809
vn 0.775679 0.615620 0.139046
vn 0.777878 0.553283 0.297966
vn 0.977374 -0.184089 0.104167
vn 0.916255 -0.332441 0.223517
vn 0.924272 0.233831 0.301735
vn 0.919353 0.362170 0.153698
vn 0.714890 0.665844 0.213502
vn 0.890313 0.405547 0.207063
vn 0.919353 0.362170 0.153698
vn 0.775679 0.615620 0.139046
vn 0.243837 0.969294 -0.031809
vn 0.193966 0.975361 0.105112
vn 0.714890 0.665844 0.213502
vn 0.775679 0.615620 0.139046
vn 0.972514 -0.139012 0.186795
vn 0.977374 -0.184089 0.104167
vn 0.919353 0.362170 0.153698
vn 0.890313 0.405547 0.207063
vn 0.532955 0.572677 0.622896
vn 0.817618 0.340315 0.464420
vn 0.890313 0.405547 0.207063
vn 0.714890 0.665844 0.213502
vn 0.193966 0.975361 0.105112
vn 0.027880 0.737819 0.674423
vn 0.532955 0.572677 0.622896
vn 0.714890 0.665844 0.213502
vn 0.785680 -0.270529 0.556346
vn 0.972514 -0.139012 0.186795
vn 0.890313 0.405547 0.207063
vn 0.817618 0.340315 0.464420
vn 0.532955 0.572677 0.622896
vn 0.274089 0.258276 0.926374
vn 0.817618 0.340315 0.464420
vn 0.027880 0.737819 0.674423
vn -0.062713 0.363779 0.929372
vn 0.274089 0.258276 0.926374
vn 0.532955 0.572677 0.622896
vn -0.408501 0.911483 -0.048224
vn -0.251531 0.939512 -0.232487
vn 0.243837 0.969294 -0.031809
vn 0.225532 0.951896 0.207436
vn -0.251531 0.939512 -0.232487
vn -0.269554 0.960992 -0.061931
vn 0.193966 0.975361 0.105112
vn 0.243837 0.969294 -0.031809
vn -0.269554 0.960992 -0.061931
vn -0.400121 0.738167 0.543151
vn 0.027880 0.737819 0.674423
vn 0.193966 0.975361 0.105112
vn -0.400121 0.738167 0.543151
vn -0.403191 0.387404 0.829069
vn -0.062713 0.363779 0.929372
vn 0.027880 0.737819 0.674423
vn -0.610372 0.767862 0.194510
vn -0.894208 0.437233 -0.096016
vn -0.753106 0.583190 -0.304501
vn -0.408501 0.911483 -0.048224
vn -0.753106 0.583190 -0.304501
vn -0.636542 0.642951 -0.425943
vn -0.251531 0.939512 -0.232487
vn -0.408501 0.911483 -0.048224
vn -0.636542 0.642951 -0.425943
vn -0.661929 0.689187 -0.294738
vn -0.269554 0.960992 -0.061931
vn -0.251531 0.939512 -0.232487
vn -0.661929 0.689187 -0.294738
vn -0.786347 0.593447 0.171696
vn -0.400121 0.738167 0.543151
vn -0.269554 0.960992 -0.061931
vn -0.786347 0.593447 0.171696
vn -0.747390 0.323088 0.580537
vn -0.403191 0.387404 0.829069
vn -0.400121 0.738167 0.543151
vn -0.894208 0.437233 -0.096016
vn -0.936716 0.184669 -0.297422
vn -0.857366 0.298838 -0.419070
vn -0.753106 0.583190 -0.304501
vn -0.636542 0.642951 -0.425943
vn -0.753106 0.583190 -0.304501
vn -0.857366 0.298838 -0.419070
vn -0.794903 0.344823 -0.499226
vn -0.661929 0.689187 -0.294738
vn -0.636542 0.642951 -0.425943
vn -0.794903 0.344823 -0.499226
vn -0.848190 0.358180 -0.390232
vn -0.786347 0.593447 0.171696
vn -0.661929 0.689187 -0.294738
vn -0.848190 0.358180 -0.390232
vn -0.936208 0.308832 -0.167740
vn -0.936208 0.308832 -0.167740
vn -0.747390 0.323088 0.580537
vn -0.786347 0.593447 0.171696
vn -0.936716 0.184669 -0.297422
vn -0.921540 -0.138168 -0.362868
vn -0.881246 -0.083016 -0.465311
vn -0.857366 0.298838 -0.419070
vn -0.881246 -0.083016 -0.465311
vn -0.840627 -0.090781 -0.533953
vn -0.794903 0.344823 -0.499226
vn -0.857366 0.298838 -0.419070
vn -0.840627 -0.090781 -0.533953
vn -0.902416 -0.160134 -0.400004
vn -0.848190 0.358180 -0.390232
vn -0.794903 0.344823 -0.499226
vn -0.902416 -0.160134 -0.400004
vn -0.985331 -0.163455 -0.049052
vn -0.936208 0.308832 -0.167740
vn -0.848190 0.358180 -0.390232
vn -0.985331 -0.163455 -0.049052
vn -0.868590 -0.123242 0.479961
vn -0.747390 0.323088 0.580537
vn -0.936208 0.308832 -0.167740
vn 0.000001 1.000000 0.000001
vn 0.000001 1.000000 0.000001
vn 0.000000 1.000000 0.000002
vn 0.000000 1.000000 0.000002
vn 0.000000 1.000000 0.000002
vn -0.000001 1.000000 0.000002
vn -0.000001 1.000000 0.000002
vn 0.000000 1.000000 0.000002
vn -0.000001 1.000000 0.000002
vn -0.000002 1.000000 0.000000
vn -0.000002 1.000000 0.000000
vn -0.000001 1.000000 0.000002
vn -0.000002 1.000000 0.000000
vn -0.000002 1.000000 -0.000001
vn -0.000002 1.000000 -0.000002
vn -0.000002 1.000000 0.000000
vn -0.000001 1.000000 -0.000002
vn -0.000001 1.000000 -0.000002
vn -0.000002 1.000000 -0.000002
vn -0.000002 1.000000 -0.000001
vn -0.000001 1.000000 -0.000002
vn 0.000000 1.000000 0.000000
vn 0.000000 1.000000 0.000000
vn -0.000001 1.000000 -0.000002
vn 0.000000 1.000000 0.000000
vn 0.000001 1.000000 0.000000
vn 0.000001 1.000000 0.000000
vn 0.000000 1.000000 0.000000
vn 0.000001 1.000000 0.000000
vn 0.000001 1.000000 0.000001
vn 0.000001 1.000000 0.000001
vn 0.000001 1.000000 0.000000
vn 0.244641 0.955240 0.166338
vn 0.528682 0.753352 0.391097
vn 0.617363 0.786005 -0.032543
vn 0.300855 0.953360 -0.024324
vn -0.246520 0.920298 0.303775
vn -0.401090 0.749627 0.526484
vn 0.062104 0.746588 0.662382
vn 0.064186 0.920970 0.384310
vn 0.064186 0.920970 0.384310
vn 0.062104 0.746588 0.662382
vn 0.528682 0.753352 0.391097
vn 0.244641 0.955240 0.166338
vn 0.300855 0.953360 -0.024324
vn 0.617363 0.786005 -0.032543
vn 0.376623 0.805283 -0.457902
vn 0.247965 0.925508 -0.286267
vn -0.030263 0.917796 -0.395898
vn 0.247965 0.925508 -0.286267
vn 0.376623 0.805283 -0.457902
vn -0.016802 0.807571 -0.589532
vn -0.030263 0.917796 -0.395898
vn -0.016802 0.807571 -0.589532
vn -0.491781 0.759891 -0.425109
vn -0.239171 0.953680 -0.182463
vn -0.239171 0.953680 -0.182463
vn -0.491781 0.759891 -0.425109
vn -0.626200 0.775726 0.078246
vn -0.326366 0.945044 0.019418
vn -0.326366 0.945044 0.019418
vn -0.626200 0.775726 0.078246
vn -0.401090 0.749627 0.526484
vn -0.246520 0.920298 0.303775
vn 0.128398 0.101133 0.986553
vn 0.110873 0.103613 0.988419
vn 0.795725 -0.059641 0.602715
vn 0.804870 -0.063522 0.590042
vn 0.795725 -0.059641 0.602715
vn 0.980789 -0.008048 -0.194907
vn 0.997823 -0.062568 -0.020828
vn 0.804870 -0.063522 0.590042
vn 0.544418 0.098826 -0.832972
vn 0.572112 0.099717 -0.814091
vn -0.067328 0.045942 -0.996673
vn -0.054677 0.047646 -0.997367
vn 0.980789 -0.008048 -0.194907
vn 0.572112 0.099717 -0.814091
vn 0.544418 0.098826 -0.832972
vn 0.997823 -0.062568 -0.020828
vn -0.067328 0.045942 -0.996673
vn -0.785637 0.027282 -0.618086
vn -0.767141 0.025293 -0.640979
vn -0.054677 0.047646 -0.997367
vn -0.785637 0.027282 -0.618086
vn -0.989200 0.136849 0.052488
vn -0.992131 0.125173 -0.002831
vn -0.767141 0.025293 -0.640979
vn -0.989200 0.136849 0.052488
vn -0.651156 0.190690 0.734597
vn -0.658786 0.191310 0.727600
vn -0.992131 0.125173 -0.002831
vn 0.110873 0.103613 0.988419
vn 0.128398 0.101133 0.986553
vn -0.658786 0.191310 0.727600
vn -0.651156 0.190690 0.734597
vn -0.878019 0.473708 -0.068432
vn -0.878434 0.340646 -0.335133
vn -0.894208 0.437233 -0.096016
vn -0.610372 0.767862 0.194510
vn -0.666532 0.434738 -0.605589
vn -0.637790 0.300164 -0.709313
vn -0.878434 0.340646 -0.335133
vn -0.878019 0.473708 -0.068432
vn -0.099284 0.466967 -0.878683
vn -0.040913 0.299228 -0.953304
vn -0.637790 0.300164 -0.709313
vn -0.666532 0.434738 -0.605589
vn 0.434364 0.520543 -0.735094
vn 0.471267 0.314495 -0.824015
vn -0.040913 0.299228 -0.953304
vn -0.099284 0.466967 -0.878683
vn 0.825194 0.553687 -0.111742
vn 0.903884 0.356248 -0.236815
vn 0.471267 0.314495 -0.824015
vn 0.434364 0.520543 -0.735094
vn 0.825194 0.553687 -0.111742
vn 0.837682 0.532932 0.119470
vn 0.933881 0.357322 0.013680
vn 0.903884 0.356248 -0.236815
vn 0.591920 0.627269 0.506126
vn 0.301226 0.840114 0.451078
vn 0.775809 0.460778 0.431051
vn 0.823254 0.360417 0.438580
vn -0.878434 0.340646 -0.335133
vn -0.850279 0.141766 -0.506881
vn -0.936716 0.184669 -0.297422
vn -0.894208 0.437233 -0.096016
vn -0.637790 0.300164 -0.709313
vn -0.601810 0.140214 -0.786235
vn -0.850279 0.141766 -0.506881
vn -0.878434 0.340646 -0.335133
vn -0.040913 0.299228 -0.953304
vn -0.042490 0.127892 -0.990878
vn -0.601810 0.140214 -0.786235
vn -0.637790 0.300164 -0.709313
vn 0.471267 0.314495 -0.824015
vn 0.480786 0.127585 -0.867506
vn -0.042490 0.127892 -0.990878
vn -0.040913 0.299228 -0.953304
vn 0.903884 0.356248 -0.236815
vn 0.933790 0.149698 -0.325003
vn 0.480786 0.127585 -0.867506
vn 0.471267 0.314495 -0.824015
vn 0.933881 0.357322 0.013680
vn 0.986240 0.149857 -0.069812
vn 0.933790 0.149698 -0.325003
vn 0.903884 0.356248 -0.236815
vn 0.913689 0.129182 0.385337
vn 0.913751 0.110365 0.390996
vn 0.823254 0.360417 0.438580
vn 0.775809 0.460778 0.431051
vn -0.850279 0.141766 -0.506881
vn -0.804475 -0.229839 -0.547717
vn -0.921540 -0.138168 -0.362868
vn -0.936716 0.184669 -0.297422
vn 0.040747 -0.298529 -0.953530
vn -0.564173 -0.265023 -0.781966
vn -0.601810 0.140214 -0.786235
vn -0.042490 0.127892 -0.990878
vn 0.480786 0.127585 -0.867506
vn 0.454767 -0.361080 -0.814130
vn 0.040747 -0.298529 -0.953530
vn -0.042490 0.127892 -0.990878
vn 0.933790 0.149698 -0.325003
vn 0.862428 -0.412354 -0.293569
vn 0.454767 -0.361080 -0.814130
vn 0.480786 0.127585 -0.867506
vn 0.913689 0.129182 0.385337
vn 0.843771 -0.422987 0.330351
vn 0.834481 -0.417333 0.359827
vn 0.913751 0.110365 0.390996
vn -0.019764 -0.184691 0.982598
vn 0.415224 -0.310727 0.855008
vn 0.274089 0.258276 0.926374
vn -0.062713 0.363779 0.929372
vn -0.387533 -0.116950 0.914407
vn -0.019764 -0.184691 0.982598
vn -0.062713 0.363779 0.929372
vn -0.403191 0.387404 0.829069
vn -0.868590 -0.123242 0.479961
vn -0.387533 -0.116950 0.914407
vn -0.403191 0.387404 0.829069
vn -0.747390 0.323088 0.580537
vn 0.415224 -0.310727 0.855008
vn 0.785680 -0.270529 0.556346
vn 0.817618 0.340315 0.464420
vn 0.274089 0.258276 0.926374
vn 0.000000 -1.000000 0.000000
vn 0.000000 -1.000000 0.000000
vn 0.000000 -1.000000 0.000000
vn 0.000000 -1.000000 0.000000
vn 0.000002 -1.000000 0.000000
vn 0.000000 -1.000000 0.000000
vn 0.000000 -1.000000 0.000000
vn 0.000001 -1.000000 0.000001
vn 0.000001 -1.000000 0.000000
vn 0.000000 -1.000000 0.000000
vn 0.000000 -1.000000 0.000000
vn 0.000002 -1.000000 0.000000
vn 0.000000 -1.000000 0.000000
vn 0.000000 -1.000000 0.000000
vn 0.000000 -1.000000 0.000000
vn 0.000001 -1.000000 0.000000
vn 0.000000 -1.000000 0.000000
vn 0.000000 -1.000000 0.000000
vn 0.000000 -1.000000 0.000000
vn 0.000000 -1.000000 0.000000
vn 0.000000 -1.000000 0.000000
vn 0.000000 -1.000000 0.000000
vn 0.000000 -1.000000 0.000000
vn 0.000000 -1.000000 0.000000
vn 0.000000 -1.000000 0.000000
vn 0.000000 -1.000000 0.000000
vn 0.000000 -1.000000 0.000000
vn 0.000000 -1.000000 0.000000
vn 0.000000 -1.000000 0.000000
vn 0.000000 -1.000000 0.000000
vn 0.000000 -1.000000 0.000000
vn 0.000000 -1.000000 0.000000
vn 0.000000 -1.000000 0.000000
vn 0.000000 -1.000000 0.000000
vn 0.000000 -1.000000 0.000000
vn 0.000000 -1.000000 0.000000
vn 0.000000 -1.000000 0.000000
vn 0.000000 -1.000000 0.000000
vn 0.000000 -1.000000 0.000000
vn 0.000000 -1.000000 0.000000
vn 0.000000 -1.000000 0.000000
vn 0.000000 -1.000000 0.000000
vn 0.000000 -1.000000 0.000000
vn 0.000000 -1.000000 0.000000
vn 0.000000 -1.000000 0.000000
vn 0.000000 -1.000000 0.000000
vn 0.000000 -1.000000 0.000000
vn 0.000000 -1.000000 0.000000
vn 0.000000 -1.000000 0.000000
vn 0.000000 -1.000000 0.000000
vn 0.000000 -1.000000 0.000000
vn 0.000000 -1.000000 0.000000
vn 0.000000 -1.000000 0.000000
vn 0.000000 -1.000000 0.000000
vn 0.000000 -1.000000 0.000000
vn 0.000000 -1.000000 0.000000
vn 0.000000 -1.000000 0.000000
vn 0.000000 -1.000000 0.000000
vn -0.601810 0.140214 -0.786235
vn -0.564173 -0.265023 -0.781966
vn -0.804475 -0.229839 -0.547717
vn -0.850279 0.141766 -0.506881
vn 0.000000 -1.000000 0.000000
vn 0.000000 -1.000000 0.000000
vn 0.000000 -1.000000 0.000000
vn 0.000000 -1.000000 0.000000
vn 0.000000 -1.000000 0.000000
vn 0.000000 -1.000000 0.000000
vn 0.000000 -1.000000 0.000000
vn 0.000000 -1.000000 0.000000
vn 0.000000 -1.000000 0.000000
vn 0.000000 -1.000000 0.000000
vn 0.000001 -1.000000 0.000001
vn 0.000000 -1.000000 0.000000
vn 0.000000 -1.000000 0.000000
vn 0.000000 -1.000000 0.000000
vn 0.000000 -1.000000 0.000000
vn 0.000000 -1.000000 0.000000
vn 0.000000 -1.000000 0.000000
vn 0.000000 -1.000000 0.000000
vn 0.000000 -1.000000 0.000000
vn 0.000000 -1.000000 0.000000
vn 0.000000 -1.000000 0.000000
vn 0.000000 -1.000000 0.000000
vn 0.000000 -1.000000 0.000000
vn 0.000000 -1.000000 0.000000
vn 0.000000 -1.000000 0.000000
vn 0.000000 -1.000000 0.000000
vn 0.000000 -1.000000 0.000000
vn 0.000000 -1.000000 0.000000
vn 0.000000 -1.000000 0.000000
vn 0.000000 -1.000000 0.000000
vn 0.000000 -1.000000 0.000000
vn 0.000000 -1.000000 0.000000
vn 0.000000 -1.000000 0.000000
vn 0.000000 -1.000000 0.000000
vn 0.000000 -1.000000 0.000000
vn 0.000000 -1.000000 0.000000
vn 0.000000 -1.000000 0.000000
vn 0.000000 -1.000000 0.000000
vn 0.000000 -1.000000 0.000000
vn 0.000000 -1.000000 0.000000
vn 0.000000 -1.000000 0.000000
vn 0.000000 -1.000000 0.000000
vn 0.000000 -1.000000 0.000000
vn 0.000000 -1.000000 0.000000
vn 0.000000 -1.000000 0.000000
vn 0.000000 -1.000000 0.000000
vn 0.300855 0.953360 -0.024324
vn -0.239171 0.953680 -0.182463
vn -0.326366 0.945044 0.019418
vn 0.244641 0.955240 0.166338
vn 0.064186 0.920970 0.384310
vn 0.244641 0.955240 0.166338
vn -0.326366 0.945044 0.019418
vn -0.246520 0.920298 0.303775
vn -0.030263 0.917796 -0.395898
vn -0.239171 0.953680 -0.182463
vn 0.300855 0.953360 -0.024324
vn 0.247965 0.925508 -0.286267
vn 0.986240 0.149857 -0.069812
vn 0.908013 -0.397055 -0.133642
vn 0.862428 -0.412354 -0.293569
vn 0.933790 0.149698 -0.325003
s 1
g Dwarf_low1 DwarfFeet_low
usemtl lambert2SG
f 2376/2857/8923 2377/2858/8924 2374/2859/8925 2375/2860/8926
f 2375/2860/8926 2374/2859/8925 2378/2861/8927 2379/2862/8928
s off
f 2379/2862/8929 2378/2861/8930 2388/2863/8931 2389/2864/8932
s 1
f 2377/2858/8924 2376/2857/8923 2380/2865/8933 2381/2866/8934
f 2383/2867/8935 2374/2859/8925 2377/2858/8924 2382/2868/8936
f 2378/2861/8927 2374/2859/8925 2383/2867/8935 2384/2869/8937
f 2385/2870/8938 2382/2868/8936 2377/2858/8924 2381/2866/8939
s 2
f 2471/2871/8940 2383/2867/8941 2382/2868/8942 2470/2872/8943
s 1
f 2384/2869/8937 2383/2867/8935 2471/2871/8944 2472/2873/8945
s 2
f 2386/2874/8946 2470/2872/8943 2382/2868/8942 2385/2870/8947
s off
f 2474/2875/8948 2471/2871/8949 2470/2872/8950 2473/2876/8951
f 2472/2873/8952 2471/2871/8953 2474/2875/8954 2475/2877/8955
f 2387/2878/8956 2473/2876/8957 2470/2872/8958 2386/2874/8959
f 2474/2875/8960 2473/2876/8961 2476/2879/8962
f 2475/2877/8963 2474/2875/8964 2476/2879/8965 2477/2880/8966
s 1
f 2388/2863/8967 2378/2861/8927 2384/2869/8937 2390/2881/8968
s off
f 2390/2881/8969 2384/2869/8970 2472/2873/8971 2478/2882/8972
f 2478/2882/8973 2472/2873/8974 2475/2877/8975 2479/2883/8976
f 2479/2883/8977 2475/2877/8978 2477/2880/8979 2480/2884/8980
f 2389/2864/8981 2388/2863/8982 2391/2885/8983 2392/2886/8984
f 2391/2885/8985 2388/2863/8986 2390/2881/8987 2393/2887/8988
f 2393/2887/8989 2390/2881/8990 2478/2882/8991 2481/2888/8992
f 2481/2888/8993 2478/2882/8994 2479/2883/8995 2482/2889/8996
f 2482/2889/8997 2479/2883/8998 2480/2884/8999 2483/2890/9000
f 2392/2886/9001 2391/2885/9002 2394/2891/9003 2395/2892/9004
f 2393/2887/9005 2396/2893/9006 2394/2891/9007 2391/2885/9008
f 2481/2888/9009 2484/2894/9010 2396/2893/9011 2393/2887/9012
f 2482/2889/9013 2485/2895/9014 2484/2894/9015 2481/2888/9016
f 2485/2895/9017 2482/2889/9018 2483/2890/9019
f 2395/2892/9020 2394/2891/9021 2397/2896/9022 2398/2897/9023
f 2397/2896/9024 2394/2891/9025 2396/2893/9026 2399/2898/9027
f 2399/2898/9028 2396/2893/9029 2484/2894/9030 2400/2899/9031
f 2400/2899/9032 2484/2894/9033 2485/2895/9034 2401/2900/9035
f 2401/2900/9036 2485/2895/9037 2483/2890/9038 2452/2901/9039
f 2416/2902/9040 2402/2903/9041 2403/2904/9042 2417/2905/9043
f 2403/2904/9044 2402/2903/9045 2404/2906/9046 2405/2907/9047
f 2405/2907/9048 2404/2906/9049 2406/2908/9050 2407/2909/9051
f 2407/2909/9052 2406/2908/9053 2408/2910/9054 2409/2911/9055
f 2411/2912/9056 2409/2911/9057 2408/2910/9058 2410/2913/9059
f 2411/2912/9060 2410/2913/9061 2412/2914/9062 2413/2915/9063
f 2413/2915/9064 2412/2914/9065 2414/2916/9066 2415/2917/9067
f 2415/2917/9068 2414/2916/9069 2416/2902/9070 2417/2905/9071
f 2419/2918/9072 2420/2919/9073 2407/2909/9074 2409/2911/9075
f 2425/2920/9076 2418/2921/9077 2411/2912/9078 2413/2915/9079
f 2418/2921/9080 2419/2918/9081 2409/2911/9082 2411/2912/9083
f 2420/2919/9084 2421/2922/9085 2405/2907/9086 2407/2909/9087
f 2422/2923/9088 2403/2904/9089 2405/2907/9090 2421/2922/9091
f 2422/2923/9092 2423/2924/9093 2417/2905/9094 2403/2904/9095
f 2423/2924/9096 2424/2925/9097 2415/2917/9098 2417/2905/9099
f 2424/2925/9100 2425/2920/9101 2413/2915/9102 2415/2917/9103
f 2402/2903/9104 2416/2902/9105 2427/2926/9106 2379/2927/9107
f 2427/2926/9108 2416/2902/9109 2414/2916/9110 2426/2928/9111
f 2412/2914/9112 2410/2913/9113 2428/2929/9114 2429/2930/9115
f 2426/2928/9116 2414/2916/9117 2412/2914/9118 2429/2930/9119
f 2428/2929/9120 2410/2913/9121 2408/2910/9122 2430/2931/9123
f 2430/2931/9124 2408/2910/9125 2406/2908/9126 2431/2932/9127
f 2431/2932/9128 2406/2908/9129 2404/2906/9130 2389/2933/9131
f 2379/2927/9132 2389/2933/9133 2404/2906/9134 2402/2903/9135
f 2431/2934/9136 2389/2864/9137 2392/2886/9138 2432/2935/9139
f 2430/2936/9140 2431/2934/9141 2432/2935/9142 2433/2937/9143
f 2428/2938/9144 2430/2936/9145 2433/2937/9146 2434/2939/9147
f 2429/2940/9148 2428/2938/9149 2434/2939/9150 2435/2941/9151
f 2426/2942/9152 2429/2940/9153 2435/2941/9154 2436/2943/9155
f 2426/2942/9156 2436/2943/9157 2437/2944/9158 2427/2945/9159
s 1
f 2427/2946/9160 2437/2947/9161 2375/2860/8926 2379/2862/8928
s off
f 2432/2935/9162 2392/2886/9163 2395/2892/9164 2438/2948/9165
f 2433/2937/9166 2432/2935/9167 2438/2948/9168 2439/2949/9169
f 2434/2939/9170 2433/2937/9171 2439/2949/9172 2440/2950/9173
f 2435/2941/9174 2434/2939/9175 2440/2950/9176 2441/2951/9177
f 2436/2943/9178 2435/2941/9179 2441/2951/9180 2442/2952/9181
s 3
f 2437/2944/9182 2436/2943/9183 2442/2952/9184 2443/2953/9185
s 1
f 2376/2857/8923 2375/2860/8926 2437/2947/9161 2443/2954/9186
s off
f 2438/2948/9187 2395/2892/9188 2398/2897/9189 2444/2955/9190
f 2446/2956/9191 2440/2950/9192 2439/2949/9193 2445/2957/9194
f 2441/2951/9195 2440/2950/9196 2446/2956/9197 2447/2958/9198
f 2442/2952/9199 2441/2951/9200 2447/2958/9201 2448/2959/9202
s 1
f 2376/2857/8923 2443/2954/9186 2449/2960/9203 2380/2865/9204
s off
f 2450/2961/9205 2477/2880/9206 2476/2879/9207 2453/2962/9208
f 2451/2963/9209 2480/2884/9210 2477/2880/9211 2450/2961/9212
f 2452/2901/9213 2483/2890/9214 2480/2884/9215 2451/2963/9216
f 2453/2962/9217 2476/2879/9218 2473/2876/9219 2387/2878/9220
f 2451/2964/9221 2450/2965/9222 2456/2966/9223 2457/2967/9224
f 2385/2968/9225 2381/2969/9226 2454/2970/9227 2463/2971/9228
f 2386/2972/9229 2385/2968/9230 2463/2971/9231 2461/2973/9232
f 2387/2974/9233 2386/2972/9234 2461/2973/9235 2458/2975/9236
f 2453/2976/9237 2387/2974/9238 2458/2975/9239 2456/2966/9240
f 2450/2965/9241 2453/2976/9242 2456/2966/9243
f 2452/2977/9244 2451/2964/9245 2457/2967/9246
f 2401/2978/9247 2452/2977/9248 2457/2967/9249 2459/2979/9250
f 2457/2967/9251 2456/2966/9252 2458/2975/9253 2459/2979/9254
f 2401/2978/9255 2459/2979/9256 2460/2980/9257 2400/2981/9258
f 2460/2980/9259 2459/2979/9260 2458/2975/9261 2461/2973/9262
f 2400/2981/9263 2460/2980/9264 2462/2982/9265 2399/2983/9266
f 2460/2980/9267 2461/2973/9268 2463/2971/9269 2462/2982/9270
f 2399/2983/9271 2462/2982/9272 2455/2984/9273 2397/2985/9274
f 2462/2982/9275 2463/2971/9276 2454/2970/9277 2455/2984/9278
f 2439/2949/9279 2438/2948/9280 2444/2955/9281 2445/2957/9282
f 2398/2986/9283 2397/2985/9284 2455/2984/9285 2464/2987/9286
f 2464/2987/9287 2455/2984/9288 2454/2970/9289 2465/2988/9290
f 2465/2988/9291 2454/2970/9292 2381/2969/9293 2380/2989/9294
f 2380/2989/9295 2449/2990/9296 2466/2991/9297 2465/2988/9298
f 2465/2988/9299 2466/2991/9300 2467/2992/9301 2464/2987/9302
f 2464/2987/9303 2467/2992/9304 2444/2993/9305 2398/2986/9306
f 2445/2994/9307 2444/2993/9308 2467/2992/9309 2468/2995/9310
f 2446/2996/9311 2445/2994/9312 2468/2995/9313
f 2447/2997/9314 2446/2996/9315 2468/2995/9316 2469/2998/9317
f 2448/2999/9318 2447/2997/9319 2469/2998/9320
f 2449/2990/9321 2448/2999/9322 2469/2998/9323 2466/2991/9324
f 2468/2995/9325 2467/2992/9326 2466/2991/9327 2469/2998/9328
f 2420/2919/9329 2419/2918/9330 2424/2925/9331 2423/2924/9332
f 2418/2921/9333 2425/2920/9334 2424/2925/9335 2419/2918/9336
f 2422/2923/9337 2421/2922/9338 2420/2919/9339 2423/2924/9340
s 3
f 2443/2953/9185 2442/2952/9184 2448/2959/9341 2449/3000/9342
s off
f 2488/3001/9343 2487/3002/9344 2486/3003/9345 2489/3004/9346
f 2487/3002/9347 2491/3005/9348 2490/3006/9349 2486/3003/9350
f 2491/3005/9351 2501/3007/9352 2500/3008/9353 2490/3006/9354
f 2489/3004/9355 2493/3009/9356 2492/3010/9357 2488/3001/9358
f 2495/3011/9359 2494/3012/9360 2489/3004/9361 2486/3003/9362
f 2490/3006/9363 2496/3013/9364 2495/3011/9365 2486/3003/9366
f 2497/3014/9367 2493/3009/9368 2489/3004/9369 2494/3012/9370
f 2583/3015/9371 2582/3016/9372 2494/3012/9373 2495/3011/9374
f 2496/3013/9375 2584/3017/9376 2583/3015/9377 2495/3011/9378
f 2498/3018/9379 2497/3014/9380 2494/3012/9381 2582/3016/9382
f 2586/3019/9383 2585/3020/9384 2582/3016/9385 2583/3015/9386
f 2584/3017/9387 2587/3021/9388 2586/3019/9389 2583/3015/9390
f 2499/3022/9391 2498/3018/9392 2582/3016/9393 2585/3020/9394
f 2586/3019/9395 2588/3023/9396 2585/3020/9397
f 2587/3021/9398 2589/3024/9399 2588/3023/9400 2586/3019/9401
f 2500/3008/9402 2502/3025/9403 2496/3013/9404 2490/3006/9405
f 2502/3025/9406 2590/3026/9407 2584/3017/9408 2496/3013/9409
f 2590/3026/9410 2591/3027/9411 2587/3021/9412 2584/3017/9413
f 2591/3027/9414 2592/3028/9415 2589/3024/9416 2587/3021/9417
f 2501/3007/9418 2504/3029/9419 2503/3030/9420 2500/3008/9421
f 2503/3030/9422 2505/3031/9423 2502/3025/9424 2500/3008/9425
f 2505/3031/9426 2593/3032/9427 2590/3026/9428 2502/3025/9429
f 2593/3032/9430 2594/3033/9431 2591/3027/9432 2590/3026/9433
f 2594/3033/9434 2595/3034/9435 2592/3028/9436 2591/3027/9437
f 2504/3029/9438 2507/3035/9439 2506/3036/9440 2503/3030/9441
f 2505/3031/9442 2503/3030/9443 2506/3036/9444 2508/3037/9445
f 2593/3032/9446 2505/3031/9447 2508/3037/9448 2596/3038/9449
f 2594/3033/9450 2593/3032/9451 2596/3038/9452 2597/3039/9453
f 2597/3039/9454 2595/3034/9455 2594/3033/9456
f 2507/3035/9457 2510/3040/9458 2509/3041/9459 2506/3036/9460
f 2509/3041/9461 2511/3042/9462 2508/3037/9463 2506/3036/9464
f 2511/3042/9465 2512/3043/9466 2596/3038/9467 2508/3037/9468
f 2512/3043/9469 2513/3044/9470 2597/3039/9471 2596/3038/9472
f 2513/3044/9473 2564/3045/9474 2595/3034/9475 2597/3039/9476
f 2528/3046/9477 2529/3047/9478 2515/3048/9479 2514/3049/9480
f 2515/3048/9481 2517/3050/9482 2516/3051/9483 2514/3049/9484
f 2517/3050/9485 2519/3052/9486 2518/3053/9487 2516/3051/9488
f 2519/3052/9489 2521/3054/9490 2520/3055/9491 2518/3053/9492
f 2523/3056/9493 2522/3057/9494 2520/3055/9495 2521/3054/9496
f 2523/3056/9497 2525/3058/9498 2524/3059/9499 2522/3057/9500
f 2525/3058/9501 2527/3060/9502 2526/3061/9503 2524/3059/9504
f 2527/3060/9505 2529/3047/9506 2528/3046/9507 2526/3061/9508
f 2531/3062/9509 2521/3054/9510 2519/3052/9511 2532/3063/9512
f 2537/3064/9513 2525/3058/9514 2523/3056/9515 2530/3065/9516
f 2530/3065/9517 2523/3056/9518 2521/3054/9519 2531/3062/9520
f 2532/3063/9521 2519/3052/9522 2517/3050/9523 2533/3066/9524
f 2534/3067/9525 2533/3066/9526 2517/3050/9527 2515/3048/9528
f 2534/3067/9529 2515/3048/9530 2529/3047/9531 2535/3068/9532
f 2535/3068/9533 2529/3047/9534 2527/3060/9535 2536/3069/9536
f 2536/3069/9537 2527/3060/9538 2525/3058/9539 2537/3064/9540
f 2514/3049/9541 2491/3070/9542 2539/3071/9543 2528/3046/9544
f 2539/3071/9545 2538/3072/9546 2526/3061/9547 2528/3046/9548
f 2524/3059/9549 2541/3073/9550 2540/3074/9551 2522/3057/9552
f 2538/3072/9553 2541/3073/9554 2524/3059/9555 2526/3061/9556
f 2540/3074/9557 2542/3075/9558 2520/3055/9559 2522/3057/9560
f 2542/3075/9561 2543/3076/9562 2518/3053/9563 2520/3055/9564
f 2543/3076/9565 2501/3077/9566 2516/3051/9567 2518/3053/9568
f 2491/3070/9569 2514/3049/9570 2516/3051/9571 2501/3077/9572
f 2543/3078/9573 2544/3079/9574 2504/3029/9575 2501/3007/9576
f 2542/3080/9577 2545/3081/9578 2544/3079/9579 2543/3078/9580
f 2540/3082/9581 2546/3083/9582 2545/3081/9583 2542/3080/9584
f 2541/3084/9585 2547/3085/9586 2546/3083/9587 2540/3082/9588
f 2538/3086/9589 2548/3087/9590 2547/3085/9591 2541/3084/9592
f 2538/3086/9593 2539/3088/9594 2549/3089/9595 2548/3087/9596
f 2539/3090/9597 2491/3005/9598 2487/3002/9599 2549/3091/9600
f 2544/3079/9601 2550/3092/9602 2507/3035/9603 2504/3029/9604
f 2545/3081/9605 2551/3093/9606 2550/3092/9607 2544/3079/9608
f 2546/3083/9609 2552/3094/9610 2551/3093/9611 2545/3081/9612
f 2547/3085/9613 2553/3095/9614 2552/3094/9615 2546/3083/9616
f 2548/3087/9617 2554/3096/9618 2553/3095/9619 2547/3085/9620
f 2549/3089/9621 2555/3097/9622 2554/3096/9623 2548/3087/9624
f 2488/3001/9625 2555/3098/9626 2549/3091/9627 2487/3002/9628
f 2550/3092/9629 2556/3099/9630 2510/3040/9631 2507/3035/9632
f 2558/3100/9633 2557/3101/9634 2551/3093/9635 2552/3094/9636
f 2553/3095/9637 2559/3102/9638 2558/3100/9639 2552/3094/9640
f 2554/3096/9641 2560/3103/9642 2559/3102/9643 2553/3095/9644
f 2488/3001/9645 2492/3010/9646 2561/3104/9647 2555/3098/9648
f 2562/3105/9649 2565/3106/9650 2588/3023/9651 2589/3024/9652
f 2563/3107/9653 2562/3105/9654 2589/3024/9655 2592/3028/9656
f 2564/3045/9657 2563/3107/9658 2592/3028/9659 2595/3034/9660
f 2565/3106/9661 2499/3022/9662 2585/3020/9663 2588/3023/9664
f 2563/3108/9665 2569/3109/9666 2568/3110/9667 2562/3111/9668
f 2497/3112/9669 2575/3113/9670 2566/3114/9671 2493/3115/9672
f 2498/3116/9673 2573/3117/9674 2575/3113/9675 2497/3112/9676
f 2499/3118/9677 2570/3119/9678 2573/3117/9679 2498/3116/9680
f 2565/3120/9681 2568/3110/9682 2570/3119/9683 2499/3118/9684
f 2562/3111/9685 2568/3110/9686 2565/3120/9687
f 2564/3121/9688 2569/3109/9689 2563/3108/9690
f 2513/3122/9691 2571/3123/9692 2569/3109/9693 2564/3121/9694
f 2569/3109/9695 2571/3123/9696 2570/3119/9697 2568/3110/9698
f 2513/3122/9699 2512/3124/9700 2572/3125/9701 2571/3123/9702
f 2572/3125/9703 2573/3117/9704 2570/3119/9705 2571/3123/9706
f 2512/3124/9707 2511/3126/9708 2574/3127/9709 2572/3125/9710
f 2572/3125/9711 2574/3127/9712 2575/3113/9713 2573/3117/9714
f 2511/3126/9715 2509/3128/9716 2567/3129/9717 2574/3127/9718
f 2574/3127/9719 2567/3129/9720 2566/3114/9721 2575/3113/9722
f 2551/3093/9723 2557/3101/9724 2556/3099/9725 2550/3092/9726
f 2510/3130/9727 2576/3131/9728 2567/3129/9729 2509/3128/9730
f 2576/3131/9731 2577/3132/9732 2566/3114/9733 2567/3129/9734
f 2577/3132/9735 2492/3133/9736 2493/3115/9737 2566/3114/9738
f 2492/3133/9739 2577/3132/9740 2578/3134/9741 2561/3135/9742
f 2577/3132/9743 2576/3131/9744 2579/3136/9745 2578/3134/9746
f 2576/3131/9747 2510/3130/9748 2556/3137/9749 2579/3136/9750
f 2557/3138/9751 2580/3139/9752 2579/3136/9753 2556/3137/9754
f 2558/3140/9755 2580/3139/9756 2557/3138/9757
f 2559/3141/9758 2581/3142/9759 2580/3139/9760 2558/3140/9761
f 2560/3143/9762 2581/3142/9763 2559/3141/9764
f 2561/3135/9765 2578/3134/9766 2581/3142/9767 2560/3143/9768
f 2580/3139/9769 2581/3142/9770 2578/3134/9771 2579/3136/9772
f 2532/3063/9773 2535/3068/9774 2536/3069/9775 2531/3062/9776
f 2530/3065/9777 2531/3062/9778 2536/3069/9779 2537/3064/9780
f 2534/3067/9781 2535/3068/9782 2532/3063/9783 2533/3066/9784
f 2555/3097/9785 2561/3144/9786 2560/3103/9787 2554/3096/9788
