# This file uses centimeters as units for non-parametric coordinates.

mtllib Goblin_low.mtl
g default
v 0.000000 1.307084 0.383372
v 0.000000 1.285069 0.361226
v 0.000000 1.167242 0.341842
v 0.000000 1.102903 0.270114
v 0.000000 1.537323 0.341036
v 0.000000 1.616051 0.305769
v 0.000000 1.464940 0.394459
v 0.000000 1.418817 0.462210
v 0.000000 1.727033 0.201803
v 0.000000 1.759468 -0.074987
v 0.000000 1.715909 -0.218245
v 0.000000 1.465259 -0.381814
v 0.000000 1.303933 -0.376508
v 0.000000 1.085660 -0.201063
v 0.000000 1.054055 -0.003185
v 0.000000 1.056890 0.103384
v 0.000000 1.170932 -0.312438
v 0.000000 1.624882 -0.323967
v 0.000000 1.763310 0.072629
v 0.000000 1.229432 0.330907
v 0.000000 1.275525 0.348827
v 0.000000 1.175227 0.341062
v 0.000000 1.347299 0.457672
v -0.043114 1.287245 0.356783
v -0.045270 1.315448 0.371598
v -0.088792 1.295917 0.333379
v -0.099750 1.345397 0.359160
v -0.150371 1.322657 0.294224
v -0.126566 1.373011 0.309195
v -0.205644 1.344225 0.262924
v -0.208575 1.386739 0.264946
v -0.218090 1.338813 0.252961
v -0.259965 1.363069 0.234314
v -0.226333 1.305231 0.247554
v -0.272428 1.308563 0.216261
v -0.207387 1.250775 0.254151
v -0.240026 1.240585 0.219573
v -0.157969 1.206218 0.283374
v -0.185903 1.172179 0.231902
v -0.065213 1.169520 0.329390
v -0.074611 1.117862 0.268281
v -0.067779 1.441895 0.336879
v -0.130069 1.400881 0.310597
v -0.130737 1.437532 0.286721
v -0.204688 1.411944 0.264921
v -0.181945 1.444893 0.263395
v -0.249068 1.460784 0.236276
v -0.205201 1.473723 0.236674
v -0.253710 1.537742 0.214684
v -0.204776 1.522578 0.219824
v -0.192570 1.594497 0.245165
v -0.167969 1.557980 0.239469
v -0.104556 1.590309 0.278897
v -0.036897 1.532465 0.327389
v -0.038855 1.460191 0.383522
v -0.064040 1.413454 0.428787
v -0.099928 1.716273 0.191388
v -0.109030 1.744876 -0.074321
v -0.114307 1.701331 -0.198773
v -0.138607 1.465148 -0.366412
v -0.139435 1.300549 -0.350883
v -0.146744 1.099123 -0.191792
v -0.140721 1.060331 -0.006471
v -0.116399 1.066554 0.108946
v -0.145554 1.190472 -0.294294
v -0.130469 1.615404 -0.300938
v -0.108847 1.749385 0.064581
v -0.165957 1.285518 0.251955
v -0.059733 1.235983 0.320338
v -0.118984 1.253278 0.284246
v -0.047660 1.278739 0.343844
v -0.094171 1.290080 0.322289
v -0.146589 1.311254 0.289222
v -0.194922 1.333095 0.249963
v -0.067158 1.179431 0.329241
v -0.148826 1.212306 0.286644
v -0.194377 1.257881 0.261923
v -0.212961 1.304718 0.247853
v -0.208570 1.325858 0.243843
v -0.207653 1.667044 0.172929
v -0.212583 1.699472 0.063244
v -0.216728 1.695811 -0.056449
v -0.217730 1.656399 -0.163759
v -0.235205 1.585284 -0.247195
v -0.257482 1.460208 -0.307958
v -0.259185 1.321548 -0.294852
v -0.264954 1.233772 -0.245084
v -0.274072 1.149962 -0.139706
v -0.275908 1.125503 0.010250
v -0.240795 1.144483 0.149592
v -0.062185 1.356862 0.432963
v -0.108446 1.371853 0.367287
v -0.299175 1.215404 0.134886
v -0.331406 1.213896 0.018641
v -0.331038 1.232381 -0.084425
v -0.321527 1.301311 -0.181073
v -0.314012 1.367098 -0.225966
v -0.307512 1.463261 -0.230132
v -0.286754 1.555090 -0.192880
v -0.273329 1.612132 -0.126641
v -0.279067 1.634176 -0.034392
v -0.280796 1.635601 0.067227
v -0.272537 1.596444 0.162790
v -0.326526 1.301912 0.145008
v -0.354477 1.309627 0.033507
v -0.353915 1.314737 -0.026150
v -0.339168 1.364255 -0.138703
v -0.330977 1.400018 -0.175526
v -0.326968 1.461989 -0.166856
v -0.314403 1.519217 -0.152822
v -0.318293 1.536404 -0.101981
v -0.329139 1.542618 -0.026626
v -0.336440 1.535768 0.048108
v -0.309134 1.507719 0.169098
v -0.330647 1.403813 0.160312
v -0.354391 1.428308 0.049717
v -0.354518 1.430449 -0.004076
v -0.338404 1.457345 -0.107152
v -0.093768 1.551592 0.264245
v -0.070054 1.513225 0.278321
v -0.084148 1.468306 0.293472
v -0.158854 1.534489 0.266215
v -0.118280 1.531146 0.279668
v -0.103757 1.503021 0.291524
v -0.107445 1.484280 0.294951
v -0.134318 1.466983 0.294530
v -0.168074 1.473470 0.282279
v -0.186386 1.489933 0.266126
v -0.180339 1.516718 0.261534
v -0.372780 1.480275 0.039398
v -0.366774 1.524265 0.028538
v -0.431312 1.470642 0.031958
v -0.436762 1.445690 0.042151
v -0.453168 1.512132 0.012394
v -0.479931 1.479952 0.017637
v -0.361904 1.597783 -0.004500
v -0.391076 1.588270 -0.007373
v -0.353740 1.593423 -0.043167
v -0.417324 1.672504 -0.040560
v -0.437870 1.656822 -0.047498
v -0.406612 1.668975 -0.081241
v -0.473706 1.753817 -0.080215
v -0.469973 1.754146 -0.119649
v -0.464539 1.573826 -0.016189
v -0.481865 1.554820 -0.012483
v -0.497709 1.642674 -0.050123
v -0.513515 1.624516 -0.047509
v -0.492264 1.741900 -0.087154
v -0.522468 1.727256 -0.090611
v -0.542012 1.717774 -0.089044
v -0.433724 1.442184 -0.001657
v -0.471729 1.472146 -0.020837
v -0.477996 1.544663 -0.056285
v -0.508776 1.611322 -0.082892
v -0.534577 1.706411 -0.118566
v -0.502527 1.791185 -0.104647
v -0.496982 1.789169 -0.129724
v -0.514497 1.782363 -0.106206
v -0.533257 1.772430 -0.110004
v -0.548687 1.763276 -0.107412
v -0.544106 1.754450 -0.134363
v -0.525291 1.810806 -0.115236
v -0.525101 1.806189 -0.138854
v -0.543684 1.804887 -0.119158
v -0.536322 1.802893 -0.141009
v -0.414021 1.490188 -0.031283
v -0.431156 1.511566 -0.042976
v -0.450026 1.565085 -0.068334
v -0.481443 1.629234 -0.094673
v -0.391404 1.485235 -0.029776
v -0.377229 1.537045 -0.047694
v -0.399756 1.583675 -0.069792
v -0.437374 1.652243 -0.096967
v -0.477263 1.717579 -0.122507
v -0.502426 1.768254 -0.138086
v -0.506609 1.701308 -0.121374
v -0.526928 1.753224 -0.133995
v 0.043114 1.287245 0.356783
v 0.045270 1.315448 0.371598
v 0.088792 1.295917 0.333379
v 0.099750 1.345397 0.359160
v 0.150371 1.322657 0.294224
v 0.126566 1.373011 0.309195
v 0.205644 1.344225 0.262924
v 0.208575 1.386739 0.264946
v 0.218090 1.338813 0.252961
v 0.259965 1.363069 0.234314
v 0.226333 1.305231 0.247554
v 0.272428 1.308563 0.216261
v 0.207387 1.250775 0.254151
v 0.240026 1.240585 0.219573
v 0.157969 1.206218 0.283374
v 0.185903 1.172179 0.231902
v 0.065213 1.169520 0.329390
v 0.074611 1.117862 0.268281
v 0.067779 1.441895 0.336879
v 0.130069 1.400881 0.310597
v 0.130737 1.437532 0.286721
v 0.204688 1.411944 0.264921
v 0.181945 1.444893 0.263395
v 0.249068 1.460784 0.236276
v 0.205201 1.473723 0.236674
v 0.253710 1.537742 0.214684
v 0.204776 1.522578 0.219824
v 0.192570 1.594497 0.245165
v 0.167969 1.557980 0.239469
v 0.104556 1.590309 0.278897
v 0.036897 1.532465 0.327389
v 0.038855 1.460191 0.383522
v 0.064040 1.413454 0.428787
v 0.099928 1.716273 0.191388
v 0.109030 1.744876 -0.074321
v 0.114307 1.701331 -0.198773
v 0.138607 1.465148 -0.366412
v 0.139435 1.300549 -0.350883
v 0.146744 1.099123 -0.191792
v 0.140721 1.060331 -0.006471
v 0.116399 1.066554 0.108946
v 0.145554 1.190472 -0.294294
v 0.130469 1.615404 -0.300938
v 0.108847 1.749385 0.064581
v 0.165957 1.285518 0.251955
v 0.059733 1.235983 0.320338
v 0.118984 1.253278 0.284246
v 0.047660 1.278739 0.343844
v 0.094171 1.290080 0.322289
v 0.146589 1.311254 0.289222
v 0.194922 1.333095 0.249963
v 0.067158 1.179431 0.329241
v 0.148826 1.212306 0.286644
v 0.194377 1.257881 0.261923
v 0.212961 1.304718 0.247853
v 0.208570 1.325858 0.243843
v 0.207653 1.667044 0.172929
v 0.212583 1.699472 0.063244
v 0.216728 1.695811 -0.056449
v 0.217730 1.656399 -0.163759
v 0.235205 1.585284 -0.247195
v 0.257482 1.460208 -0.307958
v 0.259185 1.321548 -0.294852
v 0.264954 1.233772 -0.245084
v 0.274072 1.149962 -0.139706
v 0.275908 1.125503 0.010250
v 0.240795 1.144483 0.149592
v 0.062185 1.356862 0.432963
v 0.108446 1.371853 0.367287
v 0.299175 1.215404 0.134886
v 0.331406 1.213896 0.018641
v 0.331038 1.232381 -0.084425
v 0.321527 1.301311 -0.181073
v 0.314012 1.367098 -0.225966
v 0.307512 1.463261 -0.230132
v 0.286754 1.555090 -0.192880
v 0.273329 1.612132 -0.126641
v 0.279067 1.634176 -0.034392
v 0.280796 1.635601 0.067227
v 0.272537 1.596444 0.162790
v 0.326526 1.301912 0.145008
v 0.354477 1.309627 0.033507
v 0.353915 1.314737 -0.026150
v 0.339168 1.364255 -0.138703
v 0.330977 1.400018 -0.175526
v 0.326968 1.461989 -0.166856
v 0.314403 1.519217 -0.152822
v 0.318293 1.536404 -0.101981
v 0.329139 1.542618 -0.026626
v 0.336440 1.535768 0.048108
v 0.309134 1.507719 0.169098
v 0.330647 1.403813 0.160312
v 0.354391 1.428308 0.049717
v 0.354518 1.430449 -0.004076
v 0.338404 1.457345 -0.107152
v 0.093768 1.551592 0.264245
v 0.070054 1.513225 0.278321
v 0.084148 1.468306 0.293472
v 0.158854 1.534489 0.266215
v 0.118280 1.531146 0.279668
v 0.103757 1.503021 0.291524
v 0.107445 1.484280 0.294951
v 0.134318 1.466983 0.294530
v 0.168074 1.473470 0.282279
v 0.186386 1.489933 0.266126
v 0.180339 1.516718 0.261534
v 0.372780 1.480275 0.039398
v 0.366774 1.524265 0.028538
v 0.431312 1.470642 0.031958
v 0.436762 1.445690 0.042151
v 0.453168 1.512132 0.012394
v 0.479931 1.479952 0.017637
v 0.361904 1.597783 -0.004500
v 0.391076 1.588270 -0.007373
v 0.353740 1.593423 -0.043167
v 0.417324 1.672504 -0.040560
v 0.437870 1.656822 -0.047498
v 0.406612 1.668975 -0.081241
v 0.473706 1.753817 -0.080215
v 0.469973 1.754146 -0.119649
v 0.464539 1.573826 -0.016189
v 0.481865 1.554820 -0.016565
v 0.497709 1.642674 -0.050123
v 0.513515 1.624516 -0.047509
v 0.492264 1.741900 -0.087154
v 0.522468 1.727256 -0.090611
v 0.542012 1.717774 -0.089044
v 0.433724 1.442184 -0.001657
v 0.471729 1.472146 -0.020837
v 0.477996 1.544663 -0.056285
v 0.508776 1.611322 -0.082892
v 0.534577 1.706411 -0.118566
v 0.502527 1.791185 -0.104647
v 0.496982 1.789169 -0.129724
v 0.514497 1.782363 -0.106206
v 0.533257 1.772430 -0.110004
v 0.548687 1.763276 -0.107412
v 0.544106 1.758558 -0.133301
v 0.525291 1.810806 -0.115236
v 0.525101 1.806189 -0.138854
v 0.543684 1.804887 -0.119158
v 0.536322 1.802893 -0.141009
v 0.416588 1.473642 -0.031283
v 0.444408 1.510781 -0.042976
v 0.456533 1.565085 -0.068334
v 0.487013 1.629234 -0.094673
v 0.373820 1.471925 -0.029776
v 0.359910 1.528810 -0.047694
v 0.393263 1.594991 -0.069792
v 0.432608 1.655407 -0.096967
v 0.481915 1.731997 -0.122507
v 0.507822 1.772500 -0.138086
v 0.515982 1.711518 -0.121374
v 0.528462 1.763836 -0.134059
vt 0.181553 0.597562
vt 0.195381 0.596759
vt 0.195253 0.603847
vt 0.181817 0.605349
vt 0.165790 0.613212
vt 0.164833 0.600177
vt 0.151209 0.623099
vt 0.140991 0.612524
vt 0.119962 0.625771
vt 0.121798 0.636064
vt 0.104092 0.639829
vt 0.113873 0.626923
vt 0.092427 0.632296
vt 0.105323 0.622480
vt 0.087951 0.614776
vt 0.099521 0.609542
vt 0.085810 0.593179
vt 0.102875 0.591937
vt 0.094655 0.562337
vt 0.114127 0.567047
vt 0.098579 0.543662
vt 0.122222 0.552808
vt 0.145572 0.642250
vt 0.131524 0.648018
vt 0.124279 0.641622
vt 0.149092 0.630867
vt 0.126051 0.658435
vt 0.114797 0.660193
vt 0.128995 0.670144
vt 0.119415 0.679789
vt 0.141608 0.672467
vt 0.140002 0.681668
vt 0.190337 0.670987
vt 0.162404 0.672283
vt 0.180654 0.653495
vt 0.191345 0.654101
vt 0.053399 0.518340
vt 0.052689 0.495117
vt 0.064147 0.495878
vt 0.064404 0.517707
vt 0.049727 0.479388
vt 0.063944 0.478650
vt 0.036763 0.496036
vt 0.019172 0.481348
vt 0.032363 0.470423
vt 0.049784 0.465603
vt 0.063776 0.464363
vt 0.189580 0.701454
vt 0.166356 0.702348
vt 0.189127 0.727133
vt 0.163503 0.728368
vt 0.188808 0.754999
vt 0.188660 0.783462
vt 0.163477 0.781316
vt 0.163765 0.755569
vt 0.188618 0.810255
vt 0.160719 0.807975
vt 0.188641 0.845039
vt 0.188759 0.880299
vt 0.154730 0.875617
vt 0.158607 0.841723
vt 0.188953 0.917038
vt 0.145023 0.898923
vt 0.151757 0.946921
vt 0.102071 0.974493
vt 0.078070 0.944018
vt 0.120382 0.920210
vt 0.026539 0.533237
vt 0.053902 0.535894
vt 0.051127 0.565328
vt 0.021746 0.569738
vt 0.119697 0.620530
vt 0.141123 0.608968
vt 0.179008 0.594244
vt 0.195492 0.592802
vt 0.161523 0.598576
vt 0.179136 0.566669
vt 0.178306 0.552541
vt 0.194396 0.551475
vt 0.194573 0.565206
vt 0.161592 0.570190
vt 0.155876 0.559230
vt 0.147355 0.577156
vt 0.142024 0.568864
vt 0.183411 0.578280
vt 0.194731 0.577514
vt 0.171225 0.580564
vt 0.155932 0.585298
vt 0.115734 0.568991
vt 0.123914 0.553978
vt 0.105690 0.591357
vt 0.103638 0.608438
vt 0.107999 0.620262
vt 0.113823 0.622268
vt 0.136042 0.585889
vt 0.135532 0.580414
vt 0.139552 0.588122
vt 0.138680 0.703669
vt 0.137188 0.728376
vt 0.136091 0.754542
vt 0.137055 0.779098
vt 0.135167 0.802907
vt 0.130948 0.832162
vt 0.124016 0.860445
vt 0.113327 0.876673
vt 0.088870 0.892693
vt 0.053609 0.901471
vt 0.061230 0.601795
vt 0.025230 0.609866
vt 0.047940 0.448916
vt 0.063549 0.445153
vt 0.031769 0.462197
vt 0.017852 0.473558
vt 0.061472 0.624921
vt 0.033652 0.637558
vt 0.046207 0.866972
vt 0.070839 0.864784
vt 0.094013 0.853095
vt 0.105800 0.841395
vt 0.112664 0.820756
vt 0.118055 0.798059
vt 0.119378 0.776858
vt 0.114424 0.753277
vt 0.115444 0.726046
vt 0.117257 0.700007
vt 0.071264 0.645295
vt 0.046116 0.662857
vt 0.044519 0.832765
vt 0.058846 0.835726
vt 0.085891 0.832055
vt 0.096374 0.827432
vt 0.100283 0.811558
vt 0.105070 0.796649
vt 0.099226 0.782124
vt 0.089467 0.759990
vt 0.085930 0.725160
vt 0.101021 0.686749
vt 0.084848 0.666660
vt 0.065730 0.693178
vt 0.050474 0.794973
vt 0.063288 0.797836
vt 0.087800 0.803117
vt 0.158784 0.664678
vt 0.162847 0.656080
vt 0.168135 0.635262
vt 0.158093 0.648041
vt 0.038701 0.747459
vt 0.052091 0.747468
vt 0.048621 0.752389
vt 0.041664 0.752444
vt 0.038559 0.756905
vt 0.033311 0.753643
vt 0.038750 0.760042
vt 0.034565 0.762183
vt 0.042214 0.768303
vt 0.042752 0.763275
vt 0.052113 0.767349
vt 0.048513 0.762530
vt 0.058169 0.762051
vt 0.052326 0.759902
vt 0.059485 0.753290
vt 0.051965 0.755433
vt 0.407893 0.320842
vt 0.415568 0.311581
vt 0.428214 0.303490
vt 0.413092 0.328922
vt 0.406940 0.300547
vt 0.410509 0.295522
vt 0.398186 0.293532
vt 0.395257 0.302644
vt 0.381333 0.301509
vt 0.380068 0.308058
vt 0.391750 0.333602
vt 0.389059 0.325991
vt 0.403569 0.346550
vt 0.389427 0.343550
vt 0.367336 0.332596
vt 0.366699 0.325845
vt 0.365478 0.343097
vt 0.339411 0.341433
vt 0.342911 0.332727
vt 0.359973 0.311665
vt 0.360835 0.305885
vt 0.341526 0.327376
vt 0.338237 0.320048
vt 0.336227 0.315242
vt 0.410721 0.285180
vt 0.431216 0.289279
vt 0.395485 0.284870
vt 0.376027 0.291276
vt 0.357125 0.297353
vt 0.331676 0.308796
vt 0.330067 0.338757
vt 0.331902 0.333546
vt 0.331160 0.330390
vt 0.328843 0.326319
vt 0.326952 0.322811
vt 0.320295 0.319750
vt 0.322521 0.336423
vt 0.325703 0.333492
vt 0.319560 0.335849
vt 0.323000 0.331446
vt 0.399990 0.372331
vt 0.408365 0.384499
vt 0.395598 0.387002
vt 0.392519 0.372395
vt 0.378123 0.376865
vt 0.377766 0.367962
vt 0.358331 0.372357
vt 0.358953 0.363937
vt 0.404388 0.368385
vt 0.421839 0.369814
vt 0.395540 0.357564
vt 0.382012 0.355130
vt 0.362130 0.352118
vt 0.342951 0.348893
vt 0.330127 0.343641
vt 0.333692 0.360308
vt 0.340008 0.356325
vt 0.322806 0.350494
vt 0.326828 0.349207
vt 0.208951 0.598458
vt 0.208134 0.606438
vt 0.225402 0.601447
vt 0.224049 0.614215
vt 0.247888 0.615230
vt 0.237011 0.625219
vt 0.265937 0.629903
vt 0.262237 0.639808
vt 0.271739 0.631486
vt 0.279676 0.644946
vt 0.280717 0.627624
vt 0.292285 0.638480
vt 0.298741 0.621424
vt 0.287852 0.615010
vt 0.286386 0.596986
vt 0.303201 0.600047
vt 0.277856 0.570975
vt 0.297715 0.568387
vt 0.271342 0.555939
vt 0.295817 0.549390
vt 0.235729 0.642329
vt 0.234946 0.631781
vt 0.258678 0.644835
vt 0.250039 0.649904
vt 0.254816 0.661002
vt 0.266337 0.663693
vt 0.260466 0.682463
vt 0.251355 0.672238
vt 0.239851 0.682983
vt 0.238766 0.673505
vt 0.202073 0.654547
vt 0.218183 0.672764
vt 0.075420 0.518082
vt 0.075584 0.494848
vt 0.078174 0.479053
vt 0.108768 0.480291
vt 0.091527 0.495391
vt 0.077793 0.465273
vt 0.095322 0.469681
vt 0.212741 0.702998
vt 0.214694 0.729065
vt 0.213868 0.756150
vt 0.213869 0.781790
vt 0.216512 0.808389
vt 0.218687 0.842034
vt 0.222796 0.875826
vt 0.232747 0.899073
vt 0.226522 0.947126
vt 0.257650 0.920299
vt 0.300249 0.943789
vt 0.276560 0.974403
vt 0.368483 0.546618
vt 0.369367 0.583372
vt 0.340623 0.575935
vt 0.341009 0.546380
vt 0.267095 0.624815
vt 0.248215 0.611757
vt 0.211652 0.595214
vt 0.228801 0.600028
vt 0.210042 0.566271
vt 0.210508 0.552126
vt 0.227670 0.569339
vt 0.233102 0.558236
vt 0.242082 0.575936
vt 0.247199 0.567510
vt 0.206067 0.577988
vt 0.218307 0.579958
vt 0.233718 0.584296
vt 0.276050 0.572734
vt 0.269533 0.556919
vt 0.283648 0.596098
vt 0.283884 0.613447
vt 0.278340 0.625096
vt 0.272468 0.626818
vt 0.253985 0.578889
vt 0.253617 0.584375
vt 0.250165 0.586698
vt 0.240231 0.705174
vt 0.240980 0.729831
vt 0.241538 0.755767
vt 0.240314 0.780069
vt 0.242125 0.803691
vt 0.246403 0.832738
vt 0.253481 0.860846
vt 0.264329 0.876952
vt 0.288971 0.892784
vt 0.324358 0.901251
vt 0.361639 0.622747
vt 0.326685 0.611107
vt 0.079242 0.448546
vt 0.095721 0.461443
vt 0.109903 0.472472
vt 0.323967 0.633964
vt 0.350437 0.649139
vt 0.331506 0.866908
vt 0.306835 0.864966
vt 0.283542 0.853523
vt 0.271665 0.841963
vt 0.264717 0.821530
vt 0.259296 0.799070
vt 0.258047 0.778137
vt 0.263200 0.755028
vt 0.262720 0.728291
vt 0.261675 0.702528
vt 0.312107 0.653047
vt 0.335562 0.672571
vt 0.332981 0.832943
vt 0.318677 0.836047
vt 0.291591 0.832662
vt 0.281074 0.828134
vt 0.277133 0.812463
vt 0.272337 0.797774
vt 0.278238 0.783547
vt 0.288137 0.761942
vt 0.292164 0.728710
vt 0.278582 0.690607
vt 0.296367 0.672572
vt 0.313692 0.699877
vt 0.314064 0.798559
vt 0.326812 0.795506
vt 0.289632 0.804104
vt 0.221722 0.664627
vt 0.217574 0.655497
vt 0.213153 0.636179
vt 0.221620 0.646216
vt 0.038031 0.716469
vt 0.040994 0.721454
vt 0.047951 0.721398
vt 0.051421 0.716477
vt 0.032640 0.722653
vt 0.037888 0.725915
vt 0.033895 0.731193
vt 0.038080 0.729052
vt 0.041543 0.737313
vt 0.042082 0.732285
vt 0.051443 0.736359
vt 0.047843 0.731539
vt 0.057499 0.731061
vt 0.051656 0.728911
vt 0.058815 0.722300
vt 0.051294 0.724443
vt 0.334709 0.217662
vt 0.328852 0.225260
vt 0.315862 0.198814
vt 0.327806 0.207857
vt 0.334139 0.192314
vt 0.337300 0.197601
vt 0.346555 0.191346
vt 0.348810 0.200610
vt 0.363311 0.200471
vt 0.363561 0.207161
vt 0.353072 0.224300
vt 0.349722 0.231626
vt 0.351180 0.241725
vt 0.336733 0.243390
vt 0.375335 0.226231
vt 0.374114 0.232902
vt 0.375018 0.243547
vt 0.398460 0.235354
vt 0.401217 0.244425
vt 0.382932 0.206911
vt 0.383266 0.212745
vt 0.400294 0.230113
vt 0.404173 0.223074
vt 0.406509 0.218451
vt 0.314012 0.184420
vt 0.334766 0.182003
vt 0.349990 0.183046
vt 0.368681 0.191415
vt 0.387237 0.198694
vt 0.411819 0.212253
vt 0.409371 0.237067
vt 0.410759 0.242472
vt 0.410400 0.233950
vt 0.413134 0.230055
vt 0.415415 0.226705
vt 0.421924 0.225540
vt 0.415484 0.237522
vt 0.418380 0.240789
vt 0.418346 0.235658
vt 0.421323 0.240386
vt 0.335265 0.272403
vt 0.347184 0.273696
vt 0.341041 0.285124
vt 0.328271 0.281520
vt 0.361551 0.268731
vt 0.359509 0.276288
vt 0.380540 0.265986
vt 0.379573 0.273347
vt 0.316486 0.265070
vt 0.329360 0.263415
vt 0.340165 0.253006
vt 0.358732 0.251272
vt 0.377406 0.251529
vt 0.400020 0.250055
vt 0.411789 0.246944
vt 0.402655 0.259246
vt 0.404982 0.263429
vt 0.414800 0.250996
vt 0.417431 0.254006
vn -0.365054 -0.519056 0.772863
vn 0.000000 -0.598830 0.800876
vn 0.000000 -0.598830 0.800876
vn -0.382685 -0.510130 0.770273
vn -0.382685 -0.510130 0.770273
vn -0.676355 -0.259999 0.689162
vn -0.631719 -0.310159 0.710446
vn -0.365054 -0.519056 0.772863
vn -0.676355 -0.259999 0.689162
vn -0.612574 -0.092818 0.784944
vn -0.613412 -0.101286 0.783241
vn -0.631719 -0.310159 0.710446
vn -0.492305 -0.068465 0.867726
vn -0.613412 -0.101286 0.783241
vn -0.612574 -0.092818 0.784944
vn -0.504171 -0.011235 0.863531
vn -0.504171 -0.011235 0.863531
vn -0.687181 -0.014265 0.726346
vn -0.505914 -0.110760 0.855443
vn -0.492305 -0.068465 0.867726
vn -0.687181 -0.014265 0.726346
vn -0.727053 -0.192995 0.658898
vn -0.579005 -0.161011 0.799268
vn -0.505914 -0.110760 0.855443
vn -0.688908 -0.354836 0.632058
vn -0.650611 -0.311872 0.692417
vn -0.579005 -0.161011 0.799268
vn -0.727053 -0.192995 0.658898
vn -0.688908 -0.354836 0.632058
vn -0.524578 -0.671107 0.523863
vn -0.553983 -0.540523 0.633197
vn -0.650611 -0.311872 0.692417
vn -0.524578 -0.671107 0.523863
vn -0.298804 -0.836868 0.458659
vn -0.344421 -0.676961 0.650461
vn -0.553983 -0.540523 0.633197
vn -0.298804 -0.836868 0.458659
vn -0.129190 -0.909008 0.396251
vn -0.158006 -0.738212 0.655803
vn -0.344421 -0.676961 0.650461
vn -0.477734 0.487468 0.730852
vn -0.332720 0.413275 0.847645
vn -0.454405 0.169382 0.874543
vn -0.505587 0.314044 0.803591
vn -0.144026 0.341210 0.928888
vn -0.599811 0.153760 0.785229
vn -0.454405 0.169382 0.874543
vn -0.332720 0.413275 0.847645
vn -0.144026 0.341210 0.928888
vn -0.136755 -0.023624 0.990323
vn -0.593183 0.280021 0.754799
vn -0.599811 0.153760 0.785229
vn -0.136755 -0.023624 0.990323
vn -0.277961 -0.350248 0.894463
vn -0.440723 0.417000 0.794906
vn -0.593183 0.280021 0.754799
vn 0.000000 0.574245 0.818683
vn -0.346129 0.451210 0.822560
vn -0.524223 0.285356 0.802348
vn 0.000000 0.391732 0.920079
vn -0.461316 0.542562 0.702007
vn -0.539010 0.682985 0.492950
vn 0.000000 0.728405 0.685147
vn 0.000000 0.606619 0.794993
vn -0.539010 0.682985 0.492950
vn -0.641413 0.439421 0.628886
vn 0.000000 0.401252 0.915968
vn 0.000000 0.728405 0.685147
vn -0.539010 0.682985 0.492950
vn -0.703303 0.654640 0.277151
vn -0.853079 0.369290 0.368621
vn -0.641413 0.439421 0.628886
vn -0.853079 0.369290 0.368621
vn -0.862004 -0.119373 0.492645
vn -0.602320 -0.364178 0.710341
vn -0.641413 0.439421 0.628886
vn -0.641413 0.439421 0.628886
vn -0.602320 -0.364178 0.710341
vn 0.000000 -0.503909 0.863757
vn 0.000000 0.401252 0.915968
vn 0.000000 0.574245 0.818683
vn 0.000000 0.823143 0.567835
vn -0.291218 0.798159 0.527384
vn -0.346129 0.451210 0.822560
vn 0.000000 0.823143 0.567835
vn 0.000000 0.993231 0.116160
vn -0.284655 0.952163 0.111167
vn -0.291218 0.798159 0.527384
vn 0.000000 0.985662 -0.168733
vn 0.000000 0.867945 -0.496660
vn -0.304758 0.837672 -0.453242
vn -0.284165 0.943906 -0.168201
vn 0.000000 0.867945 -0.496660
vn 0.000000 0.553705 -0.832713
vn -0.308776 0.557553 -0.770579
vn -0.304758 0.837672 -0.453242
vn 0.000000 0.155143 -0.987892
vn 0.000000 -0.233743 -0.972299
vn -0.286303 -0.240877 -0.927367
vn -0.292158 0.160449 -0.942815
vn -0.156068 -0.618782 -0.769904
vn -0.306644 -0.595520 -0.742513
vn -0.106270 -0.916835 -0.384865
vn -0.071109 -0.981250 -0.179143
vn -0.241932 -0.954519 -0.174249
vn -0.278085 -0.880014 -0.385026
vn -0.061388 -0.996988 0.047408
vn -0.090518 -0.979839 0.178108
vn -0.289062 -0.925778 0.243676
vn -0.305830 -0.941814 0.139478
vn -0.090518 -0.979839 0.178108
vn -0.129190 -0.909008 0.396251
vn -0.298804 -0.836868 0.458659
vn -0.289062 -0.925778 0.243676
vn -0.106270 -0.916835 -0.384865
vn -0.278085 -0.880014 -0.385026
vn 0.000000 0.553705 -0.832713
vn 0.000000 0.155143 -0.987892
vn -0.292158 0.160449 -0.942815
vn -0.308776 0.557553 -0.770579
vn 0.000000 0.993231 0.116160
vn 0.000000 0.985662 -0.168733
vn -0.284165 0.943906 -0.168201
vn -0.284655 0.952163 0.111167
vn -0.482532 -0.725036 0.491412
vn -0.596729 -0.605527 0.526547
vn -0.591043 -0.643586 0.486277
vn -0.465078 -0.727796 0.504000
vn -0.219071 -0.771928 0.596771
vn -0.310020 -0.740121 0.596748
vn 0.000000 -0.805092 0.593150
vn 0.000000 -0.805092 0.593150
vn -0.497253 -0.627358 0.599302
vn -0.563987 -0.558906 0.607900
vn -0.310020 -0.740121 0.596748
vn -0.219071 -0.771928 0.596771
vn -0.591043 -0.643586 0.486277
vn -0.596729 -0.605527 0.526547
vn -0.563987 -0.558906 0.607900
vn -0.497253 -0.627358 0.599302
vn -0.351778 -0.017848 0.935913
vn -0.282168 0.218732 0.934097
vn 0.000000 0.179881 0.983688
vn 0.000000 -0.054284 0.998526
vn -0.482534 0.026897 0.875464
vn -0.337219 0.303158 0.891279
vn -0.282168 0.218732 0.934097
vn -0.351778 -0.017848 0.935913
vn -0.421131 0.010941 0.906934
vn -0.176672 0.343752 0.922291
vn -0.337219 0.303158 0.891279
vn -0.482534 0.026897 0.875464
vn -0.335250 -0.386837 0.859049
vn -0.351778 -0.017848 0.935913
vn 0.000000 -0.054284 0.998526
vn 0.000000 -0.403605 0.914933
vn -0.563363 -0.361270 0.743039
vn -0.482534 0.026897 0.875464
vn -0.351778 -0.017848 0.935913
vn -0.335250 -0.386837 0.859049
vn -0.633603 -0.358247 0.685716
vn -0.421131 0.010941 0.906934
vn -0.482534 0.026897 0.875464
vn -0.563363 -0.361270 0.743039
vn -0.370380 0.027448 0.928475
vn -0.307537 0.028981 0.951095
vn -0.178776 0.031640 0.983381
vn -0.178776 0.031640 0.983381
vn -0.452058 0.030700 0.891460
vn -0.458265 0.035191 0.888119
vn -0.307537 0.028981 0.951095
vn -0.370380 0.027448 0.928475
vn -0.404645 0.055407 0.912794
vn -0.383824 0.060639 0.921413
vn -0.458265 0.035191 0.888119
vn -0.452058 0.030700 0.891460
vn -0.383824 0.060639 0.921413
vn -0.404645 0.055407 0.912794
vn -0.130402 0.027797 0.991072
vn -0.092938 0.017208 0.995523
vn -0.465078 -0.727796 0.504000
vn 0.070545 -0.513109 0.855420
vn 0.171346 -0.355299 0.918914
vn -0.482532 -0.725036 0.491412
vn 0.070545 -0.513109 0.855420
vn -0.092938 0.017208 0.995523
vn -0.130402 0.027797 0.991072
vn 0.171346 -0.355299 0.918914
vn -0.176672 0.343752 0.922291
vn -0.421131 0.010941 0.906934
vn -0.385503 -0.100152 0.917255
vn 0.022541 0.261362 0.964978
vn -0.606446 -0.339101 0.719189
vn -0.385503 -0.100152 0.917255
vn -0.421131 0.010941 0.906934
vn -0.633603 -0.358247 0.685716
vn -0.346129 0.451210 0.822560
vn -0.291218 0.798159 0.527384
vn -0.514956 0.706974 0.484777
vn -0.440723 0.417000 0.794906
vn -0.291218 0.798159 0.527384
vn -0.284655 0.952163 0.111167
vn -0.540470 0.832156 0.124133
vn -0.514956 0.706974 0.484777
vn -0.284655 0.952163 0.111167
vn -0.284165 0.943906 -0.168201
vn -0.543752 0.827516 -0.139825
vn -0.540470 0.832156 0.124133
vn -0.284165 0.943906 -0.168201
vn -0.304758 0.837672 -0.453242
vn -0.552264 0.744610 -0.374914
vn -0.543752 0.827516 -0.139825
vn -0.304758 0.837672 -0.453242
vn -0.308776 0.557553 -0.770579
vn -0.571805 0.533490 -0.623239
vn -0.552264 0.744610 -0.374914
vn -0.308776 0.557553 -0.770579
vn -0.292158 0.160449 -0.942815
vn -0.586599 0.164283 -0.793040
vn -0.571805 0.533490 -0.623239
vn -0.286303 -0.240877 -0.927367
vn -0.588965 -0.199246 -0.783212
vn -0.586599 0.164283 -0.793040
vn -0.292158 0.160449 -0.942815
vn -0.286303 -0.240877 -0.927367
vn -0.306644 -0.595520 -0.742513
vn -0.638549 -0.482370 -0.599645
vn -0.588965 -0.199246 -0.783212
vn -0.306644 -0.595520 -0.742513
vn -0.278085 -0.880014 -0.385026
vn -0.623852 -0.717522 -0.309792
vn -0.638549 -0.482370 -0.599645
vn -0.278085 -0.880014 -0.385026
vn -0.241932 -0.954519 -0.174249
vn -0.601252 -0.786026 -0.143729
vn -0.623852 -0.717522 -0.309792
vn -0.305830 -0.941814 0.139478
vn -0.289062 -0.925778 0.243676
vn -0.573919 -0.733148 0.364843
vn -0.595834 -0.772147 0.220842
vn -0.524578 -0.671107 0.523863
vn -0.573919 -0.733148 0.364843
vn -0.289062 -0.925778 0.243676
vn -0.298804 -0.836868 0.458659
vn -0.602320 -0.364178 0.710341
vn -0.420629 -0.784645 0.455416
vn 0.000000 -0.873507 0.486812
vn 0.000000 -0.503909 0.863757
vn -0.862004 -0.119373 0.492645
vn -0.704129 -0.587721 0.398481
vn -0.420629 -0.784645 0.455416
vn -0.602320 -0.364178 0.710341
vn -0.853079 0.369290 0.368621
vn -0.923984 -0.257125 0.283092
vn -0.704129 -0.587721 0.398481
vn -0.862004 -0.119373 0.492645
vn -0.454405 0.169382 0.874543
vn -0.504171 -0.011235 0.863531
vn -0.612574 -0.092818 0.784944
vn -0.505587 0.314044 0.803591
vn -0.461316 0.542562 0.702007
vn -0.703303 0.654640 0.277151
vn -0.539010 0.682985 0.492950
vn -0.688908 -0.354836 0.632058
vn -0.819902 -0.427916 0.380328
vn -0.573919 -0.733148 0.364843
vn -0.524578 -0.671107 0.523863
vn -0.819902 -0.427916 0.380328
vn -0.863683 -0.438442 0.248637
vn -0.595834 -0.772147 0.220842
vn -0.573919 -0.733148 0.364843
vn -0.901968 -0.424910 -0.076847
vn -0.913127 -0.359631 -0.192003
vn -0.623852 -0.717522 -0.309792
vn -0.601252 -0.786026 -0.143729
vn -0.913127 -0.359631 -0.192003
vn -0.904750 -0.249446 -0.345259
vn -0.638549 -0.482370 -0.599645
vn -0.623852 -0.717522 -0.309792
vn -0.904750 -0.249446 -0.345259
vn -0.867122 -0.084462 -0.490882
vn -0.588965 -0.199246 -0.783212
vn -0.638549 -0.482370 -0.599645
vn -0.588965 -0.199246 -0.783212
vn -0.867122 -0.084462 -0.490882
vn -0.848083 0.192380 -0.493706
vn -0.586599 0.164283 -0.793040
vn -0.848083 0.192380 -0.493706
vn -0.799038 0.454538 -0.393616
vn -0.571805 0.533490 -0.623239
vn -0.586599 0.164283 -0.793040
vn -0.799038 0.454538 -0.393616
vn -0.780893 0.573885 -0.246703
vn -0.552264 0.744610 -0.374914
vn -0.571805 0.533490 -0.623239
vn -0.780893 0.573885 -0.246703
vn -0.791761 0.603362 -0.095230
vn -0.543752 0.827516 -0.139825
vn -0.552264 0.744610 -0.374914
vn -0.791761 0.603362 -0.095230
vn -0.796412 0.586808 0.146235
vn -0.540470 0.832156 0.124133
vn -0.543752 0.827516 -0.139825
vn -0.796412 0.586808 0.146235
vn -0.772277 0.479126 0.417166
vn -0.514956 0.706974 0.484777
vn -0.540470 0.832156 0.124133
vn -0.772277 0.479126 0.417166
vn -0.593183 0.280021 0.754799
vn -0.440723 0.417000 0.794906
vn -0.514956 0.706974 0.484777
vn -0.727053 -0.192995 0.658898
vn -0.904172 -0.184431 0.385303
vn -0.819902 -0.427916 0.380328
vn -0.688908 -0.354836 0.632058
vn -0.904172 -0.184431 0.385303
vn -0.958996 -0.165856 0.229824
vn -0.863683 -0.438442 0.248637
vn -0.819902 -0.427916 0.380328
vn -0.992042 -0.123850 -0.022663
vn -0.990691 -0.093479 -0.098962
vn -0.913127 -0.359631 -0.192003
vn -0.901968 -0.424910 -0.076847
vn -0.990691 -0.093479 -0.098962
vn -0.982997 -0.042298 -0.178686
vn -0.904750 -0.249446 -0.345259
vn -0.913127 -0.359631 -0.192003
vn -0.982997 -0.042298 -0.178686
vn -0.965211 0.029415 -0.259811
vn -0.867122 -0.084462 -0.490882
vn -0.904750 -0.249446 -0.345259
vn -0.867122 -0.084462 -0.490882
vn -0.965211 0.029415 -0.259811
vn -0.951986 0.180091 -0.247566
vn -0.848083 0.192380 -0.493706
vn -0.951986 0.180091 -0.247566
vn -0.910797 0.343078 -0.229668
vn -0.799038 0.454538 -0.393616
vn -0.848083 0.192380 -0.493706
vn -0.910797 0.343078 -0.229668
vn -0.921121 0.355351 -0.158940
vn -0.780893 0.573885 -0.246703
vn -0.799038 0.454538 -0.393616
vn -0.921121 0.355351 -0.158940
vn -0.913971 0.393518 -0.099001
vn -0.791761 0.603362 -0.095230
vn -0.780893 0.573885 -0.246703
vn -0.913971 0.393518 -0.099001
vn -0.918201 0.355447 0.174827
vn -0.796412 0.586808 0.146235
vn -0.791761 0.603362 -0.095230
vn -0.918201 0.355447 0.174827
vn -0.864784 0.235195 0.443657
vn -0.772277 0.479126 0.417166
vn -0.796412 0.586808 0.146235
vn -0.864784 0.235195 0.443657
vn -0.599811 0.153760 0.785229
vn -0.593183 0.280021 0.754799
vn -0.772277 0.479126 0.417166
vn -0.454405 0.169382 0.874543
vn -0.599811 0.153760 0.785229
vn -0.687181 -0.014265 0.726346
vn -0.504171 -0.011235 0.863531
vn -0.864784 0.235195 0.443657
vn -0.900779 0.040394 0.432395
vn -0.687181 -0.014265 0.726346
vn -0.599811 0.153760 0.785229
vn -0.900779 0.040394 0.432395
vn -0.904172 -0.184431 0.385303
vn -0.727053 -0.192995 0.658898
vn -0.687181 -0.014265 0.726346
vn -0.918201 0.355447 0.174827
vn -0.969000 0.070156 0.236890
vn -0.900779 0.040394 0.432395
vn -0.864784 0.235195 0.443657
vn -0.969000 0.070156 0.236890
vn -0.958996 -0.165856 0.229824
vn -0.904172 -0.184431 0.385303
vn -0.900779 0.040394 0.432395
vn -0.992042 -0.123850 -0.022663
vn -0.999991 -0.001565 -0.003934
vn -0.993381 0.067320 -0.093075
vn -0.990691 -0.093479 -0.098962
vn -0.921121 0.355351 -0.158940
vn -0.982505 0.127310 -0.135927
vn -0.993381 0.067320 -0.093075
vn -0.913971 0.393518 -0.099001
vn -0.982505 0.127310 -0.135927
vn -0.982997 -0.042298 -0.178686
vn -0.990691 -0.093479 -0.098962
vn -0.993381 0.067320 -0.093075
vn -0.951986 0.180091 -0.247566
vn -0.982505 0.127310 -0.135927
vn -0.921121 0.355351 -0.158940
vn -0.910797 0.343078 -0.229668
vn -0.982505 0.127310 -0.135927
vn -0.951986 0.180091 -0.247566
vn -0.965211 0.029415 -0.259811
vn -0.982997 -0.042298 -0.178686
vn -0.346129 0.451210 0.822560
vn -0.440723 0.417000 0.794906
vn -0.277961 -0.350248 0.894463
vn -0.612660 -0.368991 0.698923
vn -0.524223 0.285356 0.802348
vn -0.346129 0.451210 0.822560
vn -0.612660 -0.368991 0.698923
vn -0.835542 0.029851 0.548615
vn -0.693418 0.452153 0.561008
vn -0.524223 0.285356 0.802348
vn -0.835542 0.029851 0.548615
vn -0.723698 0.430341 0.539507
vn -0.477734 0.487468 0.730852
vn -0.505587 0.314044 0.803591
vn -0.693418 0.452153 0.561008
vn -0.723698 0.430341 0.539507
vn 0.005630 0.604499 0.796586
vn -0.475142 0.614447 0.629837
vn -0.362989 0.505078 0.783029
vn -0.125470 0.493022 0.860922
vn 0.005630 0.604499 0.796586
vn -0.125470 0.493022 0.860922
vn 0.073314 0.316035 0.945911
vn 0.215014 0.378081 0.900457
vn 0.215014 0.378081 0.900457
vn 0.073314 0.316035 0.945911
vn 0.015164 0.086486 0.996138
vn 0.143107 -0.000385 0.989707
vn -0.253201 -0.277112 0.926876
vn 0.143107 -0.000385 0.989707
vn 0.015164 0.086486 0.996138
vn -0.248410 0.006217 0.968635
vn -0.629891 -0.210473 0.747622
vn -0.253201 -0.277112 0.926876
vn -0.248410 0.006217 0.968635
vn -0.454997 0.037054 0.889722
vn -0.831351 0.084859 0.549230
vn -0.629891 -0.210473 0.747622
vn -0.454997 0.037054 0.889722
vn -0.747039 0.122470 0.653401
vn -0.783684 0.341547 0.518830
vn -0.831351 0.084859 0.549230
vn -0.747039 0.122470 0.653401
vn -0.691751 0.349114 0.632139
vn -0.475142 0.614447 0.629837
vn -0.783684 0.341547 0.518830
vn -0.691751 0.349114 0.632139
vn -0.362989 0.505078 0.783029
vn -0.125470 0.493022 0.860922
vn -0.362989 0.505078 0.783029
vn -0.454997 0.037054 0.889722
vn -0.248410 0.006217 0.968635
vn 0.015164 0.086486 0.996138
vn 0.073314 0.316035 0.945911
vn -0.125470 0.493022 0.860922
vn -0.248410 0.006217 0.968635
vn -0.691751 0.349114 0.632139
vn -0.747039 0.122470 0.653401
vn -0.454997 0.037054 0.889722
vn -0.362989 0.505078 0.783029
vn -0.306496 0.327403 0.893794
vn -0.253444 0.228266 0.940032
vn -0.279993 -0.754778 0.593223
vn 0.024117 0.499146 0.866182
vn -0.279993 -0.754778 0.593223
vn -0.253444 0.228266 0.940032
vn -0.162937 0.296056 0.941171
vn -0.377137 -0.694914 0.612260
vn -0.901128 -0.236792 0.363177
vn -0.377137 -0.694914 0.612260
vn -0.162937 0.296056 0.941171
vn -0.210660 0.367895 0.905691
vn -0.906214 -0.012042 0.422648
vn -0.901128 -0.236792 0.363177
vn -0.210660 0.367895 0.905691
vn -0.191957 0.387405 0.901704
vn -0.306496 0.327403 0.893794
vn 0.024117 0.499146 0.866182
vn 0.528403 0.643576 0.553715
vn -0.252856 0.373107 0.892667
vn 0.528403 0.643576 0.553715
vn 0.024117 0.499146 0.866182
vn 0.785962 0.084413 -0.612485
vn 0.854820 0.342903 -0.389486
vn -0.252856 0.373107 0.892667
vn 0.528403 0.643576 0.553715
vn 0.465885 0.645619 0.605084
vn -0.235114 0.324059 0.916355
vn 0.528403 0.643576 0.553715
vn 0.854820 0.342903 -0.389486
vn 0.818423 0.381397 -0.429791
vn 0.465885 0.645619 0.605084
vn 0.465885 0.645619 0.605084
vn 0.818423 0.381397 -0.429791
vn 0.815696 0.457230 -0.354374
vn 0.486585 0.653265 0.580069
vn -0.906214 -0.012042 0.422648
vn -0.191957 0.387405 0.901704
vn -0.175817 0.369662 0.912381
vn -0.903572 -0.139786 0.404991
vn -0.253444 0.228266 0.940032
vn -0.306496 0.327403 0.893794
vn -0.210660 0.367895 0.905691
vn -0.162937 0.296056 0.941171
vn -0.191957 0.387405 0.901704
vn -0.210660 0.367895 0.905691
vn -0.306496 0.327403 0.893794
vn -0.252856 0.373107 0.892667
vn -0.252856 0.373107 0.892667
vn -0.235114 0.324059 0.916355
vn -0.175817 0.369662 0.912381
vn -0.191957 0.387405 0.901704
vn 0.465885 0.645619 0.605084
vn 0.486585 0.653265 0.580069
vn -0.275935 0.285023 0.917944
vn -0.235114 0.324059 0.916355
vn -0.235114 0.324059 0.916355
vn -0.275935 0.285023 0.917944
vn -0.180344 0.350880 0.918890
vn -0.175817 0.369662 0.912381
vn -0.175817 0.369662 0.912381
vn -0.180344 0.350880 0.918890
vn -0.914523 -0.049322 0.401515
vn -0.903572 -0.139786 0.404991
vn -0.279993 -0.754778 0.593223
vn -0.377137 -0.694914 0.612260
vn -0.362120 -0.932029 0.013847
vn -0.177602 -0.984066 0.008475
vn -0.362120 -0.932029 0.013847
vn -0.377137 -0.694914 0.612260
vn -0.901128 -0.236792 0.363177
vn -0.923537 -0.376047 -0.075284
vn -0.923537 -0.376047 -0.075284
vn -0.901128 -0.236792 0.363177
vn -0.906214 -0.012042 0.422648
vn -0.959588 -0.278082 -0.043147
vn -0.959588 -0.278082 -0.043147
vn -0.906214 -0.012042 0.422648
vn -0.903572 -0.139786 0.404991
vn -0.935076 -0.353687 -0.023191
vn -0.935076 -0.353687 -0.023191
vn -0.903572 -0.139786 0.404991
vn -0.914523 -0.049322 0.401515
vn -0.957151 -0.277626 -0.082382
vn 0.486585 0.653265 0.580069
vn 0.815696 0.457230 -0.354374
vn 0.744485 0.586586 -0.318840
vn 0.502675 0.740361 0.446300
vn -0.275935 0.285023 0.917944
vn 0.486585 0.653265 0.580069
vn 0.502675 0.740361 0.446300
vn -0.318516 0.249026 0.914622
vn -0.180344 0.350880 0.918890
vn -0.275935 0.285023 0.917944
vn -0.318516 0.249026 0.914622
vn -0.207724 0.292107 0.933555
vn -0.914523 -0.049322 0.401515
vn -0.180344 0.350880 0.918890
vn -0.207724 0.292107 0.933555
vn -0.961287 0.085851 0.261832
vn -0.957151 -0.277626 -0.082382
vn -0.914523 -0.049322 0.401515
vn -0.961287 0.085851 0.261832
vn -0.978689 -0.094070 -0.182534
vn 0.502675 0.740361 0.446300
vn 0.744485 0.586586 -0.318840
vn 0.227487 0.559373 -0.797089
vn 0.174932 0.856217 0.486097
vn 0.174932 0.856217 0.486097
vn 0.227487 0.559373 -0.797089
vn -0.629578 0.193421 -0.752476
vn -0.921840 0.345415 0.175783
vn -0.318516 0.249026 0.914622
vn 0.502675 0.740361 0.446300
vn 0.174932 0.856217 0.486097
vn -0.207724 0.292107 0.933555
vn -0.318516 0.249026 0.914622
vn 0.174932 0.856217 0.486097
vn -0.921840 0.345415 0.175783
vn -0.961287 0.085851 0.261832
vn -0.207724 0.292107 0.933555
vn -0.921840 0.345415 0.175783
vn -0.013436 -0.465748 -0.884816
vn -0.050153 -0.495400 -0.867216
vn -0.020037 -0.485964 -0.873749
vn 0.020291 -0.432158 -0.901570
vn 0.020291 -0.432158 -0.901570
vn -0.020037 -0.485964 -0.873749
vn -0.074374 -0.433296 -0.898178
vn 0.029868 -0.384461 -0.922658
vn 0.029868 -0.384461 -0.922658
vn -0.074374 -0.433296 -0.898178
vn -0.121566 -0.403270 -0.906970
vn 0.005605 -0.354166 -0.935166
vn -0.050153 -0.495400 -0.867216
vn -0.013436 -0.465748 -0.884816
vn 0.149611 -0.380946 -0.912413
vn 0.150117 -0.387773 -0.909449
vn 0.150117 -0.387773 -0.909449
vn 0.149611 -0.380946 -0.912413
vn 0.293230 -0.282471 -0.913360
vn 0.785962 0.084413 -0.612485
vn 0.785962 0.084413 -0.612485
vn 0.293230 -0.282471 -0.913360
vn 0.304580 -0.231139 -0.924016
vn 0.854820 0.342903 -0.389486
vn 0.854820 0.342903 -0.389486
vn 0.304580 -0.231139 -0.924016
vn 0.307388 -0.193659 -0.931670
vn 0.818423 0.381397 -0.429791
vn 0.818423 0.381397 -0.429791
vn 0.307388 -0.193659 -0.931670
vn 0.298901 -0.160953 -0.940613
vn 0.815696 0.457230 -0.354374
vn 0.815696 0.457230 -0.354374
vn 0.298901 -0.160953 -0.940613
vn 0.236642 -0.081353 -0.968185
vn 0.744485 0.586586 -0.318840
vn 0.005605 -0.354166 -0.935166
vn -0.121566 -0.403270 -0.906970
vn -0.127963 -0.351123 -0.927544
vn -0.008425 -0.325791 -0.945404
vn -0.008425 -0.325791 -0.945404
vn -0.127963 -0.351123 -0.927544
vn -0.062248 -0.251238 -0.965922
vn -0.008542 -0.230495 -0.973036
vn 0.744485 0.586586 -0.318840
vn 0.236642 -0.081353 -0.968185
vn 0.227487 0.559373 -0.797089
vn -0.008542 -0.230495 -0.973036
vn -0.062248 -0.251238 -0.965922
vn -0.629578 0.193421 -0.752476
vn -0.629578 0.193421 -0.752476
vn 0.227487 0.559373 -0.797089
vn 0.236642 -0.081353 -0.968185
vn -0.008542 -0.230495 -0.973036
vn 0.236642 -0.081353 -0.968185
vn 0.298901 -0.160953 -0.940613
vn -0.008425 -0.325791 -0.945404
vn -0.008542 -0.230495 -0.973036
vn 0.005605 -0.354166 -0.935166
vn -0.008425 -0.325791 -0.945404
vn 0.298901 -0.160953 -0.940613
vn 0.307388 -0.193659 -0.931670
vn 0.307388 -0.193659 -0.931670
vn 0.304580 -0.231139 -0.924016
vn 0.029868 -0.384461 -0.922658
vn 0.005605 -0.354166 -0.935166
vn 0.020291 -0.432158 -0.901570
vn 0.029868 -0.384461 -0.922658
vn 0.304580 -0.231139 -0.924016
vn 0.293230 -0.282471 -0.913360
vn 0.149611 -0.380946 -0.912413
vn -0.013436 -0.465748 -0.884816
vn 0.020291 -0.432158 -0.901570
vn 0.293230 -0.282471 -0.913360
vn -0.961287 0.085851 0.261832
vn -0.921840 0.345415 0.175783
vn -0.629578 0.193421 -0.752476
vn -0.978689 -0.094070 -0.182534
vn 0.365054 -0.519056 0.772863
vn 0.382685 -0.510129 0.770273
vn 0.000000 -0.598830 0.800876
vn 0.000000 -0.598830 0.800876
vn 0.382685 -0.510129 0.770273
vn 0.365054 -0.519056 0.772863
vn 0.631718 -0.310159 0.710446
vn 0.676355 -0.259999 0.689162
vn 0.676355 -0.259999 0.689162
vn 0.631718 -0.310159 0.710446
vn 0.613411 -0.101286 0.783242
vn 0.612574 -0.092818 0.784945
vn 0.492305 -0.068465 0.867726
vn 0.504171 -0.011235 0.863531
vn 0.612574 -0.092818 0.784945
vn 0.613411 -0.101286 0.783242
vn 0.504171 -0.011235 0.863531
vn 0.492305 -0.068465 0.867726
vn 0.505914 -0.110759 0.855444
vn 0.687181 -0.014265 0.726346
vn 0.687181 -0.014265 0.726346
vn 0.505914 -0.110759 0.855444
vn 0.579005 -0.161011 0.799268
vn 0.727054 -0.192995 0.658898
vn 0.688908 -0.354836 0.632058
vn 0.727054 -0.192995 0.658898
vn 0.579005 -0.161011 0.799268
vn 0.650611 -0.311872 0.692417
vn 0.688908 -0.354836 0.632058
vn 0.650611 -0.311872 0.692417
vn 0.553983 -0.540523 0.633196
vn 0.524578 -0.671107 0.523863
vn 0.524578 -0.671107 0.523863
vn 0.553983 -0.540523 0.633196
vn 0.344421 -0.676961 0.650460
vn 0.298804 -0.836868 0.458659
vn 0.298804 -0.836868 0.458659
vn 0.344421 -0.676961 0.650460
vn 0.158006 -0.738212 0.655803
vn 0.129190 -0.909008 0.396251
vn 0.477734 0.487468 0.730852
vn 0.505587 0.314044 0.803591
vn 0.454406 0.169382 0.874543
vn 0.332720 0.413275 0.847645
vn 0.144026 0.341209 0.928888
vn 0.332720 0.413275 0.847645
vn 0.454406 0.169382 0.874543
vn 0.599811 0.153760 0.785229
vn 0.144026 0.341209 0.928888
vn 0.599811 0.153760 0.785229
vn 0.593183 0.280021 0.754799
vn 0.136756 -0.023624 0.990323
vn 0.136756 -0.023624 0.990323
vn 0.593183 0.280021 0.754799
vn 0.440723 0.417000 0.794905
vn 0.277961 -0.350248 0.894463
vn 0.000000 0.574245 0.818683
vn 0.000000 0.391732 0.920079
vn 0.524222 0.285355 0.802349
vn 0.346129 0.451210 0.822560
vn 0.461315 0.542562 0.702008
vn 0.000000 0.606619 0.794993
vn 0.000000 0.728405 0.685147
vn 0.539010 0.682985 0.492949
vn 0.539010 0.682985 0.492949
vn 0.000000 0.728405 0.685147
vn 0.000000 0.401252 0.915968
vn 0.641414 0.439421 0.628886
vn 0.539010 0.682985 0.492949
vn 0.641414 0.439421 0.628886
vn 0.853079 0.369290 0.368620
vn 0.703303 0.654640 0.277149
vn 0.853079 0.369290 0.368620
vn 0.641414 0.439421 0.628886
vn 0.602320 -0.364177 0.710342
vn 0.862004 -0.119373 0.492645
vn 0.641414 0.439421 0.628886
vn 0.000000 0.401252 0.915968
vn 0.000000 -0.503909 0.863757
vn 0.602320 -0.364177 0.710342
vn 0.000000 0.574245 0.818683
vn 0.346129 0.451210 0.822560
vn 0.291218 0.798159 0.527384
vn 0.000000 0.823143 0.567835
vn 0.000000 0.823143 0.567835
vn 0.291218 0.798159 0.527384
vn 0.284655 0.952163 0.111167
vn 0.000000 0.993231 0.116160
vn 0.000000 0.985662 -0.168733
vn 0.284165 0.943906 -0.168201
vn 0.304758 0.837672 -0.453243
vn 0.000000 0.867945 -0.496660
vn 0.000000 0.867945 -0.496660
vn 0.304758 0.837672 -0.453243
vn 0.308775 0.557553 -0.770580
vn 0.000000 0.553705 -0.832713
vn 0.000000 0.155143 -0.987892
vn 0.292158 0.160449 -0.942815
vn 0.286303 -0.240877 -0.927367
vn 0.306644 -0.595520 -0.742513
vn 0.106270 -0.916835 -0.384865
vn 0.278085 -0.880014 -0.385026
vn 0.241932 -0.954519 -0.174249
vn 0.071109 -0.981250 -0.179143
vn 0.061388 -0.996987 0.047409
vn 0.305830 -0.941814 0.139478
vn 0.289062 -0.925778 0.243676
vn 0.090518 -0.979839 0.178108
vn 0.090518 -0.979839 0.178108
vn 0.289062 -0.925778 0.243676
vn 0.298804 -0.836868 0.458659
vn 0.129190 -0.909008 0.396251
vn 0.278085 -0.880014 -0.385026
vn 0.106270 -0.916835 -0.384865
vn 0.000000 0.553705 -0.832713
vn 0.308775 0.557553 -0.770580
vn 0.292158 0.160449 -0.942815
vn 0.000000 0.155143 -0.987892
vn 0.000000 0.993231 0.116160
vn 0.284655 0.952163 0.111167
vn 0.284165 0.943906 -0.168201
vn 0.000000 0.985662 -0.168733
vn 0.482531 -0.725035 0.491414
vn 0.465078 -0.727795 0.504002
vn 0.591043 -0.643585 0.486279
vn 0.596729 -0.605526 0.526548
vn 0.219071 -0.771926 0.596773
vn 0.000000 -0.805092 0.593150
vn 0.000000 -0.805092 0.593150
vn 0.310020 -0.740120 0.596749
vn 0.497253 -0.627357 0.599302
vn 0.219071 -0.771926 0.596773
vn 0.310020 -0.740120 0.596749
vn 0.563987 -0.558906 0.607900
vn 0.591043 -0.643585 0.486279
vn 0.497253 -0.627357 0.599302
vn 0.563987 -0.558906 0.607900
vn 0.596729 -0.605526 0.526548
vn 0.351778 -0.017848 0.935913
vn 0.000000 -0.054284 0.998526
vn 0.000000 0.179881 0.983688
vn 0.282169 0.218732 0.934097
vn 0.482534 0.026897 0.875464
vn 0.351778 -0.017848 0.935913
vn 0.282169 0.218732 0.934097
vn 0.337219 0.303158 0.891279
vn 0.421131 0.010941 0.906934
vn 0.482534 0.026897 0.875464
vn 0.337219 0.303158 0.891279
vn 0.176672 0.343752 0.922291
vn 0.335250 -0.386837 0.859049
vn 0.000000 -0.403605 0.914933
vn 0.000000 -0.054284 0.998526
vn 0.351778 -0.017848 0.935913
vn 0.563362 -0.361270 0.743039
vn 0.335250 -0.386837 0.859049
vn 0.351778 -0.017848 0.935913
vn 0.482534 0.026897 0.875464
vn 0.633603 -0.358247 0.685716
vn 0.563362 -0.361270 0.743039
vn 0.482534 0.026897 0.875464
vn 0.421131 0.010941 0.906934
vn 0.370381 0.027448 0.928474
vn 0.178777 0.031640 0.983381
vn 0.178777 0.031640 0.983381
vn 0.307538 0.028981 0.951094
vn 0.452059 0.030700 0.891460
vn 0.370381 0.027448 0.928474
vn 0.307538 0.028981 0.951094
vn 0.458265 0.035191 0.888119
vn 0.404645 0.055407 0.912794
vn 0.452059 0.030700 0.891460
vn 0.458265 0.035191 0.888119
vn 0.383823 0.060639 0.921413
vn 0.383823 0.060639 0.921413
vn 0.092938 0.017208 0.995523
vn 0.130402 0.027797 0.991072
vn 0.404645 0.055407 0.912794
vn 0.465078 -0.727795 0.504002
vn 0.482531 -0.725035 0.491414
vn -0.171345 -0.355300 0.918914
vn -0.070544 -0.513110 0.855419
vn -0.070544 -0.513110 0.855419
vn -0.171345 -0.355300 0.918914
vn 0.130402 0.027797 0.991072
vn 0.092938 0.017208 0.995523
vn 0.176672 0.343752 0.922291
vn -0.022542 0.261363 0.964977
vn 0.385503 -0.100151 0.917255
vn 0.421131 0.010941 0.906934
vn 0.606447 -0.339101 0.719189
vn 0.633603 -0.358247 0.685716
vn 0.421131 0.010941 0.906934
vn 0.385503 -0.100151 0.917255
vn 0.346129 0.451210 0.822560
vn 0.440723 0.417000 0.794905
vn 0.514956 0.706974 0.484777
vn 0.291218 0.798159 0.527384
vn 0.291218 0.798159 0.527384
vn 0.514956 0.706974 0.484777
vn 0.540470 0.832156 0.124133
vn 0.284655 0.952163 0.111167
vn 0.284655 0.952163 0.111167
vn 0.540470 0.832156 0.124133
vn 0.543752 0.827516 -0.139825
vn 0.284165 0.943906 -0.168201
vn 0.284165 0.943906 -0.168201
vn 0.543752 0.827516 -0.139825
vn 0.552264 0.744610 -0.374914
vn 0.304758 0.837672 -0.453243
vn 0.304758 0.837672 -0.453243
vn 0.552264 0.744610 -0.374914
vn 0.571805 0.533490 -0.623240
vn 0.308775 0.557553 -0.770580
vn 0.308775 0.557553 -0.770580
vn 0.571805 0.533490 -0.623240
vn 0.586599 0.164283 -0.793040
vn 0.292158 0.160449 -0.942815
vn 0.286303 -0.240877 -0.927367
vn 0.292158 0.160449 -0.942815
vn 0.586599 0.164283 -0.793040
vn 0.588965 -0.199246 -0.783212
vn 0.286303 -0.240877 -0.927367
vn 0.588965 -0.199246 -0.783212
vn 0.638549 -0.482370 -0.599645
vn 0.306644 -0.595520 -0.742513
vn 0.306644 -0.595520 -0.742513
vn 0.638549 -0.482370 -0.599645
vn 0.623852 -0.717522 -0.309792
vn 0.278085 -0.880014 -0.385026
vn 0.278085 -0.880014 -0.385026
vn 0.623852 -0.717522 -0.309792
vn 0.601252 -0.786026 -0.143729
vn 0.241932 -0.954519 -0.174249
vn 0.305830 -0.941814 0.139478
vn 0.595834 -0.772147 0.220842
vn 0.573919 -0.733148 0.364843
vn 0.289062 -0.925778 0.243676
vn 0.524578 -0.671107 0.523863
vn 0.298804 -0.836868 0.458659
vn 0.289062 -0.925778 0.243676
vn 0.573919 -0.733148 0.364843
vn 0.602320 -0.364177 0.710342
vn 0.000000 -0.503909 0.863757
vn 0.000000 -0.873507 0.486812
vn 0.420629 -0.784645 0.455416
vn 0.862004 -0.119373 0.492645
vn 0.602320 -0.364177 0.710342
vn 0.420629 -0.784645 0.455416
vn 0.704129 -0.587721 0.398481
vn 0.853079 0.369290 0.368620
vn 0.862004 -0.119373 0.492645
vn 0.704129 -0.587721 0.398481
vn 0.923984 -0.257125 0.283092
vn 0.454406 0.169382 0.874543
vn 0.505587 0.314044 0.803591
vn 0.612574 -0.092818 0.784945
vn 0.504171 -0.011235 0.863531
vn 0.461315 0.542562 0.702008
vn 0.539010 0.682985 0.492949
vn 0.703303 0.654640 0.277149
vn 0.688908 -0.354836 0.632058
vn 0.524578 -0.671107 0.523863
vn 0.573919 -0.733148 0.364843
vn 0.819902 -0.427916 0.380327
vn 0.819902 -0.427916 0.380327
vn 0.573919 -0.733148 0.364843
vn 0.595834 -0.772147 0.220842
vn 0.863683 -0.438442 0.248637
vn 0.901968 -0.424910 -0.076847
vn 0.601252 -0.786026 -0.143729
vn 0.623852 -0.717522 -0.309792
vn 0.913127 -0.359631 -0.192003
vn 0.913127 -0.359631 -0.192003
vn 0.623852 -0.717522 -0.309792
vn 0.638549 -0.482370 -0.599645
vn 0.904750 -0.249446 -0.345259
vn 0.904750 -0.249446 -0.345259
vn 0.638549 -0.482370 -0.599645
vn 0.588965 -0.199246 -0.783212
vn 0.867122 -0.084462 -0.490882
vn 0.588965 -0.199246 -0.783212
vn 0.586599 0.164283 -0.793040
vn 0.848083 0.192380 -0.493706
vn 0.867122 -0.084462 -0.490882
vn 0.848083 0.192380 -0.493706
vn 0.586599 0.164283 -0.793040
vn 0.571805 0.533490 -0.623240
vn 0.799038 0.454538 -0.393616
vn 0.799038 0.454538 -0.393616
vn 0.571805 0.533490 -0.623240
vn 0.552264 0.744610 -0.374914
vn 0.780893 0.573885 -0.246703
vn 0.780893 0.573885 -0.246703
vn 0.552264 0.744610 -0.374914
vn 0.543752 0.827516 -0.139825
vn 0.791761 0.603362 -0.095230
vn 0.791761 0.603362 -0.095230
vn 0.543752 0.827516 -0.139825
vn 0.540470 0.832156 0.124133
vn 0.796411 0.586809 0.146235
vn 0.796411 0.586809 0.146235
vn 0.540470 0.832156 0.124133
vn 0.514956 0.706974 0.484777
vn 0.772276 0.479126 0.417166
vn 0.772276 0.479126 0.417166
vn 0.514956 0.706974 0.484777
vn 0.440723 0.417000 0.794905
vn 0.593183 0.280021 0.754799
vn 0.727054 -0.192995 0.658898
vn 0.688908 -0.354836 0.632058
vn 0.819902 -0.427916 0.380327
vn 0.904172 -0.184432 0.385303
vn 0.904172 -0.184432 0.385303
vn 0.819902 -0.427916 0.380327
vn 0.863683 -0.438442 0.248637
vn 0.958996 -0.165856 0.229824
vn 0.992042 -0.123850 -0.022663
vn 0.901968 -0.424910 -0.076847
vn 0.913127 -0.359631 -0.192003
vn 0.990691 -0.093479 -0.098962
vn 0.990691 -0.093479 -0.098962
vn 0.913127 -0.359631 -0.192003
vn 0.904750 -0.249446 -0.345259
vn 0.982997 -0.042298 -0.178686
vn 0.982997 -0.042298 -0.178686
vn 0.904750 -0.249446 -0.345259
vn 0.867122 -0.084462 -0.490882
vn 0.965211 0.029415 -0.259811
vn 0.867122 -0.084462 -0.490882
vn 0.848083 0.192380 -0.493706
vn 0.951986 0.180091 -0.247566
vn 0.965211 0.029415 -0.259811
vn 0.951986 0.180091 -0.247566
vn 0.848083 0.192380 -0.493706
vn 0.799038 0.454538 -0.393616
vn 0.910797 0.343078 -0.229668
vn 0.910797 0.343078 -0.229668
vn 0.799038 0.454538 -0.393616
vn 0.780893 0.573885 -0.246703
vn 0.921121 0.355351 -0.158940
vn 0.921121 0.355351 -0.158940
vn 0.780893 0.573885 -0.246703
vn 0.791761 0.603362 -0.095230
vn 0.913971 0.393518 -0.099001
vn 0.913971 0.393518 -0.099001
vn 0.791761 0.603362 -0.095230
vn 0.796411 0.586809 0.146235
vn 0.918201 0.355447 0.174827
vn 0.918201 0.355447 0.174827
vn 0.796411 0.586809 0.146235
vn 0.772276 0.479126 0.417166
vn 0.864784 0.235195 0.443657
vn 0.864784 0.235195 0.443657
vn 0.772276 0.479126 0.417166
vn 0.593183 0.280021 0.754799
vn 0.599811 0.153760 0.785229
vn 0.454406 0.169382 0.874543
vn 0.504171 -0.011235 0.863531
vn 0.687181 -0.014265 0.726346
vn 0.599811 0.153760 0.785229
vn 0.864784 0.235195 0.443657
vn 0.599811 0.153760 0.785229
vn 0.687181 -0.014265 0.726346
vn 0.900779 0.040394 0.432395
vn 0.900779 0.040394 0.432395
vn 0.687181 -0.014265 0.726346
vn 0.727054 -0.192995 0.658898
vn 0.904172 -0.184432 0.385303
vn 0.918201 0.355447 0.174827
vn 0.864784 0.235195 0.443657
vn 0.900779 0.040394 0.432395
vn 0.969000 0.070156 0.236889
vn 0.969000 0.070156 0.236889
vn 0.900779 0.040394 0.432395
vn 0.904172 -0.184432 0.385303
vn 0.958996 -0.165856 0.229824
vn 0.992042 -0.123850 -0.022663
vn 0.990691 -0.093479 -0.098962
vn 0.993381 0.067321 -0.093075
vn 0.999991 -0.001565 -0.003934
vn 0.921121 0.355351 -0.158940
vn 0.913971 0.393518 -0.099001
vn 0.993381 0.067321 -0.093075
vn 0.982505 0.127310 -0.135927
vn 0.982505 0.127310 -0.135927
vn 0.993381 0.067321 -0.093075
vn 0.990691 -0.093479 -0.098962
vn 0.982997 -0.042298 -0.178686
vn 0.951986 0.180091 -0.247566
vn 0.910797 0.343078 -0.229668
vn 0.921121 0.355351 -0.158940
vn 0.982505 0.127310 -0.135927
vn 0.982505 0.127310 -0.135927
vn 0.982997 -0.042298 -0.178686
vn 0.965211 0.029415 -0.259811
vn 0.951986 0.180091 -0.247566
vn 0.346129 0.451210 0.822560
vn 0.612660 -0.368992 0.698923
vn 0.277961 -0.350248 0.894463
vn 0.440723 0.417000 0.794905
vn 0.524222 0.285355 0.802349
vn 0.835543 0.029851 0.548614
vn 0.612660 -0.368992 0.698923
vn 0.346129 0.451210 0.822560
vn 0.693418 0.452153 0.561008
vn 0.723698 0.430341 0.539507
vn 0.835543 0.029851 0.548614
vn 0.524222 0.285355 0.802349
vn 0.477734 0.487468 0.730852
vn 0.723698 0.430341 0.539507
vn 0.693418 0.452153 0.561008
vn 0.505587 0.314044 0.803591
vn -0.005630 0.604499 0.796586
vn 0.125470 0.493022 0.860922
vn 0.362990 0.505078 0.783029
vn 0.475143 0.614448 0.629836
vn -0.005630 0.604499 0.796586
vn -0.215014 0.378081 0.900458
vn -0.073314 0.316035 0.945911
vn 0.125470 0.493022 0.860922
vn -0.215014 0.378081 0.900458
vn -0.143107 -0.000386 0.989707
vn -0.015164 0.086486 0.996138
vn -0.073314 0.316035 0.945911
vn 0.253201 -0.277112 0.926875
vn 0.248410 0.006216 0.968635
vn -0.015164 0.086486 0.996138
vn -0.143107 -0.000386 0.989707
vn 0.629891 -0.210472 0.747622
vn 0.454997 0.037054 0.889722
vn 0.248410 0.006216 0.968635
vn 0.253201 -0.277112 0.926875
vn 0.831351 0.084859 0.549231
vn 0.747039 0.122471 0.653402
vn 0.454997 0.037054 0.889722
vn 0.629891 -0.210472 0.747622
vn 0.783684 0.341547 0.518830
vn 0.691751 0.349114 0.632139
vn 0.747039 0.122471 0.653402
vn 0.831351 0.084859 0.549231
vn 0.475143 0.614448 0.629836
vn 0.362990 0.505078 0.783029
vn 0.691751 0.349114 0.632139
vn 0.783684 0.341547 0.518830
vn 0.125470 0.493022 0.860922
vn 0.248410 0.006216 0.968635
vn 0.454997 0.037054 0.889722
vn 0.362990 0.505078 0.783029
vn -0.015164 0.086486 0.996138
vn 0.248410 0.006216 0.968635
vn 0.125470 0.493022 0.860922
vn -0.073314 0.316035 0.945911
vn 0.691751 0.349114 0.632139
vn 0.362990 0.505078 0.783029
vn 0.454997 0.037054 0.889722
vn 0.747039 0.122471 0.653402
vn 0.306496 0.327403 0.893794
vn -0.024117 0.499145 0.866183
vn 0.279993 -0.754778 0.593223
vn 0.253444 0.228266 0.940032
vn 0.279993 -0.754778 0.593223
vn 0.377137 -0.694914 0.612260
vn 0.162937 0.296056 0.941171
vn 0.253444 0.228266 0.940032
vn 0.896792 -0.236109 0.374187
vn 0.230744 0.369187 0.900254
vn 0.162937 0.296056 0.941171
vn 0.377137 -0.694914 0.612260
vn 0.912597 -0.017447 0.408488
vn 0.207438 0.380839 0.901072
vn 0.230744 0.369187 0.900254
vn 0.896792 -0.236109 0.374187
vn 0.306496 0.327403 0.893794
vn 0.252856 0.373108 0.892667
vn -0.528403 0.643576 0.553715
vn -0.024117 0.499145 0.866183
vn -0.528403 0.643576 0.553715
vn -0.862950 0.399666 -0.309169
vn -0.880070 0.182670 -0.438302
vn -0.024117 0.499145 0.866183
vn 0.252856 0.373108 0.892667
vn 0.235114 0.324060 0.916355
vn -0.465885 0.645619 0.605084
vn -0.528403 0.643576 0.553715
vn -0.528403 0.643576 0.553715
vn -0.465885 0.645619 0.605084
vn -0.829008 0.432842 -0.354109
vn -0.862950 0.399666 -0.309169
vn -0.465885 0.645619 0.605084
vn -0.486585 0.653265 0.580069
vn -0.810026 0.458605 -0.365431
vn -0.829008 0.432842 -0.354109
vn 0.912597 -0.017447 0.408488
vn 0.900579 -0.143352 0.410375
vn 0.181362 0.364817 0.913245
vn 0.207438 0.380839 0.901072
vn 0.253444 0.228266 0.940032
vn 0.162937 0.296056 0.941171
vn 0.230744 0.369187 0.900254
vn 0.306496 0.327403 0.893794
vn 0.207438 0.380839 0.901072
vn 0.252856 0.373108 0.892667
vn 0.306496 0.327403 0.893794
vn 0.230744 0.369187 0.900254
vn 0.252856 0.373108 0.892667
vn 0.207438 0.380839 0.901072
vn 0.181362 0.364817 0.913245
vn 0.235114 0.324060 0.916355
vn -0.465885 0.645619 0.605084
vn 0.235114 0.324060 0.916355
vn 0.275936 0.285023 0.917944
vn -0.486585 0.653265 0.580069
vn 0.235114 0.324060 0.916355
vn 0.181362 0.364817 0.913245
vn 0.180344 0.350880 0.918890
vn 0.275936 0.285023 0.917944
vn 0.181362 0.364817 0.913245
vn 0.900579 -0.143352 0.410375
vn 0.916165 -0.048213 0.397892
vn 0.180344 0.350880 0.918890
vn 0.279993 -0.754778 0.593223
vn 0.177602 -0.984066 0.008474
vn 0.362120 -0.932029 0.013847
vn 0.377137 -0.694914 0.612260
vn 0.362120 -0.932029 0.013847
vn 0.919113 -0.386361 -0.077182
vn 0.896792 -0.236109 0.374187
vn 0.377137 -0.694914 0.612260
vn 0.919113 -0.386361 -0.077182
vn 0.959697 -0.277179 -0.046416
vn 0.912597 -0.017447 0.408488
vn 0.896792 -0.236109 0.374187
vn 0.959697 -0.277179 -0.046416
vn 0.935595 -0.352273 -0.023804
vn 0.900579 -0.143352 0.410375
vn 0.912597 -0.017447 0.408488
vn 0.935595 -0.352273 -0.023804
vn 0.956883 -0.277078 -0.087198
vn 0.916165 -0.048213 0.397892
vn 0.900579 -0.143352 0.410375
vn -0.486585 0.653265 0.580069
vn -0.502675 0.740361 0.446300
vn -0.743026 0.575446 -0.341723
vn -0.810026 0.458605 -0.365431
vn 0.275936 0.285023 0.917944
vn 0.318516 0.249025 0.914622
vn -0.502675 0.740361 0.446300
vn -0.486585 0.653265 0.580069
vn 0.180344 0.350880 0.918890
vn 0.207723 0.292107 0.933555
vn 0.318516 0.249025 0.914622
vn 0.275936 0.285023 0.917944
vn 0.916165 -0.048213 0.397892
vn 0.960373 0.075895 0.268188
vn 0.207723 0.292107 0.933555
vn 0.180344 0.350880 0.918890
vn 0.956883 -0.277078 -0.087198
vn 0.977028 -0.084119 -0.195809
vn 0.960373 0.075895 0.268188
vn 0.916165 -0.048213 0.397892
vn -0.502675 0.740361 0.446300
vn -0.174933 0.856218 0.486096
vn -0.264163 0.667681 -0.696003
vn -0.743026 0.575446 -0.341723
vn -0.174933 0.856218 0.486096
vn 0.910429 0.360183 0.203438
vn 0.688426 0.234754 -0.686265
vn -0.264163 0.667681 -0.696003
vn 0.318516 0.249025 0.914622
vn -0.174933 0.856218 0.486096
vn -0.502675 0.740361 0.446300
vn 0.207723 0.292107 0.933555
vn 0.910429 0.360183 0.203438
vn -0.174933 0.856218 0.486096
vn 0.318516 0.249025 0.914622
vn 0.960373 0.075895 0.268188
vn 0.910429 0.360183 0.203438
vn 0.207723 0.292107 0.933555
vn 0.056661 -0.461767 -0.885190
vn 0.009506 -0.386556 -0.922217
vn 0.131696 -0.506815 -0.851936
vn 0.103843 -0.571609 -0.813928
vn 0.009506 -0.386556 -0.922217
vn -0.040859 -0.362995 -0.930895
vn 0.102202 -0.434237 -0.894982
vn 0.131696 -0.506815 -0.851936
vn -0.040859 -0.362995 -0.930895
vn -0.036272 -0.331007 -0.942931
vn 0.123695 -0.400485 -0.907916
vn 0.102202 -0.434237 -0.894982
vn 0.103843 -0.571609 -0.813928
vn -0.195522 -0.514599 -0.834841
vn -0.218597 -0.417961 -0.881773
vn 0.056661 -0.461767 -0.885190
vn -0.195522 -0.514599 -0.834841
vn -0.880070 0.182670 -0.438302
vn -0.317081 -0.261666 -0.911587
vn -0.218597 -0.417961 -0.881773
vn -0.880070 0.182670 -0.438302
vn -0.862950 0.399666 -0.309169
vn -0.278843 -0.226220 -0.933312
vn -0.317081 -0.261666 -0.911587
vn -0.862950 0.399666 -0.309169
vn -0.829008 0.432842 -0.354109
vn -0.267161 -0.204981 -0.941598
vn -0.278843 -0.226220 -0.933312
vn -0.829008 0.432842 -0.354109
vn -0.810026 0.458605 -0.365431
vn -0.248452 -0.169967 -0.953616
vn -0.267161 -0.204981 -0.941598
vn -0.810026 0.458605 -0.365431
vn -0.743026 0.575446 -0.341723
vn -0.193897 -0.130983 -0.972238
vn -0.248452 -0.169967 -0.953616
vn -0.036272 -0.331007 -0.942931
vn -0.029416 -0.289667 -0.956675
vn 0.097588 -0.335045 -0.937135
vn 0.123695 -0.400485 -0.907916
vn -0.029416 -0.289667 -0.956675
vn -0.019408 -0.233869 -0.972075
vn 0.016621 -0.243640 -0.969723
vn 0.097588 -0.335045 -0.937135
vn -0.743026 0.575446 -0.341723
vn -0.264163 0.667681 -0.696003
vn -0.193897 -0.130983 -0.972238
vn -0.019408 -0.233869 -0.972075
vn 0.688426 0.234754 -0.686265
vn 0.016621 -0.243640 -0.969723
vn 0.688426 0.234754 -0.686265
vn -0.019408 -0.233869 -0.972075
vn -0.193897 -0.130983 -0.972238
vn -0.264163 0.667681 -0.696003
vn -0.193897 -0.130983 -0.972238
vn -0.019408 -0.233869 -0.972075
vn -0.029416 -0.289667 -0.956675
vn -0.248452 -0.169967 -0.953616
vn -0.036272 -0.331007 -0.942931
vn -0.267161 -0.204981 -0.941598
vn -0.248452 -0.169967 -0.953616
vn -0.029416 -0.289667 -0.956675
vn -0.267161 -0.204981 -0.941598
vn -0.036272 -0.331007 -0.942931
vn -0.040859 -0.362995 -0.930895
vn -0.278843 -0.226220 -0.933312
vn 0.009506 -0.386556 -0.922217
vn -0.317081 -0.261666 -0.911587
vn -0.278843 -0.226220 -0.933312
vn -0.040859 -0.362995 -0.930895
vn -0.218597 -0.417961 -0.881773
vn -0.317081 -0.261666 -0.911587
vn 0.009506 -0.386556 -0.922217
vn 0.056661 -0.461767 -0.885190
vn 0.960373 0.075895 0.268188
vn 0.977028 -0.084119 -0.195809
vn 0.688426 0.234754 -0.686265
vn 0.910429 0.360183 0.203438
s off
g GoblinHead_low GoblinHead_low Goblin_low
usemtl lambert3SG
f 24/1/1 2/2/2 1/3/3 25/4/4
f 25/4/5 27/5/6 26/6/7 24/1/8
f 27/5/9 29/7/10 28/8/11 26/6/12
f 30/9/13 28/8/14 29/7/15 31/10/16
f 31/10/17 33/11/18 32/12/19 30/9/20
f 33/11/21 35/13/22 34/14/23 32/12/24
f 37/15/25 36/16/26 34/14/27 35/13/28
f 37/15/29 39/17/30 38/18/31 36/16/32
f 39/17/33 41/19/34 40/20/35 38/18/36
f 41/19/37 4/21/38 3/22/39 40/20/40
f 44/23/41 46/24/42 45/25/43 43/26/44
f 48/27/45 47/28/46 45/25/47 46/24/48
f 48/27/49 50/29/50 49/30/51 47/28/52
f 50/29/53 52/31/54 51/32/55 49/30/56
f 6/33/57 53/34/58 54/35/59 5/36/60
f 54/37/61 55/38/62 7/39/63 5/40/64
f 55/38/65 56/41/66 8/42/67 7/39/68
f 55/38/69 42/43/70 43/44/71 56/41/72
f 43/44/73 92/45/74 91/46/75 56/41/76
f 56/41/77 91/46/78 23/47/79 8/42/80
f 6/33/81 9/48/82 57/49/83 53/34/84
f 9/48/85 19/50/86 67/51/87 57/49/88
f 10/52/89 11/53/90 59/54/91 58/55/92
f 11/53/93 18/56/94 66/57/95 59/54/96
s 1
f 12/58/97 13/59/98 61/60/99 60/61/100
f 13/59/98 17/62/101 65/63/102 61/60/99
s off
f 14/64/103 15/65/104 63/66/105 62/67/106
f 15/68/107 16/69/108 64/70/109 63/71/110
f 16/69/111 4/21/112 41/19/113 64/70/114
s 1
f 17/62/101 14/64/115 62/67/116 65/63/102
s off
f 18/56/117 12/58/118 60/61/119 66/57/120
f 19/50/121 10/52/122 58/55/123 67/51/124
f 74/72/125 73/73/126 28/8/127 30/9/128
f 24/1/129 71/74/130 21/75/131 2/2/132
f 26/6/133 72/76/134 71/74/135 24/1/136
f 28/8/137 73/73/138 72/76/139 26/6/140
f 69/77/141 75/78/142 22/79/143 20/80/144
f 70/81/145 76/82/146 75/78/147 69/77/148
f 68/83/149 77/84/150 76/82/151 70/81/152
f 71/85/153 69/77/154 20/80/155 21/86/156
f 72/87/157 70/81/158 69/77/159 71/85/160
f 73/88/161 68/83/162 70/81/163 72/87/164
f 75/89/165 40/20/166 3/22/167 22/90/168
f 76/91/169 38/18/170 40/20/171 75/89/172
f 77/92/173 36/16/174 38/18/175 76/91/176
f 36/16/177 77/92/178 78/93/179 34/14/180
f 30/9/181 32/12/182 79/94/183 74/72/184
f 32/12/185 34/14/186 78/93/187 79/94/188
f 77/84/189 68/83/190 79/95/191 78/96/192
f 74/97/193 79/95/194 68/83/195 73/88/196
f 53/34/197 57/49/198 80/98/199 51/32/200
f 57/49/201 67/51/202 81/99/203 80/98/204
f 67/51/205 58/55/206 82/100/207 81/99/208
f 58/55/209 59/54/210 83/101/211 82/100/212
f 59/54/213 66/57/214 84/102/215 83/101/216
f 66/57/217 60/61/218 85/103/219 84/102/220
f 61/60/221 86/104/222 85/103/223 60/61/224
f 61/60/225 65/63/226 87/105/227 86/104/228
f 65/63/229 62/67/230 88/106/231 87/105/232
f 62/67/233 63/66/234 89/107/235 88/106/236
f 63/71/237 64/70/238 90/108/239 89/109/240
f 39/17/241 90/108/242 64/70/243 41/19/244
f 91/46/245 25/110/246 1/111/247 23/47/248
f 92/45/249 27/112/250 25/110/251 91/46/252
f 43/44/253 29/113/254 27/112/255 92/45/256
f 45/25/257 31/10/258 29/7/259 43/26/260
f 54/37/261 42/43/262 55/38/263
f 37/15/264 93/114/265 90/108/266 39/17/267
f 93/114/268 94/115/269 89/109/270 90/108/271
f 94/116/272 95/117/273 88/106/274 89/107/275
f 95/117/276 96/118/277 87/105/278 88/106/279
f 96/118/280 97/119/281 86/104/282 87/105/283
f 86/104/284 97/119/285 98/120/286 85/103/287
f 98/120/288 99/121/289 84/102/290 85/103/291
f 99/121/292 100/122/293 83/101/294 84/102/295
f 100/122/296 101/123/297 82/100/298 83/101/299
f 101/123/300 102/124/301 81/99/302 82/100/303
f 102/124/304 103/125/305 80/98/306 81/99/307
f 103/125/308 49/30/309 51/32/310 80/98/311
f 35/13/312 104/126/313 93/114/314 37/15/315
f 104/126/316 105/127/317 94/115/318 93/114/319
f 105/128/320 106/129/321 95/117/322 94/116/323
f 106/129/324 107/130/325 96/118/326 95/117/327
f 107/130/328 108/131/329 97/119/330 96/118/331
f 97/119/332 108/131/333 109/132/334 98/120/335
f 109/132/336 110/133/337 99/121/338 98/120/339
f 110/133/340 111/134/341 100/122/342 99/121/343
f 111/134/344 112/135/345 101/123/346 100/122/347
f 112/135/348 113/136/349 102/124/350 101/123/351
f 113/136/352 114/137/353 103/125/354 102/124/355
f 114/137/356 47/28/357 49/30/358 103/125/359
f 45/25/360 47/28/361 33/11/362 31/10/363
f 114/137/364 115/138/365 33/11/366 47/28/367
f 115/138/368 104/126/369 35/13/370 33/11/371
f 113/136/372 116/139/373 115/138/374 114/137/375
f 116/139/376 105/127/377 104/126/378 115/138/379
f 105/128/380 116/140/381 117/141/382 106/129/383
f 111/134/384 118/142/385 117/141/386 112/135/387
f 118/142/388 107/130/389 106/129/390 117/141/391
f 109/132/392 118/142/393 111/134/394 110/133/395
f 118/142/396 109/132/397 108/131/398 107/130/399
f 53/34/400 51/32/401 52/31/402 119/143/403
f 54/35/404 53/34/405 119/143/406 120/144/407
f 42/145/408 54/35/409 120/144/410 121/146/411
f 44/23/412 43/26/413 42/145/414 121/146/415
f 119/147/416 52/148/417 122/149/418 123/150/419
f 119/147/420 123/150/421 124/151/422 120/152/423
f 120/152/424 124/151/425 125/153/426 121/154/427
f 44/155/428 121/154/429 125/153/430 126/156/431
f 46/157/432 44/155/433 126/156/434 127/158/435
f 48/159/436 46/157/437 127/158/438 128/160/439
f 50/161/440 48/159/441 128/160/442 129/162/443
f 52/148/444 50/161/445 129/162/446 122/149/447
f 123/150/448 122/149/449 127/158/450 126/156/451
f 125/153/452 124/151/453 123/150/454 126/156/455
f 129/162/456 128/160/457 127/158/458 122/149/459
f 131/163/460 130/164/461 116/165/462 113/166/463
f 116/165/464 130/164/465 132/167/466 133/168/467
f 135/169/468 133/168/469 132/167/470 134/170/471
f 145/171/472 135/169/473 134/170/474 144/172/475
f 131/163/476 113/166/477 136/173/478 137/174/479
f 136/173/480 113/166/481 112/175/482 138/176/483
f 137/174/484 136/173/485 139/177/486 140/178/487
f 136/173/488 138/176/489 141/179/490 139/177/491
f 139/177/492 141/179/493 143/180/494 142/181/495
f 145/171/496 144/172/497 146/182/498 147/183/499
f 130/164/500 131/163/501 134/170/502 132/167/503
f 144/172/504 134/170/505 131/163/506 137/174/507
f 137/174/508 140/178/509 146/182/510 144/172/511
f 139/177/512 142/181/513 148/184/514 140/178/515
f 140/178/516 148/184/517 149/185/518 146/182/519
f 146/182/520 149/185/521 150/186/522 147/183/523
f 116/165/524 133/168/525 151/187/526 117/188/527
f 151/187/528 133/168/529 135/169/530 152/189/531
f 152/189/532 135/169/533 145/171/534 153/190/535
f 153/190/536 145/171/537 147/183/538 154/191/539
f 154/191/540 147/183/541 150/186/542 155/192/543
f 142/181/544 143/180/545 157/193/546 156/194/547
f 148/184/548 142/181/549 156/194/550 158/195/551
f 149/185/552 148/184/553 158/195/554 159/196/555
f 150/186/556 149/185/557 159/196/558 160/197/559
f 155/192/560 150/186/561 160/197/562 161/198/563
f 156/194/564 157/193/565 163/199/566 162/200/567
f 162/200/568 163/199/569 165/201/570 164/202/571
f 158/195/572 156/194/573 162/200/574
f 159/196/575 158/195/576 162/200/577 164/202/578
f 160/197/579 159/196/580 164/202/581
f 166/203/582 151/204/583 152/205/584 167/206/585
f 167/206/586 152/205/587 153/207/588 168/208/589
f 168/208/590 153/207/591 154/209/592 169/210/593
f 151/204/594 166/203/595 170/211/596 117/212/597
f 117/212/598 170/211/599 171/213/600 112/175/601
f 112/175/602 171/213/603 172/214/604 138/176/605
f 138/176/606 172/214/607 173/215/608 141/179/609
f 141/179/610 173/215/611 174/216/612 143/180/613
f 143/180/614 174/216/615 175/217/616 157/193/617
f 169/210/618 154/209/619 155/218/620 176/219/621
f 176/219/622 155/218/623 161/220/624 177/221/625
f 157/193/626 175/217/627 163/199/628
f 177/221/629 161/220/630 165/201/631
f 165/201/632 163/199/633 175/217/634 177/221/635
f 175/217/636 174/216/637 176/219/638 177/221/639
f 169/210/640 176/219/641 174/216/642 173/215/643
f 173/215/644 172/214/645 168/208/646 169/210/647
f 167/206/648 168/208/649 172/214/650 171/213/651
f 170/211/652 166/203/653 167/206/654 171/213/655
f 160/197/656 164/202/657 165/201/658 161/198/659
f 178/222/660 179/223/661 1/3/662 2/2/663
f 179/223/664 178/222/665 180/224/666 181/225/667
f 181/225/668 180/224/669 182/226/670 183/227/671
f 184/228/672 185/229/673 183/227/674 182/226/675
f 185/229/676 184/228/677 186/230/678 187/231/679
f 187/231/680 186/230/681 188/232/682 189/233/683
f 191/234/684 189/233/685 188/232/686 190/235/687
f 191/234/688 190/235/689 192/236/690 193/237/691
f 193/237/692 192/236/693 194/238/694 195/239/695
f 195/239/696 194/238/697 3/240/698 4/241/699
f 198/242/700 197/243/701 199/244/702 200/245/703
f 202/246/704 200/245/705 199/244/706 201/247/707
f 202/246/708 201/247/709 203/248/710 204/249/711
f 204/249/712 203/248/713 205/250/714 206/251/715
f 6/33/716 5/36/717 208/252/718 207/253/719
f 208/254/720 5/40/721 7/39/722 209/255/723
f 209/255/724 7/39/725 8/42/726 210/256/727
f 209/255/728 210/256/729 197/257/730 196/258/731
f 197/257/732 210/256/733 245/259/734 246/260/735
f 210/256/736 8/42/737 23/47/738 245/259/739
f 6/33/740 207/253/741 211/261/742 9/48/743
f 9/48/744 211/261/745 221/262/746 19/50/747
f 10/52/748 212/263/749 213/264/750 11/53/751
f 11/53/752 213/264/753 220/265/754 18/56/755
s 1
f 12/58/756 214/266/757 215/267/758 13/59/98
f 13/59/98 215/267/758 219/268/759 17/62/101
s off
f 14/269/760 216/270/761 217/271/762 15/272/763
f 15/273/764 217/274/765 218/275/766 16/276/767
f 16/276/768 218/275/769 195/239/770 4/241/771
s 1
f 17/62/101 219/268/759 216/270/772 14/269/773
s off
f 18/56/774 220/265/775 214/266/776 12/58/777
f 19/50/778 221/262/779 212/263/780 10/52/781
f 228/277/782 184/228/783 182/226/784 227/278/785
f 178/222/786 2/2/787 21/75/788 225/279/789
f 180/224/790 178/222/791 225/279/792 226/280/793
f 182/226/794 180/224/795 226/280/796 227/278/797
f 223/281/798 20/80/799 22/79/800 229/282/801
f 224/283/802 223/281/803 229/282/804 230/284/805
f 222/285/806 224/283/807 230/284/808 231/286/809
f 225/287/810 21/86/811 20/80/812 223/281/813
f 226/288/814 225/287/815 223/281/816 224/283/817
f 227/289/818 226/288/819 224/283/820 222/285/821
f 229/290/822 22/291/823 3/240/824 194/238/825
f 230/292/826 229/290/827 194/238/828 192/236/829
f 231/293/830 230/292/831 192/236/832 190/235/833
f 190/235/834 188/232/835 232/294/836 231/293/837
f 184/228/838 228/277/839 233/295/840 186/230/841
f 186/230/842 233/295/843 232/294/844 188/232/845
f 231/286/846 232/296/847 233/297/848 222/285/849
f 228/298/850 227/289/851 222/285/852 233/297/853
f 207/253/854 205/250/855 234/299/856 211/261/857
f 211/261/858 234/299/859 235/300/860 221/262/861
f 221/262/862 235/300/863 236/301/864 212/263/865
f 212/263/866 236/301/867 237/302/868 213/264/869
f 213/264/870 237/302/871 238/303/872 220/265/873
f 220/265/874 238/303/875 239/304/876 214/266/877
f 215/267/878 214/266/879 239/304/880 240/305/881
f 215/267/882 240/305/883 241/306/884 219/268/885
f 219/268/886 241/306/887 242/307/888 216/270/889
f 216/270/890 242/307/891 243/308/892 217/271/893
f 217/274/894 243/309/895 244/310/896 218/275/897
f 193/237/898 195/239/899 218/275/900 244/310/901
f 245/259/902 23/47/903 1/111/904 179/311/905
f 246/260/906 245/259/907 179/311/908 181/312/909
f 197/257/910 246/260/911 181/312/912 183/313/913
f 199/244/914 197/243/915 183/227/916 185/229/917
f 208/254/918 209/255/919 196/258/920
f 191/234/921 193/237/922 244/310/923 247/314/924
f 247/314/925 244/310/926 243/309/927 248/315/928
f 248/316/929 243/308/930 242/307/931 249/317/932
f 249/317/933 242/307/934 241/306/935 250/318/936
f 250/318/937 241/306/938 240/305/939 251/319/940
f 240/305/941 239/304/942 252/320/943 251/319/944
f 252/320/945 239/304/946 238/303/947 253/321/948
f 253/321/949 238/303/950 237/302/951 254/322/952
f 254/322/953 237/302/954 236/301/955 255/323/956
f 255/323/957 236/301/958 235/300/959 256/324/960
f 256/324/961 235/300/962 234/299/963 257/325/964
f 257/325/965 234/299/966 205/250/967 203/248/968
f 189/233/969 191/234/970 247/314/971 258/326/972
f 258/326/973 247/314/974 248/315/975 259/327/976
f 259/328/977 248/316/978 249/317/979 260/329/980
f 260/329/981 249/317/982 250/318/983 261/330/984
f 261/330/985 250/318/986 251/319/987 262/331/988
f 251/319/989 252/320/990 263/332/991 262/331/992
f 263/332/993 252/320/994 253/321/995 264/333/996
f 264/333/997 253/321/998 254/322/999 265/334/1000
f 265/334/1001 254/322/1002 255/323/1003 266/335/1004
f 266/335/1005 255/323/1006 256/324/1007 267/336/1008
f 267/336/1009 256/324/1010 257/325/1011 268/337/1012
f 268/337/1013 257/325/1014 203/248/1015 201/247/1016
f 199/244/1017 185/229/1018 187/231/1019 201/247/1020
f 268/337/1021 201/247/1022 187/231/1023 269/338/1024
f 269/338/1025 187/231/1026 189/233/1027 258/326/1028
f 267/336/1029 268/337/1030 269/338/1031 270/339/1032
f 270/339/1033 269/338/1034 258/326/1035 259/327/1036
f 259/328/1037 260/329/1038 271/340/1039 270/341/1040
f 265/334/1041 266/335/1042 271/340/1043 272/342/1044
f 272/342/1045 271/340/1046 260/329/1047 261/330/1048
f 263/332/1049 264/333/1050 265/334/1051 272/342/1052
f 272/342/1053 261/330/1054 262/331/1055 263/332/1056
f 207/253/1057 273/343/1058 206/251/1059 205/250/1060
f 208/252/1061 274/344/1062 273/343/1063 207/253/1064
f 196/345/1065 275/346/1066 274/344/1067 208/252/1068
f 198/242/1069 275/346/1070 196/345/1071 197/243/1072
f 273/347/1073 277/348/1074 276/349/1075 206/350/1076
f 273/347/1077 274/351/1078 278/352/1079 277/348/1080
f 274/351/1081 275/353/1082 279/354/1083 278/352/1084
f 198/355/1085 280/356/1086 279/354/1087 275/353/1088
f 200/357/1089 281/358/1090 280/356/1091 198/355/1092
f 202/359/1093 282/360/1094 281/358/1095 200/357/1096
f 204/361/1097 283/362/1098 282/360/1099 202/359/1100
f 206/350/1101 276/349/1102 283/362/1103 204/361/1104
f 277/348/1105 280/356/1106 281/358/1107 276/349/1108
f 279/354/1109 280/356/1110 277/348/1111 278/352/1112
f 283/362/1113 276/349/1114 281/358/1115 282/360/1116
f 285/363/1117 267/364/1118 270/365/1119 284/366/1120
f 270/365/1121 287/367/1122 286/368/1123 284/366/1124
f 289/369/1125 288/370/1126 286/368/1127 287/367/1128
f 299/371/1129 298/372/1130 288/370/1131 289/369/1132
f 285/363/1133 291/373/1134 290/374/1135 267/364/1136
f 290/374/1137 292/375/1138 266/376/1139 267/364/1140
f 291/373/1141 294/377/1142 293/378/1143 290/374/1144
f 290/374/1145 293/378/1146 295/379/1147 292/375/1148
f 293/378/1149 296/380/1150 297/381/1151 295/379/1152
f 299/371/1153 301/382/1154 300/383/1155 298/372/1156
f 284/366/1157 286/368/1158 288/370/1159 285/363/1160
f 298/372/1161 291/373/1162 285/363/1163 288/370/1164
f 291/373/1165 298/372/1166 300/383/1167 294/377/1168
f 293/378/1169 294/377/1170 302/384/1171 296/380/1172
f 294/377/1173 300/383/1174 303/385/1175 302/384/1176
f 300/383/1177 301/382/1178 304/386/1179 303/385/1180
f 270/365/1181 271/387/1182 305/388/1183 287/367/1184
f 305/388/1185 306/389/1186 289/369/1187 287/367/1188
f 306/389/1189 307/390/1190 299/371/1191 289/369/1192
f 307/390/1193 308/391/1194 301/382/1195 299/371/1196
f 308/391/1197 309/392/1198 304/386/1199 301/382/1200
f 296/380/1201 310/393/1202 311/394/1203 297/381/1204
f 302/384/1205 312/395/1206 310/393/1207 296/380/1208
f 303/385/1209 313/396/1210 312/395/1211 302/384/1212
f 304/386/1213 314/397/1214 313/396/1215 303/385/1216
f 309/392/1217 315/398/1218 314/397/1219 304/386/1220
f 310/393/1221 316/399/1222 317/400/1223 311/394/1224
f 316/399/1225 318/401/1226 319/402/1227 317/400/1228
f 312/395/1229 316/399/1230 310/393/1231
f 313/396/1232 318/401/1233 316/399/1234 312/395/1235
f 314/397/1236 318/401/1237 313/396/1238
f 320/403/1239 321/404/1240 306/405/1241 305/406/1242
f 321/404/1243 322/407/1244 307/408/1245 306/405/1246
f 322/407/1247 323/409/1248 308/410/1249 307/408/1250
f 305/406/1251 271/411/1252 324/412/1253 320/403/1254
f 271/411/1255 266/376/1256 325/413/1257 324/412/1258
f 266/376/1259 292/375/1260 326/414/1261 325/413/1262
f 292/375/1263 295/379/1264 327/415/1265 326/414/1266
f 295/379/1267 297/381/1268 328/416/1269 327/415/1270
f 297/381/1271 311/394/1272 329/417/1273 328/416/1274
f 323/409/1275 330/418/1276 309/419/1277 308/410/1278
f 330/418/1279 331/420/1280 315/421/1281 309/419/1282
f 311/394/1283 317/400/1284 329/417/1285
f 331/420/1286 319/402/1287 315/421/1288
f 319/402/1289 331/420/1290 329/417/1291 317/400/1292
f 329/417/1293 331/420/1294 330/418/1295 328/416/1296
f 323/409/1297 327/415/1298 328/416/1299 330/418/1300
f 327/415/1301 323/409/1302 322/407/1303 326/414/1304
f 321/404/1305 325/413/1306 326/414/1307 322/407/1308
f 324/412/1309 325/413/1310 321/404/1311 320/403/1312
f 314/397/1313 315/398/1314 319/402/1315 318/401/1316
g default
v -0.056028 1.512125 0.322833
v -0.044216 1.570890 0.323229
v -0.074893 1.576573 0.317940
v -0.083494 1.536731 0.318712
v -0.114086 1.594446 0.304072
v -0.124700 1.568361 0.301930
v -0.175563 1.602906 0.278125
v -0.185053 1.581071 0.266954
v -0.218762 1.596048 0.241109
v -0.221491 1.587780 0.237896
v -0.042171 1.576625 0.288806
v -0.076379 1.582828 0.284307
v -0.110514 1.599032 0.273389
v -0.168416 1.603414 0.247603
v -0.209866 1.597292 0.224682
v -0.081913 1.558109 0.265532
v -0.050370 1.535913 0.267075
v -0.115267 1.575021 0.257412
v -0.165082 1.586482 0.237780
v -0.212387 1.590000 0.220403
vt 0.972288 0.879617
vt 0.981895 0.882431
vt 0.971379 0.890427
vt 0.965811 0.887436
vt 0.956274 0.883886
vt 0.958694 0.876780
vt 0.942608 0.876781
vt 0.942603 0.870400
vt 0.933190 0.870218
vt 0.933473 0.868754
vt 0.969928 0.897653
vt 0.960763 0.894090
vt 0.950936 0.889945
vt 0.935821 0.881131
vt 0.929468 0.868762
vt 0.968690 0.865746
vt 0.978967 0.866114
vt 0.958616 0.864833
vt 0.944278 0.862303
vt 0.930833 0.865112
vt 0.969377 0.942976
vt 0.966251 0.931397
vt 0.971229 0.931091
vt 0.971444 0.943777
vt 0.965421 0.915466
vt 0.972510 0.917397
vt 0.968425 0.906097
vt 0.976057 0.908416
vt 0.981921 0.900185
vn -0.206079 0.047618 0.977376
vn -0.142752 0.033315 0.989198
vn -0.142752 0.033315 0.989198
vn -0.236355 0.054454 0.970140
vn -0.206079 0.047618 0.977376
vn -0.236355 0.054454 0.970140
vn -0.383392 0.011507 0.923514
vn -0.388585 0.006677 0.921389
vn -0.388585 0.006677 0.921389
vn -0.383392 0.011507 0.923514
vn -0.485588 -0.065058 0.871764
vn -0.534786 -0.078944 0.841292
vn -0.534786 -0.078944 0.841292
vn -0.485588 -0.065058 0.871764
vn -0.634669 -0.108010 0.765199
vn -0.634669 -0.108010 0.765199
vn 0.244900 0.954356 0.170965
vn 0.152226 0.973144 0.172681
vn 0.152226 0.973144 0.172681
vn 0.288786 0.942253 0.169593
vn 0.216251 0.967520 0.130923
vn 0.244900 0.954356 0.170965
vn 0.288786 0.942253 0.169593
vn 0.164357 0.979261 0.118472
vn 0.006518 0.997904 0.064375
vn 0.216251 0.967520 0.130923
vn 0.164357 0.979261 0.118472
vn -0.029736 0.998497 0.046043
vn -0.143248 0.989614 -0.012013
vn 0.006518 0.997904 0.064375
vn -0.029736 0.998497 0.046043
vn -0.143248 0.989614 -0.012013
vn -0.561706 -0.750383 -0.348443
vn -0.522405 -0.786728 -0.328864
vn -0.497007 -0.808125 -0.316098
vn -0.561706 -0.750383 -0.348443
vn -0.522405 -0.786728 -0.328864
vn -0.309462 -0.915017 -0.258800
vn -0.262284 -0.932993 -0.246439
vn -0.497007 -0.808125 -0.316098
vn -0.309462 -0.915017 -0.258800
vn -0.081864 -0.977491 -0.194449
vn -0.086496 -0.976796 -0.195930
vn -0.262284 -0.932993 -0.246439
vn -0.081864 -0.977491 -0.194449
vn -0.022999 -0.984250 -0.175278
vn -0.022999 -0.984250 -0.175278
vn -0.086496 -0.976796 -0.195930
vn 0.350998 0.479869 -0.804069
vn 0.385745 0.479162 -0.788419
vn 0.385674 0.479164 -0.788452
vn 0.350998 0.479868 -0.804069
vn 0.385745 0.479162 -0.788419
vn 0.421212 0.467973 -0.776905
vn 0.418733 0.469241 -0.777480
vn 0.385674 0.479164 -0.788452
vn 0.418733 0.469241 -0.777480
vn 0.421212 0.467973 -0.776905
vn 0.351489 0.462216 -0.814133
vn 0.345485 0.462387 -0.816602
vn 0.345485 0.462387 -0.816602
vn 0.351489 0.462216 -0.814133
vn 0.277345 0.462974 -0.841864
vn 0.277345 0.462974 -0.841864
vn 0.979429 -0.200999 0.017851
vn 0.979429 -0.200999 0.017851
vn 0.979429 -0.200999 0.017851
vn 0.979429 -0.200999 0.017851
vn -0.805027 0.454946 -0.380730
vn -0.805027 0.454946 -0.380730
vn -0.805027 0.454946 -0.380730
vn -0.805027 0.454946 -0.380730
s off
g GoblinHead_low Goblin_low GoblnEyebrowRightt_low
usemtl lambert3SG
f 335/422/1317 332/423/1318 333/424/1319 334/425/1320
f 335/422/1321 334/425/1322 336/426/1323 337/427/1324
f 337/427/1325 336/426/1326 338/428/1327 339/429/1328
f 339/429/1329 338/428/1330 340/430/1331 341/431/1332
f 334/425/1333 333/424/1334 342/432/1335 343/433/1336
f 336/426/1337 334/425/1338 343/433/1339 344/434/1340
f 338/428/1341 336/426/1342 344/434/1343 345/435/1344
f 340/430/1345 338/428/1346 345/435/1347 346/436/1348
f 332/423/1349 335/422/1350 347/437/1351 348/438/1352
f 335/422/1353 337/427/1354 349/439/1355 347/437/1356
f 337/427/1357 339/429/1358 350/440/1359 349/439/1360
f 339/429/1361 341/431/1362 351/441/1363 350/440/1364
f 346/442/1365 345/443/1366 350/444/1367 351/445/1368
f 345/443/1369 344/446/1370 349/447/1371 350/444/1372
f 349/447/1373 344/446/1374 343/448/1375 347/449/1376
f 347/449/1377 343/448/1378 342/432/1379 348/450/1380
f 333/424/1381 332/423/1382 348/450/1383 342/432/1384
f 340/430/1385 346/436/1386 351/441/1387 341/431/1388
g default
v 0.056028 1.512125 0.322833
v 0.044216 1.570890 0.323229
v 0.074893 1.576573 0.317940
v 0.083494 1.536731 0.318712
v 0.114086 1.594446 0.304072
v 0.124700 1.568361 0.301930
v 0.175563 1.602906 0.278125
v 0.185053 1.581071 0.266954
v 0.218762 1.596048 0.241109
v 0.221491 1.587780 0.237896
v 0.042171 1.576625 0.288806
v 0.076379 1.582828 0.284307
v 0.110514 1.599032 0.273389
v 0.168416 1.603414 0.247603
v 0.209866 1.597292 0.224682
v 0.081913 1.558109 0.265532
v 0.050370 1.535913 0.267075
v 0.115267 1.575021 0.257412
v 0.165082 1.586482 0.237780
v 0.212387 1.590000 0.220403
vt 0.938820 0.967455
vt 0.944619 0.959125
vt 0.938823 0.956613
vt 0.929011 0.965445
vt 0.952608 0.969141
vt 0.954419 0.961855
vt 0.969191 0.974115
vt 0.968634 0.967758
vt 0.978447 0.974950
vt 0.978587 0.973464
vt 0.949079 0.952068
vt 0.939662 0.949290
vt 0.959206 0.955356
vt 0.975008 0.962824
vt 0.982423 0.974579
vt 0.933289 0.981459
vt 0.943569 0.980974
vt 0.953699 0.981038
vt 0.968223 0.982328
vt 0.981390 0.978344
vt 0.936475 0.904077
vt 0.934349 0.903450
vt 0.935610 0.916075
vt 0.940545 0.915360
vt 0.935463 0.929827
vt 0.942686 0.931167
vt 0.932669 0.939071
vt 0.940465 0.940752
vt 0.927506 0.947758
vn 0.206080 0.047618 0.977376
vn 0.236356 0.054454 0.970140
vn 0.142752 0.033315 0.989198
vn 0.142752 0.033315 0.989198
vn 0.206080 0.047618 0.977376
vn 0.388586 0.006677 0.921388
vn 0.383393 0.011507 0.923514
vn 0.236356 0.054454 0.970140
vn 0.388586 0.006677 0.921388
vn 0.534786 -0.078944 0.841292
vn 0.485587 -0.065058 0.871764
vn 0.383393 0.011507 0.923514
vn 0.534786 -0.078944 0.841292
vn 0.634669 -0.108010 0.765199
vn 0.634669 -0.108010 0.765199
vn 0.485587 -0.065058 0.871764
vn -0.244900 0.954356 0.170966
vn -0.288786 0.942253 0.169593
vn -0.152226 0.973144 0.172682
vn -0.152226 0.973144 0.172682
vn -0.216251 0.967520 0.130923
vn -0.164357 0.979261 0.118472
vn -0.288786 0.942253 0.169593
vn -0.244900 0.954356 0.170966
vn -0.006518 0.997904 0.064376
vn 0.029736 0.998497 0.046044
vn -0.164357 0.979261 0.118472
vn -0.216251 0.967520 0.130923
vn 0.143248 0.989614 -0.012010
vn 0.143248 0.989614 -0.012010
vn 0.029736 0.998497 0.046044
vn -0.006518 0.997904 0.064376
vn 0.561705 -0.750383 -0.348443
vn 0.561705 -0.750383 -0.348443
vn 0.497007 -0.808125 -0.316098
vn 0.522405 -0.786728 -0.328864
vn 0.522405 -0.786728 -0.328864
vn 0.497007 -0.808125 -0.316098
vn 0.262284 -0.932993 -0.246439
vn 0.309462 -0.915017 -0.258800
vn 0.309462 -0.915017 -0.258800
vn 0.262284 -0.932993 -0.246439
vn 0.086496 -0.976796 -0.195930
vn 0.081864 -0.977491 -0.194449
vn 0.081864 -0.977491 -0.194449
vn 0.086496 -0.976796 -0.195930
vn 0.022999 -0.984250 -0.175278
vn 0.022999 -0.984250 -0.175278
vn -0.350997 0.479867 -0.804070
vn -0.350996 0.479867 -0.804070
vn -0.385674 0.479164 -0.788453
vn -0.385745 0.479162 -0.788419
vn -0.385745 0.479162 -0.788419
vn -0.385674 0.479164 -0.788453
vn -0.418733 0.469241 -0.777480
vn -0.421212 0.467973 -0.776905
vn -0.418733 0.469241 -0.777480
vn -0.345486 0.462388 -0.816601
vn -0.351489 0.462217 -0.814132
vn -0.421212 0.467973 -0.776905
vn -0.345486 0.462388 -0.816601
vn -0.277346 0.462975 -0.841863
vn -0.277346 0.462975 -0.841863
vn -0.351489 0.462217 -0.814132
vn -0.979429 -0.200999 0.017851
vn -0.979429 -0.200999 0.017851
vn -0.979429 -0.200999 0.017851
vn -0.979429 -0.200999 0.017851
vn 0.805027 0.454945 -0.380732
vn 0.805027 0.454945 -0.380732
vn 0.805027 0.454946 -0.380732
vn 0.805027 0.454945 -0.380732
s off
g GoblinHead_low Goblin_low GoblinEyebrowLeftt_low
usemtl lambert3SG
f 355/451/1389 354/452/1390 353/453/1391 352/454/1392
f 355/451/1393 357/455/1394 356/456/1395 354/452/1396
f 357/455/1397 359/457/1398 358/458/1399 356/456/1400
f 359/457/1401 361/459/1402 360/460/1403 358/458/1404
f 354/452/1405 363/461/1406 362/462/1407 353/453/1408
f 356/456/1409 364/463/1410 363/461/1411 354/452/1412
f 358/458/1413 365/464/1414 364/463/1415 356/456/1416
f 360/460/1417 366/465/1418 365/464/1419 358/458/1420
f 352/454/1421 368/466/1422 367/467/1423 355/451/1424
f 355/451/1425 367/467/1426 369/468/1427 357/455/1428
f 357/455/1429 369/468/1430 370/469/1431 359/457/1432
f 359/457/1433 370/469/1434 371/470/1435 361/459/1436
f 366/471/1437 371/472/1438 370/473/1439 365/474/1440
f 365/474/1441 370/473/1442 369/475/1443 364/476/1444
f 369/475/1445 367/477/1446 363/478/1447 364/476/1448
f 367/477/1449 368/479/1450 362/462/1451 363/478/1452
f 353/453/1453 362/462/1454 368/479/1455 352/454/1456
f 360/460/1457 361/459/1458 371/470/1459 366/465/1460
g default
v -0.146744 1.505643 0.139118
v -0.135259 1.513986 0.139118
v -0.121064 1.513986 0.139118
v -0.109579 1.505643 0.139118
v -0.105193 1.492142 0.139118
v -0.109579 1.478641 0.139118
v -0.121064 1.470297 0.139118
v -0.135259 1.470297 0.139118
v -0.146744 1.478641 0.139118
v -0.151130 1.492142 0.139118
v -0.164060 1.518223 0.147984
v -0.141873 1.534342 0.147984
v -0.114450 1.534342 0.147984
v -0.092263 1.518223 0.147984
v -0.083789 1.492142 0.147984
v -0.092263 1.466060 0.147984
v -0.114450 1.449941 0.147984
v -0.141873 1.449941 0.147984
v -0.164060 1.466060 0.147984
v -0.172534 1.492142 0.147984
v -0.178929 1.529026 0.162087
v -0.147553 1.551823 0.162087
v -0.108770 1.551823 0.162087
v -0.077394 1.529027 0.162087
v -0.065409 1.492142 0.162087
v -0.077394 1.455257 0.162087
v -0.108770 1.432461 0.162087
v -0.147553 1.432461 0.162087
v -0.178929 1.455257 0.162087
v -0.190914 1.492142 0.162087
v -0.190339 1.537316 0.180466
v -0.151911 1.565236 0.180466
v -0.104412 1.565236 0.180466
v -0.065984 1.537316 0.180466
v -0.051306 1.492142 0.180466
v -0.065984 1.446967 0.180466
v -0.104412 1.419048 0.180466
v -0.151911 1.419048 0.180466
v -0.190339 1.446967 0.180466
v -0.205017 1.492142 0.180466
v -0.197511 1.542527 0.201870
v -0.154651 1.573667 0.201870
v -0.101672 1.573667 0.201870
v -0.058812 1.542527 0.201870
v -0.042440 1.492142 0.201870
v -0.058812 1.441756 0.201870
v -0.101672 1.410616 0.201870
v -0.154651 1.410616 0.201870
v -0.197511 1.441756 0.201870
v -0.213883 1.492142 0.201870
v -0.199958 1.544305 0.224839
v -0.155585 1.576543 0.224839
v -0.100738 1.576543 0.224839
v -0.056365 1.544305 0.224839
v -0.039417 1.492142 0.224839
v -0.056365 1.439979 0.224839
v -0.100738 1.407740 0.224839
v -0.155585 1.407740 0.224839
v -0.199958 1.439979 0.224839
v -0.216906 1.492142 0.224839
v -0.197511 1.542527 0.247808
v -0.154651 1.573667 0.247808
v -0.101672 1.573667 0.247808
v -0.058812 1.542527 0.247808
v -0.042440 1.492142 0.247808
v -0.058812 1.441756 0.247808
v -0.101672 1.410616 0.247808
v -0.154651 1.410616 0.247808
v -0.197511 1.441756 0.247808
v -0.213883 1.492142 0.247808
v -0.190339 1.537316 0.269211
v -0.151911 1.565236 0.269211
v -0.104412 1.565236 0.269211
v -0.065984 1.537316 0.269211
v -0.051306 1.492142 0.269211
v -0.065984 1.446967 0.269211
v -0.104412 1.419048 0.269211
v -0.151911 1.419048 0.269211
v -0.190339 1.446967 0.269211
v -0.205017 1.492142 0.269211
v -0.178929 1.529027 0.287591
v -0.147553 1.551823 0.287591
v -0.108770 1.551823 0.287591
v -0.077394 1.529026 0.287591
v -0.065409 1.492142 0.287591
v -0.077394 1.455257 0.287591
v -0.108770 1.432461 0.287591
v -0.147553 1.432461 0.287591
v -0.178929 1.455257 0.287591
v -0.190914 1.492142 0.287591
v -0.164060 1.518223 0.301694
v -0.141873 1.534342 0.301694
v -0.114450 1.534342 0.301694
v -0.092263 1.518223 0.301694
v -0.083789 1.492142 0.301694
v -0.092263 1.466060 0.301694
v -0.114450 1.449941 0.301694
v -0.141873 1.449941 0.301694
v -0.164060 1.466060 0.301694
v -0.172534 1.492142 0.301694
v -0.146744 1.505643 0.310560
v -0.135259 1.513986 0.310560
v -0.121064 1.513986 0.310560
v -0.109579 1.505643 0.310560
v -0.105193 1.492142 0.310560
v -0.109579 1.478641 0.310560
v -0.121064 1.470297 0.310560
v -0.135259 1.470297 0.310560
v -0.146744 1.478641 0.310560
v -0.151130 1.492142 0.310560
v -0.128161 1.492142 0.136094
v -0.128162 1.492142 0.313584
vt 0.328084 0.497515
vt 0.321996 0.497444
vt 0.324182 0.504619
vt 0.329149 0.501099
vt 0.330168 0.509140
vt 0.332117 0.503373
vt 0.337668 0.509279
vt 0.335855 0.503467
vt 0.343817 0.504983
vt 0.338935 0.501347
vt 0.346267 0.497892
vt 0.340179 0.497821
vt 0.344081 0.490717
vt 0.339114 0.494237
vt 0.338095 0.486196
vt 0.336146 0.491963
vt 0.330595 0.486057
vt 0.332408 0.491869
vt 0.324446 0.490354
vt 0.329329 0.493990
vt 0.315808 0.497459
vt 0.319185 0.508270
vt 0.328271 0.515031
vt 0.339596 0.515159
vt 0.348833 0.508607
vt 0.352455 0.497876
vt 0.349078 0.487066
vt 0.339992 0.480305
vt 0.328668 0.480177
vt 0.319430 0.486729
vt 0.309473 0.497547
vt 0.314111 0.512064
vt 0.326396 0.521083
vt 0.341637 0.521157
vt 0.354010 0.512260
vt 0.358790 0.497789
vt 0.354152 0.483272
vt 0.341867 0.474254
vt 0.326627 0.474179
vt 0.314254 0.483076
vt 0.302941 0.497677
vt 0.308903 0.516009
vt 0.324502 0.527335
vt 0.343780 0.527329
vt 0.359372 0.515993
vt 0.365322 0.497658
vt 0.359360 0.479327
vt 0.343761 0.468001
vt 0.324484 0.468007
vt 0.308893 0.479342
vt 0.296109 0.497807
vt 0.303453 0.520130
vt 0.322516 0.533873
vt 0.346016 0.533786
vt 0.364976 0.519902
vt 0.372154 0.497527
vt 0.364810 0.475205
vt 0.345748 0.461463
vt 0.322249 0.461550
vt 0.303289 0.475432
vt 0.188060 0.517623
vt 0.182497 0.513574
vt 0.166571 0.524670
vt 0.168691 0.531215
vt 0.147165 0.524285
vt 0.145032 0.530827
vt 0.131690 0.512567
vt 0.126120 0.516606
vt 0.126059 0.493991
vt 0.119179 0.493984
vt 0.132422 0.475653
vt 0.126860 0.471603
vt 0.148349 0.464558
vt 0.146230 0.458012
vt 0.167755 0.464943
vt 0.169888 0.458402
vt 0.183229 0.476661
vt 0.188799 0.472623
vt 0.188860 0.495236
vt 0.195740 0.495243
vt 0.177175 0.509706
vt 0.164539 0.518413
vt 0.149198 0.518029
vt 0.137012 0.508701
vt 0.132638 0.493992
vt 0.137744 0.479521
vt 0.150381 0.470815
vt 0.165721 0.471200
vt 0.177906 0.480528
vt 0.182281 0.495236
vt 0.172038 0.505924
vt 0.162605 0.512334
vt 0.151207 0.511975
vt 0.142197 0.504984
vt 0.139017 0.494033
vt 0.142881 0.483303
vt 0.152313 0.476894
vt 0.163712 0.477254
vt 0.172722 0.484244
vt 0.175902 0.495195
vt 0.167062 0.502174
vt 0.160784 0.506374
vt 0.153236 0.506083
vt 0.147301 0.501410
vt 0.145247 0.494142
vt 0.147857 0.487054
vt 0.154134 0.482854
vt 0.161682 0.483145
vt 0.167616 0.487818
vt 0.169671 0.495086
vt 0.162220 0.498414
vt 0.159077 0.500487
vt 0.155316 0.500316
vt 0.152373 0.497968
vt 0.151374 0.494338
vt 0.152698 0.490814
vt 0.155841 0.488741
vt 0.159602 0.488912
vt 0.162545 0.491261
vt 0.163544 0.494890
vt 0.334132 0.497668
vt 0.157459 0.494614
vn -0.234701 0.323066 -0.916812
vn -0.234701 0.323066 -0.916812
vn -0.234701 0.323066 -0.916812
vn -0.234701 0.323066 -0.916812
vn -0.104181 0.320637 -0.941455
vn -0.167894 0.516724 -0.839528
vn 0.167894 0.516724 -0.839529
vn 0.104181 0.320636 -0.941456
vn 0.104181 0.320636 -0.941456
vn 0.167894 0.516724 -0.839529
vn 0.439552 0.319354 -0.839528
vn 0.272749 0.198165 -0.941456
vn 0.272749 0.198165 -0.941456
vn 0.439552 0.319354 -0.839528
vn 0.543317 -0.000001 -0.839527
vn 0.337136 0.000000 -0.941456
vn 0.337136 0.000000 -0.941456
vn 0.543317 -0.000001 -0.839527
vn 0.439554 -0.319354 -0.839527
vn 0.272749 -0.198164 -0.941456
vn 0.272749 -0.198164 -0.941456
vn 0.439554 -0.319354 -0.839527
vn 0.167895 -0.516726 -0.839527
vn 0.104181 -0.320635 -0.941456
vn 0.104181 -0.320635 -0.941456
vn 0.167895 -0.516726 -0.839527
vn -0.167895 -0.516726 -0.839527
vn -0.104182 -0.320635 -0.941456
vn -0.104182 -0.320635 -0.941456
vn -0.167895 -0.516726 -0.839527
vn -0.439553 -0.319354 -0.839527
vn -0.272749 -0.198164 -0.941456
vn -0.272749 -0.198164 -0.941456
vn -0.439553 -0.319354 -0.839527
vn -0.543318 0.000000 -0.839527
vn -0.337136 0.000000 -0.941456
vn -0.337136 0.000000 -0.941456
vn -0.543318 0.000000 -0.839527
vn -0.439552 0.319354 -0.839528
vn -0.272749 0.198165 -0.941456
vn -0.439552 0.319354 -0.839528
vn -0.591903 0.430042 -0.681700
vn -0.226087 0.695822 -0.681701
vn -0.167894 0.516724 -0.839528
vn -0.167894 0.516724 -0.839528
vn -0.226087 0.695822 -0.681701
vn 0.226087 0.695823 -0.681700
vn 0.167894 0.516724 -0.839529
vn 0.167894 0.516724 -0.839529
vn 0.226087 0.695823 -0.681700
vn 0.591904 0.430043 -0.681699
vn 0.439552 0.319354 -0.839528
vn 0.439552 0.319354 -0.839528
vn 0.591904 0.430043 -0.681699
vn 0.731633 0.000000 -0.681699
vn 0.543317 -0.000001 -0.839527
vn 0.543317 -0.000001 -0.839527
vn 0.731633 0.000000 -0.681699
vn 0.591903 -0.430043 -0.681699
vn 0.439554 -0.319354 -0.839527
vn 0.439554 -0.319354 -0.839527
vn 0.591903 -0.430043 -0.681699
vn 0.226087 -0.695823 -0.681700
vn 0.167895 -0.516726 -0.839527
vn 0.167895 -0.516726 -0.839527
vn 0.226087 -0.695823 -0.681700
vn -0.226087 -0.695823 -0.681700
vn -0.167895 -0.516726 -0.839527
vn -0.167895 -0.516726 -0.839527
vn -0.226087 -0.695823 -0.681700
vn -0.591903 -0.430043 -0.681700
vn -0.439553 -0.319354 -0.839527
vn -0.439553 -0.319354 -0.839527
vn -0.591903 -0.430043 -0.681700
vn -0.731632 0.000000 -0.681700
vn -0.543318 0.000000 -0.839527
vn -0.543318 0.000000 -0.839527
vn -0.731632 0.000000 -0.681700
vn -0.591903 0.430042 -0.681700
vn -0.439552 0.319354 -0.839528
vn -0.591903 0.430042 -0.681700
vn -0.709755 0.515668 -0.479931
vn -0.271102 0.834368 -0.479931
vn -0.226087 0.695822 -0.681701
vn -0.226087 0.695822 -0.681701
vn -0.271102 0.834368 -0.479931
vn 0.271103 0.834367 -0.479931
vn 0.226087 0.695823 -0.681700
vn 0.226087 0.695823 -0.681700
vn 0.271103 0.834367 -0.479931
vn 0.709756 0.515667 -0.479932
vn 0.591904 0.430043 -0.681699
vn 0.591904 0.430043 -0.681699
vn 0.709756 0.515667 -0.479932
vn 0.877306 0.000000 -0.479932
vn 0.731633 0.000000 -0.681699
vn 0.731633 0.000000 -0.681699
vn 0.877306 0.000000 -0.479932
vn 0.709755 -0.515667 -0.479932
vn 0.591903 -0.430043 -0.681699
vn 0.591903 -0.430043 -0.681699
vn 0.709755 -0.515667 -0.479932
vn 0.271103 -0.834367 -0.479932
vn 0.226087 -0.695823 -0.681700
vn 0.226087 -0.695823 -0.681700
vn 0.271103 -0.834367 -0.479932
vn -0.271103 -0.834367 -0.479932
vn -0.226087 -0.695823 -0.681700
vn -0.226087 -0.695823 -0.681700
vn -0.271103 -0.834367 -0.479932
vn -0.709755 -0.515668 -0.479932
vn -0.591903 -0.430043 -0.681700
vn -0.591903 -0.430043 -0.681700
vn -0.709755 -0.515668 -0.479932
vn -0.877306 0.000000 -0.479932
vn -0.731632 0.000000 -0.681700
vn -0.731632 0.000000 -0.681700
vn -0.877306 0.000000 -0.479932
vn -0.709755 0.515668 -0.479931
vn -0.591903 0.430042 -0.681700
vn -0.709755 0.515668 -0.479931
vn -0.783797 0.569461 -0.247742
vn -0.299384 0.921408 -0.247743
vn -0.271102 0.834368 -0.479931
vn -0.271102 0.834368 -0.479931
vn -0.299384 0.921408 -0.247743
vn 0.299384 0.921408 -0.247743
vn 0.271103 0.834367 -0.479931
vn 0.271103 0.834367 -0.479931
vn 0.299384 0.921408 -0.247743
vn 0.783797 0.569461 -0.247743
vn 0.709756 0.515667 -0.479932
vn 0.709756 0.515667 -0.479932
vn 0.783797 0.569461 -0.247743
vn 0.968826 0.000000 -0.247743
vn 0.877306 0.000000 -0.479932
vn 0.877306 0.000000 -0.479932
vn 0.968826 0.000000 -0.247743
vn 0.783797 -0.569461 -0.247743
vn 0.709755 -0.515667 -0.479932
vn 0.709755 -0.515667 -0.479932
vn 0.783797 -0.569461 -0.247743
vn 0.299384 -0.921408 -0.247742
vn 0.271103 -0.834367 -0.479932
vn 0.271103 -0.834367 -0.479932
vn 0.299384 -0.921408 -0.247742
vn -0.299384 -0.921408 -0.247742
vn -0.271103 -0.834367 -0.479932
vn -0.271103 -0.834367 -0.479932
vn -0.299384 -0.921408 -0.247742
vn -0.783797 -0.569462 -0.247742
vn -0.709755 -0.515668 -0.479932
vn -0.709755 -0.515668 -0.479932
vn -0.783797 -0.569462 -0.247742
vn -0.968826 0.000000 -0.247742
vn -0.877306 0.000000 -0.479932
vn -0.877306 0.000000 -0.479932
vn -0.968826 0.000000 -0.247742
vn -0.783797 0.569461 -0.247742
vn -0.709755 0.515668 -0.479931
vn -0.783797 0.569461 -0.247742
vn -0.802096 0.582757 -0.130528
vn -0.306372 0.942920 -0.130530
vn -0.299384 0.921408 -0.247743
vn -0.299384 0.921408 -0.247743
vn -0.306372 0.942920 -0.130530
vn 0.306372 0.942920 -0.130530
vn 0.299384 0.921408 -0.247743
vn 0.299384 0.921408 -0.247743
vn 0.306372 0.942920 -0.130530
vn 0.802096 0.582756 -0.130528
vn 0.783797 0.569461 -0.247743
vn 0.783797 0.569461 -0.247743
vn 0.802096 0.582756 -0.130528
vn 0.991445 0.000000 -0.130527
vn 0.968826 0.000000 -0.247743
vn 0.968826 0.000000 -0.247743
vn 0.991445 0.000000 -0.130527
vn 0.802095 -0.582757 -0.130528
vn 0.783797 -0.569461 -0.247743
vn 0.783797 -0.569461 -0.247743
vn 0.802095 -0.582757 -0.130528
vn 0.306373 -0.942920 -0.130528
vn 0.299384 -0.921408 -0.247742
vn 0.299384 -0.921408 -0.247742
vn 0.306373 -0.942920 -0.130528
vn -0.306373 -0.942920 -0.130526
vn -0.299384 -0.921408 -0.247742
vn -0.299384 -0.921408 -0.247742
vn -0.306373 -0.942920 -0.130526
vn -0.802096 -0.582757 -0.130527
vn -0.783797 -0.569462 -0.247742
vn -0.783797 -0.569462 -0.247742
vn -0.802096 -0.582757 -0.130527
vn -0.991445 0.000000 -0.130528
vn -0.968826 0.000000 -0.247742
vn -0.968826 0.000000 -0.247742
vn -0.991445 0.000000 -0.130528
vn -0.802096 0.582757 -0.130528
vn -0.783797 0.569461 -0.247742
vn -0.802096 0.582757 0.130526
vn -0.783797 0.569461 0.247742
vn -0.299385 0.921408 0.247742
vn -0.306372 0.942920 0.130530
vn -0.306372 0.942920 0.130530
vn -0.299385 0.921408 0.247742
vn 0.299384 0.921408 0.247743
vn 0.306373 0.942920 0.130531
vn 0.306373 0.942920 0.130531
vn 0.299384 0.921408 0.247743
vn 0.783797 0.569461 0.247743
vn 0.802095 0.582757 0.130529
vn 0.802095 0.582757 0.130529
vn 0.783797 0.569461 0.247743
vn 0.968826 -0.000001 0.247742
vn 0.991445 0.000001 0.130527
vn 0.991445 0.000001 0.130527
vn 0.968826 -0.000001 0.247742
vn 0.783797 -0.569462 0.247742
vn 0.802095 -0.582757 0.130528
vn 0.802095 -0.582757 0.130528
vn 0.783797 -0.569462 0.247742
vn 0.299384 -0.921408 0.247742
vn 0.306373 -0.942920 0.130528
vn 0.306373 -0.942920 0.130528
vn 0.299384 -0.921408 0.247742
vn -0.299384 -0.921408 0.247742
vn -0.306374 -0.942920 0.130527
vn -0.306374 -0.942920 0.130527
vn -0.299384 -0.921408 0.247742
vn -0.783797 -0.569462 0.247742
vn -0.802096 -0.582757 0.130527
vn -0.802096 -0.582757 0.130527
vn -0.783797 -0.569462 0.247742
vn -0.968826 0.000000 0.247742
vn -0.991445 -0.000001 0.130526
vn -0.991445 -0.000001 0.130526
vn -0.968826 0.000000 0.247742
vn -0.783797 0.569461 0.247742
vn -0.802096 0.582757 0.130526
vn -0.783797 0.569461 0.247742
vn -0.709755 0.515667 0.479932
vn -0.271102 0.834368 0.479931
vn -0.299385 0.921408 0.247742
vn -0.299385 0.921408 0.247742
vn -0.271102 0.834368 0.479931
vn 0.271103 0.834368 0.479931
vn 0.299384 0.921408 0.247743
vn 0.299384 0.921408 0.247743
vn 0.271103 0.834368 0.479931
vn 0.709755 0.515667 0.479932
vn 0.783797 0.569461 0.247743
vn 0.783797 0.569461 0.247743
vn 0.709755 0.515667 0.479932
vn 0.877306 0.000000 0.479932
vn 0.968826 -0.000001 0.247742
vn 0.968826 -0.000001 0.247742
vn 0.877306 0.000000 0.479932
vn 0.709755 -0.515668 0.479932
vn 0.783797 -0.569462 0.247742
vn 0.783797 -0.569462 0.247742
vn 0.709755 -0.515668 0.479932
vn 0.271103 -0.834367 0.479932
vn 0.299384 -0.921408 0.247742
vn 0.299384 -0.921408 0.247742
vn 0.271103 -0.834367 0.479932
vn -0.271104 -0.834367 0.479932
vn -0.299384 -0.921408 0.247742
vn -0.299384 -0.921408 0.247742
vn -0.271104 -0.834367 0.479932
vn -0.709756 -0.515667 0.479931
vn -0.783797 -0.569462 0.247742
vn -0.783797 -0.569462 0.247742
vn -0.709756 -0.515667 0.479931
vn -0.877306 -0.000001 0.479932
vn -0.968826 0.000000 0.247742
vn -0.968826 0.000000 0.247742
vn -0.877306 -0.000001 0.479932
vn -0.709755 0.515667 0.479932
vn -0.783797 0.569461 0.247742
vn -0.709755 0.515667 0.479932
vn -0.591903 0.430043 0.681699
vn -0.226087 0.695822 0.681701
vn -0.271102 0.834368 0.479931
vn -0.271102 0.834368 0.479931
vn -0.226087 0.695822 0.681701
vn 0.226087 0.695822 0.681701
vn 0.271103 0.834368 0.479931
vn 0.271103 0.834368 0.479931
vn 0.226087 0.695822 0.681701
vn 0.591903 0.430042 0.681700
vn 0.709755 0.515667 0.479932
vn 0.709755 0.515667 0.479932
vn 0.591903 0.430042 0.681700
vn 0.731632 0.000000 0.681700
vn 0.877306 0.000000 0.479932
vn 0.877306 0.000000 0.479932
vn 0.731632 0.000000 0.681700
vn 0.591903 -0.430042 0.681700
vn 0.709755 -0.515668 0.479932
vn 0.709755 -0.515668 0.479932
vn 0.591903 -0.430042 0.681700
vn 0.226087 -0.695823 0.681700
vn 0.271103 -0.834367 0.479932
vn 0.271103 -0.834367 0.479932
vn 0.226087 -0.695823 0.681700
vn -0.226088 -0.695823 0.681700
vn -0.271104 -0.834367 0.479932
vn -0.271104 -0.834367 0.479932
vn -0.226088 -0.695823 0.681700
vn -0.591904 -0.430042 0.681700
vn -0.709756 -0.515667 0.479931
vn -0.709756 -0.515667 0.479931
vn -0.591904 -0.430042 0.681700
vn -0.731633 0.000000 0.681699
vn -0.877306 -0.000001 0.479932
vn -0.877306 -0.000001 0.479932
vn -0.731633 0.000000 0.681699
vn -0.591903 0.430043 0.681699
vn -0.709755 0.515667 0.479932
vn -0.591903 0.430043 0.681699
vn -0.439552 0.319353 0.839528
vn -0.167894 0.516724 0.839529
vn -0.226087 0.695822 0.681701
vn -0.226087 0.695822 0.681701
vn -0.167894 0.516724 0.839529
vn 0.167895 0.516724 0.839529
vn 0.226087 0.695822 0.681701
vn 0.226087 0.695822 0.681701
vn 0.167895 0.516724 0.839529
vn 0.439553 0.319354 0.839528
vn 0.591903 0.430042 0.681700
vn 0.591903 0.430042 0.681700
vn 0.439553 0.319354 0.839528
vn 0.543317 0.000000 0.839528
vn 0.731632 0.000000 0.681700
vn 0.731632 0.000000 0.681700
vn 0.543317 0.000000 0.839528
vn 0.439553 -0.319353 0.839528
vn 0.591903 -0.430042 0.681700
vn 0.591903 -0.430042 0.681700
vn 0.439553 -0.319353 0.839528
vn 0.167895 -0.516725 0.839527
vn 0.226087 -0.695823 0.681700
vn 0.226087 -0.695823 0.681700
vn 0.167895 -0.516725 0.839527
vn -0.167896 -0.516726 0.839527
vn -0.226088 -0.695823 0.681700
vn -0.226088 -0.695823 0.681700
vn -0.167896 -0.516726 0.839527
vn -0.439553 -0.319354 0.839527
vn -0.591904 -0.430042 0.681700
vn -0.591904 -0.430042 0.681700
vn -0.439553 -0.319354 0.839527
vn -0.543317 -0.000001 0.839528
vn -0.731633 0.000000 0.681699
vn -0.731633 0.000000 0.681699
vn -0.543317 -0.000001 0.839528
vn -0.439552 0.319353 0.839528
vn -0.591903 0.430043 0.681699
vn -0.439552 0.319353 0.839528
vn -0.272748 0.198165 0.941456
vn -0.104181 0.320637 0.941455
vn -0.167894 0.516724 0.839529
vn -0.167894 0.516724 0.839529
vn -0.104181 0.320637 0.941455
vn 0.104181 0.320637 0.941455
vn 0.167895 0.516724 0.839529
vn 0.167895 0.516724 0.839529
vn 0.104181 0.320637 0.941455
vn 0.272750 0.198165 0.941455
vn 0.439553 0.319354 0.839528
vn 0.439553 0.319354 0.839528
vn 0.272750 0.198165 0.941455
vn 0.337137 0.000000 0.941456
vn 0.543317 0.000000 0.839528
vn 0.543317 0.000000 0.839528
vn 0.337137 0.000000 0.941456
vn 0.272750 -0.198164 0.941456
vn 0.439553 -0.319353 0.839528
vn 0.439553 -0.319353 0.839528
vn 0.272750 -0.198164 0.941456
vn 0.104182 -0.320636 0.941456
vn 0.167895 -0.516725 0.839527
vn 0.167895 -0.516725 0.839527
vn 0.104182 -0.320636 0.941456
vn -0.104182 -0.320636 0.941456
vn -0.167896 -0.516726 0.839527
vn -0.167896 -0.516726 0.839527
vn -0.104182 -0.320636 0.941456
vn -0.272749 -0.198164 0.941456
vn -0.439553 -0.319354 0.839527
vn -0.439553 -0.319354 0.839527
vn -0.272749 -0.198164 0.941456
vn -0.337136 0.000000 0.941456
vn -0.543317 -0.000001 0.839528
vn -0.543317 -0.000001 0.839528
vn -0.337136 0.000000 0.941456
vn -0.272748 0.198165 0.941456
vn -0.439552 0.319353 0.839528
vn -0.104181 0.320637 -0.941455
vn 0.000000 0.000000 -1.000000
vn -0.272749 0.198165 -0.941456
vn 0.104181 0.320636 -0.941456
vn 0.000000 0.000000 -1.000000
vn -0.104181 0.320637 -0.941455
vn 0.272749 0.198165 -0.941456
vn 0.000000 0.000000 -1.000000
vn 0.104181 0.320636 -0.941456
vn 0.337136 0.000000 -0.941456
vn 0.000000 0.000000 -1.000000
vn 0.272749 0.198165 -0.941456
vn 0.272749 -0.198164 -0.941456
vn 0.000000 0.000000 -1.000000
vn 0.337136 0.000000 -0.941456
vn 0.104181 -0.320635 -0.941456
vn 0.000000 0.000000 -1.000000
vn 0.272749 -0.198164 -0.941456
vn -0.104182 -0.320635 -0.941456
vn 0.000000 0.000000 -1.000000
vn 0.104181 -0.320635 -0.941456
vn -0.272749 -0.198164 -0.941456
vn 0.000000 0.000000 -1.000000
vn -0.104182 -0.320635 -0.941456
vn -0.337136 0.000000 -0.941456
vn 0.000000 0.000000 -1.000000
vn -0.272749 -0.198164 -0.941456
vn -0.272749 0.198165 -0.941456
vn 0.000000 0.000000 -1.000000
vn -0.337136 0.000000 -0.941456
vn -0.272748 0.198165 0.941456
vn 0.000000 0.000000 1.000000
vn -0.104181 0.320637 0.941455
vn -0.104181 0.320637 0.941455
vn 0.000000 0.000000 1.000000
vn 0.104181 0.320637 0.941455
vn 0.104181 0.320637 0.941455
vn 0.000000 0.000000 1.000000
vn 0.272750 0.198165 0.941455
vn 0.272750 0.198165 0.941455
vn 0.000000 0.000000 1.000000
vn 0.337137 0.000000 0.941456
vn 0.337137 0.000000 0.941456
vn 0.000000 0.000000 1.000000
vn 0.272750 -0.198164 0.941456
vn 0.272750 -0.198164 0.941456
vn 0.000000 0.000000 1.000000
vn 0.104182 -0.320636 0.941456
vn 0.104182 -0.320636 0.941456
vn 0.000000 0.000000 1.000000
vn -0.104182 -0.320636 0.941456
vn -0.104182 -0.320636 0.941456
vn 0.000000 0.000000 1.000000
vn -0.272749 -0.198164 0.941456
vn -0.272749 -0.198164 0.941456
vn 0.000000 0.000000 1.000000
vn -0.337136 0.000000 0.941456
vn -0.337136 0.000000 0.941456
vn 0.000000 0.000000 1.000000
vn -0.272748 0.198165 0.941456
s off
g Goblin_low GoblinEyeRightt_low GoblinEyes_low
usemtl lambert3SG
f 372/480/1461 382/481/1462 383/482/1463 373/483/1464
f 373/483/1465 383/482/1466 384/484/1467 374/485/1468
f 374/485/1469 384/484/1470 385/486/1471 375/487/1472
f 375/487/1473 385/486/1474 386/488/1475 376/489/1476
f 376/489/1477 386/488/1478 387/490/1479 377/491/1480
f 377/491/1481 387/490/1482 388/492/1483 378/493/1484
f 378/493/1485 388/492/1486 389/494/1487 379/495/1488
f 379/495/1489 389/494/1490 390/496/1491 380/497/1492
f 380/497/1493 390/496/1494 391/498/1495 381/499/1496
f 381/499/1497 391/498/1498 382/481/1499 372/480/1500
f 382/481/1501 392/500/1502 393/501/1503 383/482/1504
f 383/482/1505 393/501/1506 394/502/1507 384/484/1508
f 384/484/1509 394/502/1510 395/503/1511 385/486/1512
f 385/486/1513 395/503/1514 396/504/1515 386/488/1516
f 386/488/1517 396/504/1518 397/505/1519 387/490/1520
f 387/490/1521 397/505/1522 398/506/1523 388/492/1524
f 388/492/1525 398/506/1526 399/507/1527 389/494/1528
f 389/494/1529 399/507/1530 400/508/1531 390/496/1532
f 390/496/1533 400/508/1534 401/509/1535 391/498/1536
f 391/498/1537 401/509/1538 392/500/1539 382/481/1540
f 392/500/1541 402/510/1542 403/511/1543 393/501/1544
f 393/501/1545 403/511/1546 404/512/1547 394/502/1548
f 394/502/1549 404/512/1550 405/513/1551 395/503/1552
f 395/503/1553 405/513/1554 406/514/1555 396/504/1556
f 396/504/1557 406/514/1558 407/515/1559 397/505/1560
f 397/505/1561 407/515/1562 408/516/1563 398/506/1564
f 398/506/1565 408/516/1566 409/517/1567 399/507/1568
f 399/507/1569 409/517/1570 410/518/1571 400/508/1572
f 400/508/1573 410/518/1574 411/519/1575 401/509/1576
f 401/509/1577 411/519/1578 402/510/1579 392/500/1580
f 402/510/1581 412/520/1582 413/521/1583 403/511/1584
f 403/511/1585 413/521/1586 414/522/1587 404/512/1588
f 404/512/1589 414/522/1590 415/523/1591 405/513/1592
f 405/513/1593 415/523/1594 416/524/1595 406/514/1596
f 406/514/1597 416/524/1598 417/525/1599 407/515/1600
f 407/515/1601 417/525/1602 418/526/1603 408/516/1604
f 408/516/1605 418/526/1606 419/527/1607 409/517/1608
f 409/517/1609 419/527/1610 420/528/1611 410/518/1612
f 410/518/1613 420/528/1614 421/529/1615 411/519/1616
f 411/519/1617 421/529/1618 412/520/1619 402/510/1620
f 412/520/1621 422/530/1622 423/531/1623 413/521/1624
f 413/521/1625 423/531/1626 424/532/1627 414/522/1628
f 414/522/1629 424/532/1630 425/533/1631 415/523/1632
f 415/523/1633 425/533/1634 426/534/1635 416/524/1636
f 416/524/1637 426/534/1638 427/535/1639 417/525/1640
f 417/525/1641 427/535/1642 428/536/1643 418/526/1644
f 418/526/1645 428/536/1646 429/537/1647 419/527/1648
f 419/527/1649 429/537/1650 430/538/1651 420/528/1652
f 420/528/1653 430/538/1654 431/539/1655 421/529/1656
f 421/529/1657 431/539/1658 422/530/1659 412/520/1660
f 422/540/1661 432/541/1662 433/542/1663 423/543/1664
f 423/543/1665 433/542/1666 434/544/1667 424/545/1668
f 424/545/1669 434/544/1670 435/546/1671 425/547/1672
f 425/547/1673 435/546/1674 436/548/1675 426/549/1676
f 426/549/1677 436/548/1678 437/550/1679 427/551/1680
f 427/551/1681 437/550/1682 438/552/1683 428/553/1684
f 428/553/1685 438/552/1686 439/554/1687 429/555/1688
f 429/555/1689 439/554/1690 440/556/1691 430/557/1692
f 430/557/1693 440/556/1694 441/558/1695 431/559/1696
f 431/559/1697 441/558/1698 432/541/1699 422/540/1700
f 432/541/1701 442/560/1702 443/561/1703 433/542/1704
f 433/542/1705 443/561/1706 444/562/1707 434/544/1708
f 434/544/1709 444/562/1710 445/563/1711 435/546/1712
f 435/546/1713 445/563/1714 446/564/1715 436/548/1716
f 436/548/1717 446/564/1718 447/565/1719 437/550/1720
f 437/550/1721 447/565/1722 448/566/1723 438/552/1724
f 438/552/1725 448/566/1726 449/567/1727 439/554/1728
f 439/554/1729 449/567/1730 450/568/1731 440/556/1732
f 440/556/1733 450/568/1734 451/569/1735 441/558/1736
f 441/558/1737 451/569/1738 442/560/1739 432/541/1740
f 442/560/1741 452/570/1742 453/571/1743 443/561/1744
f 443/561/1745 453/571/1746 454/572/1747 444/562/1748
f 444/562/1749 454/572/1750 455/573/1751 445/563/1752
f 445/563/1753 455/573/1754 456/574/1755 446/564/1756
f 446/564/1757 456/574/1758 457/575/1759 447/565/1760
f 447/565/1761 457/575/1762 458/576/1763 448/566/1764
f 448/566/1765 458/576/1766 459/577/1767 449/567/1768
f 449/567/1769 459/577/1770 460/578/1771 450/568/1772
f 450/568/1773 460/578/1774 461/579/1775 451/569/1776
f 451/569/1777 461/579/1778 452/570/1779 442/560/1780
f 452/570/1781 462/580/1782 463/581/1783 453/571/1784
f 453/571/1785 463/581/1786 464/582/1787 454/572/1788
f 454/572/1789 464/582/1790 465/583/1791 455/573/1792
f 455/573/1793 465/583/1794 466/584/1795 456/574/1796
f 456/574/1797 466/584/1798 467/585/1799 457/575/1800
f 457/575/1801 467/585/1802 468/586/1803 458/576/1804
f 458/576/1805 468/586/1806 469/587/1807 459/577/1808
f 459/577/1809 469/587/1810 470/588/1811 460/578/1812
f 460/578/1813 470/588/1814 471/589/1815 461/579/1816
f 461/579/1817 471/589/1818 462/580/1819 452/570/1820
f 462/580/1821 472/590/1822 473/591/1823 463/581/1824
f 463/581/1825 473/591/1826 474/592/1827 464/582/1828
f 464/582/1829 474/592/1830 475/593/1831 465/583/1832
f 465/583/1833 475/593/1834 476/594/1835 466/584/1836
f 466/584/1837 476/594/1838 477/595/1839 467/585/1840
f 467/585/1841 477/595/1842 478/596/1843 468/586/1844
f 468/586/1845 478/596/1846 479/597/1847 469/587/1848
f 469/587/1849 479/597/1850 480/598/1851 470/588/1852
f 470/588/1853 480/598/1854 481/599/1855 471/589/1856
f 471/589/1857 481/599/1858 472/590/1859 462/580/1860
f 373/483/1861 482/600/1862 372/480/1863
f 374/485/1864 482/600/1865 373/483/1866
f 375/487/1867 482/600/1868 374/485/1869
f 376/489/1870 482/600/1871 375/487/1872
f 377/491/1873 482/600/1874 376/489/1875
f 378/493/1876 482/600/1877 377/491/1878
f 379/495/1879 482/600/1880 378/493/1881
f 380/497/1882 482/600/1883 379/495/1884
f 381/499/1885 482/600/1886 380/497/1887
f 372/480/1888 482/600/1889 381/499/1890
f 472/590/1891 483/601/1892 473/591/1893
f 473/591/1894 483/601/1895 474/592/1896
f 474/592/1897 483/601/1898 475/593/1899
f 475/593/1900 483/601/1901 476/594/1902
f 476/594/1903 483/601/1904 477/595/1905
f 477/595/1906 483/601/1907 478/596/1908
f 478/596/1909 483/601/1910 479/597/1911
f 479/597/1912 483/601/1913 480/598/1914
f 480/598/1915 483/601/1916 481/599/1917
f 481/599/1918 483/601/1919 472/590/1920
g default
v 0.146744 1.505643 0.139118
v 0.135259 1.513986 0.139118
v 0.121064 1.513986 0.139118
v 0.109579 1.505643 0.139118
v 0.105193 1.492142 0.139118
v 0.109579 1.478641 0.139118
v 0.121064 1.470297 0.139118
v 0.135259 1.470297 0.139118
v 0.146744 1.478641 0.139118
v 0.151130 1.492142 0.139118
v 0.164060 1.518223 0.147984
v 0.141873 1.534342 0.147984
v 0.114450 1.534342 0.147984
v 0.092263 1.518223 0.147983
v 0.083789 1.492142 0.147984
v 0.092263 1.466060 0.147984
v 0.114450 1.449941 0.147984
v 0.141873 1.449941 0.147984
v 0.164060 1.466060 0.147984
v 0.172534 1.492142 0.147984
v 0.178929 1.529027 0.162087
v 0.147553 1.551823 0.162087
v 0.108770 1.551823 0.162087
v 0.077394 1.529027 0.162087
v 0.065409 1.492142 0.162087
v 0.077394 1.455257 0.162087
v 0.108770 1.432461 0.162087
v 0.147553 1.432461 0.162087
v 0.178929 1.455257 0.162087
v 0.190914 1.492142 0.162087
v 0.190339 1.537316 0.180466
v 0.151911 1.565236 0.180466
v 0.104412 1.565236 0.180466
v 0.065984 1.537316 0.180467
v 0.051306 1.492142 0.180466
v 0.065984 1.446967 0.180466
v 0.104412 1.419048 0.180466
v 0.151911 1.419048 0.180466
v 0.190339 1.446967 0.180466
v 0.205017 1.492142 0.180466
v 0.197511 1.542527 0.201870
v 0.154651 1.573667 0.201870
v 0.101672 1.573667 0.201870
v 0.058812 1.542527 0.201870
v 0.042441 1.492142 0.201870
v 0.058812 1.441756 0.201870
v 0.101672 1.410616 0.201870
v 0.154651 1.410616 0.201870
v 0.197511 1.441756 0.201870
v 0.213883 1.492142 0.201870
v 0.199958 1.544305 0.224839
v 0.155585 1.576543 0.224839
v 0.100738 1.576543 0.224839
v 0.056365 1.544305 0.224839
v 0.039417 1.492142 0.224839
v 0.056365 1.439979 0.224839
v 0.100738 1.407740 0.224839
v 0.155585 1.407740 0.224839
v 0.199958 1.439979 0.224839
v 0.216906 1.492142 0.224839
v 0.197511 1.542527 0.247808
v 0.154651 1.573667 0.247808
v 0.101672 1.573667 0.247808
v 0.058812 1.542527 0.247808
v 0.042440 1.492142 0.247808
v 0.058812 1.441756 0.247808
v 0.101672 1.410616 0.247808
v 0.154651 1.410616 0.247808
v 0.197511 1.441756 0.247808
v 0.213883 1.492142 0.247808
v 0.190339 1.537316 0.269211
v 0.151911 1.565236 0.269211
v 0.104412 1.565236 0.269211
v 0.065984 1.537316 0.269211
v 0.051306 1.492142 0.269211
v 0.065984 1.446967 0.269211
v 0.104412 1.419048 0.269211
v 0.151911 1.419048 0.269211
v 0.190339 1.446967 0.269211
v 0.205017 1.492142 0.269211
v 0.178929 1.529027 0.287591
v 0.147553 1.551823 0.287591
v 0.108770 1.551823 0.287591
v 0.077394 1.529027 0.287591
v 0.065409 1.492142 0.287591
v 0.077394 1.455257 0.287591
v 0.108770 1.432461 0.287591
v 0.147553 1.432461 0.287591
v 0.178929 1.455257 0.287591
v 0.190914 1.492142 0.287591
v 0.164060 1.518223 0.301694
v 0.141873 1.534342 0.301694
v 0.114450 1.534342 0.301694
v 0.092263 1.518223 0.301694
v 0.083789 1.492142 0.301694
v 0.092263 1.466060 0.301694
v 0.114450 1.449941 0.301694
v 0.141873 1.449941 0.301694
v 0.164060 1.466060 0.301694
v 0.172534 1.492142 0.301694
v 0.146744 1.505643 0.310560
v 0.135259 1.513986 0.310560
v 0.121064 1.513986 0.310560
v 0.109579 1.505643 0.310560
v 0.105193 1.492142 0.310560
v 0.109579 1.478641 0.310560
v 0.121064 1.470297 0.310560
v 0.135259 1.470297 0.310560
v 0.146744 1.478641 0.310560
v 0.151130 1.492142 0.310560
v 0.128162 1.492142 0.136094
v 0.128162 1.492142 0.313584
vt 0.336659 0.422271
vt 0.332921 0.422358
vt 0.331097 0.428166
vt 0.338597 0.428041
vt 0.329845 0.420231
vt 0.324956 0.423858
vt 0.328607 0.416703
vt 0.322520 0.416763
vt 0.329679 0.413122
vt 0.324719 0.409592
vt 0.332652 0.410853
vt 0.330714 0.405082
vt 0.336390 0.410766
vt 0.338214 0.404958
vt 0.339466 0.412893
vt 0.344355 0.409266
vt 0.340704 0.416421
vt 0.346791 0.416360
vt 0.339632 0.420003
vt 0.344592 0.423532
vt 0.329159 0.434043
vt 0.340484 0.433935
vt 0.319933 0.427474
vt 0.316331 0.416736
vt 0.319729 0.405932
vt 0.328827 0.399188
vt 0.340153 0.399081
vt 0.349378 0.405650
vt 0.352980 0.416388
vt 0.349582 0.427192
vt 0.327107 0.440037
vt 0.342347 0.439991
vt 0.314751 0.431117
vt 0.309997 0.416637
vt 0.314662 0.402129
vt 0.326965 0.393133
vt 0.342205 0.393087
vt 0.354561 0.402008
vt 0.359314 0.416487
vt 0.354649 0.430996
vt 0.324953 0.446205
vt 0.344229 0.446247
vt 0.309382 0.434840
vt 0.303465 0.416494
vt 0.309462 0.398174
vt 0.325082 0.386876
vt 0.344360 0.386919
vt 0.359930 0.398285
vt 0.365846 0.416631
vt 0.359849 0.434951
vt 0.322705 0.452658
vt 0.346204 0.452789
vt 0.303771 0.438740
vt 0.296633 0.416351
vt 0.304019 0.394042
vt 0.323108 0.380335
vt 0.346608 0.380466
vt 0.365541 0.394386
vt 0.372678 0.416775
vt 0.365291 0.439083
vt 0.251537 0.531774
vt 0.227873 0.531839
vt 0.229880 0.525258
vt 0.249291 0.525270
vt 0.208691 0.517983
vt 0.214183 0.513839
vt 0.201318 0.495499
vt 0.208197 0.495375
vt 0.208568 0.472976
vt 0.214207 0.476918
vt 0.227672 0.459015
vt 0.229916 0.465519
vt 0.251332 0.458949
vt 0.249326 0.465531
vt 0.270514 0.472803
vt 0.265022 0.476948
vt 0.277889 0.495286
vt 0.271010 0.495412
vt 0.270641 0.517810
vt 0.265002 0.513869
vt 0.231793 0.518964
vt 0.247139 0.519053
vt 0.219431 0.509871
vt 0.214775 0.495249
vt 0.219602 0.480683
vt 0.232069 0.471736
vt 0.247413 0.471825
vt 0.259775 0.480917
vt 0.264432 0.495538
vt 0.259606 0.510105
vt 0.233687 0.512872
vt 0.245090 0.513012
vt 0.224543 0.506056
vt 0.221153 0.495167
vt 0.224810 0.484366
vt 0.234118 0.477777
vt 0.245521 0.477917
vt 0.254663 0.484733
vt 0.258054 0.495621
vt 0.254397 0.506423
vt 0.235602 0.506942
vt 0.243154 0.507089
vt 0.229579 0.502385
vt 0.227384 0.495157
vt 0.229858 0.488021
vt 0.236053 0.483700
vt 0.243605 0.483847
vt 0.249628 0.488404
vt 0.251822 0.495632
vt 0.249350 0.502768
vt 0.237570 0.501137
vt 0.241334 0.501235
vt 0.234583 0.498845
vt 0.233514 0.495236
vt 0.234770 0.491687
vt 0.237873 0.489554
vt 0.241637 0.489652
vt 0.244624 0.491944
vt 0.245693 0.495554
vt 0.244436 0.499103
vt 0.334656 0.416562
vt 0.239603 0.495395
vn 0.234701 0.323066 -0.916812
vn 0.234701 0.323066 -0.916812
vn 0.234701 0.323066 -0.916812
vn 0.234701 0.323066 -0.916812
vn 0.104180 0.320636 -0.941456
vn -0.104178 0.320637 -0.941456
vn -0.167893 0.516726 -0.839527
vn 0.167893 0.516725 -0.839528
vn -0.104178 0.320637 -0.941456
vn -0.272749 0.198165 -0.941456
vn -0.439551 0.319355 -0.839528
vn -0.167893 0.516726 -0.839527
vn -0.272749 0.198165 -0.941456
vn -0.337138 -0.000002 -0.941455
vn -0.543317 -0.000001 -0.839527
vn -0.439551 0.319355 -0.839528
vn -0.337138 -0.000002 -0.941455
vn -0.272749 -0.198165 -0.941456
vn -0.439553 -0.319354 -0.839527
vn -0.543317 -0.000001 -0.839527
vn -0.272749 -0.198165 -0.941456
vn -0.104181 -0.320636 -0.941456
vn -0.167895 -0.516725 -0.839527
vn -0.439553 -0.319354 -0.839527
vn -0.104181 -0.320636 -0.941456
vn 0.104183 -0.320636 -0.941455
vn 0.167896 -0.516725 -0.839527
vn -0.167895 -0.516725 -0.839527
vn 0.104183 -0.320636 -0.941455
vn 0.272749 -0.198164 -0.941456
vn 0.439553 -0.319355 -0.839527
vn 0.167896 -0.516725 -0.839527
vn 0.272749 -0.198164 -0.941456
vn 0.337135 -0.000002 -0.941456
vn 0.543318 -0.000001 -0.839527
vn 0.439553 -0.319355 -0.839527
vn 0.337135 -0.000002 -0.941456
vn 0.272747 0.198165 -0.941456
vn 0.439552 0.319355 -0.839527
vn 0.543318 -0.000001 -0.839527
vn 0.439552 0.319355 -0.839527
vn 0.167893 0.516725 -0.839528
vn 0.226086 0.695823 -0.681701
vn 0.591903 0.430043 -0.681699
vn 0.167893 0.516725 -0.839528
vn -0.167893 0.516726 -0.839527
vn -0.226087 0.695823 -0.681700
vn 0.226086 0.695823 -0.681701
vn -0.167893 0.516726 -0.839527
vn -0.439551 0.319355 -0.839528
vn -0.591903 0.430043 -0.681699
vn -0.226087 0.695823 -0.681700
vn -0.439551 0.319355 -0.839528
vn -0.543317 -0.000001 -0.839527
vn -0.731632 0.000000 -0.681700
vn -0.591903 0.430043 -0.681699
vn -0.543317 -0.000001 -0.839527
vn -0.439553 -0.319354 -0.839527
vn -0.591902 -0.430043 -0.681700
vn -0.731632 0.000000 -0.681700
vn -0.439553 -0.319354 -0.839527
vn -0.167895 -0.516725 -0.839527
vn -0.226087 -0.695823 -0.681700
vn -0.591902 -0.430043 -0.681700
vn -0.167895 -0.516725 -0.839527
vn 0.167896 -0.516725 -0.839527
vn 0.226087 -0.695823 -0.681700
vn -0.226087 -0.695823 -0.681700
vn 0.167896 -0.516725 -0.839527
vn 0.439553 -0.319355 -0.839527
vn 0.591903 -0.430043 -0.681700
vn 0.226087 -0.695823 -0.681700
vn 0.439553 -0.319355 -0.839527
vn 0.543318 -0.000001 -0.839527
vn 0.731633 -0.000001 -0.681699
vn 0.591903 -0.430043 -0.681700
vn 0.543318 -0.000001 -0.839527
vn 0.439552 0.319355 -0.839527
vn 0.591903 0.430043 -0.681699
vn 0.731633 -0.000001 -0.681699
vn 0.591903 0.430043 -0.681699
vn 0.226086 0.695823 -0.681701
vn 0.271102 0.834368 -0.479931
vn 0.709756 0.515667 -0.479931
vn 0.226086 0.695823 -0.681701
vn -0.226087 0.695823 -0.681700
vn -0.271103 0.834367 -0.479931
vn 0.271102 0.834368 -0.479931
vn -0.226087 0.695823 -0.681700
vn -0.591903 0.430043 -0.681699
vn -0.709756 0.515668 -0.479931
vn -0.271103 0.834367 -0.479931
vn -0.591903 0.430043 -0.681699
vn -0.731632 0.000000 -0.681700
vn -0.877307 0.000000 -0.479930
vn -0.709756 0.515668 -0.479931
vn -0.731632 0.000000 -0.681700
vn -0.591902 -0.430043 -0.681700
vn -0.709756 -0.515668 -0.479931
vn -0.877307 0.000000 -0.479930
vn -0.591902 -0.430043 -0.681700
vn -0.226087 -0.695823 -0.681700
vn -0.271102 -0.834368 -0.479931
vn -0.709756 -0.515668 -0.479931
vn -0.226087 -0.695823 -0.681700
vn 0.226087 -0.695823 -0.681700
vn 0.271102 -0.834368 -0.479931
vn -0.271102 -0.834368 -0.479931
vn 0.226087 -0.695823 -0.681700
vn 0.591903 -0.430043 -0.681700
vn 0.709755 -0.515668 -0.479932
vn 0.271102 -0.834368 -0.479931
vn 0.591903 -0.430043 -0.681700
vn 0.731633 -0.000001 -0.681699
vn 0.877306 0.000000 -0.479932
vn 0.709755 -0.515668 -0.479932
vn 0.731633 -0.000001 -0.681699
vn 0.591903 0.430043 -0.681699
vn 0.709756 0.515667 -0.479931
vn 0.877306 0.000000 -0.479932
vn 0.709756 0.515667 -0.479931
vn 0.271102 0.834368 -0.479931
vn 0.299384 0.921408 -0.247742
vn 0.783797 0.569461 -0.247741
vn 0.271102 0.834368 -0.479931
vn -0.271103 0.834367 -0.479931
vn -0.299384 0.921408 -0.247742
vn 0.299384 0.921408 -0.247742
vn -0.271103 0.834367 -0.479931
vn -0.709756 0.515668 -0.479931
vn -0.783796 0.569462 -0.247742
vn -0.299384 0.921408 -0.247742
vn -0.709756 0.515668 -0.479931
vn -0.877307 0.000000 -0.479930
vn -0.968826 0.000000 -0.247742
vn -0.783796 0.569462 -0.247742
vn -0.877307 0.000000 -0.479930
vn -0.709756 -0.515668 -0.479931
vn -0.783797 -0.569462 -0.247742
vn -0.968826 0.000000 -0.247742
vn -0.709756 -0.515668 -0.479931
vn -0.271102 -0.834368 -0.479931
vn -0.299384 -0.921408 -0.247743
vn -0.783797 -0.569462 -0.247742
vn -0.271102 -0.834368 -0.479931
vn 0.271102 -0.834368 -0.479931
vn 0.299384 -0.921408 -0.247743
vn -0.299384 -0.921408 -0.247743
vn 0.271102 -0.834368 -0.479931
vn 0.709755 -0.515668 -0.479932
vn 0.783797 -0.569462 -0.247742
vn 0.299384 -0.921408 -0.247743
vn 0.709755 -0.515668 -0.479932
vn 0.877306 0.000000 -0.479932
vn 0.968826 -0.000001 -0.247741
vn 0.783797 -0.569462 -0.247742
vn 0.877306 0.000000 -0.479932
vn 0.709756 0.515667 -0.479931
vn 0.783797 0.569461 -0.247741
vn 0.968826 -0.000001 -0.247741
vn 0.783797 0.569461 -0.247741
vn 0.299384 0.921408 -0.247742
vn 0.306373 0.942920 -0.130530
vn 0.802096 0.582757 -0.130527
vn 0.299384 0.921408 -0.247742
vn -0.299384 0.921408 -0.247742
vn -0.306373 0.942920 -0.130529
vn 0.306373 0.942920 -0.130530
vn -0.299384 0.921408 -0.247742
vn -0.783796 0.569462 -0.247742
vn -0.802096 0.582757 -0.130527
vn -0.306373 0.942920 -0.130529
vn -0.783796 0.569462 -0.247742
vn -0.968826 0.000000 -0.247742
vn -0.991445 0.000001 -0.130528
vn -0.802096 0.582757 -0.130527
vn -0.968826 0.000000 -0.247742
vn -0.783797 -0.569462 -0.247742
vn -0.802095 -0.582757 -0.130528
vn -0.991445 0.000001 -0.130528
vn -0.783797 -0.569462 -0.247742
vn -0.299384 -0.921408 -0.247743
vn -0.306374 -0.942919 -0.130529
vn -0.802095 -0.582757 -0.130528
vn -0.299384 -0.921408 -0.247743
vn 0.299384 -0.921408 -0.247743
vn 0.306373 -0.942920 -0.130529
vn -0.306374 -0.942919 -0.130529
vn 0.299384 -0.921408 -0.247743
vn 0.783797 -0.569462 -0.247742
vn 0.802097 -0.582756 -0.130526
vn 0.306373 -0.942920 -0.130529
vn 0.783797 -0.569462 -0.247742
vn 0.968826 -0.000001 -0.247741
vn 0.991445 0.000000 -0.130525
vn 0.802097 -0.582756 -0.130526
vn 0.968826 -0.000001 -0.247741
vn 0.783797 0.569461 -0.247741
vn 0.802096 0.582757 -0.130527
vn 0.991445 0.000000 -0.130525
vn 0.802096 0.582756 0.130529
vn 0.306373 0.942919 0.130531
vn 0.299385 0.921408 0.247742
vn 0.783797 0.569462 0.247741
vn 0.306373 0.942919 0.130531
vn -0.306373 0.942920 0.130530
vn -0.299384 0.921408 0.247743
vn 0.299385 0.921408 0.247742
vn -0.306373 0.942920 0.130530
vn -0.802096 0.582756 0.130527
vn -0.783797 0.569462 0.247742
vn -0.299384 0.921408 0.247743
vn -0.802096 0.582756 0.130527
vn -0.991445 0.000001 0.130525
vn -0.968826 0.000000 0.247742
vn -0.783797 0.569462 0.247742
vn -0.991445 0.000001 0.130525
vn -0.802096 -0.582756 0.130525
vn -0.783797 -0.569461 0.247742
vn -0.968826 0.000000 0.247742
vn -0.802096 -0.582756 0.130525
vn -0.306374 -0.942920 0.130527
vn -0.299384 -0.921408 0.247743
vn -0.783797 -0.569461 0.247742
vn -0.306374 -0.942920 0.130527
vn 0.306374 -0.942920 0.130529
vn 0.299385 -0.921408 0.247743
vn -0.299384 -0.921408 0.247743
vn 0.306374 -0.942920 0.130529
vn 0.802096 -0.582756 0.130528
vn 0.783797 -0.569461 0.247742
vn 0.299385 -0.921408 0.247743
vn 0.802096 -0.582756 0.130528
vn 0.991445 0.000000 0.130528
vn 0.968826 0.000000 0.247742
vn 0.783797 -0.569461 0.247742
vn 0.991445 0.000000 0.130528
vn 0.802096 0.582756 0.130529
vn 0.783797 0.569462 0.247741
vn 0.968826 0.000000 0.247742
vn 0.783797 0.569462 0.247741
vn 0.299385 0.921408 0.247742
vn 0.271102 0.834368 0.479930
vn 0.709756 0.515668 0.479930
vn 0.299385 0.921408 0.247742
vn -0.299384 0.921408 0.247743
vn -0.271103 0.834368 0.479931
vn 0.271102 0.834368 0.479930
vn -0.299384 0.921408 0.247743
vn -0.783797 0.569462 0.247742
vn -0.709755 0.515668 0.479932
vn -0.271103 0.834368 0.479931
vn -0.783797 0.569462 0.247742
vn -0.968826 0.000000 0.247742
vn -0.877306 0.000001 0.479932
vn -0.709755 0.515668 0.479932
vn -0.968826 0.000000 0.247742
vn -0.783797 -0.569461 0.247742
vn -0.709755 -0.515667 0.479933
vn -0.877306 0.000001 0.479932
vn -0.783797 -0.569461 0.247742
vn -0.299384 -0.921408 0.247743
vn -0.271103 -0.834367 0.479932
vn -0.709755 -0.515667 0.479933
vn -0.299384 -0.921408 0.247743
vn 0.299385 -0.921408 0.247743
vn 0.271103 -0.834367 0.479932
vn -0.271103 -0.834367 0.479932
vn 0.299385 -0.921408 0.247743
vn 0.783797 -0.569461 0.247742
vn 0.709756 -0.515667 0.479931
vn 0.271103 -0.834367 0.479932
vn 0.783797 -0.569461 0.247742
vn 0.968826 0.000000 0.247742
vn 0.877307 0.000000 0.479930
vn 0.709756 -0.515667 0.479931
vn 0.968826 0.000000 0.247742
vn 0.783797 0.569462 0.247741
vn 0.709756 0.515668 0.479930
vn 0.877307 0.000000 0.479930
vn 0.709756 0.515668 0.479930
vn 0.271102 0.834368 0.479930
vn 0.226086 0.695822 0.681702
vn 0.591902 0.430042 0.681701
vn 0.271102 0.834368 0.479930
vn -0.271103 0.834368 0.479931
vn -0.226087 0.695823 0.681701
vn 0.226086 0.695822 0.681702
vn -0.271103 0.834368 0.479931
vn -0.709755 0.515668 0.479932
vn -0.591903 0.430043 0.681700
vn -0.226087 0.695823 0.681701
vn -0.709755 0.515668 0.479932
vn -0.877306 0.000001 0.479932
vn -0.731633 0.000000 0.681699
vn -0.591903 0.430043 0.681700
vn -0.877306 0.000001 0.479932
vn -0.709755 -0.515667 0.479933
vn -0.591903 -0.430043 0.681699
vn -0.731633 0.000000 0.681699
vn -0.709755 -0.515667 0.479933
vn -0.271103 -0.834367 0.479932
vn -0.226087 -0.695823 0.681700
vn -0.591903 -0.430043 0.681699
vn -0.271103 -0.834367 0.479932
vn 0.271103 -0.834367 0.479932
vn 0.226087 -0.695823 0.681700
vn -0.226087 -0.695823 0.681700
vn 0.271103 -0.834367 0.479932
vn 0.709756 -0.515667 0.479931
vn 0.591903 -0.430043 0.681699
vn 0.226087 -0.695823 0.681700
vn 0.709756 -0.515667 0.479931
vn 0.877307 0.000000 0.479930
vn 0.731632 0.000000 0.681700
vn 0.591903 -0.430043 0.681699
vn 0.877307 0.000000 0.479930
vn 0.709756 0.515668 0.479930
vn 0.591902 0.430042 0.681701
vn 0.731632 0.000000 0.681700
vn 0.591902 0.430042 0.681701
vn 0.226086 0.695822 0.681702
vn 0.167894 0.516724 0.839528
vn 0.439552 0.319354 0.839528
vn 0.226086 0.695822 0.681702
vn -0.226087 0.695823 0.681701
vn -0.167893 0.516724 0.839529
vn 0.167894 0.516724 0.839528
vn -0.226087 0.695823 0.681701
vn -0.591903 0.430043 0.681700
vn -0.439552 0.319354 0.839528
vn -0.167893 0.516724 0.839529
vn -0.591903 0.430043 0.681700
vn -0.731633 0.000000 0.681699
vn -0.543317 0.000001 0.839528
vn -0.439552 0.319354 0.839528
vn -0.731633 0.000000 0.681699
vn -0.591903 -0.430043 0.681699
vn -0.439553 -0.319354 0.839527
vn -0.543317 0.000001 0.839528
vn -0.591903 -0.430043 0.681699
vn -0.226087 -0.695823 0.681700
vn -0.167895 -0.516726 0.839527
vn -0.439553 -0.319354 0.839527
vn -0.226087 -0.695823 0.681700
vn 0.226087 -0.695823 0.681700
vn 0.167895 -0.516726 0.839527
vn -0.167895 -0.516726 0.839527
vn 0.226087 -0.695823 0.681700
vn 0.591903 -0.430043 0.681699
vn 0.439552 -0.319354 0.839528
vn 0.167895 -0.516726 0.839527
vn 0.591903 -0.430043 0.681699
vn 0.731632 0.000000 0.681700
vn 0.543316 0.000000 0.839528
vn 0.439552 -0.319354 0.839528
vn 0.731632 0.000000 0.681700
vn 0.591902 0.430042 0.681701
vn 0.439552 0.319354 0.839528
vn 0.543316 0.000000 0.839528
vn 0.439552 0.319354 0.839528
vn 0.167894 0.516724 0.839528
vn 0.104181 0.320637 0.941455
vn 0.272748 0.198166 0.941456
vn 0.167894 0.516724 0.839528
vn -0.167893 0.516724 0.839529
vn -0.104180 0.320636 0.941456
vn 0.104181 0.320637 0.941455
vn -0.167893 0.516724 0.839529
vn -0.439552 0.319354 0.839528
vn -0.272749 0.198165 0.941456
vn -0.104180 0.320636 0.941456
vn -0.439552 0.319354 0.839528
vn -0.543317 0.000001 0.839528
vn -0.337136 0.000001 0.941456
vn -0.272749 0.198165 0.941456
vn -0.543317 0.000001 0.839528
vn -0.439553 -0.319354 0.839527
vn -0.272749 -0.198164 0.941456
vn -0.337136 0.000001 0.941456
vn -0.439553 -0.319354 0.839527
vn -0.167895 -0.516726 0.839527
vn -0.104181 -0.320636 0.941456
vn -0.272749 -0.198164 0.941456
vn -0.167895 -0.516726 0.839527
vn 0.167895 -0.516726 0.839527
vn 0.104182 -0.320637 0.941455
vn -0.104181 -0.320636 0.941456
vn 0.167895 -0.516726 0.839527
vn 0.439552 -0.319354 0.839528
vn 0.272748 -0.198165 0.941456
vn 0.104182 -0.320637 0.941455
vn 0.439552 -0.319354 0.839528
vn 0.543316 0.000000 0.839528
vn 0.337136 0.000000 0.941456
vn 0.272748 -0.198165 0.941456
vn 0.543316 0.000000 0.839528
vn 0.439552 0.319354 0.839528
vn 0.272748 0.198166 0.941456
vn 0.337136 0.000000 0.941456
vn 0.104180 0.320636 -0.941456
vn 0.272747 0.198165 -0.941456
vn 0.000002 0.000000 -1.000000
vn -0.104178 0.320637 -0.941456
vn 0.104180 0.320636 -0.941456
vn 0.000002 0.000000 -1.000000
vn -0.272749 0.198165 -0.941456
vn -0.104178 0.320637 -0.941456
vn 0.000002 0.000000 -1.000000
vn -0.337138 -0.000002 -0.941455
vn -0.272749 0.198165 -0.941456
vn 0.000002 0.000000 -1.000000
vn -0.272749 -0.198165 -0.941456
vn -0.337138 -0.000002 -0.941455
vn 0.000002 0.000000 -1.000000
vn -0.104181 -0.320636 -0.941456
vn -0.272749 -0.198165 -0.941456
vn 0.000002 0.000000 -1.000000
vn 0.104183 -0.320636 -0.941455
vn -0.104181 -0.320636 -0.941456
vn 0.000002 0.000000 -1.000000
vn 0.272749 -0.198164 -0.941456
vn 0.104183 -0.320636 -0.941455
vn 0.000002 0.000000 -1.000000
vn 0.337135 -0.000002 -0.941456
vn 0.272749 -0.198164 -0.941456
vn 0.000002 0.000000 -1.000000
vn 0.272747 0.198165 -0.941456
vn 0.337135 -0.000002 -0.941456
vn 0.000002 0.000000 -1.000000
vn 0.272748 0.198166 0.941456
vn 0.104181 0.320637 0.941455
vn 0.000000 0.000000 1.000000
vn 0.104181 0.320637 0.941455
vn -0.104180 0.320636 0.941456
vn 0.000000 0.000000 1.000000
vn -0.104180 0.320636 0.941456
vn -0.272749 0.198165 0.941456
vn 0.000000 0.000000 1.000000
vn -0.272749 0.198165 0.941456
vn -0.337136 0.000001 0.941456
vn 0.000000 0.000000 1.000000
vn -0.337136 0.000001 0.941456
vn -0.272749 -0.198164 0.941456
vn 0.000000 0.000000 1.000000
vn -0.272749 -0.198164 0.941456
vn -0.104181 -0.320636 0.941456
vn 0.000000 0.000000 1.000000
vn -0.104181 -0.320636 0.941456
vn 0.104182 -0.320637 0.941455
vn 0.000000 0.000000 1.000000
vn 0.104182 -0.320637 0.941455
vn 0.272748 -0.198165 0.941456
vn 0.000000 0.000000 1.000000
vn 0.272748 -0.198165 0.941456
vn 0.337136 0.000000 0.941456
vn 0.000000 0.000000 1.000000
vn 0.337136 0.000000 0.941456
vn 0.272748 0.198166 0.941456
vn 0.000000 0.000000 1.000000
s off
g Goblin_low GoblinEyes_low GoblinEye_Left_low
usemtl lambert3SG
f 484/602/1921 485/603/1922 495/604/1923 494/605/1924
f 485/603/1925 486/606/1926 496/607/1927 495/604/1928
f 486/606/1929 487/608/1930 497/609/1931 496/607/1932
f 487/608/1933 488/610/1934 498/611/1935 497/609/1936
f 488/610/1937 489/612/1938 499/613/1939 498/611/1940
f 489/612/1941 490/614/1942 500/615/1943 499/613/1944
f 490/614/1945 491/616/1946 501/617/1947 500/615/1948
f 491/616/1949 492/618/1950 502/619/1951 501/617/1952
f 492/618/1953 493/620/1954 503/621/1955 502/619/1956
f 493/620/1957 484/602/1958 494/605/1959 503/621/1960
f 494/605/1961 495/604/1962 505/622/1963 504/623/1964
f 495/604/1965 496/607/1966 506/624/1967 505/622/1968
f 496/607/1969 497/609/1970 507/625/1971 506/624/1972
f 497/609/1973 498/611/1974 508/626/1975 507/625/1976
f 498/611/1977 499/613/1978 509/627/1979 508/626/1980
f 499/613/1981 500/615/1982 510/628/1983 509/627/1984
f 500/615/1985 501/617/1986 511/629/1987 510/628/1988
f 501/617/1989 502/619/1990 512/630/1991 511/629/1992
f 502/619/1993 503/621/1994 513/631/1995 512/630/1996
f 503/621/1997 494/605/1998 504/623/1999 513/631/2000
f 504/623/2001 505/622/2002 515/632/2003 514/633/2004
f 505/622/2005 506/624/2006 516/634/2007 515/632/2008
f 506/624/2009 507/625/2010 517/635/2011 516/634/2012
f 507/625/2013 508/626/2014 518/636/2015 517/635/2016
f 508/626/2017 509/627/2018 519/637/2019 518/636/2020
f 509/627/2021 510/628/2022 520/638/2023 519/637/2024
f 510/628/2025 511/629/2026 521/639/2027 520/638/2028
f 511/629/2029 512/630/2030 522/640/2031 521/639/2032
f 512/630/2033 513/631/2034 523/641/2035 522/640/2036
f 513/631/2037 504/623/2038 514/633/2039 523/641/2040
f 514/633/2041 515/632/2042 525/642/2043 524/643/2044
f 515/632/2045 516/634/2046 526/644/2047 525/642/2048
f 516/634/2049 517/635/2050 527/645/2051 526/644/2052
f 517/635/2053 518/636/2054 528/646/2055 527/645/2056
f 518/636/2057 519/637/2058 529/647/2059 528/646/2060
f 519/637/2061 520/638/2062 530/648/2063 529/647/2064
f 520/638/2065 521/639/2066 531/649/2067 530/648/2068
f 521/639/2069 522/640/2070 532/650/2071 531/649/2072
f 522/640/2073 523/641/2074 533/651/2075 532/650/2076
f 523/641/2077 514/633/2078 524/643/2079 533/651/2080
f 524/643/2081 525/642/2082 535/652/2083 534/653/2084
f 525/642/2085 526/644/2086 536/654/2087 535/652/2088
f 526/644/2089 527/645/2090 537/655/2091 536/654/2092
f 527/645/2093 528/646/2094 538/656/2095 537/655/2096
f 528/646/2097 529/647/2098 539/657/2099 538/656/2100
f 529/647/2101 530/648/2102 540/658/2103 539/657/2104
f 530/648/2105 531/649/2106 541/659/2107 540/658/2108
f 531/649/2109 532/650/2110 542/660/2111 541/659/2112
f 532/650/2113 533/651/2114 543/661/2115 542/660/2116
f 533/651/2117 524/643/2118 534/653/2119 543/661/2120
f 534/662/2121 535/663/2122 545/664/2123 544/665/2124
f 535/663/2125 536/666/2126 546/667/2127 545/664/2128
f 536/666/2129 537/668/2130 547/669/2131 546/667/2132
f 537/668/2133 538/670/2134 548/671/2135 547/669/2136
f 538/670/2137 539/672/2138 549/673/2139 548/671/2140
f 539/672/2141 540/674/2142 550/675/2143 549/673/2144
f 540/674/2145 541/676/2146 551/677/2147 550/675/2148
f 541/676/2149 542/678/2150 552/679/2151 551/677/2152
f 542/678/2153 543/680/2154 553/681/2155 552/679/2156
f 543/680/2157 534/662/2158 544/665/2159 553/681/2160
f 544/665/2161 545/664/2162 555/682/2163 554/683/2164
f 545/664/2165 546/667/2166 556/684/2167 555/682/2168
f 546/667/2169 547/669/2170 557/685/2171 556/684/2172
f 547/669/2173 548/671/2174 558/686/2175 557/685/2176
f 548/671/2177 549/673/2178 559/687/2179 558/686/2180
f 549/673/2181 550/675/2182 560/688/2183 559/687/2184
f 550/675/2185 551/677/2186 561/689/2187 560/688/2188
f 551/677/2189 552/679/2190 562/690/2191 561/689/2192
f 552/679/2193 553/681/2194 563/691/2195 562/690/2196
f 553/681/2197 544/665/2198 554/683/2199 563/691/2200
f 554/683/2201 555/682/2202 565/692/2203 564/693/2204
f 555/682/2205 556/684/2206 566/694/2207 565/692/2208
f 556/684/2209 557/685/2210 567/695/2211 566/694/2212
f 557/685/2213 558/686/2214 568/696/2215 567/695/2216
f 558/686/2217 559/687/2218 569/697/2219 568/696/2220
f 559/687/2221 560/688/2222 570/698/2223 569/697/2224
f 560/688/2225 561/689/2226 571/699/2227 570/698/2228
f 561/689/2229 562/690/2230 572/700/2231 571/699/2232
f 562/690/2233 563/691/2234 573/701/2235 572/700/2236
f 563/691/2237 554/683/2238 564/693/2239 573/701/2240
f 564/693/2241 565/692/2242 575/702/2243 574/703/2244
f 565/692/2245 566/694/2246 576/704/2247 575/702/2248
f 566/694/2249 567/695/2250 577/705/2251 576/704/2252
f 567/695/2253 568/696/2254 578/706/2255 577/705/2256
f 568/696/2257 569/697/2258 579/707/2259 578/706/2260
f 569/697/2261 570/698/2262 580/708/2263 579/707/2264
f 570/698/2265 571/699/2266 581/709/2267 580/708/2268
f 571/699/2269 572/700/2270 582/710/2271 581/709/2272
f 572/700/2273 573/701/2274 583/711/2275 582/710/2276
f 573/701/2277 564/693/2278 574/703/2279 583/711/2280
f 574/703/2281 575/702/2282 585/712/2283 584/713/2284
f 575/702/2285 576/704/2286 586/714/2287 585/712/2288
f 576/704/2289 577/705/2290 587/715/2291 586/714/2292
f 577/705/2293 578/706/2294 588/716/2295 587/715/2296
f 578/706/2297 579/707/2298 589/717/2299 588/716/2300
f 579/707/2301 580/708/2302 590/718/2303 589/717/2304
f 580/708/2305 581/709/2306 591/719/2307 590/718/2308
f 581/709/2309 582/710/2310 592/720/2311 591/719/2312
f 582/710/2313 583/711/2314 593/721/2315 592/720/2316
f 583/711/2317 574/703/2318 584/713/2319 593/721/2320
f 485/603/2321 484/602/2322 594/722/2323
f 486/606/2324 485/603/2325 594/722/2326
f 487/608/2327 486/606/2328 594/722/2329
f 488/610/2330 487/608/2331 594/722/2332
f 489/612/2333 488/610/2334 594/722/2335
f 490/614/2336 489/612/2337 594/722/2338
f 491/616/2339 490/614/2340 594/722/2341
f 492/618/2342 491/616/2343 594/722/2344
f 493/620/2345 492/618/2346 594/722/2347
f 484/602/2348 493/620/2349 594/722/2350
f 584/713/2351 585/712/2352 595/723/2353
f 585/712/2354 586/714/2355 595/723/2356
f 586/714/2357 587/715/2358 595/723/2359
f 587/715/2360 588/716/2361 595/723/2362
f 588/716/2363 589/717/2364 595/723/2365
f 589/717/2366 590/718/2367 595/723/2368
f 590/718/2369 591/719/2370 595/723/2371
f 591/719/2372 592/720/2373 595/723/2374
f 592/720/2375 593/721/2376 595/723/2377
f 593/721/2378 584/713/2379 595/723/2380
g default
v -0.101263 0.914111 0.275479
v 0.000000 0.907694 0.294093
v 0.000000 0.968222 0.239072
v -0.083456 0.973574 0.221552
v 0.083456 0.973574 0.221552
v 0.101263 0.914111 0.275479
v -0.117421 0.813160 0.309613
v 0.000000 0.809606 0.330384
v 0.117421 0.813160 0.309613
v 0.000000 0.985812 0.175478
v -0.061012 0.989417 0.159425
v 0.061012 0.989417 0.159425
v -0.154382 0.993140 0.177663
v -0.105350 0.998602 0.125875
v 0.154382 0.993140 0.177663
v 0.105350 0.998602 0.125875
v -0.211084 1.010719 0.104687
v -0.131749 1.013603 0.066757
v 0.211084 1.010719 0.104687
v 0.131749 1.013603 0.066757
v -0.226318 1.018852 0.001091
v -0.143748 1.018999 -0.002879
v 0.226318 1.018852 0.001091
v 0.143748 1.018999 -0.002879
v -0.198106 1.011012 -0.107801
v -0.130371 1.018122 -0.084872
v 0.198106 1.011012 -0.107800
v 0.130371 1.018122 -0.084872
v -0.148034 0.989332 -0.180765
v -0.100169 1.009090 -0.134385
v 0.148034 0.989332 -0.180765
v 0.100169 1.009090 -0.134385
v -0.129773 0.694543 0.329294
v 0.129773 0.694543 0.329294
v 0.000000 0.691848 0.352349
v -0.142586 0.561568 0.335105
v 0.000000 0.554601 0.365648
v 0.142586 0.561568 0.335105
v -0.144564 0.419239 0.299179
v 0.000000 0.406778 0.328047
v 0.144564 0.419239 0.299179
v -0.195315 0.926685 0.223790
v 0.195315 0.926685 0.223790
v -0.223665 0.821520 0.250447
v 0.223665 0.821520 0.250447
v -0.241310 0.702429 0.261821
v 0.241310 0.702429 0.261821
v -0.253367 0.576271 0.264135
v 0.253367 0.576271 0.264135
v -0.257139 0.450868 0.239514
v 0.257139 0.450868 0.239514
v -0.263960 0.940946 0.138914
v 0.263960 0.940946 0.138914
v -0.298130 0.829149 0.151873
v 0.298130 0.829149 0.151873
v -0.313324 0.709118 0.159946
v 0.313324 0.709118 0.159946
v -0.326873 0.585548 0.167267
v 0.326873 0.585548 0.167267
v -0.315922 0.461018 0.163001
v 0.315922 0.461018 0.163001
v -0.299231 0.953269 0.019056
v 0.299231 0.953269 0.019056
v -0.334733 0.835657 0.028251
v 0.334733 0.835657 0.028251
v -0.349406 0.714735 0.036620
v 0.349406 0.714735 0.036620
v -0.366966 0.589674 0.044762
v 0.366966 0.589674 0.044762
v -0.359282 0.458880 0.045279
v 0.359282 0.458880 0.045279
v -0.272796 0.953556 -0.113569
v 0.272796 0.953556 -0.113569
v -0.317085 0.836931 -0.110943
v 0.317085 0.836931 -0.110943
v -0.335882 0.716139 -0.098816
v 0.335882 0.716139 -0.098816
v -0.349525 0.594266 -0.088028
v 0.349525 0.594266 -0.088028
v -0.332934 0.457772 -0.097662
v 0.332934 0.457772 -0.097662
v -0.196712 0.933414 -0.212088
v 0.196712 0.933414 -0.212088
v -0.239189 0.830892 -0.227787
v 0.239189 0.830892 -0.227787
v -0.262240 0.710073 -0.227302
v 0.262240 0.710073 -0.227302
v -0.275055 0.581921 -0.218350
v 0.275055 0.581921 -0.218350
v -0.273456 0.444959 -0.184229
v 0.273456 0.444959 -0.184229
v -0.078721 0.971238 -0.227059
v -0.055805 0.994672 -0.160668
v 0.078721 0.971238 -0.227059
v 0.055805 0.994672 -0.160668
v -0.101469 0.915208 -0.258366
v 0.101469 0.915208 -0.258366
v -0.126153 0.820018 -0.289815
v 0.126153 0.820018 -0.289815
v -0.142043 0.702353 -0.306166
v 0.142043 0.702353 -0.306166
v -0.154502 0.566291 -0.306082
v 0.154502 0.566291 -0.306082
v -0.152694 0.420324 -0.265140
v 0.152694 0.420324 -0.265140
v 0.000000 0.964935 -0.236930
v 0.000000 0.993311 -0.172221
v 0.000000 0.906506 -0.272627
v 0.000000 0.814719 -0.309022
v 0.000000 0.698794 -0.332214
v 0.000000 0.560761 -0.345804
v 0.000000 0.411208 -0.309861
v -0.139891 0.319799 0.177128
v 0.000000 0.301839 0.186626
v 0.139891 0.319799 0.177128
v -0.262980 0.377322 0.166974
v 0.262980 0.377322 0.166974
v -0.141778 0.292982 0.028660
v 0.000000 0.281172 0.024081
v 0.141778 0.292982 0.028660
v -0.147621 0.306304 -0.131044
v 0.000000 0.294484 -0.149141
v 0.147621 0.306304 -0.131044
v -0.279549 0.371374 -0.109245
v 0.279549 0.371374 -0.109245
v -0.272531 0.336098 0.037360
v 0.272531 0.336098 0.037360
v 0.000000 1.012572 0.116307
v -0.060519 1.008961 0.115470
v 0.060519 1.008961 0.115470
v 0.000000 1.030464 0.054177
v -0.069052 1.024968 0.056829
v 0.069052 1.024968 0.056829
v 0.000000 1.038357 -0.016427
v -0.075135 1.032994 -0.012427
v 0.075135 1.032994 -0.012427
v 0.068071 1.025532 -0.089334
v 0.000000 1.025519 -0.089011
v -0.068071 1.025532 -0.089334
vt 0.533094 0.658193
vt 0.555994 0.655043
vt 0.556155 0.675963
vt 0.535800 0.678830
vt 0.578941 0.657841
vt 0.576552 0.678517
vt 0.528204 0.632027
vt 0.555795 0.629092
vt 0.583427 0.631602
vt 0.556286 0.692991
vt 0.538444 0.695967
vt 0.574171 0.695693
vt 0.589340 0.702244
vt 0.595723 0.685571
vt 0.523378 0.702750
vt 0.516740 0.686177
vt 0.507782 0.714925
vt 0.497428 0.696345
vt 0.615188 0.695441
vt 0.605120 0.714177
vt 0.622201 0.726308
vt 0.633975 0.710622
vt 0.490890 0.727317
vt 0.478877 0.711813
vt 0.471836 0.742023
vt 0.460172 0.730264
vt 0.652961 0.728783
vt 0.641479 0.740720
vt 0.460385 0.754044
vt 0.445347 0.745629
vt 0.668020 0.743919
vt 0.653113 0.752564
vt 0.510100 0.664925
vt 0.500948 0.639392
vt 0.522521 0.603312
vt 0.490765 0.612199
vt 0.555572 0.600088
vt 0.588669 0.602804
vt 0.515397 0.571624
vt 0.555318 0.567004
vt 0.595305 0.571011
vt 0.784867 0.664585
vt 0.756184 0.641058
vt 0.780470 0.614646
vt 0.809918 0.634596
vt 0.927817 0.643868
vt 0.898380 0.666443
vt 0.874324 0.635650
vt 0.904408 0.616675
vt 0.480228 0.583238
vt 0.755195 0.595634
vt 0.732101 0.615966
vt 0.602035 0.664219
vt 0.610794 0.638549
vt 0.620558 0.611202
vt 0.630648 0.582082
vt 0.930293 0.598500
vt 0.952708 0.619578
vt 0.488579 0.675666
vt 0.623719 0.674628
vt 0.474864 0.651208
vt 0.637056 0.649962
vt 0.461698 0.625404
vt 0.649824 0.623959
vt 0.448797 0.598030
vt 0.662304 0.596390
vt 0.714886 0.589072
vt 0.742183 0.576214
vt 0.943933 0.579517
vt 0.970795 0.593261
vt 0.466688 0.691689
vt 0.645853 0.690313
vt 0.450105 0.667965
vt 0.662069 0.666337
vt 0.434047 0.643870
vt 0.677756 0.641998
vt 0.417552 0.617969
vt 0.693851 0.615847
vt 0.701882 0.559436
vt 0.732045 0.546877
vt 0.955026 0.550528
vt 0.984762 0.564067
vt 0.446484 0.712757
vt 0.666379 0.711068
vt 0.426860 0.690768
vt 0.685662 0.688780
vt 0.408457 0.668096
vt 0.703714 0.665828
vt 0.389572 0.645005
vt 0.722243 0.642449
vt 0.734242 0.520726
vt 0.709709 0.498472
vt 0.730325 0.471467
vt 0.755526 0.493035
vt 0.978935 0.502880
vt 0.953686 0.524319
vt 0.933319 0.495946
vt 0.959213 0.475215
vt 0.429310 0.734470
vt 0.683884 0.732515
vt 0.408009 0.717625
vt 0.704924 0.715344
vt 0.385344 0.698408
vt 0.727290 0.695782
vt 0.361536 0.677794
vt 0.750779 0.674804
vt 0.762787 0.446215
vt 0.776479 0.478679
vt 0.912848 0.480912
vt 0.927595 0.448913
vt 0.453241 0.766455
vt 0.434636 0.762606
vt 0.678991 0.760728
vt 0.660447 0.764864
vt 0.418490 0.756274
vt 0.695037 0.754150
vt 0.394702 0.745096
vt 0.718652 0.742607
vt 0.368301 0.730652
vt 0.744827 0.727760
vt 0.339387 0.712762
vt 0.773463 0.709427
vt 0.801491 0.431319
vt 0.808926 0.467256
vt 0.880793 0.468432
vt 0.889400 0.432757
vt 0.450478 0.780507
vt 0.431554 0.781191
vt 0.682358 0.779265
vt 0.663426 0.778872
vt 0.412721 0.779916
vt 0.701170 0.777700
vt 0.386066 0.774691
vt 0.727741 0.772066
vt 0.355915 0.764505
vt 0.757732 0.761418
vt 0.323082 0.750883
vt 0.790351 0.747293
vt 0.845543 0.426102
vt 0.844967 0.461273
vt 0.797837 0.581071
vt 0.830558 0.593586
vt 0.855036 0.593987
vt 0.888149 0.582550
vt 0.765637 0.573333
vt 0.920586 0.575869
vt 0.805828 0.546648
vt 0.843469 0.552773
vt 0.881290 0.547883
vt 0.810662 0.509375
vt 0.844191 0.508660
vt 0.877679 0.510473
vt 0.777078 0.504127
vt 0.911416 0.506326
vt 0.770277 0.540160
vt 0.917034 0.542563
vt 0.515122 0.764572
vt 0.511103 0.749297
vt 0.525916 0.749297
vt 0.526126 0.763876
vt 0.515122 0.734023
vt 0.526126 0.734719
vt 0.541470 0.749297
vt 0.540806 0.765732
vt 0.540806 0.732863
vt 0.559146 0.749297
vt 0.558144 0.766704
vt 0.558144 0.731891
vt 0.578648 0.749297
vt 0.577398 0.765500
vt 0.577398 0.733095
vt 0.538321 0.782280
vt 0.523521 0.775672
vt 0.523521 0.722923
vt 0.538321 0.716314
vt 0.555754 0.785285
vt 0.555754 0.713310
vt 0.595256 0.735327
vt 0.598148 0.749298
vt 0.595256 0.763268
vt 0.574813 0.781935
vt 0.574813 0.716659
vt 0.588676 0.724220
vt 0.588676 0.774375
vn -0.263404 0.473647 0.840403
vn -0.000000 0.471261 0.881994
vn 0.000000 0.802885 0.596134
vn -0.123037 0.804047 0.581696
vn 0.263402 0.473646 0.840404
vn 0.194644 0.677196 0.709591
vn 0.000000 0.802885 0.596134
vn -0.000000 0.471261 0.881994
vn -0.000000 0.471261 0.881994
vn -0.263404 0.473647 0.840403
vn -0.318450 0.250086 0.914356
vn 0.000000 0.250464 0.968126
vn 0.263402 0.473646 0.840404
vn -0.000000 0.471261 0.881994
vn 0.000000 0.250464 0.968126
vn 0.318449 0.250086 0.914356
vn -0.123037 0.804047 0.581696
vn 0.000000 0.802885 0.596134
vn 0.000000 0.966404 0.257026
vn 0.045010 0.968469 0.245035
vn 0.000000 0.802885 0.596134
vn 0.194644 0.677196 0.709591
vn -0.045010 0.968469 0.245036
vn 0.000000 0.966404 0.257026
vn -0.077461 0.974482 0.210675
vn -0.045010 0.968469 0.245036
vn 0.194644 0.677196 0.709591
vn -0.077891 0.974131 0.212136
vn 0.045010 0.968469 0.245035
vn 0.077461 0.974482 0.210675
vn 0.077891 0.974131 0.212135
vn -0.123037 0.804047 0.581696
vn 0.077891 0.974131 0.212135
vn 0.077461 0.974482 0.210675
vn 0.031187 0.991439 0.126794
vn 0.035740 0.990297 0.134292
vn -0.077461 0.974482 0.210675
vn -0.077891 0.974131 0.212136
vn -0.035740 0.990297 0.134292
vn -0.031187 0.991439 0.126794
vn 0.020617 0.999741 0.009592
vn -0.031187 0.991439 0.126794
vn -0.035740 0.990297 0.134292
vn 0.018491 0.999698 0.016171
vn 0.031187 0.991439 0.126794
vn -0.020617 0.999741 0.009592
vn -0.018491 0.999698 0.016171
vn 0.035740 0.990297 0.134292
vn -0.018491 0.999698 0.016171
vn -0.020617 0.999741 0.009592
vn -0.047913 0.987807 -0.148127
vn -0.047405 0.988905 -0.140781
vn 0.020617 0.999741 0.009592
vn 0.018491 0.999698 0.016171
vn 0.047405 0.988905 -0.140781
vn 0.047914 0.987807 -0.148127
vn -0.047405 0.988905 -0.140781
vn -0.047913 0.987807 -0.148127
vn -0.016862 0.946211 -0.323110
vn -0.014497 0.945332 -0.325788
vn 0.047914 0.987807 -0.148127
vn 0.047405 0.988905 -0.140781
vn 0.014497 0.945332 -0.325787
vn 0.016862 0.946211 -0.323110
vn -0.263404 0.473647 0.840403
vn -0.123037 0.804047 0.581696
vn 0.077891 0.974131 0.212135
vn -0.534545 0.472140 0.700961
vn -0.318450 0.250086 0.914356
vn -0.263404 0.473647 0.840403
vn -0.534545 0.472140 0.700961
vn -0.627548 0.244208 0.739288
vn -0.342251 0.123381 0.931473
vn -0.318450 0.250086 0.914356
vn -0.627548 0.244208 0.739288
vn -0.658380 0.128251 0.741679
vn 0.000000 0.250464 0.968126
vn -0.318450 0.250086 0.914356
vn -0.342251 0.123381 0.931473
vn 0.000000 0.124058 0.992275
vn 0.318449 0.250086 0.914356
vn 0.000000 0.250464 0.968126
vn 0.000000 0.124058 0.992275
vn 0.342252 0.123381 0.931472
vn 0.000000 0.124058 0.992275
vn -0.342251 0.123381 0.931473
vn -0.352403 0.078743 0.932530
vn 0.000000 0.079660 0.996822
vn 0.342252 0.123381 0.931472
vn 0.000000 0.124058 0.992275
vn 0.000000 0.079660 0.996822
vn 0.352404 0.078743 0.932529
vn 0.000000 -0.244253 0.969712
vn -0.355080 -0.214524 0.909889
vn -0.324631 -0.510984 0.795933
vn 0.000000 -0.555331 0.831629
vn 0.355080 -0.214524 0.909889
vn 0.000000 -0.244253 0.969712
vn 0.000000 -0.555331 0.831629
vn 0.324631 -0.510984 0.795933
vn -0.352403 0.078743 0.932530
vn -0.342251 0.123381 0.931473
vn -0.658380 0.128251 0.741679
vn -0.661708 0.091335 0.744178
vn -0.604326 -0.356892 0.712333
vn -0.324631 -0.510984 0.795933
vn -0.355080 -0.214524 0.909889
vn -0.647943 -0.144223 0.747910
vn 0.263402 0.473646 0.840404
vn 0.534545 0.472140 0.700961
vn -0.077891 0.974131 0.212136
vn 0.194644 0.677196 0.709591
vn 0.318449 0.250086 0.914356
vn 0.627548 0.244208 0.739288
vn 0.534545 0.472140 0.700961
vn 0.263402 0.473646 0.840404
vn 0.342252 0.123381 0.931472
vn 0.658380 0.128251 0.741678
vn 0.627548 0.244208 0.739288
vn 0.318449 0.250086 0.914356
vn 0.352404 0.078743 0.932529
vn 0.661708 0.091335 0.744178
vn 0.658380 0.128251 0.741678
vn 0.342252 0.123381 0.931472
vn 0.324631 -0.510984 0.795933
vn 0.604327 -0.356892 0.712333
vn 0.647943 -0.144223 0.747910
vn 0.355080 -0.214524 0.909889
vn -0.534545 0.472140 0.700961
vn 0.077891 0.974131 0.212135
vn 0.035740 0.990297 0.134292
vn -0.767345 0.475699 0.429991
vn -0.077891 0.974131 0.212136
vn 0.534545 0.472140 0.700961
vn 0.767345 0.475699 0.429991
vn -0.035740 0.990297 0.134292
vn -0.627548 0.244208 0.739288
vn -0.534545 0.472140 0.700961
vn -0.767345 0.475699 0.429991
vn -0.866758 0.228687 0.443207
vn 0.534545 0.472140 0.700961
vn 0.627548 0.244208 0.739288
vn 0.866759 0.228687 0.443206
vn 0.767345 0.475699 0.429991
vn -0.658380 0.128251 0.741679
vn -0.627548 0.244208 0.739288
vn -0.866758 0.228687 0.443207
vn -0.885025 0.135941 0.445254
vn 0.627548 0.244208 0.739288
vn 0.658380 0.128251 0.741678
vn 0.885025 0.135941 0.445254
vn 0.866759 0.228687 0.443206
vn -0.661708 0.091335 0.744178
vn -0.658380 0.128251 0.741679
vn -0.885025 0.135941 0.445254
vn -0.882585 0.122183 0.453999
vn 0.658380 0.128251 0.741678
vn 0.661708 0.091335 0.744178
vn 0.882585 0.122183 0.453999
vn 0.885025 0.135941 0.445254
vn -0.604326 -0.356892 0.712333
vn -0.647943 -0.144223 0.747910
vn -0.888932 -0.082580 0.450533
vn -0.871233 -0.272418 0.408341
vn 0.647943 -0.144223 0.747910
vn 0.604327 -0.356892 0.712333
vn 0.871233 -0.272418 0.408341
vn 0.888932 -0.082580 0.450533
vn -0.767345 0.475699 0.429991
vn 0.035740 0.990297 0.134292
vn -0.018491 0.999698 0.016171
vn -0.868067 0.494351 0.045568
vn -0.035740 0.990297 0.134292
vn 0.767345 0.475699 0.429991
vn 0.868067 0.494351 0.045568
vn 0.018491 0.999698 0.016171
vn -0.866758 0.228687 0.443207
vn -0.767345 0.475699 0.429991
vn -0.868067 0.494351 0.045568
vn -0.971977 0.223858 0.071753
vn 0.767345 0.475699 0.429991
vn 0.866759 0.228687 0.443206
vn 0.971977 0.223858 0.071753
vn 0.868067 0.494351 0.045568
vn -0.885025 0.135941 0.445254
vn -0.866758 0.228687 0.443207
vn -0.971977 0.223858 0.071753
vn -0.987473 0.131655 0.086971
vn 0.866759 0.228687 0.443206
vn 0.885025 0.135941 0.445254
vn 0.987473 0.131655 0.086971
vn 0.971977 0.223858 0.071753
vn -0.882585 0.122183 0.453999
vn -0.885025 0.135941 0.445254
vn -0.987473 0.131655 0.086971
vn -0.986222 0.129599 0.102815
vn 0.885025 0.135941 0.445254
vn 0.882585 0.122183 0.453999
vn 0.986222 0.129599 0.102815
vn 0.987473 0.131655 0.086971
vn -0.871233 -0.272418 0.408341
vn -0.888932 -0.082580 0.450533
vn -0.994658 -0.081712 0.063072
vn -0.946718 -0.314794 0.068049
vn 0.888932 -0.082580 0.450533
vn 0.871233 -0.272418 0.408341
vn 0.946718 -0.314794 0.068049
vn 0.994658 -0.081712 0.063072
vn -0.868067 0.494351 0.045568
vn -0.018491 0.999698 0.016171
vn -0.047405 0.988905 -0.140781
vn -0.785689 0.502686 -0.360555
vn 0.018491 0.999698 0.016171
vn 0.868067 0.494351 0.045568
vn 0.785689 0.502686 -0.360555
vn 0.047405 0.988905 -0.140781
vn -0.971977 0.223858 0.071753
vn -0.868067 0.494351 0.045568
vn -0.785689 0.502686 -0.360555
vn -0.909878 0.223908 -0.349268
vn 0.868067 0.494351 0.045568
vn 0.971977 0.223858 0.071753
vn 0.909878 0.223908 -0.349268
vn 0.785689 0.502686 -0.360555
vn -0.987473 0.131655 0.086971
vn -0.971977 0.223858 0.071753
vn -0.909878 0.223908 -0.349268
vn -0.939860 0.103707 -0.325434
vn 0.971977 0.223858 0.071753
vn 0.987473 0.131655 0.086971
vn 0.939860 0.103707 -0.325434
vn 0.909878 0.223908 -0.349268
vn -0.986222 0.129599 0.102815
vn -0.987473 0.131655 0.086971
vn -0.939860 0.103707 -0.325434
vn -0.946238 0.085995 -0.311832
vn 0.987473 0.131655 0.086971
vn 0.986222 0.129599 0.102815
vn 0.946238 0.085995 -0.311832
vn 0.939860 0.103707 -0.325434
vn -0.946718 -0.314794 0.068049
vn -0.994658 -0.081712 0.063072
vn -0.942476 -0.093948 -0.320800
vn -0.916795 -0.274467 -0.290093
vn 0.994658 -0.081712 0.063072
vn 0.946718 -0.314794 0.068049
vn 0.916795 -0.274467 -0.290093
vn 0.942476 -0.093948 -0.320800
vn -0.785689 0.502686 -0.360555
vn -0.047405 0.988905 -0.140781
vn -0.014497 0.945332 -0.325788
vn -0.546328 0.460385 -0.699694
vn 0.047405 0.988905 -0.140781
vn 0.785689 0.502686 -0.360555
vn 0.546328 0.460385 -0.699694
vn 0.014497 0.945332 -0.325787
vn -0.909878 0.223908 -0.349268
vn -0.785689 0.502686 -0.360555
vn -0.546328 0.460385 -0.699694
vn -0.663060 0.227001 -0.713317
vn 0.785689 0.502686 -0.360555
vn 0.909878 0.223908 -0.349268
vn 0.663060 0.227001 -0.713317
vn 0.546328 0.460385 -0.699694
vn -0.939860 0.103707 -0.325434
vn -0.909878 0.223908 -0.349268
vn -0.663060 0.227001 -0.713317
vn -0.717322 0.082439 -0.691847
vn 0.909878 0.223908 -0.349268
vn 0.939860 0.103707 -0.325434
vn 0.717323 0.082439 -0.691847
vn 0.663060 0.227001 -0.713317
vn -0.946238 0.085995 -0.311832
vn -0.939860 0.103707 -0.325434
vn -0.717322 0.082439 -0.691847
vn -0.733626 0.040069 -0.678371
vn 0.939860 0.103707 -0.325434
vn 0.946238 0.085995 -0.311832
vn 0.733626 0.040069 -0.678371
vn 0.717323 0.082439 -0.691847
vn -0.916795 -0.274467 -0.290093
vn -0.942476 -0.093948 -0.320800
vn -0.710289 -0.170804 -0.682873
vn -0.656056 -0.368265 -0.658765
vn 0.942476 -0.093948 -0.320800
vn 0.916795 -0.274467 -0.290093
vn 0.656056 -0.368265 -0.658765
vn 0.710289 -0.170804 -0.682873
vn -0.014497 0.945332 -0.325788
vn -0.016862 0.946211 -0.323110
vn 0.011718 0.929041 -0.369791
vn 0.010139 0.929171 -0.369512
vn 0.016862 0.946211 -0.323110
vn 0.014497 0.945332 -0.325787
vn -0.010139 0.929171 -0.369512
vn -0.011718 0.929041 -0.369790
vn -0.546328 0.460385 -0.699694
vn -0.014497 0.945332 -0.325788
vn 0.010139 0.929171 -0.369512
vn -0.242531 0.422321 -0.873398
vn 0.014497 0.945332 -0.325787
vn 0.546328 0.460385 -0.699694
vn 0.242531 0.422321 -0.873398
vn -0.010139 0.929171 -0.369512
vn -0.663060 0.227001 -0.713317
vn -0.546328 0.460385 -0.699694
vn -0.242531 0.422321 -0.873398
vn -0.311735 0.237594 -0.919984
vn 0.546328 0.460385 -0.699694
vn 0.663060 0.227001 -0.713317
vn 0.311735 0.237594 -0.919984
vn 0.242531 0.422321 -0.873398
vn -0.717322 0.082439 -0.691847
vn -0.663060 0.227001 -0.713317
vn -0.311735 0.237594 -0.919984
vn -0.368358 0.094333 -0.924886
vn 0.663060 0.227001 -0.713317
vn 0.717323 0.082439 -0.691847
vn 0.368358 0.094333 -0.924886
vn 0.311735 0.237594 -0.919984
vn -0.733626 0.040069 -0.678371
vn -0.717322 0.082439 -0.691847
vn -0.368358 0.094333 -0.924886
vn -0.393536 0.043170 -0.918295
vn 0.717323 0.082439 -0.691847
vn 0.733626 0.040069 -0.678371
vn 0.393535 0.043170 -0.918295
vn 0.368358 0.094333 -0.924886
vn -0.656056 -0.368265 -0.658765
vn -0.710289 -0.170804 -0.682873
vn -0.419555 -0.234232 -0.876989
vn -0.368013 -0.517935 -0.772211
vn 0.710289 -0.170804 -0.682873
vn 0.656056 -0.368265 -0.658765
vn 0.368013 -0.517935 -0.772211
vn 0.419555 -0.234232 -0.876989
vn 0.010139 0.929171 -0.369512
vn 0.011718 0.929041 -0.369791
vn 0.000000 0.930331 -0.366722
vn 0.000000 0.930331 -0.366722
vn -0.011718 0.929041 -0.369790
vn -0.010139 0.929171 -0.369512
vn 0.000000 0.930331 -0.366722
vn 0.000000 0.930331 -0.366722
vn -0.242531 0.422321 -0.873398
vn 0.010139 0.929171 -0.369512
vn 0.000000 0.930331 -0.366722
vn 0.000000 0.405753 -0.913983
vn -0.010139 0.929171 -0.369512
vn 0.242531 0.422321 -0.873398
vn 0.000000 0.405753 -0.913983
vn 0.000000 0.930331 -0.366722
vn -0.311735 0.237594 -0.919984
vn -0.242531 0.422321 -0.873398
vn 0.000000 0.405753 -0.913983
vn 0.000000 0.248058 -0.968745
vn 0.242531 0.422321 -0.873398
vn 0.311735 0.237594 -0.919984
vn 0.000000 0.248058 -0.968745
vn 0.000000 0.405753 -0.913983
vn -0.368358 0.094333 -0.924886
vn -0.311735 0.237594 -0.919984
vn 0.000000 0.248058 -0.968745
vn 0.000000 0.109412 -0.993997
vn 0.311735 0.237594 -0.919984
vn 0.368358 0.094333 -0.924886
vn 0.000000 0.109412 -0.993997
vn 0.000000 0.248058 -0.968745
vn -0.393536 0.043170 -0.918295
vn -0.368358 0.094333 -0.924886
vn 0.000000 0.109412 -0.993997
vn 0.000000 0.059171 -0.998248
vn 0.368358 0.094333 -0.924886
vn 0.393535 0.043170 -0.918295
vn 0.000000 0.059171 -0.998248
vn 0.000000 0.109412 -0.993997
vn -0.368013 -0.517935 -0.772211
vn -0.419555 -0.234232 -0.876989
vn 0.000000 -0.253382 -0.967366
vn 0.000000 -0.556476 -0.830864
vn 0.419555 -0.234232 -0.876989
vn 0.368013 -0.517935 -0.772211
vn 0.000000 -0.556476 -0.830864
vn 0.000000 -0.253382 -0.967366
vn 0.000000 -0.555331 0.831629
vn -0.324631 -0.510984 0.795933
vn -0.250993 -0.880208 0.402787
vn 0.000000 -0.914691 0.404154
vn 0.324631 -0.510984 0.795933
vn 0.000000 -0.555331 0.831629
vn 0.000000 -0.914691 0.404154
vn 0.250992 -0.880208 0.402787
vn -0.250993 -0.880208 0.402787
vn -0.324631 -0.510984 0.795933
vn -0.604326 -0.356892 0.712333
vn -0.556490 -0.732219 0.392650
vn 0.324631 -0.510984 0.795933
vn 0.250992 -0.880208 0.402787
vn 0.556490 -0.732219 0.392651
vn 0.604327 -0.356892 0.712333
vn 0.000000 -0.914691 0.404154
vn -0.250993 -0.880208 0.402787
vn -0.230656 -0.972418 0.034666
vn 0.000000 -0.999570 0.029312
vn 0.250992 -0.880208 0.402787
vn 0.000000 -0.914691 0.404154
vn 0.000000 -0.999570 0.029312
vn 0.230656 -0.972418 0.034666
vn 0.000000 -0.999570 0.029312
vn -0.230656 -0.972418 0.034666
vn -0.272037 -0.889535 -0.367046
vn 0.000000 -0.917622 -0.397454
vn 0.230656 -0.972418 0.034666
vn 0.000000 -0.999570 0.029312
vn 0.000000 -0.917622 -0.397454
vn 0.272037 -0.889535 -0.367046
vn 0.000000 -0.917622 -0.397454
vn -0.272037 -0.889535 -0.367046
vn -0.368013 -0.517935 -0.772211
vn 0.000000 -0.556476 -0.830864
vn 0.272037 -0.889535 -0.367046
vn 0.000000 -0.917622 -0.397454
vn 0.000000 -0.556476 -0.830864
vn 0.368013 -0.517935 -0.772211
vn -0.656056 -0.368265 -0.658765
vn -0.368013 -0.517935 -0.772211
vn -0.272037 -0.889535 -0.367046
vn -0.599024 -0.737682 -0.311442
vn 0.368013 -0.517935 -0.772211
vn 0.656056 -0.368265 -0.658765
vn 0.599024 -0.737682 -0.311442
vn 0.272037 -0.889535 -0.367046
vn -0.599024 -0.737682 -0.311442
vn -0.272037 -0.889535 -0.367046
vn -0.230656 -0.972418 0.034666
vn -0.588365 -0.807017 0.050497
vn 0.272037 -0.889535 -0.367046
vn 0.599024 -0.737682 -0.311442
vn 0.588365 -0.807017 0.050497
vn 0.230656 -0.972418 0.034666
vn -0.588365 -0.807017 0.050497
vn -0.230656 -0.972418 0.034666
vn -0.250993 -0.880208 0.402787
vn -0.556490 -0.732219 0.392650
vn 0.230656 -0.972418 0.034666
vn 0.588365 -0.807017 0.050497
vn 0.556490 -0.732219 0.392651
vn 0.250992 -0.880208 0.402787
vn -0.946718 -0.314794 0.068049
vn -0.916795 -0.274467 -0.290093
vn -0.599024 -0.737682 -0.311442
vn -0.588365 -0.807017 0.050497
vn 0.916795 -0.274467 -0.290093
vn 0.946718 -0.314794 0.068049
vn 0.588365 -0.807017 0.050497
vn 0.599024 -0.737682 -0.311442
vn -0.871233 -0.272418 0.408341
vn -0.946718 -0.314794 0.068049
vn -0.588365 -0.807017 0.050497
vn -0.556490 -0.732219 0.392650
vn 0.946718 -0.314794 0.068049
vn 0.871233 -0.272418 0.408341
vn 0.556490 -0.732219 0.392651
vn 0.588365 -0.807017 0.050497
vn 0.556490 -0.732219 0.392651
vn 0.871233 -0.272418 0.408341
vn 0.604327 -0.356892 0.712333
vn -0.871233 -0.272418 0.408341
vn -0.556490 -0.732219 0.392650
vn -0.604326 -0.356892 0.712333
vn 0.916795 -0.274467 -0.290093
vn 0.599024 -0.737682 -0.311442
vn 0.656056 -0.368265 -0.658765
vn -0.599024 -0.737682 -0.311442
vn -0.916795 -0.274467 -0.290093
vn -0.656056 -0.368265 -0.658765
vn -0.065073 0.910687 0.407940
vn 0.000000 0.912364 0.409381
vn 0.000000 0.941605 0.336720
vn -0.087769 0.941378 0.325737
vn 0.000000 0.912364 0.409381
vn 0.065073 0.910687 0.407940
vn 0.087769 0.941378 0.325737
vn 0.000000 0.941605 0.336720
vn -0.087769 0.941378 0.325737
vn 0.000000 0.941605 0.336720
vn 0.000000 0.982843 0.184445
vn -0.110903 0.976333 0.185675
vn 0.000000 0.941605 0.336720
vn 0.087769 0.941378 0.325737
vn 0.110903 0.976333 0.185675
vn 0.000000 0.982843 0.184445
vn -0.110903 0.976333 0.185675
vn 0.000000 0.982843 0.184445
vn 0.000000 0.999836 -0.018119
vn -0.114722 0.993398 0.000306
vn 0.000000 0.982843 0.184445
vn 0.110903 0.976333 0.185675
vn 0.114722 0.993398 0.000305
vn 0.000000 0.999836 -0.018119
vn -0.114722 0.993398 0.000306
vn 0.000000 0.999836 -0.018119
vn 0.000000 0.966504 -0.256650
vn -0.068074 0.973589 -0.217922
vn 0.000000 0.999836 -0.018119
vn 0.114722 0.993398 0.000305
vn 0.068074 0.973589 -0.217922
vn 0.000000 0.966504 -0.256650
vn -0.087769 0.941378 0.325737
vn -0.110903 0.976333 0.185675
vn -0.158479 0.969815 0.185320
vn -0.133726 0.942377 0.306665
vn 0.110903 0.976333 0.185675
vn 0.087769 0.941378 0.325737
vn 0.133726 0.942377 0.306665
vn 0.158479 0.969815 0.185321
vn -0.158479 0.969815 0.185320
vn -0.110903 0.976333 0.185675
vn -0.114722 0.993398 0.000306
vn -0.170918 0.984923 0.026724
vn 0.110903 0.976333 0.185675
vn 0.158479 0.969815 0.185321
vn 0.170918 0.984923 0.026724
vn 0.114722 0.993398 0.000305
vn 0.000000 0.966504 -0.256650
vn 0.068074 0.973589 -0.217922
vn 0.025536 0.929458 -0.368044
vn 0.000000 0.925201 -0.379478
vn -0.068074 0.973589 -0.217922
vn 0.000000 0.966504 -0.256650
vn 0.000000 0.925201 -0.379478
vn -0.025536 0.929458 -0.368044
vn -0.114722 0.993398 0.000306
vn -0.068074 0.973589 -0.217922
vn -0.136126 0.981438 -0.135092
vn -0.170918 0.984923 0.026724
vn 0.068074 0.973589 -0.217922
vn 0.114722 0.993398 0.000305
vn 0.170918 0.984923 0.026724
vn 0.136126 0.981438 -0.135092
vn 0.025536 0.929458 -0.368044
vn 0.068074 0.973589 -0.217922
vn 0.136126 0.981438 -0.135092
vn 0.030988 0.945852 -0.323115
vn -0.068074 0.973589 -0.217922
vn -0.025536 0.929458 -0.368044
vn -0.030988 0.945852 -0.323116
vn -0.136126 0.981438 -0.135092
vn 0.065073 0.910687 0.407940
vn 0.133726 0.942377 0.306665
vn 0.087769 0.941378 0.325737
vn -0.133726 0.942377 0.306665
vn -0.065073 0.910687 0.407940
vn -0.087769 0.941378 0.325737
s off
g Goblin_low GolbinBody_low
usemtl lambert3SG
f 596/724/2381 597/725/2382 598/726/2383 599/727/2384
f 601/728/2385 600/729/2386 598/726/2387 597/725/2388
f 597/725/2389 596/724/2390 602/730/2391 603/731/2392
f 601/728/2393 597/725/2394 603/731/2395 604/732/2396
f 599/727/2397 598/726/2398 605/733/2399 606/734/2400
f 598/726/2401 600/729/2402 607/735/2403 605/733/2404
f 611/736/2405 607/735/2406 600/729/2407 610/737/2408
f 606/734/2409 609/738/2410 608/739/2411 599/727/2412
f 608/739/2413 609/738/2414 613/740/2415 612/741/2416
f 611/736/2417 610/737/2418 614/742/2419 615/743/2420
f 619/744/2421 615/743/2422 614/742/2423 618/745/2424
f 613/740/2425 617/746/2426 616/747/2427 612/741/2428
f 616/747/2429 617/746/2430 621/748/2431 620/749/2432
f 619/744/2433 618/745/2434 622/750/2435 623/751/2436
f 620/749/2437 621/748/2438 625/752/2439 624/753/2440
f 623/751/2441 622/750/2442 626/754/2443 627/755/2444
f 596/724/2445 599/727/2446 608/739/2447 637/756/2448
f 602/730/2449 596/724/2450 637/756/2451 639/757/2452
f 628/758/2453 602/730/2454 639/757/2455 641/759/2456
f 603/731/2457 602/730/2458 628/758/2459 630/760/2460
f 604/732/2461 603/731/2462 630/760/2463 629/761/2464
f 630/760/2465 628/758/2466 631/762/2467 632/763/2468
f 629/761/2469 630/760/2470 632/763/2471 633/764/2472
f 632/765/2473 631/766/2474 634/767/2475 635/768/2476
f 633/769/2477 632/770/2478 635/771/2479 636/772/2480
f 631/762/2481 628/758/2482 641/759/2483 643/773/2484
f 645/774/2485 634/767/2486 631/766/2487 643/775/2488
f 601/728/2489 638/776/2490 610/737/2491 600/729/2492
f 604/732/2493 640/777/2494 638/776/2495 601/728/2496
f 629/761/2497 642/778/2498 640/777/2499 604/732/2500
f 633/764/2501 644/779/2502 642/778/2503 629/761/2504
f 636/772/2505 646/780/2506 644/781/2507 633/769/2508
f 637/756/2509 608/739/2510 612/741/2511 647/782/2512
f 610/737/2513 638/776/2514 648/783/2515 614/742/2516
f 639/757/2517 637/756/2518 647/782/2519 649/784/2520
f 638/776/2521 640/777/2522 650/785/2523 648/783/2524
f 641/759/2525 639/757/2526 649/784/2527 651/786/2528
f 640/777/2529 642/778/2530 652/787/2531 650/785/2532
f 643/773/2533 641/759/2534 651/786/2535 653/788/2536
f 642/778/2537 644/779/2538 654/789/2539 652/787/2540
f 645/774/2541 643/775/2542 653/790/2543 655/791/2544
f 644/781/2545 646/780/2546 656/792/2547 654/793/2548
f 647/782/2549 612/741/2550 616/747/2551 657/794/2552
f 614/742/2553 648/783/2554 658/795/2555 618/745/2556
f 649/784/2557 647/782/2558 657/794/2559 659/796/2560
f 648/783/2561 650/785/2562 660/797/2563 658/795/2564
f 651/786/2565 649/784/2566 659/796/2567 661/798/2568
f 650/785/2569 652/787/2570 662/799/2571 660/797/2572
f 653/788/2573 651/786/2574 661/798/2575 663/800/2576
f 652/787/2577 654/789/2578 664/801/2579 662/799/2580
f 655/791/2581 653/790/2582 663/802/2583 665/803/2584
f 654/793/2585 656/792/2586 666/804/2587 664/805/2588
f 657/794/2589 616/747/2590 620/749/2591 667/806/2592
f 618/745/2593 658/795/2594 668/807/2595 622/750/2596
f 659/796/2597 657/794/2598 667/806/2599 669/808/2600
f 658/795/2601 660/797/2602 670/809/2603 668/807/2604
f 661/798/2605 659/796/2606 669/808/2607 671/810/2608
f 660/797/2609 662/799/2610 672/811/2611 670/809/2612
f 663/800/2613 661/798/2614 671/810/2615 673/812/2616
f 662/799/2617 664/801/2618 674/813/2619 672/811/2620
f 665/814/2621 663/815/2622 673/816/2623 675/817/2624
f 664/818/2625 666/819/2626 676/820/2627 674/821/2628
f 667/806/2629 620/749/2630 624/753/2631 677/822/2632
f 622/750/2633 668/807/2634 678/823/2635 626/754/2636
f 669/808/2637 667/806/2638 677/822/2639 679/824/2640
f 668/807/2641 670/809/2642 680/825/2643 678/823/2644
f 671/810/2645 669/808/2646 679/824/2647 681/826/2648
f 670/809/2649 672/811/2650 682/827/2651 680/825/2652
f 673/812/2653 671/810/2654 681/826/2655 683/828/2656
f 672/811/2657 674/813/2658 684/829/2659 682/827/2660
f 675/817/2661 673/816/2662 683/830/2663 685/831/2664
f 674/821/2665 676/820/2666 686/832/2667 684/833/2668
f 624/753/2669 625/752/2670 688/834/2671 687/835/2672
f 627/755/2673 626/754/2674 689/836/2675 690/837/2676
f 677/822/2677 624/753/2678 687/835/2679 691/838/2680
f 626/754/2681 678/823/2682 692/839/2683 689/836/2684
f 679/824/2685 677/822/2686 691/838/2687 693/840/2688
f 678/823/2689 680/825/2690 694/841/2691 692/839/2692
f 681/826/2693 679/824/2694 693/840/2695 695/842/2696
f 680/825/2697 682/827/2698 696/843/2699 694/841/2700
f 683/828/2701 681/826/2702 695/842/2703 697/844/2704
f 682/827/2705 684/829/2706 698/845/2707 696/843/2708
f 685/831/2709 683/830/2710 697/846/2711 699/847/2712
f 684/833/2713 686/832/2714 700/848/2715 698/849/2716
f 687/835/2717 688/834/2718 702/850/2719 701/851/2720
f 690/837/2721 689/836/2722 701/852/2723 702/853/2724
f 691/838/2725 687/835/2726 701/851/2727 703/854/2728
f 689/836/2729 692/839/2730 703/855/2731 701/852/2732
f 693/840/2733 691/838/2734 703/854/2735 704/856/2736
f 692/839/2737 694/841/2738 704/857/2739 703/855/2740
f 695/842/2741 693/840/2742 704/856/2743 705/858/2744
f 694/841/2745 696/843/2746 705/859/2747 704/857/2748
f 697/844/2749 695/842/2750 705/858/2751 706/860/2752
f 696/843/2753 698/845/2754 706/861/2755 705/859/2756
f 699/847/2757 697/846/2758 706/862/2759 707/863/2760
f 698/849/2761 700/848/2762 707/863/2763 706/862/2764
f 635/768/2765 634/767/2766 708/864/2767 709/865/2768
f 636/772/2769 635/771/2770 709/866/2771 710/867/2772
f 708/864/2773 634/767/2774 645/774/2775 711/868/2776
f 636/772/2777 710/867/2778 712/869/2779 646/780/2780
f 709/865/2781 708/864/2782 713/870/2783 714/871/2784
f 710/867/2785 709/866/2786 714/871/2787 715/872/2788
f 714/871/2789 713/870/2790 716/873/2791 717/874/2792
f 715/872/2793 714/871/2794 717/874/2795 718/875/2796
f 717/874/2797 716/873/2798 699/847/2799 707/863/2800
f 718/875/2801 717/874/2802 707/863/2803 700/848/2804
f 685/831/2805 699/847/2806 716/873/2807 719/876/2808
f 700/848/2809 686/832/2810 720/877/2811 718/875/2812
f 719/876/2813 716/873/2814 713/870/2815 721/878/2816
f 718/875/2817 720/877/2818 722/879/2819 715/872/2820
f 721/878/2821 713/870/2822 708/864/2823 711/868/2824
f 715/872/2825 722/879/2826 712/869/2827 710/867/2828
f 665/814/2829 675/817/2830 719/876/2831 721/878/2832
f 676/820/2833 666/819/2834 722/879/2835 720/877/2836
f 655/791/2837 665/803/2838 721/878/2839 711/868/2840
f 666/804/2841 656/792/2842 712/869/2843 722/879/2844
f 712/869/2845 656/792/2846 646/780/2847
f 655/791/2848 711/868/2849 645/774/2850
f 676/820/2851 720/877/2852 686/832/2853
f 719/876/2854 675/817/2855 685/831/2856
f 606/880/2857 605/881/2858 723/882/2859 724/883/2860
f 605/881/2861 607/884/2862 725/885/2863 723/882/2864
f 724/883/2865 723/882/2866 726/886/2867 727/887/2868
f 723/882/2869 725/885/2870 728/888/2871 726/886/2872
f 727/887/2873 726/886/2874 729/889/2875 730/890/2876
f 726/886/2877 728/888/2878 731/891/2879 729/889/2880
f 730/890/2881 729/889/2882 733/892/2883 734/893/2884
f 729/889/2885 731/891/2886 732/894/2887 733/892/2888
f 724/883/2889 727/887/2890 613/895/2891 609/896/2892
f 728/888/2893 725/885/2894 611/897/2895 615/898/2896
f 613/895/2897 727/887/2898 730/890/2899 617/899/2900
f 728/888/2901 615/898/2902 619/900/2903 731/891/2904
f 733/892/2905 732/894/2906 690/901/2907 702/902/2908
f 734/893/2909 733/892/2910 702/902/2911 688/903/2912
f 730/890/2913 734/893/2914 621/904/2915 617/899/2916
f 732/894/2917 731/891/2918 619/900/2919 623/905/2920
f 690/901/2921 732/894/2922 623/905/2923 627/906/2924
f 734/893/2925 688/903/2926 625/907/2927 621/904/2928
f 607/884/2929 611/897/2930 725/885/2931
f 609/896/2932 606/880/2933 724/883/2934
g default
v 0.000000 0.620040 -0.371266
v 0.000000 0.509363 -0.369714
v -0.165284 0.509363 -0.330161
v -0.165284 0.620040 -0.333630
v 0.165284 0.620040 -0.333630
v 0.165284 0.509363 -0.330161
v -0.300421 0.509363 -0.236932
v -0.298805 0.620040 -0.240742
v 0.298800 0.620040 -0.240739
v 0.300422 0.509363 -0.236932
v -0.378559 0.509363 -0.097140
v -0.374438 0.620040 -0.097140
v 0.374413 0.620040 -0.097140
v 0.378558 0.509363 -0.097140
v -0.392891 0.509363 0.046578
v -0.380242 0.620040 0.046578
v 0.380226 0.620040 0.046578
v 0.392891 0.509363 0.046578
v -0.354356 0.509363 0.170904
v -0.349544 0.620040 0.170904
v 0.349568 0.620040 0.170904
v 0.354356 0.509363 0.170904
v -0.271743 0.509363 0.287440
v -0.269074 0.620040 0.288777
v 0.269013 0.620040 0.288573
v 0.271743 0.509363 0.287440
v -0.141258 0.509363 0.364243
v -0.140425 0.620040 0.369658
v 0.140429 0.620040 0.369657
v 0.141258 0.509363 0.364243
v -0.000007 0.509363 0.391256
v -0.000005 0.620040 0.394616
v -0.165283 0.624254 -0.303843
v 0.000000 0.624254 -0.338430
v 0.165283 0.624254 -0.303843
v -0.273379 0.624254 -0.220746
v 0.273379 0.624254 -0.220746
v -0.344274 0.624254 -0.097140
v 0.344274 0.624254 -0.097140
v -0.359369 0.624254 0.046578
v 0.359369 0.624254 0.046578
v -0.325008 0.624254 0.170904
v 0.325008 0.624254 0.170904
v -0.245741 0.624254 0.265383
v 0.245741 0.624254 0.265383
v -0.141246 0.624254 0.333816
v 0.141257 0.624254 0.333826
v 0.000000 0.624254 0.357415
v 0.000000 0.502535 -0.327110
v -0.165283 0.502535 -0.279086
v 0.165283 0.502535 -0.279086
v -0.272375 0.502535 -0.201017
v 0.272375 0.502535 -0.201017
v -0.337106 0.502535 -0.097140
v 0.337106 0.502535 -0.097140
v -0.362081 0.502535 0.046578
v 0.362081 0.502535 0.046578
v -0.321525 0.502535 0.170904
v 0.321525 0.502535 0.170904
v -0.255665 0.502535 0.255982
v 0.255665 0.502535 0.255982
v -0.141265 0.502535 0.327256
v 0.141266 0.502535 0.327254
v 0.000000 0.502535 0.351228
v -0.041687 0.807285 -0.352499
v 0.011334 0.707758 -0.359444
v -0.129572 0.627663 -0.337290
v -0.181268 0.730724 -0.336397
v 0.103173 0.885859 -0.323984
v 0.148691 0.774939 -0.324647
v -0.265040 0.559821 -0.230305
v -0.307745 0.665229 -0.225535
v 0.226866 0.949396 -0.227067
v 0.279609 0.845015 -0.224479
v -0.325765 0.534742 -0.095493
v -0.373741 0.634565 -0.095493
v 0.288669 0.983836 -0.095493
v 0.343957 0.881945 -0.095493
v -0.338444 0.528057 0.037858
v -0.378875 0.631857 0.037858
v 0.293811 0.986547 0.037858
v 0.356635 0.890177 0.037858
v -0.304357 0.546030 0.153216
v -0.351720 0.646176 0.153216
v 0.266692 0.972248 0.153216
v 0.322548 0.874843 0.153216
v -0.233614 0.582918 0.287493
v -0.280540 0.683707 0.262587
v 0.195436 0.934676 0.262398
v 0.246686 0.839002 0.261346
v -0.119207 0.643760 0.349879
v -0.166741 0.743710 0.337634
v 0.081694 0.874703 0.337633
v 0.135792 0.773883 0.332610
v 0.011303 0.707051 0.370916
v -0.042761 0.808833 0.356036
v -0.184797 0.734267 -0.298633
v -0.043190 0.810281 -0.323804
v 0.097292 0.887248 -0.296727
v -0.286313 0.685427 -0.210183
v 0.207613 0.946172 -0.210098
v -0.349024 0.652361 -0.095493
v 0.260044 0.973506 -0.095493
v -0.362377 0.645321 0.037858
v 0.273396 0.980546 0.037858
v -0.331983 0.661347 0.153216
v 0.243002 0.964520 0.153216
v -0.261865 0.698318 0.240880
v 0.172884 0.927550 0.240880
v -0.169432 0.747055 0.304378
v 0.080461 0.878817 0.304386
v -0.044490 0.812934 0.326274
v 0.014756 0.700919 -0.306906
v -0.123106 0.625767 -0.266690
v 0.154023 0.778685 -0.272619
v -0.228654 0.578227 -0.191877
v 0.253215 0.832303 -0.191877
v -0.285913 0.548036 -0.095493
v 0.310474 0.862494 -0.095493
v -0.308005 0.536387 0.037858
v 0.332566 0.874143 0.037858
v -0.272131 0.555302 0.153216
v 0.296692 0.855227 0.153216
v -0.213873 0.586020 0.232158
v 0.238433 0.824509 0.232158
v -0.112678 0.639377 0.298290
v 0.137240 0.771152 0.298288
v 0.012280 0.705265 0.320534
v 0.000000 0.642025 0.412519
v 0.000000 0.613494 0.412519
v 0.037984 0.609508 0.412519
v 0.058192 0.635059 0.412519
v -0.058192 0.635059 0.412519
v -0.037984 0.609508 0.412519
v 0.067139 0.589824 0.412519
v 0.106295 0.605215 0.412519
v -0.106295 0.605215 0.412519
v -0.067139 0.589824 0.412519
v 0.076084 0.559519 0.412519
v 0.117097 0.557760 0.412519
v -0.117097 0.557760 0.412519
v -0.076084 0.559519 0.412519
v 0.063431 0.534527 0.412519
v 0.097953 0.514230 0.412519
v -0.097953 0.514230 0.412519
v -0.063431 0.534527 0.412519
v 0.000000 0.515388 0.412520
v 0.000000 0.486164 0.412519
v 0.051263 0.491264 0.412519
v 0.034779 0.520325 0.412520
v -0.051263 0.491264 0.412519
v -0.034779 0.520325 0.412520
v 0.060997 0.632792 0.394752
v 0.000000 0.641788 0.394752
v -0.060997 0.632792 0.394752
v 0.107368 0.604926 0.394752
v -0.107368 0.604926 0.394752
v 0.117939 0.557718 0.394752
v -0.117939 0.557718 0.394752
v 0.101117 0.518608 0.394752
v -0.101117 0.518608 0.394752
v 0.053400 0.490861 0.394752
v -0.053400 0.490861 0.394752
v 0.000000 0.486324 0.394752
v -0.038855 0.607240 0.394752
v 0.000000 0.612478 0.394752
v 0.038855 0.607240 0.394752
v -0.064601 0.588251 0.394752
v 0.064601 0.588251 0.394752
v 0.071662 0.557475 0.394752
v -0.071662 0.557475 0.394752
v 0.059560 0.535215 0.394752
v -0.059560 0.535215 0.394752
v -0.034433 0.522927 0.394752
v 0.034433 0.522927 0.394752
v 0.000000 0.519113 0.394752
v 0.102221 0.906936 0.341915
v 0.113977 0.882131 0.341077
v 0.143014 0.895156 0.325201
v 0.141881 0.926016 0.319990
v 0.065986 0.875099 0.364623
v 0.088503 0.862060 0.356612
v 0.172942 0.890496 0.312199
v 0.188062 0.921217 0.299482
v 0.049431 0.828211 0.381009
v 0.076590 0.831997 0.367720
v 0.193441 0.867701 0.306936
v 0.215122 0.884144 0.293833
v 0.062403 0.781687 0.383645
v 0.084253 0.801408 0.369854
v 0.195463 0.840084 0.311131
v 0.220923 0.837414 0.299830
v 0.093171 0.751707 0.374959
v 0.104434 0.784817 0.363586
v 0.158853 0.795596 0.336365
v 0.168686 0.769800 0.336603
v 0.199792 0.796685 0.317191
v 0.181334 0.815064 0.322329
v 0.132935 0.751831 0.356509
v 0.131423 0.784760 0.351090
v 0.139767 0.921369 0.301823
v 0.097236 0.902834 0.325088
v 0.060202 0.868032 0.348816
v 0.182527 0.917246 0.282667
v 0.042474 0.823361 0.365384
v 0.209804 0.880373 0.276814
v 0.055963 0.777244 0.367676
v 0.213707 0.838243 0.282831
v 0.081807 0.749823 0.360733
v 0.195282 0.793133 0.299805
v 0.125625 0.746439 0.340945
v 0.161534 0.765624 0.320646
v 0.083076 0.855609 0.340468
v 0.107705 0.876999 0.325014
v 0.138783 0.889442 0.308220
v 0.075264 0.827998 0.349243
v 0.167882 0.884250 0.295626
v 0.185126 0.859837 0.292132
v 0.082385 0.797437 0.351609
v 0.186628 0.834930 0.296064
v 0.101238 0.783069 0.345496
v 0.123572 0.782937 0.335115
v 0.172938 0.812919 0.306537
v 0.150458 0.794645 0.320410
v 0.376037 0.456129 -0.000291
v 0.369775 0.507846 -0.000291
v 0.369384 0.455994 -0.082875
v 0.363480 0.507858 -0.076382
v 0.348916 0.455695 -0.163728
v 0.342458 0.507586 -0.159887
v 0.309743 0.455740 -0.229247
v 0.312296 0.505671 -0.215444
v 0.375963 0.404364 -0.000291
v 0.369138 0.404127 -0.083955
v 0.348725 0.403502 -0.163816
v 0.311900 0.401050 -0.229173
v 0.375805 0.352891 -0.000291
v 0.368976 0.352645 -0.083905
v 0.348411 0.351654 -0.163987
v 0.311632 0.348175 -0.227702
v 0.372939 0.294525 -0.000291
v 0.365715 0.293873 -0.081622
v 0.345177 0.291949 -0.156811
v 0.314255 0.297931 -0.221833
v 0.347592 0.295260 -0.000291
v 0.341703 0.296676 -0.073663
v 0.325973 0.294943 -0.142461
v 0.302922 0.294276 -0.211239
v 0.318919 0.508920 -0.148579
v 0.299750 0.503797 -0.208938
v 0.339996 0.511890 -0.072235
v 0.345445 0.511023 -0.000291
v 0.320646 0.455851 -0.146755
v 0.299899 0.454827 -0.215507
v 0.337468 0.458041 -0.074142
v 0.344861 0.459764 -0.000291
v 0.323382 0.400736 -0.146813
v 0.301075 0.394935 -0.215390
v 0.338949 0.403750 -0.074762
v 0.344959 0.404752 -0.000291
v 0.325219 0.347748 -0.147465
v 0.300742 0.341629 -0.214827
v 0.341265 0.351302 -0.074634
v 0.345426 0.352346 -0.000291
v 0.369384 0.455994 0.082293
v 0.363480 0.507858 0.075800
v 0.348916 0.455695 0.163146
v 0.342458 0.507586 0.159305
v 0.309743 0.455740 0.228665
v 0.312296 0.505671 0.214862
v 0.369138 0.404127 0.083373
v 0.348725 0.403502 0.163234
v 0.311900 0.401050 0.228591
v 0.368976 0.352645 0.083323
v 0.348411 0.351654 0.163405
v 0.311632 0.348175 0.227120
v 0.365715 0.293873 0.081040
v 0.345177 0.291949 0.156229
v 0.314255 0.297931 0.221251
v 0.341703 0.296676 0.073081
v 0.325973 0.294943 0.141879
v 0.302922 0.294276 0.210657
v 0.318919 0.508920 0.147997
v 0.299750 0.503797 0.208356
v 0.339996 0.511890 0.071653
v 0.320646 0.455851 0.146173
v 0.299899 0.454827 0.214925
v 0.337468 0.458041 0.073560
v 0.323382 0.400736 0.146231
v 0.301075 0.394935 0.214808
v 0.338949 0.403750 0.074180
v 0.325219 0.347748 0.146883
v 0.300742 0.341629 0.214245
v 0.341265 0.351302 0.074052
v -0.376037 0.456129 -0.000291
v -0.369775 0.507846 -0.000291
v -0.369384 0.455994 -0.082875
v -0.363481 0.507858 -0.076382
v -0.348916 0.455695 -0.163728
v -0.342458 0.507586 -0.159887
v -0.309743 0.455740 -0.229247
v -0.312296 0.505671 -0.215444
v -0.375963 0.404364 -0.000291
v -0.369139 0.404127 -0.083955
v -0.348725 0.403502 -0.163816
v -0.311900 0.401050 -0.229173
v -0.375805 0.352891 -0.000291
v -0.368977 0.352645 -0.083905
v -0.348411 0.351654 -0.163987
v -0.311632 0.348175 -0.227702
v -0.372939 0.294525 -0.000291
v -0.365715 0.293873 -0.081622
v -0.345177 0.291949 -0.156811
v -0.314255 0.297931 -0.221833
v -0.347592 0.295260 -0.000291
v -0.341703 0.296676 -0.073663
v -0.325973 0.294943 -0.142461
v -0.302922 0.294276 -0.211239
v -0.318919 0.508920 -0.148579
v -0.299750 0.503797 -0.208938
v -0.339996 0.511890 -0.072235
v -0.345445 0.511023 -0.000291
v -0.320646 0.455851 -0.146755
v -0.299899 0.454827 -0.215507
v -0.337468 0.458041 -0.074142
v -0.344861 0.459764 -0.000291
v -0.323382 0.400736 -0.146813
v -0.301075 0.394935 -0.215390
v -0.338949 0.403750 -0.074762
v -0.344959 0.404752 -0.000291
v -0.325219 0.347748 -0.147465
v -0.300742 0.341629 -0.214827
v -0.341265 0.351302 -0.074634
v -0.345426 0.352346 -0.000291
v -0.369384 0.455994 0.082293
v -0.363481 0.507858 0.075800
v -0.348916 0.455695 0.163146
v -0.342458 0.507586 0.159305
v -0.309743 0.455740 0.228665
v -0.312296 0.505671 0.214862
v -0.369139 0.404127 0.083373
v -0.348725 0.403502 0.163234
v -0.311900 0.401050 0.228591
v -0.368977 0.352645 0.083323
v -0.348411 0.351654 0.163405
v -0.311632 0.348175 0.227120
v -0.365715 0.293873 0.081040
v -0.345177 0.291949 0.156229
v -0.314255 0.297931 0.221251
v -0.341703 0.296676 0.073081
v -0.325973 0.294943 0.141879
v -0.302922 0.294276 0.210657
v -0.318919 0.508920 0.147997
v -0.299750 0.503797 0.208356
v -0.339996 0.511890 0.071653
v -0.320646 0.455851 0.146173
v -0.299899 0.454827 0.214925
v -0.337468 0.458041 0.073560
v -0.323382 0.400736 0.146231
v -0.301075 0.394935 0.214808
v -0.338949 0.403750 0.074180
v -0.325219 0.347748 0.146883
v -0.300742 0.341629 0.214245
v -0.341265 0.351302 0.074052
v 0.000000 0.457390 0.374044
v 0.000000 0.527605 0.365726
v 0.082584 0.457208 0.365207
v 0.076091 0.527620 0.357366
v 0.163437 0.456802 0.338021
v 0.159596 0.527252 0.329445
v 0.228956 0.456863 0.285992
v 0.215153 0.524651 0.289383
v 0.000000 0.387112 0.373945
v 0.083664 0.386790 0.364881
v 0.163525 0.385941 0.337769
v 0.228882 0.382613 0.288858
v 0.000000 0.317229 0.373735
v 0.083614 0.316896 0.364666
v 0.163696 0.315550 0.337351
v 0.227411 0.310826 0.288501
v 0.000000 0.237989 0.369928
v 0.081331 0.237103 0.360334
v 0.156520 0.234492 0.333056
v 0.221542 0.242613 0.291986
v 0.000000 0.238987 0.336263
v 0.073372 0.240909 0.328441
v 0.142170 0.238556 0.307549
v 0.210948 0.237651 0.276933
v 0.148288 0.529063 0.298180
v 0.208647 0.522107 0.272720
v 0.071944 0.533095 0.326174
v 0.000000 0.531918 0.333411
v 0.146464 0.457013 0.300475
v 0.215216 0.455624 0.272919
v 0.073851 0.459987 0.322816
v 0.000000 0.462326 0.332636
v 0.146522 0.382187 0.304107
v 0.215099 0.374311 0.274480
v 0.074471 0.386279 0.324784
v 0.000000 0.387639 0.332765
v 0.147174 0.310247 0.306548
v 0.214536 0.301939 0.274037
v 0.074343 0.315073 0.327860
v 0.000000 0.316490 0.333386
v -0.082584 0.457208 0.365207
v -0.076091 0.527620 0.357366
v -0.163437 0.456802 0.338021
v -0.159596 0.527252 0.329445
v -0.228956 0.456863 0.285992
v -0.215153 0.524651 0.289383
v -0.083664 0.386790 0.364881
v -0.163525 0.385941 0.337769
v -0.228882 0.382613 0.288858
v -0.083614 0.316896 0.364666
v -0.163696 0.315550 0.337351
v -0.227411 0.310826 0.288501
v -0.081331 0.237103 0.360334
v -0.156520 0.234492 0.333056
v -0.221542 0.242613 0.291986
v -0.073372 0.240909 0.328441
v -0.142170 0.238556 0.307549
v -0.210948 0.237651 0.276933
v -0.148288 0.529063 0.298180
v -0.208647 0.522107 0.272720
v -0.071944 0.533095 0.326174
v -0.146464 0.457013 0.300475
v -0.215216 0.455624 0.272919
v -0.073851 0.459987 0.322816
v -0.146522 0.382187 0.304107
v -0.215099 0.374311 0.274480
v -0.074471 0.386279 0.324784
v -0.147174 0.310247 0.306548
v -0.214536 0.301939 0.274037
v -0.074343 0.315073 0.327860
vt 0.638990 0.828612
vt 0.638636 0.801370
vt 0.678813 0.801524
vt 0.678465 0.828796
vt 0.599532 0.829822
vt 0.598476 0.802569
vt 0.717461 0.801732
vt 0.716111 0.828851
vt 0.561902 0.830857
vt 0.559846 0.803782
vt 0.755020 0.803131
vt 0.753631 0.830138
vt 0.524430 0.833121
vt 0.522337 0.806158
vt 0.788391 0.804697
vt 0.787797 0.832419
vt 0.490332 0.836289
vt 0.489017 0.808592
vt 0.818445 0.805500
vt 0.818481 0.832813
vt 0.459672 0.837476
vt 0.458993 0.810175
vt 0.851956 0.805250
vt 0.852017 0.832369
vt 0.426159 0.837934
vt 0.425485 0.810815
vt 0.888275 0.805687
vt 0.887486 0.832783
vt 0.390686 0.839253
vt 0.389195 0.812192
vt 0.923740 0.807463
vt 0.921861 0.834642
vt 0.356369 0.842011
vt 0.353781 0.814890
vt 0.681530 0.835405
vt 0.639094 0.836630
vt 0.596641 0.836509
vt 0.715559 0.836432
vt 0.562651 0.838419
vt 0.751229 0.837032
vt 0.527008 0.839945
vt 0.788082 0.837704
vt 0.490185 0.841576
vt 0.821070 0.838326
vt 0.457224 0.843056
vt 0.852111 0.840229
vt 0.426244 0.845755
vt 0.883419 0.840708
vt 0.394962 0.847062
vt 0.919375 0.843335
vt 0.359085 0.850636
vt 0.678821 0.877140
vt 0.639623 0.877294
vt 0.639485 0.866732
vt 0.684169 0.865882
vt 0.600433 0.878159
vt 0.594794 0.867044
vt 0.716358 0.877189
vt 0.718378 0.866632
vt 0.562910 0.879183
vt 0.560617 0.868682
vt 0.753231 0.876364
vt 0.749796 0.866860
vt 0.526028 0.879316
vt 0.529216 0.869726
vt 0.786557 0.875311
vt 0.787246 0.867591
vt 0.492688 0.879130
vt 0.491798 0.871430
vt 0.816458 0.875626
vt 0.820500 0.868618
vt 0.462806 0.880221
vt 0.458583 0.873322
vt 0.849752 0.878437
vt 0.847668 0.870127
vt 0.429599 0.883894
vt 0.431465 0.875533
vt 0.885234 0.879941
vt 0.881982 0.871230
vt 0.394175 0.886328
vt 0.397197 0.877535
vt 0.919297 0.881109
vt 0.917205 0.871395
vt 0.360153 0.888392
vt 0.361992 0.878627
vt 0.746414 0.969752
vt 0.747326 0.941421
vt 0.784582 0.943126
vt 0.782816 0.970362
vt 0.707717 0.968489
vt 0.711182 0.939190
vt 0.825674 0.944095
vt 0.824404 0.972097
vt 0.668792 0.967437
vt 0.669373 0.938604
vt 0.860023 0.945567
vt 0.858610 0.972745
vt 0.634385 0.966916
vt 0.634914 0.938556
vt 0.892105 0.947247
vt 0.890686 0.975850
vt 0.603060 0.967025
vt 0.603508 0.938629
vt 0.345802 0.974615
vt 0.343846 0.946204
vt 0.373204 0.944795
vt 0.374808 0.972257
vt 0.574896 0.966544
vt 0.575157 0.938985
vt 0.409298 0.945779
vt 0.406616 0.972550
vt 0.543293 0.967080
vt 0.542815 0.940237
vt 0.441027 0.943961
vt 0.441975 0.971474
vt 0.508738 0.968363
vt 0.508068 0.939885
vt 0.474260 0.942428
vt 0.475449 0.970870
vt 0.786705 0.978378
vt 0.746089 0.976972
vt 0.705990 0.974926
vt 0.822184 0.979667
vt 0.668623 0.973489
vt 0.855876 0.979599
vt 0.636468 0.973898
vt 0.889659 0.981173
vt 0.602549 0.972280
vt 0.377907 0.977565
vt 0.347800 0.979664
vt 0.572228 0.971917
vt 0.407689 0.980036
vt 0.542687 0.974635
vt 0.439090 0.979034
vt 0.512035 0.975713
vt 0.475776 0.978340
vt 0.747717 0.927972
vt 0.790705 0.927879
vt 0.704589 0.928335
vt 0.826425 0.931345
vt 0.668346 0.928515
vt 0.856951 0.935500
vt 0.638090 0.929821
vt 0.891172 0.939188
vt 0.602799 0.931588
vt 0.346330 0.938514
vt 0.377104 0.937304
vt 0.571168 0.932230
vt 0.403169 0.933967
vt 0.544869 0.932482
vt 0.437449 0.931699
vt 0.510966 0.931963
vt 0.474212 0.930226
vt 0.436383 0.901716
vt 0.473848 0.900592
vt 0.510951 0.901631
vt 0.404652 0.904016
vt 0.541762 0.902411
vt 0.374934 0.907098
vt 0.571382 0.902345
vt 0.345145 0.908622
vt 0.601859 0.901647
vt 0.860741 0.905753
vt 0.893993 0.909358
vt 0.635858 0.900177
vt 0.827124 0.900800
vt 0.668196 0.898134
vt 0.790018 0.896625
vt 0.706152 0.897421
vt 0.747585 0.897020
vt 0.867984 0.770695
vt 0.852671 0.773600
vt 0.852675 0.766607
vt 0.862549 0.764975
vt 0.842742 0.764975
vt 0.837311 0.770704
vt 0.879364 0.762072
vt 0.869994 0.758873
vt 0.835263 0.758872
vt 0.825899 0.762016
vt 0.872369 0.750298
vt 0.882341 0.750234
vt 0.823003 0.750118
vt 0.832975 0.750238
vt 0.869315 0.742849
vt 0.877989 0.739141
vt 0.827446 0.739046
vt 0.836117 0.742809
vt 0.852702 0.728957
vt 0.866736 0.731313
vt 0.861948 0.737810
vt 0.852679 0.736216
vt 0.838697 0.731277
vt 0.843458 0.737779
vt 0.870614 0.774317
vt 0.852679 0.778118
vt 0.834687 0.774327
vt 0.883076 0.764219
vt 0.822182 0.764146
vt 0.886430 0.750129
vt 0.818916 0.749981
vt 0.882331 0.737730
vt 0.823114 0.737604
vt 0.868992 0.727481
vt 0.836460 0.727435
vt 0.852710 0.724439
vt 0.844060 0.761122
vt 0.852697 0.762607
vt 0.861203 0.761122
vt 0.838470 0.756673
vt 0.866749 0.756661
vt 0.868405 0.749918
vt 0.836952 0.749900
vt 0.865917 0.744956
vt 0.839546 0.744930
vt 0.844993 0.741758
vt 0.860427 0.741802
vt 0.852644 0.740402
vt 0.934505 0.773141
vt 0.919534 0.771193
vt 0.924848 0.764845
vt 0.934383 0.765965
vt 0.949401 0.770683
vt 0.943873 0.764520
vt 0.908065 0.764565
vt 0.918466 0.760304
vt 0.960637 0.763667
vt 0.950097 0.759764
vt 0.905280 0.753051
vt 0.916608 0.752799
vt 0.951697 0.752199
vt 0.963028 0.752065
vt 0.909234 0.743406
vt 0.919478 0.747298
vt 0.948641 0.746800
vt 0.958746 0.742561
vt 0.942438 0.743897
vt 0.946948 0.735967
vt 0.925578 0.744185
vt 0.920801 0.736413
vt 0.933992 0.743107
vt 0.933855 0.735079
vt 0.867868 0.698540
vt 0.855498 0.702561
vt 0.853868 0.696044
vt 0.862810 0.693026
vt 0.844434 0.695964
vt 0.841430 0.701711
vt 0.876739 0.689151
vt 0.868805 0.686103
vt 0.836429 0.691304
vt 0.830056 0.694753
vt 0.869512 0.677208
vt 0.876858 0.677138
vt 0.824722 0.683597
vt 0.832526 0.683359
vt 0.864978 0.670375
vt 0.870297 0.666487
vt 0.825913 0.672542
vt 0.833901 0.675777
vt 0.845687 0.660311
vt 0.858364 0.660450
vt 0.857106 0.666704
vt 0.848161 0.666656
vt 0.833970 0.664216
vt 0.839753 0.669719
vt 0.871515 0.701423
vt 0.856455 0.707079
vt 0.839486 0.705679
vt 0.880933 0.690130
vt 0.826566 0.697255
vt 0.880833 0.675666
vt 0.820635 0.683924
vt 0.874137 0.664107
vt 0.821470 0.672013
vt 0.860044 0.656239
vt 0.831338 0.660618
vt 0.844865 0.655788
vt 0.845118 0.691887
vt 0.853148 0.692104
vt 0.861097 0.689235
vt 0.839484 0.688282
vt 0.865692 0.683841
vt 0.865351 0.677335
vt 0.836373 0.681924
vt 0.861932 0.672962
vt 0.837748 0.676794
vt 0.841927 0.673301
vt 0.856143 0.670828
vt 0.848966 0.670714
vt 0.931825 0.721778
vt 0.919419 0.719024
vt 0.924556 0.712921
vt 0.933451 0.715150
vt 0.945501 0.720524
vt 0.942276 0.714659
vt 0.910450 0.711799
vt 0.918819 0.707537
vt 0.956360 0.714439
vt 0.948281 0.710426
vt 0.910000 0.700486
vt 0.918705 0.700169
vt 0.951388 0.703374
vt 0.960431 0.703387
vt 0.915610 0.691652
vt 0.922202 0.695068
vt 0.949365 0.697731
vt 0.958847 0.694140
vt 0.944369 0.694354
vt 0.949527 0.686900
vt 0.928666 0.692814
vt 0.926693 0.685586
vt 0.936528 0.692610
vt 0.938508 0.685266
vt 0.625889 0.483056
vt 0.645001 0.483434
vt 0.643214 0.496368
vt 0.625723 0.496115
vt 0.664323 0.484521
vt 0.662679 0.497072
vt 0.682414 0.487542
vt 0.676445 0.498280
vt 0.626053 0.470092
vt 0.645975 0.470692
vt 0.665857 0.472203
vt 0.684663 0.474175
vt 0.626212 0.457222
vt 0.646674 0.458075
vt 0.666827 0.459991
vt 0.685177 0.460829
vt 0.626383 0.442899
vt 0.647284 0.443482
vt 0.666776 0.445053
vt 0.682961 0.449338
vt 0.626453 0.436787
vt 0.646662 0.437286
vt 0.666073 0.439260
vt 0.684380 0.446038
vt 0.677667 0.501329
vt 0.661897 0.503100
vt 0.643052 0.502332
vt 0.625646 0.502191
vt 0.680047 0.513542
vt 0.662292 0.515613
vt 0.643734 0.515657
vt 0.625479 0.515067
vt 0.680638 0.528615
vt 0.662693 0.528931
vt 0.644076 0.528971
vt 0.625301 0.528738
vt 0.681129 0.541890
vt 0.663214 0.541842
vt 0.644195 0.541830
vt 0.625132 0.541701
vt 0.680801 0.553685
vt 0.662545 0.554879
vt 0.644224 0.555246
vt 0.624948 0.555676
vt 0.689132 0.458311
vt 0.689151 0.473088
vt 0.686160 0.489510
vt 0.608232 0.495928
vt 0.606775 0.482956
vt 0.588756 0.496139
vt 0.587432 0.483556
vt 0.574962 0.496991
vt 0.569270 0.486112
vt 0.606123 0.470197
vt 0.586210 0.471209
vt 0.567359 0.472702
vt 0.605736 0.457569
vt 0.585543 0.458983
vt 0.567180 0.459357
vt 0.605476 0.442968
vt 0.585958 0.444056
vt 0.569679 0.447933
vt 0.606243 0.436790
vt 0.586798 0.438284
vt 0.568342 0.444600
vt 0.589381 0.502182
vt 0.573661 0.500005
vt 0.608241 0.501893
vt 0.588662 0.514673
vt 0.570966 0.512141
vt 0.607214 0.515193
vt 0.587914 0.527971
vt 0.569983 0.527186
vt 0.606527 0.528491
vt 0.587056 0.540861
vt 0.569144 0.540439
vt 0.606070 0.541340
vt 0.587383 0.553909
vt 0.569163 0.552238
vt 0.605690 0.554749
vt 0.563289 0.456740
vt 0.562900 0.471502
vt 0.565473 0.487982
vt 0.481905 0.482950
vt 0.481753 0.496009
vt 0.464261 0.495837
vt 0.462793 0.482864
vt 0.444783 0.496056
vt 0.443452 0.483471
vt 0.430989 0.496910
vt 0.425290 0.486027
vt 0.462131 0.470104
vt 0.482055 0.469986
vt 0.442223 0.471122
vt 0.423375 0.472614
vt 0.461737 0.457474
vt 0.482203 0.457116
vt 0.441552 0.458893
vt 0.423192 0.459266
vt 0.461473 0.442871
vt 0.482367 0.442791
vt 0.441965 0.443964
vt 0.425690 0.447841
vt 0.462239 0.436692
vt 0.482436 0.436679
vt 0.442804 0.438191
vt 0.424353 0.444508
vt 0.445413 0.502100
vt 0.429689 0.499924
vt 0.464275 0.501802
vt 0.481682 0.502085
vt 0.444705 0.514593
vt 0.427006 0.512066
vt 0.463261 0.515102
vt 0.481531 0.514961
vt 0.443969 0.527893
vt 0.426036 0.527116
vt 0.462588 0.528401
vt 0.481370 0.528630
vt 0.443125 0.540785
vt 0.425210 0.540373
vt 0.462146 0.541251
vt 0.481217 0.541593
vt 0.443464 0.553834
vt 0.425238 0.552174
vt 0.461781 0.554661
vt 0.481053 0.555568
vt 0.419302 0.456648
vt 0.418915 0.471412
vt 0.421493 0.487896
vt 0.501014 0.483308
vt 0.499245 0.496243
vt 0.520336 0.484364
vt 0.518714 0.496916
vt 0.538435 0.487339
vt 0.532486 0.498092
vt 0.501970 0.470566
vt 0.521849 0.472044
vt 0.540658 0.473970
vt 0.502654 0.457948
vt 0.522801 0.459833
vt 0.541147 0.460628
vt 0.503252 0.443354
vt 0.522731 0.444897
vt 0.538911 0.449148
vt 0.502628 0.437159
vt 0.522023 0.439106
vt 0.540324 0.445845
vt 0.533715 0.501136
vt 0.517942 0.502944
vt 0.499091 0.502207
vt 0.536110 0.513343
vt 0.518356 0.515452
vt 0.499793 0.515528
vt 0.536723 0.528415
vt 0.518777 0.528768
vt 0.500153 0.528840
vt 0.537236 0.541689
vt 0.519318 0.541677
vt 0.500291 0.541696
vt 0.536929 0.553486
vt 0.518670 0.554715
vt 0.500341 0.555111
vt 0.545096 0.458099
vt 0.545144 0.472870
vt 0.542188 0.489295
vt 0.552985 0.322921
vt 0.571873 0.323098
vt 0.570007 0.340517
vt 0.552929 0.340339
vt 0.591559 0.323965
vt 0.589402 0.340978
vt 0.611447 0.327287
vt 0.604048 0.342590
vt 0.553040 0.305666
vt 0.572981 0.306013
vt 0.593386 0.307068
vt 0.613713 0.308427
vt 0.553095 0.288537
vt 0.573505 0.289086
vt 0.594154 0.290241
vt 0.614123 0.289922
vt 0.553158 0.269180
vt 0.573752 0.269388
vt 0.593448 0.270097
vt 0.611104 0.273887
vt 0.553183 0.261161
vt 0.573820 0.261317
vt 0.593888 0.262968
vt 0.613447 0.269961
vt 0.606448 0.345949
vt 0.589904 0.348736
vt 0.570438 0.348292
vt 0.552903 0.348521
vt 0.609003 0.363010
vt 0.590664 0.365651
vt 0.571446 0.366166
vt 0.552847 0.365774
vt 0.609616 0.383791
vt 0.591002 0.383862
vt 0.571893 0.384072
vt 0.552788 0.384069
vt 0.610192 0.401953
vt 0.591480 0.401494
vt 0.572032 0.401431
vt 0.552733 0.401507
vt 0.609947 0.417963
vt 0.590991 0.419140
vt 0.572227 0.419691
vt 0.552672 0.420441
vt 0.618697 0.286881
vt 0.618792 0.306704
vt 0.615755 0.328828
vt 0.535850 0.340407
vt 0.534096 0.322977
vt 0.516453 0.340743
vt 0.514405 0.323717
vt 0.501797 0.342262
vt 0.494496 0.326911
vt 0.533098 0.305885
vt 0.512686 0.306809
vt 0.492351 0.308037
vt 0.532683 0.288955
vt 0.512027 0.289977
vt 0.492060 0.289530
vt 0.532562 0.269255
vt 0.512862 0.269838
vt 0.495182 0.273515
vt 0.532546 0.261184
vt 0.512467 0.262706
vt 0.492864 0.269574
vt 0.515901 0.348499
vt 0.499374 0.345604
vt 0.535369 0.348179
vt 0.515032 0.365408
vt 0.496710 0.362649
vt 0.534246 0.366046
vt 0.514576 0.383617
vt 0.495963 0.383426
vt 0.533684 0.383949
vt 0.513986 0.401245
vt 0.495271 0.401584
vt 0.533434 0.401307
vt 0.514362 0.418894
vt 0.495413 0.417595
vt 0.533121 0.419566
vt 0.487505 0.286459
vt 0.487283 0.306282
vt 0.490179 0.328425
vn -0.000000 0.208998 -0.977916
vn 0.000000 -0.022677 -0.999743
vn -0.403568 -0.022875 -0.914664
vn -0.390939 0.200449 -0.898324
vn -0.000000 0.208998 -0.977916
vn 0.400803 -0.022854 -0.915879
vn 0.403572 -0.022860 -0.914662
vn 0.000000 -0.022677 -0.999743
vn -0.390939 0.200449 -0.898324
vn -0.403568 -0.022875 -0.914664
vn -0.746861 -0.003977 -0.664968
vn -0.739879 -0.004819 -0.672723
vn 0.403572 -0.022860 -0.914662
vn 0.400803 -0.022854 -0.915879
vn 0.739898 -0.004743 -0.672702
vn 0.746882 -0.003898 -0.664945
vn -0.739879 -0.004819 -0.672723
vn -0.746861 -0.003977 -0.664968
vn -0.956081 0.044538 -0.289700
vn -0.955283 0.044135 -0.292381
vn 0.746882 -0.003898 -0.664945
vn 0.739898 -0.004743 -0.672702
vn 0.955279 0.044292 -0.292369
vn 0.956082 0.044699 -0.289672
vn -0.955283 0.044135 -0.292381
vn -0.956081 0.044538 -0.289700
vn -0.993014 0.076658 0.089702
vn -0.992790 0.076663 0.092152
vn 0.956082 0.044699 -0.289672
vn 0.955279 0.044292 -0.292369
vn 0.992792 0.076744 0.092059
vn 0.993016 0.076740 0.089609
vn -0.992790 0.076663 0.092152
vn -0.993014 0.076658 0.089702
vn -0.900968 0.049793 0.431019
vn -0.899295 0.049187 0.434568
vn 0.993016 0.076740 0.089609
vn 0.992792 0.076744 0.092059
vn 0.899177 0.049523 0.434774
vn 0.900847 0.050119 0.431234
vn -0.899295 0.049187 0.434568
vn -0.900968 0.049793 0.431019
vn -0.682975 0.002999 0.730436
vn -0.678001 0.002306 0.735057
vn 0.900847 0.050119 0.431234
vn 0.899177 0.049523 0.434774
vn 0.678074 0.003129 0.734987
vn 0.682867 0.003794 0.730533
vn -0.678001 0.002306 0.735057
vn -0.682975 0.002999 0.730436
vn -0.363915 -0.028073 0.931009
vn -0.358661 -0.028392 0.933036
vn 0.682867 0.003794 0.730533
vn 0.678074 0.003129 0.734987
vn 0.358989 -0.027908 0.932925
vn 0.364248 -0.027575 0.930894
vn -0.358661 -0.028392 0.933036
vn -0.363915 -0.028073 0.931009
vn -0.181317 -0.038276 0.982680
vn -0.181317 -0.038276 0.982680
vn 0.364248 -0.027575 0.930894
vn 0.358989 -0.027908 0.932925
vn 0.181300 -0.038276 0.982683
vn 0.181300 -0.038276 0.982683
vn -0.000000 0.208998 -0.977916
vn -0.390939 0.200449 -0.898324
vn -0.062878 0.989911 -0.126978
vn 0.000000 0.991064 -0.133384
vn 0.400803 -0.022854 -0.915879
vn -0.000000 0.208998 -0.977916
vn 0.000000 0.991064 -0.133384
vn 0.062883 0.989909 -0.126987
vn -0.390939 0.200449 -0.898324
vn -0.739879 -0.004819 -0.672723
vn -0.107288 0.989660 -0.095196
vn -0.062878 0.989911 -0.126978
vn 0.739898 -0.004743 -0.672702
vn 0.400803 -0.022854 -0.915879
vn 0.062883 0.989909 -0.126987
vn 0.107322 0.989654 -0.095220
vn -0.739879 -0.004819 -0.672723
vn -0.955283 0.044135 -0.292381
vn -0.139235 0.989104 -0.047827
vn -0.107288 0.989660 -0.095196
vn 0.955279 0.044292 -0.292369
vn 0.739898 -0.004743 -0.672702
vn 0.107322 0.989654 -0.095220
vn 0.139320 0.989091 -0.047851
vn -0.955283 0.044135 -0.292381
vn -0.992790 0.076663 0.092152
vn -0.171885 0.984995 0.015480
vn -0.139235 0.989104 -0.047827
vn 0.992792 0.076744 0.092059
vn 0.955279 0.044292 -0.292369
vn 0.139320 0.989091 -0.047851
vn 0.171945 0.984985 0.015469
vn -0.992790 0.076663 0.092152
vn -0.899295 0.049187 0.434568
vn -0.144884 0.986186 0.080287
vn -0.171885 0.984995 0.015480
vn 0.899177 0.049523 0.434774
vn 0.992792 0.076744 0.092059
vn 0.171945 0.984985 0.015469
vn 0.145126 0.986134 0.080492
vn -0.899295 0.049187 0.434568
vn -0.678001 0.002306 0.735057
vn -0.096184 0.989730 0.105754
vn -0.144884 0.986186 0.080287
vn 0.678074 0.003129 0.734987
vn 0.899177 0.049523 0.434774
vn 0.145126 0.986134 0.080492
vn 0.096471 0.989661 0.106130
vn -0.678001 0.002306 0.735057
vn -0.358661 -0.028392 0.933036
vn -0.049806 0.992226 0.114049
vn -0.096184 0.989730 0.105754
vn 0.358989 -0.027908 0.932925
vn 0.678074 0.003129 0.734987
vn 0.096471 0.989661 0.106130
vn 0.049965 0.992194 0.114257
vn -0.358661 -0.028392 0.933036
vn -0.181317 -0.038276 0.982680
vn -0.019795 0.993189 0.114824
vn -0.049806 0.992226 0.114049
vn 0.181300 -0.038276 0.982683
vn 0.358989 -0.027908 0.932925
vn 0.049965 0.992194 0.114257
vn 0.019793 0.993187 0.114842
vn -0.054101 -0.988864 -0.138642
vn 0.000000 -0.989541 -0.144252
vn 0.000000 -0.989541 -0.144252
vn -0.068230 -0.988668 -0.133716
vn 0.000000 -0.989541 -0.144252
vn 0.054101 -0.988864 -0.138642
vn 0.068230 -0.988668 -0.133716
vn 0.000000 -0.989541 -0.144252
vn -0.113059 -0.987402 -0.110698
vn -0.054101 -0.988864 -0.138642
vn -0.068230 -0.988668 -0.133716
vn -0.119340 -0.987120 -0.106546
vn 0.054101 -0.988864 -0.138642
vn 0.113060 -0.987402 -0.110698
vn 0.119340 -0.987120 -0.106546
vn 0.068230 -0.988668 -0.133716
vn -0.170753 -0.984026 -0.050358
vn -0.113059 -0.987402 -0.110698
vn -0.119340 -0.987120 -0.106546
vn -0.162897 -0.984602 -0.063427
vn 0.113060 -0.987402 -0.110698
vn 0.170753 -0.984026 -0.050358
vn 0.162897 -0.984602 -0.063427
vn 0.119340 -0.987120 -0.106546
vn -0.195315 -0.980675 0.011360
vn -0.170753 -0.984026 -0.050358
vn -0.162897 -0.984602 -0.063427
vn -0.196598 -0.980348 0.016311
vn 0.170753 -0.984026 -0.050358
vn 0.195316 -0.980675 0.011360
vn 0.196600 -0.980348 0.016312
vn 0.162897 -0.984602 -0.063427
vn -0.201405 -0.975453 0.089036
vn -0.195315 -0.980675 0.011360
vn -0.196598 -0.980348 0.016311
vn -0.194089 -0.974864 0.109404
vn 0.195316 -0.980675 0.011360
vn 0.201407 -0.975452 0.089038
vn 0.194091 -0.974864 0.109406
vn 0.196600 -0.980348 0.016312
vn -0.131146 -0.978481 0.159299
vn -0.201405 -0.975453 0.089036
vn -0.194089 -0.974864 0.109404
vn -0.144679 -0.977514 0.153408
vn 0.201407 -0.975452 0.089038
vn 0.131144 -0.978481 0.159298
vn 0.144678 -0.977514 0.153408
vn 0.194091 -0.974864 0.109406
vn -0.056391 -0.983224 0.173465
vn -0.131146 -0.978481 0.159299
vn -0.144679 -0.977514 0.153408
vn -0.072671 -0.982286 0.172721
vn 0.131144 -0.978481 0.159298
vn 0.056389 -0.983225 0.173463
vn 0.072668 -0.982287 0.172719
vn 0.144678 -0.977514 0.153408
vn -0.031494 -0.984151 0.174511
vn -0.056391 -0.983224 0.173465
vn -0.072671 -0.982286 0.172721
vn -0.031494 -0.984151 0.174511
vn 0.056389 -0.983225 0.173463
vn 0.031493 -0.984152 0.174510
vn 0.031493 -0.984152 0.174510
vn 0.072668 -0.982287 0.172719
vn -0.049806 0.992226 0.114049
vn -0.019795 0.993189 0.114824
vn -0.031494 -0.984151 0.174511
vn -0.072671 -0.982286 0.172721
vn 0.019793 0.993187 0.114842
vn 0.049965 0.992194 0.114257
vn 0.072668 -0.982287 0.172719
vn 0.031493 -0.984152 0.174510
vn -0.096184 0.989730 0.105754
vn -0.049806 0.992226 0.114049
vn -0.072671 -0.982286 0.172721
vn -0.144679 -0.977514 0.153408
vn 0.049965 0.992194 0.114257
vn 0.096471 0.989661 0.106130
vn 0.144678 -0.977514 0.153408
vn 0.072668 -0.982287 0.172719
vn -0.144884 0.986186 0.080287
vn -0.096184 0.989730 0.105754
vn -0.144679 -0.977514 0.153408
vn -0.194089 -0.974864 0.109404
vn 0.096471 0.989661 0.106130
vn -0.890173 0.003404 -0.455610
vn 0.194091 -0.974864 0.109406
vn 0.144678 -0.977514 0.153408
vn -0.171885 0.984995 0.015480
vn -0.144884 0.986186 0.080287
vn -0.194089 -0.974864 0.109404
vn -0.196598 -0.980348 0.016311
vn -0.890173 0.003404 -0.455610
vn -0.997815 0.011248 -0.065109
vn 0.196600 -0.980348 0.016312
vn 0.194091 -0.974864 0.109406
vn -0.139235 0.989104 -0.047827
vn -0.171885 0.984995 0.015480
vn -0.196598 -0.980348 0.016311
vn -0.162897 -0.984602 -0.063427
vn -0.997815 0.011248 -0.065109
vn -0.946260 0.043565 0.320459
vn 0.162897 -0.984602 -0.063427
vn 0.196600 -0.980348 0.016312
vn -0.107288 0.989660 -0.095196
vn -0.139235 0.989104 -0.047827
vn -0.162897 -0.984602 -0.063427
vn -0.119340 -0.987120 -0.106546
vn -0.946260 0.043565 0.320459
vn 0.107322 0.989654 -0.095220
vn 0.119340 -0.987120 -0.106546
vn 0.162897 -0.984602 -0.063427
vn -0.062878 0.989911 -0.126978
vn -0.107288 0.989660 -0.095196
vn -0.119340 -0.987120 -0.106546
vn -0.068230 -0.988668 -0.133716
vn 0.107322 0.989654 -0.095220
vn 0.062883 0.989909 -0.126987
vn 0.068230 -0.988668 -0.133716
vn 0.119340 -0.987120 -0.106546
vn 0.000000 0.991064 -0.133384
vn -0.062878 0.989911 -0.126978
vn -0.068230 -0.988668 -0.133716
vn 0.000000 -0.989541 -0.144252
vn 0.062883 0.989909 -0.126987
vn 0.000000 0.991064 -0.133384
vn 0.000000 -0.989541 -0.144252
vn 0.068230 -0.988668 -0.133716
vn 0.023082 0.045218 -0.998710
vn 0.022054 0.044726 -0.998756
vn -0.365320 -0.138689 -0.920493
vn -0.359231 -0.135802 -0.923315
vn 0.023082 0.045218 -0.998710
vn 0.366009 0.179998 -0.913038
vn 0.346744 0.173643 -0.921747
vn 0.022054 0.044726 -0.998756
vn -0.359231 -0.135802 -0.923315
vn -0.365320 -0.138689 -0.920493
vn -0.685757 -0.289130 -0.667938
vn -0.683986 -0.288316 -0.670102
vn 0.346744 0.173643 -0.921747
vn 0.366009 0.179998 -0.913038
vn 0.653255 0.315669 -0.688194
vn 0.652954 0.315471 -0.688570
vn -0.683986 -0.288316 -0.670102
vn -0.685757 -0.289130 -0.667938
vn -0.879275 -0.379298 -0.288111
vn -0.879704 -0.379503 -0.286529
vn 0.652954 0.315471 -0.688570
vn 0.653255 0.315669 -0.688194
vn 0.833745 0.463127 -0.300638
vn 0.833394 0.462662 -0.302321
vn -0.879704 -0.379503 -0.286529
vn -0.879275 -0.379298 -0.288111
vn -0.914686 -0.397131 -0.075075
vn -0.914686 -0.397131 -0.075075
vn 0.833394 0.462662 -0.302321
vn 0.833745 0.463127 -0.300638
vn 0.852450 0.514413 0.093318
vn 0.852826 0.514487 0.089393
vn -0.879977 -0.378814 0.286602
vn -0.879977 -0.378814 0.286602
vn -0.835446 -0.339075 0.432502
vn -0.834308 -0.338165 0.435402
vn 0.852826 0.514487 0.089393
vn 0.852450 0.514413 0.093318
vn 0.767856 0.446821 0.459074
vn 0.769998 0.448901 0.453422
vn -0.834308 -0.338165 0.435402
vn -0.835446 -0.339075 0.432502
vn -0.643422 -0.180518 0.743923
vn -0.664436 -0.196974 0.720920
vn 0.769998 0.448901 0.453422
vn 0.767856 0.446821 0.459074
vn 0.578444 0.300376 0.758404
vn 0.579720 0.301244 0.757084
vn -0.664436 -0.196974 0.720920
vn -0.643422 -0.180518 0.743923
vn -0.336092 -0.012154 0.941751
vn -0.336651 -0.012355 0.941549
vn 0.579720 0.301244 0.757084
vn 0.578444 0.300376 0.758404
vn 0.302786 0.173218 0.937185
vn 0.304626 0.173741 0.936492
vn -0.336651 -0.012355 0.941549
vn -0.336092 -0.012154 0.941751
vn -0.008787 0.088786 0.996012
vn -0.010021 0.088465 0.996029
vn 0.304626 0.173741 0.936492
vn 0.302786 0.173218 0.937185
vn -0.010021 0.088465 0.996029
vn -0.008787 0.088786 0.996012
vn 0.023082 0.045218 -0.998710
vn -0.359231 -0.135802 -0.923315
vn -0.530723 0.833553 -0.153369
vn -0.472223 0.872523 -0.125337
vn 0.366009 0.179998 -0.913038
vn 0.023082 0.045218 -0.998710
vn -0.472223 0.872523 -0.125337
vn -0.402382 0.903553 -0.147244
vn -0.359231 -0.135802 -0.923315
vn -0.683986 -0.288316 -0.670102
vn -0.579173 0.801187 -0.150527
vn -0.530723 0.833553 -0.153369
vn 0.653255 0.315669 -0.688194
vn 0.366009 0.179998 -0.913038
vn -0.402382 0.903553 -0.147244
vn -0.329983 0.934738 -0.131818
vn -0.683986 -0.288316 -0.670102
vn -0.879704 -0.379503 -0.286529
vn -0.607532 0.790404 -0.078523
vn -0.579173 0.801187 -0.150527
vn 0.833745 0.463127 -0.300638
vn 0.653255 0.315669 -0.688194
vn -0.329983 0.934738 -0.131818
vn -0.308429 0.949148 -0.063164
vn -0.879704 -0.379503 -0.286529
vn -0.914686 -0.397131 -0.075075
vn -0.604249 0.796693 -0.012766
vn -0.607532 0.790404 -0.078523
vn 0.852450 0.514413 0.093318
vn 0.833745 0.463127 -0.300638
vn -0.308429 0.949148 -0.063164
vn -0.307276 0.951473 0.016764
vn -0.879977 -0.378814 0.286602
vn -0.834308 -0.338165 0.435402
vn -0.587503 0.804550 0.086831
vn -0.619181 0.783565 0.051391
vn 0.767856 0.446821 0.459074
vn 0.852450 0.514413 0.093318
vn -0.307276 0.951473 0.016764
vn -0.331735 0.939348 0.087053
vn -0.834308 -0.338165 0.435402
vn -0.664436 -0.196974 0.720920
vn -0.545245 0.830452 0.114267
vn -0.587503 0.804550 0.086831
vn 0.578444 0.300376 0.758404
vn 0.767856 0.446821 0.459074
vn -0.331735 0.939348 0.087053
vn -0.376932 0.919116 0.114669
vn -0.664436 -0.196974 0.720920
vn -0.336651 -0.012355 0.941549
vn -0.506168 0.852883 0.128003
vn -0.545245 0.830452 0.114267
vn 0.302786 0.173218 0.937185
vn 0.578444 0.300376 0.758404
vn -0.376932 0.919116 0.114669
vn -0.417655 0.899497 0.128336
vn -0.336651 -0.012355 0.941549
vn -0.010021 0.088465 0.996029
vn -0.461942 0.876388 0.136210
vn -0.506168 0.852883 0.128003
vn -0.010021 0.088465 0.996029
vn 0.302786 0.173218 0.937185
vn -0.417655 0.899497 0.128336
vn -0.461942 0.876388 0.136210
vn -0.365320 -0.138689 -0.920493
vn 0.022054 0.044726 -0.998756
vn 0.471012 -0.878040 -0.084820
vn 0.437539 -0.897416 -0.056604
vn 0.022054 0.044726 -0.998756
vn 0.346744 0.173643 -0.921747
vn 0.467203 -0.884045 -0.013614
vn 0.471012 -0.878040 -0.084820
vn -0.685757 -0.289130 -0.667938
vn -0.365320 -0.138689 -0.920493
vn 0.437539 -0.897416 -0.056604
vn 0.406861 -0.913189 -0.023437
vn 0.346744 0.173643 -0.921747
vn 0.652954 0.315471 -0.688570
vn 0.467401 -0.883938 0.013802
vn 0.467203 -0.884045 -0.013614
vn -0.879275 -0.379298 -0.288111
vn -0.685757 -0.289130 -0.667938
vn 0.406861 -0.913189 -0.023437
vn 0.358874 -0.933119 -0.022339
vn 0.652954 0.315471 -0.688570
vn 0.833394 0.462662 -0.302321
vn 0.493844 -0.869549 0.001601
vn 0.467401 -0.883938 0.013802
vn -0.914686 -0.397131 -0.075075
vn -0.879275 -0.379298 -0.288111
vn 0.358874 -0.933119 -0.022339
vn 0.293928 -0.955436 -0.027359
vn 0.833394 0.462662 -0.302321
vn 0.852826 0.514487 0.089393
vn 0.550915 -0.834249 0.022829
vn 0.493844 -0.869549 0.001601
vn -0.835446 -0.339075 0.432502
vn -0.879977 -0.378814 0.286602
vn 0.269741 -0.960257 0.071738
vn 0.311303 -0.945968 0.090747
vn 0.852826 0.514487 0.089393
vn 0.769998 0.448901 0.453422
vn 0.606242 -0.784724 0.129148
vn 0.550915 -0.834249 0.022829
vn -0.643422 -0.180518 0.743923
vn -0.835446 -0.339075 0.432502
vn 0.311303 -0.945968 0.090747
vn 0.370506 -0.922819 0.105497
vn 0.769998 0.448901 0.453422
vn 0.579720 0.301244 0.757084
vn 0.589531 -0.790449 0.166264
vn 0.606242 -0.784724 0.129148
vn -0.336092 -0.012154 0.941751
vn -0.643422 -0.180518 0.743923
vn 0.370506 -0.922819 0.105497
vn 0.423175 -0.900386 0.101131
vn 0.579720 0.301244 0.757084
vn 0.304626 0.173741 0.936492
vn 0.522487 -0.845115 0.113084
vn 0.589531 -0.790449 0.166264
vn -0.008787 0.088786 0.996012
vn -0.336092 -0.012154 0.941751
vn 0.423175 -0.900386 0.101131
vn 0.457045 -0.886298 0.074741
vn 0.304626 0.173741 0.936492
vn -0.008787 0.088786 0.996012
vn 0.457045 -0.886298 0.074741
vn 0.522487 -0.845115 0.113084
vn 0.268542 0.187982 -0.944748
vn -0.022631 0.042945 -0.998821
vn 0.457045 -0.886298 0.074741
vn 0.423175 -0.900386 0.101131
vn -0.022631 0.042945 -0.998821
vn -0.306847 -0.115345 -0.944744
vn 0.522487 -0.845115 0.113084
vn 0.457045 -0.886298 0.074741
vn 0.541539 0.307840 -0.782285
vn 0.268542 0.187982 -0.944748
vn 0.423175 -0.900386 0.101131
vn 0.370506 -0.922819 0.105497
vn -0.306847 -0.115345 -0.944744
vn -0.559974 -0.272922 -0.782268
vn 0.589531 -0.790449 0.166264
vn 0.522487 -0.845115 0.113084
vn 0.773018 0.411376 -0.482922
vn 0.541539 0.307840 -0.782285
vn 0.370506 -0.922819 0.105497
vn 0.311303 -0.945968 0.090747
vn -0.559974 -0.272922 -0.782268
vn -0.776141 -0.405453 -0.482922
vn 0.606242 -0.784724 0.129148
vn 0.589531 -0.790449 0.166264
vn 0.839919 0.446269 -0.308837
vn 0.773018 0.411376 -0.482922
vn 0.311303 -0.945968 0.090747
vn 0.269741 -0.960257 0.071738
vn -0.776141 -0.405453 -0.482922
vn -0.887577 -0.455284 -0.070164
vn 0.550915 -0.834249 0.022829
vn 0.606242 -0.784724 0.129148
vn 0.810076 0.475958 0.342404
vn 0.866167 0.477166 0.148552
vn 0.293928 -0.955436 -0.027359
vn 0.358874 -0.933119 -0.022339
vn -0.887577 -0.455284 -0.070164
vn -0.864337 -0.386069 0.322293
vn 0.493844 -0.869549 0.001601
vn 0.550915 -0.834249 0.022829
vn 0.562796 0.444296 0.697038
vn 0.810076 0.475958 0.342404
vn 0.358874 -0.933119 -0.022339
vn 0.406861 -0.913189 -0.023437
vn -0.864337 -0.386069 0.322293
vn -0.697315 -0.202739 0.687494
vn 0.467401 -0.883938 0.013802
vn 0.493844 -0.869549 0.001601
vn 0.242692 0.340866 0.908246
vn 0.562796 0.444296 0.697038
vn 0.406861 -0.913189 -0.023437
vn 0.437539 -0.897416 -0.056604
vn -0.697315 -0.202739 0.687494
vn -0.404392 -0.022208 0.914316
vn 0.467203 -0.884045 -0.013614
vn 0.467401 -0.883938 0.013802
vn -0.081118 0.161014 0.983613
vn 0.242692 0.340866 0.908246
vn 0.437539 -0.897416 -0.056604
vn 0.471012 -0.878040 -0.084820
vn -0.404392 -0.022208 0.914316
vn -0.081118 0.161014 0.983613
vn 0.471012 -0.878040 -0.084820
vn 0.467203 -0.884045 -0.013614
vn 0.000000 0.000002 1.000000
vn 0.000000 0.000003 1.000000
vn 0.000000 0.000003 1.000000
vn 0.000000 0.000002 1.000000
vn 0.000000 0.000002 1.000000
vn 0.000000 0.000003 1.000000
vn 0.000000 0.000003 1.000000
vn -0.000001 0.000002 1.000000
vn 0.000000 0.000001 1.000000
vn 0.000000 0.000002 1.000000
vn 0.000000 0.000002 1.000000
vn 0.000000 0.000001 1.000000
vn 0.000000 0.000001 1.000000
vn 0.000000 0.000002 1.000000
vn -0.000001 0.000002 1.000000
vn 0.000000 0.000001 1.000000
vn 0.000000 0.000001 1.000000
vn 0.000000 0.000001 1.000000
vn -0.000001 0.000000 1.000000
vn -0.000001 0.000000 1.000000
vn 0.000000 0.000001 1.000000
vn 0.000000 0.000001 1.000000
vn 0.000001 0.000000 1.000000
vn 0.000001 0.000000 1.000000
vn -0.000001 0.000000 1.000000
vn -0.000001 0.000000 1.000000
vn 0.000001 0.000000 1.000000
vn 0.000000 0.000000 1.000000
vn 0.000001 0.000000 1.000000
vn 0.000001 0.000000 1.000000
vn 0.000000 0.000000 1.000000
vn 0.000000 0.000000 1.000000
vn 0.000000 -0.000001 1.000000
vn 0.000001 -0.000001 1.000000
vn 0.000000 -0.000001 1.000000
vn 0.000000 -0.000001 1.000000
vn -0.000001 -0.000001 1.000000
vn -0.000001 -0.000001 1.000000
vn 0.000000 0.000000 1.000000
vn 0.000000 0.000000 1.000000
vn 0.000000 -0.000001 1.000000
vn 0.000001 -0.000001 1.000000
vn 0.000000 0.000000 1.000000
vn 0.000001 0.000000 1.000000
vn 0.000000 -0.000001 1.000000
vn -0.000001 -0.000001 1.000000
vn -0.000001 -0.000001 1.000000
vn 0.000000 -0.000001 1.000000
vn 0.000000 0.998212 -0.059778
vn 0.302289 0.952496 -0.037046
vn 0.349065 0.936602 -0.030498
vn 0.000000 0.998212 -0.059778
vn -0.302289 0.952496 -0.037044
vn 0.000000 0.998212 -0.059778
vn 0.000000 0.998212 -0.059778
vn -0.349065 0.936602 -0.030496
vn 0.302289 0.952496 -0.037046
vn 0.788672 0.614415 0.022142
vn 0.803080 0.595393 0.023842
vn 0.349065 0.936602 -0.030498
vn -0.788672 0.614415 0.022143
vn -0.302289 0.952496 -0.037044
vn -0.349065 0.936602 -0.030496
vn -0.803080 0.595393 0.023843
vn 0.788672 0.614415 0.022142
vn 0.995078 -0.082314 0.055177
vn 0.995146 -0.081491 0.055170
vn 0.803080 0.595393 0.023842
vn -0.995078 -0.082315 0.055177
vn -0.788672 0.614415 0.022143
vn -0.803080 0.595393 0.023843
vn -0.995146 -0.081491 0.055171
vn 0.995078 -0.082314 0.055177
vn 0.672244 -0.740324 0.002820
vn 0.756576 -0.653655 0.018119
vn 0.995146 -0.081491 0.055170
vn -0.672244 -0.740325 0.002819
vn -0.995078 -0.082315 0.055177
vn -0.995146 -0.081491 0.055171
vn -0.756575 -0.653656 0.018119
vn 0.672244 -0.740324 0.002820
vn 0.276895 -0.960876 -0.006800
vn 0.303145 -0.952896 -0.009572
vn 0.756576 -0.653655 0.018119
vn -0.276895 -0.960876 -0.006801
vn -0.672244 -0.740325 0.002819
vn -0.756575 -0.653656 0.018119
vn -0.303145 -0.952896 -0.009573
vn 0.276895 -0.960876 -0.006800
vn 0.000000 -0.999924 0.012348
vn 0.000000 -0.999924 0.012348
vn 0.303145 -0.952896 -0.009572
vn 0.000000 -0.999924 0.012348
vn -0.276895 -0.960876 -0.006801
vn -0.303145 -0.952896 -0.009573
vn 0.000000 -0.999924 0.012348
vn 0.000000 -0.996021 0.089120
vn 0.326779 -0.939473 0.102984
vn 0.353026 -0.929755 0.104538
vn 0.000000 -0.996021 0.089120
vn -0.326779 -0.939473 0.102984
vn 0.000000 -0.996021 0.089120
vn 0.000000 -0.996021 0.089120
vn -0.353025 -0.929755 0.104539
vn 0.326779 -0.939473 0.102984
vn 0.804547 -0.568375 0.172204
vn 0.802455 -0.571486 0.171668
vn 0.353026 -0.929755 0.104538
vn -0.804547 -0.568375 0.172203
vn -0.326779 -0.939473 0.102984
vn -0.353025 -0.929755 0.104539
vn -0.802455 -0.571486 0.171668
vn -0.975750 0.047735 0.213619
vn -0.804547 -0.568375 0.172203
vn -0.802455 -0.571486 0.171668
vn -0.971164 0.109269 0.211896
vn 0.804547 -0.568375 0.172204
vn 0.975750 0.047735 0.213619
vn 0.971164 0.109270 0.211896
vn 0.802455 -0.571486 0.171668
vn -0.692828 0.701071 0.168786
vn -0.975750 0.047735 0.213619
vn -0.971164 0.109269 0.211896
vn -0.657544 0.735234 0.164518
vn 0.975750 0.047735 0.213619
vn 0.692828 0.701071 0.168787
vn 0.657545 0.735234 0.164518
vn 0.971164 0.109270 0.211896
vn 0.692828 0.701071 0.168787
vn 0.269485 0.949826 0.158773
vn 0.274118 0.948598 0.158184
vn 0.657545 0.735234 0.164518
vn -0.269485 0.949826 0.158773
vn -0.692828 0.701071 0.168786
vn -0.657544 0.735234 0.164518
vn -0.274117 0.948598 0.158184
vn 0.000000 0.984306 0.176469
vn -0.269485 0.949826 0.158773
vn -0.274117 0.948598 0.158184
vn 0.000000 0.984306 0.176470
vn 0.269485 0.949826 0.158773
vn 0.000000 0.984306 0.176469
vn 0.000000 0.984306 0.176470
vn 0.274118 0.948598 0.158184
vn 0.000000 -0.000002 -1.000000
vn -0.000001 -0.000002 -1.000000
vn -0.000001 -0.000002 -1.000000
vn 0.000000 -0.000002 -1.000000
vn 0.000001 -0.000002 -1.000000
vn 0.000000 -0.000002 -1.000000
vn 0.000000 -0.000002 -1.000000
vn 0.000001 -0.000002 -1.000000
vn -0.000001 -0.000002 -1.000000
vn -0.000001 -0.000001 -1.000000
vn -0.000001 -0.000001 -1.000000
vn -0.000001 -0.000002 -1.000000
vn 0.000001 -0.000001 -1.000000
vn 0.000001 -0.000002 -1.000000
vn 0.000001 -0.000002 -1.000000
vn 0.000001 -0.000001 -1.000000
vn -0.000001 -0.000001 -1.000000
vn -0.000001 -0.000001 -1.000000
vn -0.000001 0.000000 -1.000000
vn -0.000001 0.000000 -1.000000
vn 0.000001 -0.000001 -1.000000
vn 0.000001 -0.000001 -1.000000
vn 0.000001 0.000000 -1.000000
vn 0.000001 0.000000 -1.000000
vn -0.000001 0.000000 -1.000000
vn -0.000001 0.000000 -1.000000
vn -0.000001 0.000001 -1.000000
vn -0.000001 0.000001 -1.000000
vn 0.000001 0.000000 -1.000000
vn 0.000001 0.000000 -1.000000
vn 0.000001 0.000001 -1.000000
vn 0.000001 0.000001 -1.000000
vn 0.000001 0.000001 -1.000000
vn 0.000001 0.000002 -1.000000
vn 0.000001 0.000002 -1.000000
vn 0.000001 0.000001 -1.000000
vn -0.000001 0.000002 -1.000000
vn -0.000001 0.000001 -1.000000
vn -0.000001 0.000001 -1.000000
vn -0.000001 0.000002 -1.000000
vn 0.000000 0.000002 -1.000000
vn -0.000001 0.000002 -1.000000
vn -0.000001 0.000002 -1.000000
vn 0.000000 0.000002 -1.000000
vn 0.000001 0.000002 -1.000000
vn 0.000000 0.000002 -1.000000
vn 0.000000 0.000002 -1.000000
vn 0.000001 0.000002 -1.000000
vn 0.414595 0.166281 0.894685
vn 0.414595 0.166281 0.894685
vn 0.414595 0.166281 0.894685
vn 0.414595 0.166281 0.894685
vn 0.414597 0.166281 0.894684
vn 0.414595 0.166281 0.894685
vn 0.414595 0.166281 0.894685
vn 0.414597 0.166281 0.894684
vn 0.414596 0.166282 0.894685
vn 0.414595 0.166281 0.894685
vn 0.414595 0.166281 0.894685
vn 0.414596 0.166282 0.894685
vn 0.414597 0.166282 0.894684
vn 0.414597 0.166281 0.894684
vn 0.414597 0.166281 0.894684
vn 0.414596 0.166282 0.894684
vn 0.414596 0.166282 0.894685
vn 0.414596 0.166282 0.894685
vn 0.414598 0.166282 0.894684
vn 0.414597 0.166282 0.894684
vn 0.414597 0.166282 0.894684
vn 0.414596 0.166282 0.894684
vn 0.414596 0.166282 0.894685
vn 0.414596 0.166282 0.894685
vn 0.414597 0.166282 0.894684
vn 0.414598 0.166282 0.894684
vn 0.414597 0.166281 0.894684
vn 0.414597 0.166281 0.894684
vn 0.414596 0.166282 0.894685
vn 0.414596 0.166282 0.894685
vn 0.414597 0.166281 0.894684
vn 0.414597 0.166281 0.894684
vn 0.414596 0.166280 0.894685
vn 0.414597 0.166280 0.894685
vn 0.414597 0.166280 0.894685
vn 0.414596 0.166280 0.894685
vn 0.414596 0.166281 0.894685
vn 0.414596 0.166281 0.894685
vn 0.414597 0.166281 0.894684
vn 0.414597 0.166281 0.894684
vn 0.414597 0.166280 0.894685
vn 0.414597 0.166280 0.894685
vn 0.414597 0.166281 0.894684
vn 0.414597 0.166281 0.894684
vn 0.414596 0.166280 0.894685
vn 0.414596 0.166281 0.894685
vn 0.414596 0.166281 0.894685
vn 0.414596 0.166280 0.894685
vn -0.590745 0.803768 -0.070550
vn -0.293082 0.940103 -0.174097
vn -0.207728 0.958489 -0.195317
vn -0.578474 0.812130 -0.076238
vn -0.793117 0.603996 0.078456
vn -0.590745 0.803768 -0.070550
vn -0.578474 0.812130 -0.076238
vn -0.810654 0.577318 0.097696
vn -0.293082 0.940103 -0.174097
vn 0.353010 0.877424 -0.324825
vn 0.412062 0.847173 -0.335414
vn -0.207728 0.958489 -0.195317
vn -0.935503 0.130664 0.328270
vn -0.793117 0.603996 0.078456
vn -0.810654 0.577318 0.097696
vn -0.934831 0.087701 0.344091
vn 0.353010 0.877424 -0.324825
vn 0.858064 0.352095 -0.373840
vn 0.869396 0.324070 -0.373000
vn 0.412062 0.847173 -0.335414
vn -0.766130 -0.438712 0.469656
vn -0.935503 0.130664 0.328270
vn -0.934831 0.087701 0.344091
vn -0.747132 -0.467652 0.472330
vn 0.858064 0.352095 -0.373840
vn 0.913284 -0.274657 -0.300792
vn 0.927439 -0.201659 -0.314944
vn 0.869396 0.324070 -0.373000
vn -0.204829 -0.920038 0.334029
vn -0.766130 -0.438712 0.469656
vn -0.747132 -0.467652 0.472330
vn -0.299558 -0.876862 0.376003
vn 0.913284 -0.274657 -0.300792
vn 0.746804 -0.649270 -0.143987
vn 0.759508 -0.631356 -0.156643
vn 0.927439 -0.201659 -0.314944
vn 0.278365 -0.952010 0.127238
vn -0.204829 -0.920038 0.334029
vn -0.299558 -0.876862 0.376003
vn 0.270046 -0.953985 0.130337
vn 0.746804 -0.649270 -0.143987
vn 0.559212 -0.829023 0.001682
vn 0.557088 -0.830449 0.002908
vn 0.759508 -0.631356 -0.156643
vn 0.559212 -0.829023 0.001682
vn 0.278365 -0.952010 0.127238
vn 0.270046 -0.953985 0.130337
vn 0.557088 -0.830449 0.002908
vn 0.554604 -0.826976 0.092332
vn 0.805152 -0.592869 -0.015370
vn 0.820903 -0.570660 -0.021595
vn 0.555221 -0.826599 0.091994
vn 0.265823 -0.935233 0.233833
vn 0.554604 -0.826976 0.092332
vn 0.555221 -0.826599 0.091994
vn 0.217790 -0.942321 0.254163
vn 0.805152 -0.592869 -0.015370
vn 0.991822 -0.065324 -0.109642
vn 0.992104 -0.059968 -0.110156
vn 0.820903 -0.570660 -0.021595
vn -0.284613 -0.847818 0.447438
vn 0.265823 -0.935233 0.233833
vn 0.217790 -0.942321 0.254163
vn -0.363080 -0.803181 0.472307
vn -0.756211 -0.367184 0.541591
vn -0.284613 -0.847818 0.447438
vn -0.363080 -0.803181 0.472307
vn -0.795264 -0.279807 0.537831
vn 0.991822 -0.065324 -0.109642
vn 0.868211 0.466297 -0.169639
vn 0.818294 0.545847 -0.180125
vn 0.992104 -0.059968 -0.110156
vn -0.858673 0.303038 0.413338
vn -0.756211 -0.367184 0.541591
vn -0.795264 -0.279807 0.537831
vn -0.847993 0.354089 0.394372
vn 0.868211 0.466297 -0.169639
vn 0.315917 0.934620 -0.163345
vn 0.229747 0.962049 -0.147238
vn 0.818294 0.545847 -0.180125
vn 0.315917 0.934620 -0.163345
vn -0.208023 0.978078 0.009475
vn -0.206126 0.978490 0.008314
vn 0.229747 0.962049 -0.147238
vn -0.657751 0.710385 0.250433
vn -0.858673 0.303038 0.413338
vn -0.847993 0.354089 0.394372
vn -0.657212 0.710952 0.250239
vn -0.446816 0.881627 0.151954
vn -0.657751 0.710385 0.250433
vn -0.657212 0.710952 0.250239
vn -0.448198 0.880788 0.152746
vn -0.208023 0.978078 0.009475
vn -0.446816 0.881627 0.151954
vn -0.448198 0.880788 0.152746
vn -0.206126 0.978490 0.008314
vn -0.416475 -0.166228 -0.893822
vn -0.416473 -0.166229 -0.893822
vn -0.416473 -0.166229 -0.893822
vn -0.416475 -0.166228 -0.893822
vn -0.416474 -0.166229 -0.893822
vn -0.416475 -0.166228 -0.893822
vn -0.416475 -0.166228 -0.893822
vn -0.416475 -0.166229 -0.893821
vn -0.416473 -0.166229 -0.893822
vn -0.416474 -0.166230 -0.893822
vn -0.416474 -0.166230 -0.893822
vn -0.416473 -0.166229 -0.893822
vn -0.416472 -0.166228 -0.893823
vn -0.416474 -0.166229 -0.893822
vn -0.416475 -0.166229 -0.893821
vn -0.416472 -0.166229 -0.893823
vn -0.416474 -0.166230 -0.893822
vn -0.416474 -0.166230 -0.893822
vn -0.416476 -0.166229 -0.893821
vn -0.416476 -0.166229 -0.893821
vn -0.416472 -0.166228 -0.893823
vn -0.416472 -0.166229 -0.893823
vn -0.416472 -0.166228 -0.893823
vn -0.416472 -0.166228 -0.893823
vn -0.416476 -0.166229 -0.893821
vn -0.416476 -0.166229 -0.893821
vn -0.416476 -0.166228 -0.893821
vn -0.416475 -0.166228 -0.893821
vn -0.416472 -0.166228 -0.893823
vn -0.416472 -0.166228 -0.893823
vn -0.416473 -0.166227 -0.893823
vn -0.416473 -0.166228 -0.893823
vn -0.416473 -0.166227 -0.893823
vn -0.416474 -0.166227 -0.893822
vn -0.416474 -0.166227 -0.893822
vn -0.416473 -0.166228 -0.893823
vn -0.416474 -0.166227 -0.893822
vn -0.416475 -0.166228 -0.893821
vn -0.416476 -0.166228 -0.893821
vn -0.416474 -0.166227 -0.893822
vn -0.416474 -0.166227 -0.893822
vn -0.416474 -0.166227 -0.893822
vn -0.416474 -0.166227 -0.893822
vn -0.416474 -0.166227 -0.893822
vn -0.416474 -0.166227 -0.893822
vn -0.416474 -0.166227 -0.893822
vn -0.416474 -0.166227 -0.893822
vn -0.416474 -0.166227 -0.893822
vn 0.998289 0.058468 0.000000
vn 0.983821 0.064596 -0.167104
vn 0.872010 0.467504 -0.145049
vn 0.894316 0.447435 0.000000
vn 0.872010 0.467504 -0.145049
vn 0.983821 0.064596 -0.167104
vn 0.927471 0.067246 -0.367797
vn 0.831215 0.448340 -0.328745
vn 0.831215 0.448340 -0.328745
vn 0.927471 0.067246 -0.367797
vn 0.864082 0.060081 -0.499753
vn 0.684711 0.422130 -0.594119
vn 0.983821 0.064596 -0.167104
vn 0.998289 0.058468 0.000000
vn 0.999996 -0.002695 0.000000
vn 0.986280 -0.002710 -0.165059
vn 0.927471 0.067246 -0.367797
vn 0.983821 0.064596 -0.167104
vn 0.986280 -0.002710 -0.165059
vn 0.928405 0.000058 -0.371569
vn 0.864082 0.060081 -0.499753
vn 0.927471 0.067246 -0.367797
vn 0.928405 0.000058 -0.371569
vn 0.866750 0.002662 -0.498735
vn 0.986280 -0.002710 -0.165059
vn 0.999996 -0.002695 0.000000
vn 0.999552 -0.029921 0.000000
vn 0.985163 -0.035288 -0.167956
vn 0.928405 0.000058 -0.371569
vn 0.986280 -0.002710 -0.165059
vn 0.985163 -0.035288 -0.167956
vn 0.930480 -0.038128 -0.364354
vn 0.866750 0.002662 -0.498735
vn 0.928405 0.000058 -0.371569
vn 0.930480 -0.038128 -0.364354
vn 0.876269 -0.035472 -0.480515
vn 0.985163 -0.035288 -0.167956
vn 0.999552 -0.029921 0.000000
vn 0.998547 -0.053888 0.000000
vn 0.983654 -0.063507 -0.168500
vn 0.930480 -0.038128 -0.364354
vn 0.985163 -0.035288 -0.167956
vn 0.983654 -0.063507 -0.168500
vn 0.936418 -0.068158 -0.344204
vn 0.876269 -0.035472 -0.480515
vn 0.930480 -0.038128 -0.364354
vn 0.936418 -0.068158 -0.344204
vn 0.882989 -0.060133 -0.465527
vn -0.089758 -0.995573 0.027876
vn -0.071305 -0.997455 0.000000
vn -0.071305 -0.997455 0.000000
vn -0.086290 -0.996008 0.022839
vn -0.054399 -0.998506 0.005151
vn -0.089758 -0.995573 0.027876
vn -0.086290 -0.996008 0.022839
vn -0.074430 -0.996956 0.023196
vn -0.431030 -0.778658 -0.455965
vn -0.054399 -0.998506 0.005151
vn -0.074430 -0.996956 0.023196
vn -0.247660 -0.928821 -0.275602
vn 0.831215 0.448340 -0.328745
vn 0.684711 0.422130 -0.594119
vn -0.335453 0.869014 -0.363712
vn 0.053120 0.997540 -0.045740
vn 0.872010 0.467504 -0.145049
vn 0.831215 0.448340 -0.328745
vn 0.053120 0.997540 -0.045740
vn 0.121938 0.992163 -0.027258
vn 0.894316 0.447435 0.000000
vn 0.872010 0.467504 -0.145049
vn 0.121938 0.992163 -0.027258
vn 0.148592 0.988899 0.000000
vn -0.963054 -0.010247 0.269113
vn -0.954492 -0.031348 0.296585
vn -0.953786 -0.031869 0.298793
vn -0.964077 -0.023501 0.264580
vn -0.985759 0.017564 0.167246
vn -0.963054 -0.010247 0.269113
vn -0.964077 -0.023501 0.264580
vn -0.986502 -0.005166 0.163668
vn -0.999608 0.027991 0.000000
vn -0.985759 0.017564 0.167246
vn -0.986502 -0.005166 0.163668
vn -0.999981 0.006243 0.000000
vn -0.964077 -0.023501 0.264580
vn -0.953786 -0.031869 0.298793
vn -0.949287 -0.022903 0.313576
vn -0.963756 -0.031564 0.264911
vn -0.986502 -0.005166 0.163668
vn -0.964077 -0.023501 0.264580
vn -0.963756 -0.031564 0.264911
vn -0.988366 -0.030014 0.149102
vn -0.999981 0.006243 0.000000
vn -0.986502 -0.005166 0.163668
vn -0.988366 -0.030014 0.149102
vn -0.999789 -0.020547 0.000000
vn -0.963756 -0.031564 0.264911
vn -0.949287 -0.022903 0.313576
vn -0.944647 -0.006526 0.328024
vn -0.961858 -0.012950 0.273241
vn -0.988366 -0.030014 0.149102
vn -0.963756 -0.031564 0.264911
vn -0.961858 -0.012950 0.273241
vn -0.989614 -0.022082 0.142042
vn -0.999789 -0.020547 0.000000
vn -0.988366 -0.030014 0.149102
vn -0.989614 -0.022082 0.142042
vn -0.999699 -0.024543 0.000000
vn -0.961858 -0.012950 0.273241
vn -0.944647 -0.006526 0.328024
vn -0.944129 0.000614 0.329575
vn -0.962898 0.001015 0.269862
vn -0.989614 -0.022082 0.142042
vn -0.961858 -0.012950 0.273241
vn -0.962898 0.001015 0.269862
vn -0.989969 -0.011150 0.140841
vn -0.999699 -0.024543 0.000000
vn -0.989614 -0.022082 0.142042
vn -0.989969 -0.011150 0.140841
vn -0.999742 -0.022707 0.000000
vn -0.247660 -0.928821 -0.275602
vn -0.731700 -0.063964 -0.678619
vn -0.750331 -0.039796 -0.659864
vn -0.431030 -0.778658 -0.455965
vn -0.788077 -0.018094 -0.615311
vn -0.750331 -0.039796 -0.659864
vn -0.731700 -0.063964 -0.678619
vn -0.783159 -0.014569 -0.621650
vn -0.750539 0.055488 -0.658493
vn -0.788077 -0.018094 -0.615311
vn -0.783159 -0.014569 -0.621650
vn -0.748244 0.059105 -0.660786
vn 0.684711 0.422130 -0.594119
vn -0.750539 0.055488 -0.658493
vn -0.748244 0.059105 -0.660786
vn -0.335453 0.869014 -0.363712
vn 0.998289 0.058468 0.000000
vn 0.894316 0.447435 0.000000
vn 0.872010 0.467504 0.145049
vn 0.983821 0.064596 0.167104
vn 0.872010 0.467504 0.145049
vn 0.831215 0.448340 0.328745
vn 0.927472 0.067246 0.367797
vn 0.983821 0.064596 0.167104
vn 0.831215 0.448340 0.328745
vn 0.684711 0.422130 0.594119
vn 0.864082 0.060081 0.499753
vn 0.927472 0.067246 0.367797
vn 0.983821 0.064596 0.167104
vn 0.986280 -0.002709 0.165059
vn 0.999996 -0.002695 0.000000
vn 0.998289 0.058468 0.000000
vn 0.927472 0.067246 0.367797
vn 0.928405 0.000058 0.371569
vn 0.986280 -0.002709 0.165059
vn 0.983821 0.064596 0.167104
vn 0.864082 0.060081 0.499753
vn 0.866750 0.002662 0.498735
vn 0.928405 0.000058 0.371569
vn 0.927472 0.067246 0.367797
vn 0.986280 -0.002709 0.165059
vn 0.985163 -0.035288 0.167956
vn 0.999552 -0.029921 0.000000
vn 0.999996 -0.002695 0.000000
vn 0.928405 0.000058 0.371569
vn 0.930480 -0.038128 0.364354
vn 0.985163 -0.035288 0.167956
vn 0.986280 -0.002709 0.165059
vn 0.866750 0.002662 0.498735
vn 0.876269 -0.035472 0.480515
vn 0.930480 -0.038128 0.364354
vn 0.928405 0.000058 0.371569
vn 0.985163 -0.035288 0.167956
vn 0.983654 -0.063507 0.168500
vn 0.998547 -0.053888 0.000000
vn 0.999552 -0.029921 0.000000
vn 0.930480 -0.038128 0.364354
vn 0.936418 -0.068158 0.344204
vn 0.983654 -0.063507 0.168500
vn 0.985163 -0.035288 0.167956
vn 0.876269 -0.035472 0.480515
vn 0.882988 -0.060133 0.465527
vn 0.936418 -0.068158 0.344204
vn 0.930480 -0.038128 0.364354
vn -0.089758 -0.995573 -0.027876
vn -0.086290 -0.996008 -0.022839
vn -0.071305 -0.997455 0.000000
vn -0.071305 -0.997455 0.000000
vn -0.054399 -0.998506 -0.005151
vn -0.074430 -0.996956 -0.023196
vn -0.086290 -0.996008 -0.022839
vn -0.089758 -0.995573 -0.027876
vn -0.431029 -0.778659 0.455965
vn -0.247660 -0.928821 0.275602
vn -0.074430 -0.996956 -0.023196
vn -0.054399 -0.998506 -0.005151
vn 0.831215 0.448340 0.328745
vn 0.053120 0.997540 0.045739
vn -0.335453 0.869014 0.363711
vn 0.684711 0.422130 0.594119
vn 0.872010 0.467504 0.145049
vn 0.121938 0.992163 0.027258
vn 0.053120 0.997540 0.045739
vn 0.831215 0.448340 0.328745
vn 0.894316 0.447435 0.000000
vn 0.148592 0.988899 0.000000
vn 0.121938 0.992163 0.027258
vn 0.872010 0.467504 0.145049
vn -0.963054 -0.010247 -0.269113
vn -0.964077 -0.023501 -0.264580
vn -0.953786 -0.031870 -0.298793
vn -0.954492 -0.031348 -0.296585
vn 0.121938 0.992163 0.027258
vn -0.986502 -0.005166 -0.163668
vn -0.964077 -0.023501 -0.264580
vn 0.053120 0.997540 0.045739
vn -0.999608 0.027991 0.000000
vn -0.999981 0.006243 0.000000
vn -0.986502 -0.005166 -0.163668
vn -0.985759 0.017564 -0.167246
vn -0.964077 -0.023501 -0.264580
vn -0.963756 -0.031564 -0.264911
vn -0.949287 -0.022903 -0.313576
vn -0.953786 -0.031870 -0.298793
vn -0.986502 -0.005166 -0.163668
vn -0.988366 -0.030014 -0.149102
vn -0.963756 -0.031564 -0.264911
vn -0.964077 -0.023501 -0.264580
vn -0.999981 0.006243 0.000000
vn -0.999789 -0.020547 0.000000
vn -0.988366 -0.030014 -0.149102
vn -0.986502 -0.005166 -0.163668
vn -0.963756 -0.031564 -0.264911
vn -0.961858 -0.012950 -0.273241
vn -0.944647 -0.006526 -0.328024
vn -0.949287 -0.022903 -0.313576
vn -0.988366 -0.030014 -0.149102
vn -0.989614 -0.022082 -0.142042
vn -0.961858 -0.012950 -0.273241
vn -0.963756 -0.031564 -0.264911
vn -0.999789 -0.020547 0.000000
vn -0.999699 -0.024543 0.000000
vn -0.989614 -0.022082 -0.142042
vn -0.988366 -0.030014 -0.149102
vn -0.961858 -0.012950 -0.273241
vn -0.962898 0.001015 -0.269862
vn -0.944129 0.000614 -0.329575
vn -0.944647 -0.006526 -0.328024
vn -0.989614 -0.022082 -0.142042
vn -0.989969 -0.011150 -0.140841
vn -0.962898 0.001015 -0.269862
vn -0.961858 -0.012950 -0.273241
vn -0.999699 -0.024543 0.000000
vn -0.999742 -0.022707 0.000000
vn -0.989969 -0.011150 -0.140841
vn -0.989614 -0.022082 -0.142042
vn -0.247660 -0.928821 0.275602
vn -0.431029 -0.778659 0.455965
vn -0.750330 -0.039796 0.659864
vn -0.731699 -0.063964 0.678620
vn -0.788077 -0.018094 0.615311
vn -0.783159 -0.014569 0.621650
vn -0.731699 -0.063964 0.678620
vn -0.750330 -0.039796 0.659864
vn -0.750539 0.055488 0.658492
vn -0.748244 0.059105 0.660786
vn -0.783159 -0.014569 0.621650
vn -0.788077 -0.018094 0.615311
vn 0.684711 0.422130 0.594119
vn -0.335453 0.869014 0.363711
vn -0.748244 0.059105 0.660786
vn -0.750539 0.055488 0.658492
vn -0.998289 0.058468 0.000000
vn -0.894316 0.447435 0.000000
vn -0.872010 0.467504 -0.145049
vn -0.983821 0.064596 -0.167103
vn -0.872010 0.467504 -0.145049
vn -0.831214 0.448340 -0.328746
vn -0.927472 0.067246 -0.367797
vn -0.983821 0.064596 -0.167103
vn -0.831214 0.448340 -0.328746
vn -0.684711 0.422131 -0.594119
vn -0.864082 0.060082 -0.499753
vn -0.927472 0.067246 -0.367797
vn -0.983821 0.064596 -0.167103
vn -0.986280 -0.002710 -0.165059
vn -0.999996 -0.002695 0.000000
vn -0.998289 0.058468 0.000000
vn -0.927472 0.067246 -0.367797
vn -0.928405 0.000058 -0.371569
vn -0.986280 -0.002710 -0.165059
vn -0.983821 0.064596 -0.167103
vn -0.864082 0.060082 -0.499753
vn -0.866750 0.002661 -0.498735
vn -0.928405 0.000058 -0.371569
vn -0.927472 0.067246 -0.367797
vn -0.986280 -0.002710 -0.165059
vn -0.985163 -0.035288 -0.167956
vn -0.999552 -0.029921 0.000000
vn -0.999996 -0.002695 0.000000
vn -0.928405 0.000058 -0.371569
vn -0.930480 -0.038128 -0.364354
vn -0.985163 -0.035288 -0.167956
vn -0.986280 -0.002710 -0.165059
vn -0.866750 0.002661 -0.498735
vn -0.876268 -0.035472 -0.480516
vn -0.930480 -0.038128 -0.364354
vn -0.928405 0.000058 -0.371569
vn -0.985163 -0.035288 -0.167956
vn -0.983654 -0.063507 -0.168500
vn -0.998547 -0.053888 0.000000
vn -0.999552 -0.029921 0.000000
vn -0.930480 -0.038128 -0.364354
vn -0.936418 -0.068157 -0.344204
vn -0.983654 -0.063507 -0.168500
vn -0.985163 -0.035288 -0.167956
vn -0.876268 -0.035472 -0.480516
vn -0.882989 -0.060132 -0.465527
vn -0.936418 -0.068157 -0.344204
vn -0.930480 -0.038128 -0.364354
vn 0.089758 -0.995573 0.027876
vn 0.086289 -0.996008 0.022839
vn 0.071305 -0.997455 0.000000
vn 0.071305 -0.997455 0.000000
vn 0.054399 -0.998506 0.005151
vn 0.074430 -0.996956 0.023195
vn 0.086289 -0.996008 0.022839
vn 0.089758 -0.995573 0.027876
vn 0.431031 -0.778658 -0.455964
vn 0.247660 -0.928821 -0.275601
vn 0.074430 -0.996956 0.023195
vn 0.054399 -0.998506 0.005151
vn -0.831214 0.448340 -0.328746
vn 0.877365 0.420084 0.231861
vn 0.944736 0.307549 0.113520
vn -0.684711 0.422131 -0.594119
vn -0.872010 0.467504 -0.145049
vn 0.854998 0.498852 0.141866
vn 0.877365 0.420084 0.231861
vn -0.831214 0.448340 -0.328746
vn -0.894316 0.447435 0.000000
vn 0.875266 0.483643 0.000000
vn 0.854998 0.498852 0.141866
vn -0.872010 0.467504 -0.145049
vn 0.877365 0.420084 0.231861
vn 0.964077 -0.023501 0.264580
vn 0.953786 -0.031870 0.298793
vn 0.944736 0.307549 0.113520
vn 0.854998 0.498852 0.141866
vn 0.986502 -0.005166 0.163669
vn 0.964077 -0.023501 0.264580
vn 0.877365 0.420084 0.231861
vn 0.875266 0.483643 0.000000
vn 0.999981 0.006243 0.000000
vn 0.986502 -0.005166 0.163669
vn 0.854998 0.498852 0.141866
vn 0.964077 -0.023501 0.264580
vn 0.963756 -0.031564 0.264911
vn 0.949287 -0.022903 0.313576
vn 0.953786 -0.031870 0.298793
vn 0.986502 -0.005166 0.163669
vn 0.988366 -0.030015 0.149102
vn 0.963756 -0.031564 0.264911
vn 0.964077 -0.023501 0.264580
vn 0.999981 0.006243 0.000000
vn 0.999789 -0.020547 0.000000
vn 0.988366 -0.030015 0.149102
vn 0.986502 -0.005166 0.163669
vn 0.963756 -0.031564 0.264911
vn 0.961858 -0.012950 0.273242
vn 0.944647 -0.006526 0.328024
vn 0.949287 -0.022903 0.313576
vn 0.988366 -0.030015 0.149102
vn 0.989614 -0.022082 0.142042
vn 0.961858 -0.012950 0.273242
vn 0.963756 -0.031564 0.264911
vn 0.999789 -0.020547 0.000000
vn 0.999699 -0.024543 0.000000
vn 0.989614 -0.022082 0.142042
vn 0.988366 -0.030015 0.149102
vn 0.961858 -0.012950 0.273242
vn 0.962898 0.001016 0.269862
vn 0.944129 0.000614 0.329575
vn 0.944647 -0.006526 0.328024
vn 0.989614 -0.022082 0.142042
vn 0.989969 -0.011149 0.140842
vn 0.962898 0.001016 0.269862
vn 0.961858 -0.012950 0.273242
vn 0.999699 -0.024543 0.000000
vn 0.999742 -0.022706 0.000000
vn 0.989969 -0.011149 0.140842
vn 0.989614 -0.022082 0.142042
vn 0.247660 -0.928821 -0.275601
vn 0.431031 -0.778658 -0.455964
vn 0.750331 -0.039796 -0.659863
vn 0.731700 -0.063964 -0.678619
vn 0.788077 -0.018094 -0.615311
vn 0.783160 -0.014570 -0.621650
vn 0.731700 -0.063964 -0.678619
vn 0.750331 -0.039796 -0.659863
vn 0.750539 0.055488 -0.658492
vn 0.748244 0.059105 -0.660786
vn 0.783160 -0.014570 -0.621650
vn 0.788077 -0.018094 -0.615311
vn -0.684711 0.422131 -0.594119
vn 0.944736 0.307549 0.113520
vn 0.748244 0.059105 -0.660786
vn 0.750539 0.055488 -0.658492
vn -0.998289 0.058468 0.000000
vn -0.983821 0.064596 0.167103
vn -0.872010 0.467504 0.145049
vn -0.894316 0.447435 0.000000
vn -0.872010 0.467504 0.145049
vn -0.983821 0.064596 0.167103
vn -0.927472 0.067246 0.367797
vn -0.831214 0.448340 0.328746
vn -0.831214 0.448340 0.328746
vn -0.927472 0.067246 0.367797
vn -0.864082 0.060082 0.499753
vn -0.684710 0.422131 0.594119
vn -0.983821 0.064596 0.167103
vn -0.998289 0.058468 0.000000
vn -0.999996 -0.002695 0.000000
vn -0.986280 -0.002710 0.165059
vn -0.927472 0.067246 0.367797
vn -0.983821 0.064596 0.167103
vn -0.986280 -0.002710 0.165059
vn -0.928405 0.000058 0.371569
vn -0.864082 0.060082 0.499753
vn -0.927472 0.067246 0.367797
vn -0.928405 0.000058 0.371569
vn -0.866750 0.002661 0.498735
vn -0.986280 -0.002710 0.165059
vn -0.999996 -0.002695 0.000000
vn -0.999552 -0.029921 0.000000
vn -0.985163 -0.035288 0.167956
vn -0.928405 0.000058 0.371569
vn -0.986280 -0.002710 0.165059
vn -0.985163 -0.035288 0.167956
vn -0.930480 -0.038128 0.364354
vn -0.866750 0.002661 0.498735
vn -0.928405 0.000058 0.371569
vn -0.930480 -0.038128 0.364354
vn -0.876268 -0.035472 0.480516
vn -0.985163 -0.035288 0.167956
vn -0.999552 -0.029921 0.000000
vn -0.998547 -0.053888 0.000000
vn -0.983654 -0.063507 0.168500
vn -0.930480 -0.038128 0.364354
vn -0.985163 -0.035288 0.167956
vn -0.983654 -0.063507 0.168500
vn -0.936418 -0.068157 0.344204
vn -0.876268 -0.035472 0.480516
vn -0.930480 -0.038128 0.364354
vn -0.936418 -0.068157 0.344204
vn -0.882988 -0.060132 0.465527
vn 0.089758 -0.995573 -0.027876
vn 0.071305 -0.997455 0.000000
vn 0.071305 -0.997455 0.000000
vn 0.086289 -0.996008 -0.022839
vn 0.054399 -0.998506 -0.005151
vn 0.089758 -0.995573 -0.027876
vn 0.086289 -0.996008 -0.022839
vn 0.074430 -0.996956 -0.023196
vn 0.431030 -0.778659 0.455965
vn 0.054399 -0.998506 -0.005151
vn 0.074430 -0.996956 -0.023196
vn 0.247659 -0.928821 0.275601
vn -0.831214 0.448340 0.328746
vn -0.684710 0.422131 0.594119
vn 0.944736 0.307549 -0.113520
vn 0.877365 0.420084 -0.231861
vn -0.872010 0.467504 0.145049
vn -0.831214 0.448340 0.328746
vn 0.877365 0.420084 -0.231861
vn 0.854998 0.498851 -0.141866
vn -0.894316 0.447435 0.000000
vn -0.872010 0.467504 0.145049
vn 0.854998 0.498851 -0.141866
vn 0.875266 0.483643 0.000000
vn 0.877365 0.420084 -0.231861
vn 0.944736 0.307549 -0.113520
vn 0.953786 -0.031869 -0.298793
vn 0.964077 -0.023501 -0.264580
vn 0.854998 0.498851 -0.141866
vn 0.877365 0.420084 -0.231861
vn 0.964077 -0.023501 -0.264580
vn 0.986502 -0.005166 -0.163669
vn 0.875266 0.483643 0.000000
vn 0.854998 0.498851 -0.141866
vn 0.986502 -0.005166 -0.163669
vn 0.999981 0.006243 0.000000
vn 0.964077 -0.023501 -0.264580
vn 0.953786 -0.031869 -0.298793
vn 0.949287 -0.022903 -0.313576
vn 0.963756 -0.031564 -0.264911
vn 0.986502 -0.005166 -0.163669
vn 0.964077 -0.023501 -0.264580
vn 0.963756 -0.031564 -0.264911
vn 0.988366 -0.030015 -0.149102
vn 0.999981 0.006243 0.000000
vn 0.986502 -0.005166 -0.163669
vn 0.988366 -0.030015 -0.149102
vn 0.999789 -0.020547 0.000000
vn 0.963756 -0.031564 -0.264911
vn 0.949287 -0.022903 -0.313576
vn 0.944647 -0.006527 -0.328024
vn 0.961858 -0.012950 -0.273242
vn 0.988366 -0.030015 -0.149102
vn 0.963756 -0.031564 -0.264911
vn 0.961858 -0.012950 -0.273242
vn 0.989614 -0.022082 -0.142042
vn 0.999789 -0.020547 0.000000
vn 0.988366 -0.030015 -0.149102
vn 0.989614 -0.022082 -0.142042
vn 0.999699 -0.024543 0.000000
vn 0.961858 -0.012950 -0.273242
vn 0.944647 -0.006527 -0.328024
vn 0.944129 0.000614 -0.329575
vn 0.962898 0.001016 -0.269862
vn 0.989614 -0.022082 -0.142042
vn 0.961858 -0.012950 -0.273242
vn 0.962898 0.001016 -0.269862
vn 0.989969 -0.011149 -0.140842
vn 0.999699 -0.024543 0.000000
vn 0.989614 -0.022082 -0.142042
vn 0.989969 -0.011149 -0.140842
vn 0.999742 -0.022706 0.000000
vn 0.247659 -0.928821 0.275601
vn 0.731700 -0.063964 0.678619
vn 0.750331 -0.039796 0.659863
vn 0.431030 -0.778659 0.455965
vn 0.788077 -0.018094 0.615310
vn 0.750331 -0.039796 0.659863
vn 0.731700 -0.063964 0.678619
vn 0.783160 -0.014570 0.621650
vn 0.750539 0.055488 0.658492
vn 0.788077 -0.018094 0.615310
vn 0.783160 -0.014570 0.621650
vn 0.748244 0.059105 0.660786
vn -0.684710 0.422131 0.594119
vn 0.750539 0.055488 0.658492
vn 0.748244 0.059105 0.660786
vn 0.944736 0.307549 -0.113520
vn 0.000000 0.057170 0.998365
vn 0.218548 0.062372 0.973831
vn 0.194050 0.449892 0.871746
vn 0.000000 0.434609 0.900619
vn 0.194050 0.449892 0.871746
vn 0.218548 0.062372 0.973831
vn 0.463736 0.062734 0.883750
vn 0.421730 0.426423 0.800192
vn 0.421730 0.426423 0.800192
vn 0.463736 0.062734 0.883750
vn 0.608204 0.055080 0.791867
vn 0.691416 0.405731 0.597768
vn 0.218548 0.062372 0.973831
vn 0.000000 0.057170 0.998365
vn 0.000000 -0.002636 0.999997
vn 0.216784 -0.002623 0.976216
vn 0.463736 0.062734 0.883750
vn 0.218548 0.062372 0.973831
vn 0.216784 -0.002623 0.976216
vn 0.469404 0.000083 0.882983
vn 0.608204 0.055080 0.791867
vn 0.463736 0.062734 0.883750
vn 0.469404 0.000083 0.882983
vn 0.607193 0.002306 0.794551
vn 0.216784 -0.002623 0.976216
vn 0.000000 -0.002636 0.999997
vn 0.000000 -0.029246 0.999572
vn 0.220237 -0.034072 0.974851
vn 0.469404 0.000083 0.882983
vn 0.216784 -0.002623 0.976216
vn 0.220237 -0.034072 0.974851
vn 0.459642 -0.035609 0.887390
vn 0.607193 0.002306 0.794551
vn 0.469404 0.000083 0.882983
vn 0.459642 -0.035609 0.887390
vn 0.588131 -0.032427 0.808115
vn 0.220237 -0.034072 0.974851
vn 0.000000 -0.029246 0.999572
vn 0.000000 -0.052722 0.998609
vn 0.222701 -0.061573 0.972941
vn 0.459642 -0.035609 0.887390
vn 0.220237 -0.034072 0.974851
vn 0.222701 -0.061573 0.972941
vn 0.440162 -0.063712 0.895655
vn 0.588131 -0.032427 0.808115
vn 0.459642 -0.035609 0.887390
vn 0.440162 -0.063712 0.895655
vn 0.572742 -0.054492 0.817922
vn -0.034821 -0.995320 -0.090147
vn 0.000000 -0.997341 -0.072876
vn 0.000000 -0.997341 -0.072876
vn -0.033570 -0.995421 -0.089499
vn -0.016404 -0.997849 -0.063467
vn -0.034821 -0.995320 -0.090147
vn -0.033570 -0.995421 -0.089499
vn -0.024114 -0.997262 -0.069907
vn 0.523470 -0.767789 -0.369431
vn -0.016404 -0.997849 -0.063467
vn -0.024114 -0.997262 -0.069907
vn 0.391276 -0.880589 -0.267330
vn 0.421730 0.426423 0.800192
vn 0.691416 0.405731 0.597768
vn 0.504254 0.789164 -0.350641
vn 0.061962 0.996982 0.046765
vn 0.194050 0.449892 0.871746
vn 0.421730 0.426423 0.800192
vn 0.061962 0.996982 0.046765
vn 0.038481 0.991642 0.123144
vn 0.000000 0.434609 0.900619
vn 0.194050 0.449892 0.871746
vn 0.038481 0.991642 0.123144
vn 0.000000 0.988409 0.151813
vn -0.347429 -0.009459 -0.937659
vn -0.381321 -0.029687 -0.923966
vn -0.383956 -0.030162 -0.922859
vn -0.342442 -0.022508 -0.939269
vn -0.220003 0.016983 -0.975351
vn -0.347429 -0.009459 -0.937659
vn -0.342442 -0.022508 -0.939269
vn -0.215123 -0.004978 -0.976574
vn 0.000000 0.027385 -0.999625
vn -0.220003 0.016983 -0.975351
vn -0.215123 -0.004978 -0.976574
vn 0.000000 0.006218 -0.999981
vn -0.342442 -0.022508 -0.939269
vn -0.383956 -0.030162 -0.922859
vn -0.401930 -0.021463 -0.915419
vn -0.342732 -0.030133 -0.938950
vn -0.215123 -0.004978 -0.976574
vn -0.342442 -0.022508 -0.939269
vn -0.342732 -0.030133 -0.938950
vn -0.196297 -0.029114 -0.980112
vn 0.000000 0.006218 -0.999981
vn -0.215123 -0.004978 -0.976574
vn -0.196297 -0.029114 -0.980112
vn 0.000000 -0.020084 -0.999798
vn -0.342732 -0.030133 -0.938950
vn -0.401930 -0.021463 -0.915419
vn -0.418843 -0.005982 -0.908039
vn -0.352344 -0.012290 -0.935790
vn -0.196297 -0.029114 -0.980112
vn -0.342732 -0.030133 -0.938950
vn -0.352344 -0.012290 -0.935790
vn -0.187031 -0.021546 -0.982118
vn 0.000000 -0.020084 -0.999798
vn -0.196297 -0.029114 -0.980112
vn -0.187031 -0.021546 -0.982118
vn 0.000000 -0.024016 -0.999712
vn -0.352344 -0.012290 -0.935790
vn -0.418843 -0.005982 -0.908039
vn -0.420629 0.000577 -0.907233
vn -0.350153 0.000960 -0.936692
vn -0.187031 -0.021546 -0.982118
vn -0.352344 -0.012290 -0.935790
vn -0.350153 0.000960 -0.936692
vn -0.185979 -0.010788 -0.982495
vn 0.000000 -0.024016 -0.999712
vn -0.187031 -0.021546 -0.982118
vn -0.185979 -0.010788 -0.982495
vn 0.000000 -0.022215 -0.999753
vn 0.391276 -0.880589 -0.267330
vn 0.776250 -0.055103 -0.628013
vn 0.758509 -0.032877 -0.650833
vn 0.523470 -0.767789 -0.369431
vn 0.719295 -0.015831 -0.694525
vn 0.758509 -0.032877 -0.650833
vn 0.776250 -0.055103 -0.628013
vn 0.725963 -0.012263 -0.687624
vn 0.759708 0.049592 -0.648371
vn 0.719295 -0.015831 -0.694525
vn 0.725963 -0.012263 -0.687624
vn 0.759111 0.048683 -0.649138
vn 0.691416 0.405731 0.597768
vn 0.759708 0.049592 -0.648371
vn 0.759111 0.048683 -0.649138
vn 0.504254 0.789164 -0.350641
vn 0.000000 0.057170 0.998365
vn 0.000000 0.434609 0.900619
vn -0.194049 0.449892 0.871747
vn -0.218548 0.062372 0.973831
vn -0.194049 0.449892 0.871747
vn -0.421730 0.426423 0.800192
vn -0.463736 0.062734 0.883750
vn -0.218548 0.062372 0.973831
vn -0.421730 0.426423 0.800192
vn -0.691416 0.405731 0.597768
vn -0.608204 0.055079 0.791867
vn -0.463736 0.062734 0.883750
vn -0.218548 0.062372 0.973831
vn -0.216784 -0.002623 0.976216
vn 0.000000 -0.002636 0.999997
vn 0.000000 0.057170 0.998365
vn -0.463736 0.062734 0.883750
vn -0.469404 0.000084 0.882983
vn -0.216784 -0.002623 0.976216
vn -0.218548 0.062372 0.973831
vn -0.608204 0.055079 0.791867
vn -0.607193 0.002306 0.794551
vn -0.469404 0.000084 0.882983
vn -0.463736 0.062734 0.883750
vn -0.216784 -0.002623 0.976216
vn -0.220237 -0.034072 0.974851
vn 0.000000 -0.029246 0.999572
vn 0.000000 -0.002636 0.999997
vn -0.469404 0.000084 0.882983
vn -0.459642 -0.035609 0.887390
vn -0.220237 -0.034072 0.974851
vn -0.216784 -0.002623 0.976216
vn -0.607193 0.002306 0.794551
vn -0.588131 -0.032427 0.808115
vn -0.459642 -0.035609 0.887390
vn -0.469404 0.000084 0.882983
vn -0.220237 -0.034072 0.974851
vn -0.222701 -0.061573 0.972941
vn 0.000000 -0.052722 0.998609
vn 0.000000 -0.029246 0.999572
vn -0.459642 -0.035609 0.887390
vn -0.440162 -0.063712 0.895655
vn -0.222701 -0.061573 0.972941
vn -0.220237 -0.034072 0.974851
vn -0.588131 -0.032427 0.808115
vn -0.572742 -0.054492 0.817922
vn -0.440162 -0.063712 0.895655
vn -0.459642 -0.035609 0.887390
vn 0.034821 -0.995320 -0.090147
vn 0.033570 -0.995421 -0.089500
vn 0.000000 -0.997341 -0.072876
vn 0.000000 -0.997341 -0.072876
vn 0.016404 -0.997849 -0.063467
vn 0.024114 -0.997262 -0.069907
vn 0.033570 -0.995421 -0.089500
vn 0.034821 -0.995320 -0.090147
vn -0.523470 -0.767789 -0.369431
vn -0.391276 -0.880590 -0.267330
vn 0.024114 -0.997262 -0.069907
vn 0.016404 -0.997849 -0.063467
vn -0.421730 0.426423 0.800192
vn -0.061962 0.996982 0.046764
vn -0.504254 0.789164 -0.350641
vn -0.691416 0.405731 0.597768
vn -0.194049 0.449892 0.871747
vn -0.038481 0.991643 0.123144
vn -0.061962 0.996982 0.046764
vn -0.421730 0.426423 0.800192
vn 0.000000 0.434609 0.900619
vn 0.000000 0.988409 0.151813
vn -0.038481 0.991643 0.123144
vn -0.194049 0.449892 0.871747
vn 0.347429 -0.009459 -0.937659
vn 0.342442 -0.022508 -0.939269
vn 0.383956 -0.030162 -0.922859
vn 0.381321 -0.029687 -0.923966
vn 0.220003 0.016983 -0.975351
vn 0.215123 -0.004978 -0.976574
vn 0.342442 -0.022508 -0.939269
vn 0.347429 -0.009459 -0.937659
vn 0.000000 0.027385 -0.999625
vn 0.000000 0.006218 -0.999981
vn 0.215123 -0.004978 -0.976574
vn 0.220003 0.016983 -0.975351
vn 0.342442 -0.022508 -0.939269
vn 0.342732 -0.030133 -0.938950
vn 0.401930 -0.021463 -0.915419
vn 0.383956 -0.030162 -0.922859
vn 0.215123 -0.004978 -0.976574
vn 0.196297 -0.029114 -0.980112
vn 0.342732 -0.030133 -0.938950
vn 0.342442 -0.022508 -0.939269
vn 0.000000 0.006218 -0.999981
vn 0.000000 -0.020084 -0.999798
vn 0.196297 -0.029114 -0.980112
vn 0.215123 -0.004978 -0.976574
vn 0.342732 -0.030133 -0.938950
vn 0.352344 -0.012290 -0.935790
vn 0.418843 -0.005982 -0.908039
vn 0.401930 -0.021463 -0.915419
vn 0.196297 -0.029114 -0.980112
vn 0.187031 -0.021545 -0.982118
vn 0.352344 -0.012290 -0.935790
vn 0.342732 -0.030133 -0.938950
vn 0.000000 -0.020084 -0.999798
vn 0.000000 -0.024016 -0.999712
vn 0.187031 -0.021545 -0.982118
vn 0.196297 -0.029114 -0.980112
vn 0.352344 -0.012290 -0.935790
vn 0.350153 0.000960 -0.936692
vn 0.420629 0.000577 -0.907233
vn 0.418843 -0.005982 -0.908039
vn 0.187031 -0.021545 -0.982118
vn 0.185979 -0.010788 -0.982495
vn 0.350153 0.000960 -0.936692
vn 0.352344 -0.012290 -0.935790
vn 0.000000 -0.024016 -0.999712
vn 0.000000 -0.022215 -0.999753
vn 0.185979 -0.010788 -0.982495
vn 0.187031 -0.021545 -0.982118
vn -0.391276 -0.880590 -0.267330
vn -0.523470 -0.767789 -0.369431
vn -0.758509 -0.032877 -0.650833
vn -0.776250 -0.055103 -0.628013
vn -0.719295 -0.015831 -0.694525
vn -0.725963 -0.012263 -0.687624
vn -0.776250 -0.055103 -0.628013
vn -0.758509 -0.032877 -0.650833
vn -0.759708 0.049592 -0.648371
vn -0.759111 0.048683 -0.649138
vn -0.725963 -0.012263 -0.687624
vn -0.719295 -0.015831 -0.694525
vn -0.691416 0.405731 0.597768
vn -0.504254 0.789164 -0.350641
vn -0.759111 0.048683 -0.649138
vn -0.759708 0.049592 -0.648371
s off
g Goblin_low GoblinClothes_low
usemtl lambert3SG
f 735/908/2935 736/909/2936 737/910/2937 738/911/2938
f 735/908/2939 739/912/2940 740/913/2941 736/909/2942
f 738/911/2943 737/910/2944 741/914/2945 742/915/2946
f 740/913/2947 739/912/2948 743/916/2949 744/917/2950
f 742/915/2951 741/914/2952 745/918/2953 746/919/2954
f 744/917/2955 743/916/2956 747/920/2957 748/921/2958
f 746/919/2959 745/918/2960 749/922/2961 750/923/2962
f 748/921/2963 747/920/2964 751/924/2965 752/925/2966
f 750/923/2967 749/922/2968 753/926/2969 754/927/2970
f 752/925/2971 751/924/2972 755/928/2973 756/929/2974
f 754/927/2975 753/926/2976 757/930/2977 758/931/2978
f 756/929/2979 755/928/2980 759/932/2981 760/933/2982
f 758/931/2983 757/930/2984 761/934/2985 762/935/2986
f 760/933/2987 759/932/2988 763/936/2989 764/937/2990
f 762/935/2991 761/934/2992 765/938/2993 766/939/2994
f 764/937/2995 763/936/2996 766/940/2997 765/941/2998
f 735/908/2999 738/911/3000 767/942/3001 768/943/3002
f 739/912/3003 735/908/3004 768/943/3005 769/944/3006
f 738/911/3007 742/915/3008 770/945/3009 767/942/3010
f 743/916/3011 739/912/3012 769/944/3013 771/946/3014
f 742/915/3015 746/919/3016 772/947/3017 770/945/3018
f 747/920/3019 743/916/3020 771/946/3021 773/948/3022
f 746/919/3023 750/923/3024 774/949/3025 772/947/3026
f 751/924/3027 747/920/3028 773/948/3029 775/950/3030
f 750/923/3031 754/927/3032 776/951/3033 774/949/3034
f 755/928/3035 751/924/3036 775/950/3037 777/952/3038
f 754/927/3039 758/931/3040 778/953/3041 776/951/3042
f 759/932/3043 755/928/3044 777/952/3045 779/954/3046
f 758/931/3047 762/935/3048 780/955/3049 778/953/3050
f 763/936/3051 759/932/3052 779/954/3053 781/956/3054
f 762/935/3055 766/939/3056 782/957/3057 780/955/3058
f 766/940/3059 763/936/3060 781/956/3061 782/958/3062
f 737/959/3063 736/960/3064 783/961/3065 784/962/3066
f 736/960/3067 740/963/3068 785/964/3069 783/961/3070
f 741/965/3071 737/959/3072 784/962/3073 786/966/3074
f 740/963/3075 744/967/3076 787/968/3077 785/964/3078
f 745/969/3079 741/965/3080 786/966/3081 788/970/3082
f 744/967/3083 748/971/3084 789/972/3085 787/968/3086
f 749/973/3087 745/969/3088 788/970/3089 790/974/3090
f 748/971/3091 752/975/3092 791/976/3093 789/972/3094
f 753/977/3095 749/973/3096 790/974/3097 792/978/3098
f 752/975/3099 756/979/3100 793/980/3101 791/976/3102
f 757/981/3103 753/977/3104 792/978/3105 794/982/3106
f 756/979/3107 760/983/3108 795/984/3109 793/980/3110
f 761/985/3111 757/981/3112 794/982/3113 796/986/3114
f 760/983/3115 764/987/3116 797/988/3117 795/984/3118
f 765/989/3119 761/985/3120 796/986/3121 798/990/3122
f 764/987/3123 765/991/3124 798/992/3125 797/988/3126
f 780/955/3127 782/957/3128 798/990/3129 796/986/3130
f 782/958/3131 781/956/3132 797/988/3133 798/992/3134
f 778/953/3135 780/955/3136 796/986/3137 794/982/3138
f 781/956/3139 779/954/3140 795/984/3141 797/988/3142
f 776/951/3143 778/953/3144 794/982/3145 792/978/3146
f 779/954/3147 777/952/3148 793/980/3149 795/984/3150
f 774/949/3151 776/951/3152 792/978/3153 790/974/3154
f 777/952/3155 775/950/3156 791/976/3157 793/980/3158
f 772/947/3159 774/949/3160 790/974/3161 788/970/3162
f 775/950/3163 773/948/3164 789/972/3165 791/976/3166
f 770/945/3167 772/947/3168 788/970/3169 786/966/3170
f 773/948/3171 771/946/3172 787/968/3173 789/972/3174
f 767/942/3175 770/945/3176 786/966/3177 784/962/3178
f 771/946/3179 769/944/3180 785/964/3181 787/968/3182
f 768/943/3183 767/942/3184 784/962/3185 783/961/3186
f 769/944/3187 768/943/3188 783/961/3189 785/964/3190
f 799/993/3191 800/994/3192 801/995/3193 802/996/3194
f 799/993/3195 803/997/3196 804/998/3197 800/994/3198
f 802/996/3199 801/995/3200 805/999/3201 806/1000/3202
f 804/998/3203 803/997/3204 807/1001/3205 808/1002/3206
f 806/1000/3207 805/999/3208 809/1003/3209 810/1004/3210
f 808/1002/3211 807/1001/3212 811/1005/3213 812/1006/3214
f 810/1004/3215 809/1003/3216 813/1007/3217 814/1008/3218
f 812/1006/3219 811/1005/3220 815/1009/3221 816/1010/3222
f 814/1011/3223 813/1012/3224 817/1013/3225 818/1014/3226
f 816/1010/3227 815/1009/3228 819/1015/3229 820/1016/3230
f 818/1014/3231 817/1013/3232 821/1017/3233 822/1018/3234
f 820/1016/3235 819/1015/3236 823/1019/3237 824/1020/3238
f 822/1018/3239 821/1017/3240 825/1021/3241 826/1022/3242
f 824/1020/3243 823/1019/3244 827/1023/3245 828/1024/3246
f 826/1022/3247 825/1021/3248 829/1025/3249 830/1026/3250
f 828/1024/3251 827/1023/3252 830/1026/3253 829/1025/3254
f 799/993/3255 802/996/3256 831/1027/3257 832/1028/3258
f 803/997/3259 799/993/3260 832/1028/3261 833/1029/3262
f 802/996/3263 806/1000/3264 834/1030/3265 831/1027/3266
f 807/1001/3267 803/997/3268 833/1029/3269 835/1031/3270
f 806/1000/3271 810/1004/3272 836/1032/3273 834/1030/3274
f 811/1005/3275 807/1001/3276 835/1031/3277 837/1033/3278
f 810/1004/3279 814/1008/3280 838/1034/3281 836/1032/3282
f 815/1009/3283 811/1005/3284 837/1033/3285 839/1035/3286
f 814/1011/3287 818/1014/3288 840/1036/3289 838/1037/3290
f 819/1015/3291 815/1009/3292 839/1035/3293 841/1038/3294
f 818/1014/3295 822/1018/3296 842/1039/3297 840/1036/3298
f 823/1019/3299 819/1015/3300 841/1038/3301 843/1040/3302
f 822/1018/3303 826/1022/3304 844/1041/3305 842/1039/3306
f 827/1023/3307 823/1019/3308 843/1040/3309 845/1042/3310
f 826/1022/3311 830/1026/3312 846/1043/3313 844/1041/3314
f 830/1026/3315 827/1023/3316 845/1042/3317 846/1043/3318
f 801/995/3319 800/994/3320 847/1044/3321 848/1045/3322
f 800/994/3323 804/998/3324 849/1046/3325 847/1044/3326
f 805/999/3327 801/995/3328 848/1045/3329 850/1047/3330
f 804/998/3331 808/1002/3332 851/1048/3333 849/1046/3334
f 809/1003/3335 805/999/3336 850/1047/3337 852/1049/3338
f 808/1002/3339 812/1006/3340 853/1050/3341 851/1048/3342
f 813/1007/3343 809/1003/3344 852/1049/3345 854/1051/3346
f 812/1006/3347 816/1010/3348 855/1052/3349 853/1050/3350
f 817/1013/3351 813/1012/3352 854/1053/3353 856/1054/3354
f 816/1010/3355 820/1016/3356 857/1055/3357 855/1052/3358
f 821/1017/3359 817/1013/3360 856/1054/3361 858/1056/3362
f 820/1016/3363 824/1020/3364 859/1057/3365 857/1055/3366
f 825/1021/3367 821/1017/3368 858/1056/3369 860/1058/3370
f 824/1020/3371 828/1024/3372 861/1059/3373 859/1057/3374
f 829/1025/3375 825/1021/3376 860/1058/3377 862/1060/3378
f 828/1024/3379 829/1025/3380 862/1060/3381 861/1059/3382
f 844/1061/3383 846/1062/3384 862/1060/3385 860/1058/3386
f 846/1062/3387 845/1063/3388 861/1059/3389 862/1060/3390
f 842/1064/3391 844/1061/3392 860/1058/3393 858/1056/3394
f 845/1063/3395 843/1065/3396 859/1057/3397 861/1059/3398
f 840/1066/3399 842/1064/3400 858/1056/3401 856/1054/3402
f 843/1065/3403 841/1067/3404 857/1055/3405 859/1057/3406
f 838/1068/3407 840/1066/3408 856/1054/3409 854/1053/3410
f 841/1067/3411 839/1069/3412 855/1052/3413 857/1055/3414
f 836/1070/3415 838/1071/3416 854/1051/3417 852/1049/3418
f 839/1069/3419 837/1072/3420 853/1050/3421 855/1052/3422
f 834/1073/3423 836/1070/3424 852/1049/3425 850/1047/3426
f 837/1072/3427 835/1074/3428 851/1048/3429 853/1050/3430
f 831/1075/3431 834/1073/3432 850/1047/3433 848/1045/3434
f 835/1074/3435 833/1076/3436 849/1046/3437 851/1048/3438
f 832/1077/3439 831/1075/3440 848/1045/3441 847/1044/3442
f 833/1076/3443 832/1077/3444 847/1044/3445 849/1046/3446
f 866/1078/3447 863/1079/3448 864/1080/3449 865/1081/3450
f 868/1082/3451 864/1080/3452 863/1079/3453 867/1083/3454
f 870/1084/3455 866/1078/3456 865/1081/3457 869/1085/3458
f 872/1086/3459 868/1082/3460 867/1083/3461 871/1087/3462
f 870/1084/3463 869/1085/3464 873/1088/3465 874/1089/3466
f 872/1086/3467 871/1087/3468 875/1090/3469 876/1091/3470
f 874/1089/3471 873/1088/3472 877/1092/3473 878/1093/3474
f 876/1091/3475 875/1090/3476 879/1094/3477 880/1095/3478
f 882/1096/3479 883/1097/3480 884/1098/3481 881/1099/3482
f 885/1100/3483 886/1101/3484 880/1095/3485 879/1094/3486
f 884/1098/3487 883/1097/3488 878/1093/3489 877/1092/3490
f 881/1099/3491 886/1101/3492 885/1100/3493 882/1096/3494
f 863/1079/3495 866/1078/3496 887/1102/3497 888/1103/3498
f 867/1083/3499 863/1079/3500 888/1103/3501 889/1104/3502
f 866/1078/3503 870/1084/3504 890/1105/3505 887/1102/3506
f 871/1087/3507 867/1083/3508 889/1104/3509 891/1106/3510
f 870/1084/3511 874/1089/3512 892/1107/3513 890/1105/3514
f 875/1090/3515 871/1087/3516 891/1106/3517 893/1108/3518
f 874/1089/3519 878/1093/3520 894/1109/3521 892/1107/3522
f 879/1094/3523 875/1090/3524 893/1108/3525 895/1110/3526
f 878/1093/3527 883/1097/3528 896/1111/3529 894/1109/3530
f 885/1100/3531 879/1094/3532 895/1110/3533 897/1112/3534
f 883/1097/3535 882/1096/3536 898/1113/3537 896/1111/3538
f 882/1096/3539 885/1100/3540 897/1112/3541 898/1113/3542
f 864/1080/3543 868/1082/3544 899/1114/3545 900/1115/3546
f 865/1081/3547 864/1080/3548 900/1115/3549 901/1116/3550
f 868/1082/3551 872/1086/3552 902/1117/3553 899/1114/3554
f 869/1085/3555 865/1081/3556 901/1116/3557 903/1118/3558
f 873/1088/3559 869/1085/3560 903/1118/3561 904/1119/3562
f 872/1086/3563 876/1091/3564 905/1120/3565 902/1117/3566
f 877/1092/3567 873/1088/3568 904/1119/3569 906/1121/3570
f 876/1091/3571 880/1095/3572 907/1122/3573 905/1120/3574
f 880/1095/3575 886/1101/3576 908/1123/3577 907/1122/3578
f 884/1098/3579 877/1092/3580 906/1121/3581 909/1124/3582
f 881/1099/3583 884/1098/3584 909/1124/3585 910/1125/3586
f 886/1101/3587 881/1099/3588 910/1125/3589 908/1123/3590
f 888/1126/3591 887/1127/3592 901/1128/3593 900/1129/3594
f 889/1130/3595 888/1126/3596 900/1129/3597 899/1131/3598
f 887/1127/3599 890/1132/3600 903/1133/3601 901/1128/3602
f 891/1134/3603 889/1130/3604 899/1131/3605 902/1135/3606
f 903/1133/3607 890/1132/3608 892/1136/3609 904/1137/3610
f 891/1134/3611 902/1135/3612 905/1138/3613 893/1139/3614
f 904/1137/3615 892/1136/3616 894/1140/3617 906/1141/3618
f 893/1139/3619 905/1138/3620 907/1142/3621 895/1143/3622
f 907/1142/3623 908/1144/3624 897/1145/3625 895/1143/3626
f 909/1146/3627 906/1141/3628 894/1140/3629 896/1147/3630
f 910/1148/3631 909/1146/3632 896/1147/3633 898/1149/3634
f 908/1144/3635 910/1148/3636 898/1149/3637 897/1145/3638
f 914/1150/3639 911/1151/3640 912/1152/3641 913/1153/3642
f 916/1154/3643 912/1152/3644 911/1151/3645 915/1155/3646
f 918/1156/3647 914/1150/3648 913/1153/3649 917/1157/3650
f 920/1158/3651 916/1154/3652 915/1155/3653 919/1159/3654
f 918/1156/3655 917/1157/3656 921/1160/3657 922/1161/3658
f 920/1158/3659 919/1159/3660 923/1162/3661 924/1163/3662
f 922/1161/3663 921/1160/3664 925/1164/3665 926/1165/3666
f 924/1163/3667 923/1162/3668 927/1166/3669 928/1167/3670
f 930/1168/3671 931/1169/3672 932/1170/3673 929/1171/3674
f 933/1172/3675 934/1173/3676 928/1167/3677 927/1166/3678
f 932/1170/3679 931/1169/3680 926/1165/3681 925/1164/3682
f 929/1171/3683 934/1173/3684 933/1172/3685 930/1168/3686
f 911/1151/3687 914/1150/3688 935/1174/3689 936/1175/3690
f 915/1155/3691 911/1151/3692 936/1175/3693 937/1176/3694
f 914/1150/3695 918/1156/3696 938/1177/3697 935/1174/3698
f 919/1159/3699 915/1155/3700 937/1176/3701 939/1178/3702
f 918/1156/3703 922/1161/3704 940/1179/3705 938/1177/3706
f 923/1162/3707 919/1159/3708 939/1178/3709 941/1180/3710
f 922/1161/3711 926/1165/3712 942/1181/3713 940/1179/3714
f 927/1166/3715 923/1162/3716 941/1180/3717 943/1182/3718
f 926/1165/3719 931/1169/3720 944/1183/3721 942/1181/3722
f 933/1172/3723 927/1166/3724 943/1182/3725 945/1184/3726
f 931/1169/3727 930/1168/3728 946/1185/3729 944/1183/3730
f 930/1168/3731 933/1172/3732 945/1184/3733 946/1185/3734
f 912/1152/3735 916/1154/3736 947/1186/3737 948/1187/3738
f 913/1153/3739 912/1152/3740 948/1187/3741 949/1188/3742
f 916/1154/3743 920/1158/3744 950/1189/3745 947/1186/3746
f 917/1157/3747 913/1153/3748 949/1188/3749 951/1190/3750
f 921/1160/3751 917/1157/3752 951/1190/3753 952/1191/3754
f 920/1158/3755 924/1163/3756 953/1192/3757 950/1189/3758
f 925/1164/3759 921/1160/3760 952/1191/3761 954/1193/3762
f 924/1163/3763 928/1167/3764 955/1194/3765 953/1192/3766
f 928/1167/3767 934/1173/3768 956/1195/3769 955/1194/3770
f 932/1170/3771 925/1164/3772 954/1193/3773 957/1196/3774
f 929/1171/3775 932/1170/3776 957/1196/3777 958/1197/3778
f 934/1173/3779 929/1171/3780 958/1197/3781 956/1195/3782
f 936/1198/3783 935/1199/3784 949/1200/3785 948/1201/3786
f 937/1202/3787 936/1198/3788 948/1201/3789 947/1203/3790
f 935/1199/3791 938/1204/3792 951/1205/3793 949/1200/3794
f 939/1206/3795 937/1202/3796 947/1203/3797 950/1207/3798
f 951/1205/3799 938/1204/3800 940/1208/3801 952/1209/3802
f 939/1206/3803 950/1207/3804 953/1210/3805 941/1211/3806
f 952/1209/3807 940/1208/3808 942/1212/3809 954/1213/3810
f 941/1211/3811 953/1210/3812 955/1214/3813 943/1215/3814
f 955/1214/3815 956/1216/3816 945/1217/3817 943/1215/3818
f 957/1218/3819 954/1213/3820 942/1212/3821 944/1219/3822
f 958/1220/3823 957/1218/3824 944/1219/3825 946/1221/3826
f 956/1216/3827 958/1220/3828 946/1221/3829 945/1217/3830
f 959/1222/3831 961/1223/3832 962/1224/3833 960/1225/3834
f 962/1224/3835 961/1223/3836 963/1226/3837 964/1227/3838
f 964/1227/3839 963/1226/3840 965/1228/3841 966/1229/3842
f 961/1223/3843 959/1222/3844 967/1230/3845 968/1231/3846
f 963/1226/3847 961/1223/3848 968/1231/3849 969/1232/3850
f 965/1228/3851 963/1226/3852 969/1232/3853 970/1233/3854
f 968/1231/3855 967/1230/3856 971/1234/3857 972/1235/3858
f 969/1232/3859 968/1231/3860 972/1235/3861 973/1236/3862
f 970/1233/3863 969/1232/3864 973/1236/3865 974/1237/3866
f 972/1235/3867 971/1234/3868 975/1238/3869 976/1239/3870
f 973/1236/3871 972/1235/3872 976/1239/3873 977/1240/3874
f 974/1237/3875 973/1236/3876 977/1240/3877 978/1241/3878
f 976/1239/3879 975/1238/3880 979/1242/3881 980/1243/3882
f 977/1240/3883 976/1239/3884 980/1243/3885 981/1244/3886
f 978/1241/3887 977/1240/3888 981/1244/3889 982/1245/3890
f 964/1227/3891 966/1229/3892 984/1246/3893 983/1247/3894
f 962/1224/3895 964/1227/3896 983/1247/3897 985/1248/3898
f 960/1225/3899 962/1224/3900 985/1248/3901 986/1249/3902
f 983/1247/3903 984/1246/3904 988/1250/3905 987/1251/3906
f 985/1248/3907 983/1247/3908 987/1251/3909 989/1252/3910
f 986/1249/3911 985/1248/3912 989/1252/3913 990/1253/3914
f 987/1251/3915 988/1250/3916 992/1254/3917 991/1255/3918
f 989/1252/3919 987/1251/3920 991/1255/3921 993/1256/3922
f 990/1253/3923 989/1252/3924 993/1256/3925 994/1257/3926
f 991/1255/3927 992/1254/3928 996/1258/3929 995/1259/3930
f 993/1256/3931 991/1255/3932 995/1259/3933 997/1260/3934
f 994/1257/3935 993/1256/3936 997/1260/3937 998/1261/3938
f 995/1259/3939 996/1258/3940 982/1262/3941 981/1263/3942
f 997/1260/3943 995/1259/3944 981/1263/3945 980/1264/3946
f 998/1261/3947 997/1260/3948 980/1264/3949 979/1265/3950
f 982/1245/3951 996/1266/3952 974/1237/3953 978/1241/3954
f 970/1233/3955 974/1237/3956 996/1266/3957 992/1267/3958
f 965/1228/3959 970/1233/3960 992/1267/3961 988/1268/3962
f 966/1229/3963 965/1228/3964 988/1268/3965 984/1246/3966
f 959/1222/3967 960/1225/3968 1000/1269/3969 999/1270/3970
f 1000/1269/3971 1002/1271/3972 1001/1272/3973 999/1270/3974
f 1002/1271/3975 1004/1273/3976 1003/1274/3977 1001/1272/3978
f 999/1270/3979 1005/1275/3980 967/1230/3981 959/1222/3982
f 1001/1272/3983 1006/1276/3984 1005/1275/3985 999/1270/3986
f 1003/1274/3987 1007/1277/3988 1006/1276/3989 1001/1272/3990
f 1005/1275/3991 1008/1278/3992 971/1234/3993 967/1230/3994
f 1006/1276/3995 1009/1279/3996 1008/1278/3997 1005/1275/3998
f 1007/1277/3999 1010/1280/4000 1009/1279/4001 1006/1276/4002
f 1008/1278/4003 1011/1281/4004 975/1238/4005 971/1234/4006
f 1009/1279/4007 1012/1282/4008 1011/1281/4009 1008/1278/4010
f 1010/1280/4011 1013/1283/4012 1012/1282/4013 1009/1279/4014
f 1011/1281/4015 1014/1284/4016 979/1242/4017 975/1238/4018
f 1012/1282/4019 1015/1285/4020 1014/1284/4021 1011/1281/4022
f 1013/1283/4023 1016/1286/4024 1015/1285/4025 1012/1282/4026
f 1002/1271/4027 1017/1287/4028 1018/1288/4029 1004/1273/4030
f 1000/1269/4031 1019/1289/4032 1017/1287/4033 1002/1271/4034
f 960/1225/4035 986/1249/4036 1019/1289/4037 1000/1269/4038
f 1017/1287/4039 1020/1290/4040 1021/1291/4041 1018/1288/4042
f 1019/1289/4043 1022/1292/4044 1020/1290/4045 1017/1287/4046
f 986/1249/4047 990/1253/4048 1022/1292/4049 1019/1289/4050
f 1020/1290/4051 1023/1293/4052 1024/1294/4053 1021/1291/4054
f 1022/1292/4055 1025/1295/4056 1023/1293/4057 1020/1290/4058
f 990/1253/4059 994/1257/4060 1025/1295/4061 1022/1292/4062
f 1023/1293/4063 1026/1296/4064 1027/1297/4065 1024/1294/4066
f 1025/1295/4067 1028/1298/4068 1026/1296/4069 1023/1293/4070
f 994/1257/4071 998/1261/4072 1028/1298/4073 1025/1295/4074
f 1026/1296/4075 1015/1299/4076 1016/1300/4077 1027/1297/4078
f 1028/1298/4079 1014/1301/4080 1015/1299/4081 1026/1296/4082
f 998/1261/4083 979/1265/4084 1014/1301/4085 1028/1298/4086
f 1016/1286/4087 1013/1283/4088 1010/1280/4089 1027/1302/4090
f 1007/1277/4091 1024/1303/4092 1027/1302/4093 1010/1280/4094
f 1003/1274/4095 1021/1304/4096 1024/1303/4097 1007/1277/4098
f 1004/1273/4099 1018/1288/4100 1021/1304/4101 1003/1274/4102
f 1029/1305/4103 1030/1306/4104 1032/1307/4105 1031/1308/4106
f 1032/1307/4107 1034/1309/4108 1033/1310/4109 1031/1308/4110
f 1034/1309/4111 1036/1311/4112 1035/1312/4113 1033/1310/4114
f 1031/1308/4115 1038/1313/4116 1037/1314/4117 1029/1305/4118
f 1033/1310/4119 1039/1315/4120 1038/1313/4121 1031/1308/4122
f 1035/1312/4123 1040/1316/4124 1039/1315/4125 1033/1310/4126
f 1038/1313/4127 1042/1317/4128 1041/1318/4129 1037/1314/4130
f 1039/1315/4131 1043/1319/4132 1042/1317/4133 1038/1313/4134
f 1040/1316/4135 1044/1320/4136 1043/1319/4137 1039/1315/4138
f 1042/1317/4139 1046/1321/4140 1045/1322/4141 1041/1318/4142
f 1043/1319/4143 1047/1323/4144 1046/1321/4145 1042/1317/4146
f 1044/1320/4147 1048/1324/4148 1047/1323/4149 1043/1319/4150
f 1046/1321/4151 1050/1325/4152 1049/1326/4153 1045/1322/4154
f 1047/1323/4155 1051/1327/4156 1050/1325/4157 1046/1321/4158
f 1048/1324/4159 1052/1328/4160 1051/1327/4161 1047/1323/4162
f 1034/1309/4163 1053/1329/4164 1054/1330/4165 1036/1311/4166
f 1032/1307/4167 1055/1331/4168 1053/1329/4169 1034/1309/4170
f 1030/1306/4171 1056/1332/4172 1055/1331/4173 1032/1307/4174
f 1053/1329/4175 1057/1333/4176 1058/1334/4177 1054/1330/4178
f 1055/1331/4179 1059/1335/4180 1057/1333/4181 1053/1329/4182
f 1056/1332/4183 1060/1336/4184 1059/1335/4185 1055/1331/4186
f 1057/1333/4187 1061/1337/4188 1062/1338/4189 1058/1334/4190
f 1059/1335/4191 1063/1339/4192 1061/1337/4193 1057/1333/4194
f 1060/1336/4195 1064/1340/4196 1063/1339/4197 1059/1335/4198
f 1061/1337/4199 1065/1341/4200 1066/1342/4201 1062/1338/4202
f 1063/1339/4203 1067/1343/4204 1065/1341/4205 1061/1337/4206
f 1064/1340/4207 1068/1344/4208 1067/1343/4209 1063/1339/4210
f 1065/1341/4211 1051/1345/4212 1052/1346/4213 1066/1342/4214
f 1067/1343/4215 1050/1347/4216 1051/1345/4217 1065/1341/4218
f 1068/1344/4219 1049/1348/4220 1050/1347/4221 1067/1343/4222
f 1052/1328/4223 1048/1324/4224 1044/1320/4225 1066/1349/4226
f 1040/1316/4227 1062/1350/4228 1066/1349/4229 1044/1320/4230
f 1035/1312/4231 1058/1351/4232 1062/1350/4233 1040/1316/4234
f 1036/1311/4235 1054/1330/4236 1058/1351/4237 1035/1312/4238
f 1029/1305/4239 1069/1352/4240 1070/1353/4241 1030/1306/4242
f 1070/1353/4243 1069/1352/4244 1071/1354/4245 1072/1355/4246
f 1072/1355/4247 1071/1354/4248 1073/1356/4249 1074/1357/4250
f 1069/1352/4251 1029/1305/4252 1037/1314/4253 1075/1358/4254
f 1071/1354/4255 1069/1352/4256 1075/1358/4257 1076/1359/4258
f 1073/1356/4259 1071/1354/4260 1076/1359/4261 1077/1360/4262
f 1075/1358/4263 1037/1314/4264 1041/1318/4265 1078/1361/4266
f 1076/1359/4267 1075/1358/4268 1078/1361/4269 1079/1362/4270
f 1077/1360/4271 1076/1359/4272 1079/1362/4273 1080/1363/4274
f 1078/1361/4275 1041/1318/4276 1045/1322/4277 1081/1364/4278
f 1079/1362/4279 1078/1361/4280 1081/1364/4281 1082/1365/4282
f 1080/1363/4283 1079/1362/4284 1082/1365/4285 1083/1366/4286
f 1081/1364/4287 1045/1322/4288 1049/1326/4289 1084/1367/4290
f 1082/1365/4291 1081/1364/4292 1084/1367/4293 1085/1368/4294
f 1083/1366/4295 1082/1365/4296 1085/1368/4297 1086/1369/4298
f 1072/1355/4299 1074/1357/4300 1088/1370/4301 1087/1371/4302
f 1070/1353/4303 1072/1355/4304 1087/1371/4305 1089/1372/4306
f 1030/1306/4307 1070/1353/4308 1089/1372/4309 1056/1332/4310
f 1087/1371/4311 1088/1370/4312 1091/1373/4313 1090/1374/4314
f 1089/1372/4315 1087/1371/4316 1090/1374/4317 1092/1375/4318
f 1056/1332/4319 1089/1372/4320 1092/1375/4321 1060/1336/4322
f 1090/1374/4323 1091/1373/4324 1094/1376/4325 1093/1377/4326
f 1092/1375/4327 1090/1374/4328 1093/1377/4329 1095/1378/4330
f 1060/1336/4331 1092/1375/4332 1095/1378/4333 1064/1340/4334
f 1093/1377/4335 1094/1376/4336 1097/1379/4337 1096/1380/4338
f 1095/1378/4339 1093/1377/4340 1096/1380/4341 1098/1381/4342
f 1064/1340/4343 1095/1378/4344 1098/1381/4345 1068/1344/4346
f 1096/1380/4347 1097/1379/4348 1086/1382/4349 1085/1383/4350
f 1098/1381/4351 1096/1380/4352 1085/1383/4353 1084/1384/4354
f 1068/1344/4355 1098/1381/4356 1084/1384/4357 1049/1348/4358
f 1086/1369/4359 1097/1385/4360 1080/1363/4361 1083/1366/4362
f 1077/1360/4363 1080/1363/4364 1097/1385/4365 1094/1386/4366
f 1073/1356/4367 1077/1360/4368 1094/1386/4369 1091/1387/4370
f 1074/1357/4371 1073/1356/4372 1091/1387/4373 1088/1370/4374
f 1099/1388/4375 1101/1389/4376 1102/1390/4377 1100/1391/4378
f 1102/1390/4379 1101/1389/4380 1103/1392/4381 1104/1393/4382
f 1104/1393/4383 1103/1392/4384 1105/1394/4385 1106/1395/4386
f 1101/1389/4387 1099/1388/4388 1107/1396/4389 1108/1397/4390
f 1103/1392/4391 1101/1389/4392 1108/1397/4393 1109/1398/4394
f 1105/1394/4395 1103/1392/4396 1109/1398/4397 1110/1399/4398
f 1108/1397/4399 1107/1396/4400 1111/1400/4401 1112/1401/4402
f 1109/1398/4403 1108/1397/4404 1112/1401/4405 1113/1402/4406
f 1110/1399/4407 1109/1398/4408 1113/1402/4409 1114/1403/4410
f 1112/1401/4411 1111/1400/4412 1115/1404/4413 1116/1405/4414
f 1113/1402/4415 1112/1401/4416 1116/1405/4417 1117/1406/4418
f 1114/1403/4419 1113/1402/4420 1117/1406/4421 1118/1407/4422
f 1116/1405/4423 1115/1404/4424 1119/1408/4425 1120/1409/4426
f 1117/1406/4427 1116/1405/4428 1120/1409/4429 1121/1410/4430
f 1118/1407/4431 1117/1406/4432 1121/1410/4433 1122/1411/4434
f 1104/1393/4435 1106/1395/4436 1124/1412/4437 1123/1413/4438
f 1102/1390/4439 1104/1393/4440 1123/1413/4441 1125/1414/4442
f 1100/1391/4443 1102/1390/4444 1125/1414/4445 1126/1415/4446
f 1123/1413/4447 1124/1412/4448 1128/1416/4449 1127/1417/4450
f 1125/1414/4451 1123/1413/4452 1127/1417/4453 1129/1418/4454
f 1126/1415/4455 1125/1414/4456 1129/1418/4457 1130/1419/4458
f 1127/1417/4459 1128/1416/4460 1132/1420/4461 1131/1421/4462
f 1129/1418/4463 1127/1417/4464 1131/1421/4465 1133/1422/4466
f 1130/1419/4467 1129/1418/4468 1133/1422/4469 1134/1423/4470
f 1131/1421/4471 1132/1420/4472 1136/1424/4473 1135/1425/4474
f 1133/1422/4475 1131/1421/4476 1135/1425/4477 1137/1426/4478
f 1134/1423/4479 1133/1422/4480 1137/1426/4481 1138/1427/4482
f 1135/1425/4483 1136/1424/4484 1122/1428/4485 1121/1429/4486
f 1137/1426/4487 1135/1425/4488 1121/1429/4489 1120/1430/4490
f 1138/1427/4491 1137/1426/4492 1120/1430/4493 1119/1431/4494
f 1122/1411/4495 1136/1432/4496 1114/1403/4497 1118/1407/4498
f 1110/1399/4499 1114/1403/4500 1136/1432/4501 1132/1433/4502
f 1105/1394/4503 1110/1399/4504 1132/1433/4505 1128/1434/4506
f 1106/1395/4507 1105/1394/4508 1128/1434/4509 1124/1412/4510
f 1099/1388/4511 1100/1391/4512 1140/1435/4513 1139/1436/4514
f 1140/1435/4515 1142/1437/4516 1141/1438/4517 1139/1436/4518
f 1142/1437/4519 1144/1439/4520 1143/1440/4521 1141/1438/4522
f 1139/1436/4523 1145/1441/4524 1107/1396/4525 1099/1388/4526
f 1141/1438/4527 1146/1442/4528 1145/1441/4529 1139/1436/4530
f 1143/1440/4531 1147/1443/4532 1146/1442/4533 1141/1438/4534
f 1145/1441/4535 1148/1444/4536 1111/1400/4537 1107/1396/4538
f 1146/1442/4539 1149/1445/4540 1148/1444/4541 1145/1441/4542
f 1147/1443/4543 1150/1446/4544 1149/1445/4545 1146/1442/4546
f 1148/1444/4547 1151/1447/4548 1115/1404/4549 1111/1400/4550
f 1149/1445/4551 1152/1448/4552 1151/1447/4553 1148/1444/4554
f 1150/1446/4555 1153/1449/4556 1152/1448/4557 1149/1445/4558
f 1151/1447/4559 1154/1450/4560 1119/1408/4561 1115/1404/4562
f 1152/1448/4563 1155/1451/4564 1154/1450/4565 1151/1447/4566
f 1153/1449/4567 1156/1452/4568 1155/1451/4569 1152/1448/4570
f 1142/1437/4571 1157/1453/4572 1158/1454/4573 1144/1439/4574
f 1140/1435/4575 1159/1455/4576 1157/1453/4577 1142/1437/4578
f 1100/1391/4579 1126/1415/4580 1159/1455/4581 1140/1435/4582
f 1157/1453/4583 1160/1456/4584 1161/1457/4585 1158/1454/4586
f 1159/1455/4587 1162/1458/4588 1160/1456/4589 1157/1453/4590
f 1126/1415/4591 1130/1419/4592 1162/1458/4593 1159/1455/4594
f 1160/1456/4595 1163/1459/4596 1164/1460/4597 1161/1457/4598
f 1162/1458/4599 1165/1461/4600 1163/1459/4601 1160/1456/4602
f 1130/1419/4603 1134/1423/4604 1165/1461/4605 1162/1458/4606
f 1163/1459/4607 1166/1462/4608 1167/1463/4609 1164/1460/4610
f 1165/1461/4611 1168/1464/4612 1166/1462/4613 1163/1459/4614
f 1134/1423/4615 1138/1427/4616 1168/1464/4617 1165/1461/4618
f 1166/1462/4619 1155/1465/4620 1156/1466/4621 1167/1463/4622
f 1168/1464/4623 1154/1467/4624 1155/1465/4625 1166/1462/4626
f 1138/1427/4627 1119/1431/4628 1154/1467/4629 1168/1464/4630
f 1156/1452/4631 1153/1449/4632 1150/1446/4633 1167/1468/4634
f 1147/1443/4635 1164/1469/4636 1167/1468/4637 1150/1446/4638
f 1143/1440/4639 1161/1470/4640 1164/1469/4641 1147/1443/4642
f 1144/1439/4643 1158/1454/4644 1161/1470/4645 1143/1440/4646
g default
v 0.665012 0.630826 0.264082
v 0.619738 0.644881 0.271694
v 0.622925 0.599970 0.305420
v 0.663532 0.585557 0.293144
v 0.579544 0.634980 0.262645
v 0.592994 0.584168 0.298248
v 0.562738 0.608966 0.241469
v 0.578008 0.563599 0.279593
v 0.650962 0.577253 0.221370
v 0.651745 0.549476 0.254709
v 0.594742 0.575512 0.216221
v 0.604075 0.543690 0.253682
v 0.673208 0.672431 0.224172
v 0.619726 0.705173 0.236448
v 0.569474 0.679147 0.223487
v 0.548555 0.647917 0.195832
v 0.587073 0.604691 0.175282
v 0.649505 0.613300 0.179855
v 0.632684 0.556268 0.320489
v 0.655767 0.554672 0.305864
v 0.605457 0.548139 0.308918
v 0.594358 0.537662 0.295488
v 0.610000 0.528146 0.279547
v 0.649103 0.536286 0.284983
v 0.521092 0.771657 0.126056
v 0.511203 0.705820 0.103530
v 0.493342 0.832418 0.063924
v 0.480414 0.769030 0.024699
v 0.765757 0.578420 0.213187
v 0.806494 0.598689 0.213491
v 0.785635 0.671572 0.189876
v 0.736606 0.662551 0.187009
v 0.853027 0.577551 0.147072
v 0.855969 0.686369 0.137557
v 0.715268 0.632104 0.149330
v 0.736902 0.568733 0.175080
v 0.828806 0.558269 0.119615
v 0.849374 0.582926 0.122066
v 0.768657 0.554461 0.122473
v 0.755779 0.599660 0.103732
v 0.776661 0.537220 0.225961
v 0.819186 0.536260 0.226511
v 0.850518 0.512394 0.164712
v 0.753743 0.523660 0.193663
v 0.833496 0.510353 0.142500
v 0.779512 0.507095 0.138622
v 0.785199 0.494682 0.235580
v 0.815912 0.482612 0.233654
v 0.842905 0.465494 0.180653
v 0.764835 0.478046 0.203822
v 0.822128 0.459450 0.157779
v 0.777551 0.463079 0.151601
v 0.572147 0.796696 0.144495
v 0.561579 0.848294 0.098948
v 0.741731 0.732209 0.174920
v 0.930784 0.560539 0.064773
v 0.915715 0.632007 0.059684
v 0.882841 0.616413 0.123948
v 0.897652 0.556735 0.126320
v 0.903282 0.543331 0.018823
v 0.891349 0.617843 -0.001362
v 0.857521 0.542365 0.126947
v 0.842733 0.525367 0.021074
v 0.816022 0.578507 0.003625
v 0.823221 0.586093 0.103645
v 0.833021 0.535660 0.107249
v 0.900028 0.497172 0.124400
v 0.932011 0.499290 0.070146
v 0.907666 0.483957 0.034365
v 0.868208 0.484373 0.129553
v 0.856003 0.471415 0.035545
v 0.841514 0.477681 0.113068
v 0.907010 0.481314 0.006665
v 0.914274 0.481020 -0.035821
v 0.910830 0.534984 -0.040339
v 0.903408 0.529193 0.005394
v 0.882979 0.474552 -0.091115
v 0.873173 0.522084 -0.098518
v 0.853038 0.526836 0.000998
v 0.864425 0.470428 0.000111
v 0.816290 0.500282 -0.046992
v 0.835241 0.454177 -0.042226
v 0.836907 0.506214 -0.099958
v 0.852832 0.464456 -0.091578
v 0.907021 0.432013 -0.000803
v 0.914852 0.437417 -0.038011
v 0.885190 0.433248 -0.076658
v 0.871340 0.420385 -0.004373
v 0.849770 0.417574 -0.038712
v 0.866975 0.427053 -0.077263
v 0.895845 0.406795 -0.025875
v 0.879970 0.404595 -0.052695
v 0.898779 0.600955 -0.056532
v 0.541749 0.867904 -0.017846
v 0.504801 0.804881 -0.040340
v 0.594745 0.887389 0.033388
v 0.624215 0.849355 -0.082605
v 0.575070 0.784329 -0.094900
v 0.669538 0.864559 -0.008807
v 0.704753 0.792444 -0.100040
v 0.658179 0.740554 -0.129818
v 0.739474 0.818096 -0.027074
v 0.780838 0.726878 -0.102822
v 0.720704 0.667287 -0.127037
v 0.810442 0.755653 -0.032469
v 0.857562 0.578961 -0.095674
v 0.810507 0.552837 -0.107970
v 0.680539 0.789081 0.164822
v 0.631813 0.826627 0.139953
v 0.616242 0.858927 0.103087
v 0.635199 0.873034 0.073155
v 0.685515 0.862422 0.051222
v 0.749141 0.827458 0.039768
v 0.818860 0.769409 0.043593
v 0.794572 0.757353 0.126647
v 0.732095 0.815834 0.116911
v 0.674640 0.851082 0.103974
v 0.642494 0.864138 0.092411
v 0.666797 0.629882 0.086613
v 0.562256 0.658185 0.065920
v 0.795311 0.546180 -0.051738
v 0.520052 0.704204 0.008073
v 0.527030 0.719230 -0.036940
v 0.582661 0.725377 -0.070722
v 0.640295 0.689240 -0.079262
v 0.698004 0.644819 -0.070588
v 0.898120 0.440653 0.128739
v 0.918841 0.443162 0.075806
v 0.903120 0.438254 0.048237
v 0.871572 0.437799 0.130148
v 0.868346 0.428920 0.052757
v 0.850918 0.432494 0.113590
v 0.879780 0.416472 0.110531
v 0.891433 0.419593 0.074826
v 0.641043 0.538099 0.311716
v 0.610770 0.531752 0.303074
v 0.597292 0.664892 -0.013335
v 0.682131 0.631849 0.004848
v 0.700675 0.706266 0.196793
v 0.613815 0.743154 0.196860
v 0.656505 0.642213 0.134898
v 0.571150 0.634491 0.111230
v 0.532048 0.676201 0.146193
v 0.553276 0.715570 0.180154
v 0.846098 0.653828 -0.082160
v 0.774237 0.605504 -0.115524
v 0.764055 0.599176 -0.060137
v 0.765418 0.613766 0.015889
v 0.878571 0.689832 0.049548
v 0.875365 0.679242 -0.018664
v 0.805610 0.433726 0.180400
v 0.790175 0.438492 0.216756
v -0.665013 0.630826 0.264082
v -0.619738 0.644881 0.271694
v -0.622925 0.599970 0.305420
v -0.663532 0.585557 0.293144
v -0.579545 0.634980 0.262645
v -0.592995 0.584169 0.298248
v -0.562738 0.608966 0.241469
v -0.578008 0.563600 0.279593
v -0.650962 0.577253 0.221370
v -0.651745 0.549476 0.254709
v -0.594742 0.575513 0.216221
v -0.604075 0.543691 0.253682
v -0.673208 0.672432 0.224172
v -0.619726 0.705173 0.236448
v -0.569474 0.679147 0.223487
v -0.548555 0.647917 0.195832
v -0.587074 0.604691 0.175282
v -0.649506 0.613300 0.179855
v -0.632684 0.556268 0.320489
v -0.655768 0.554672 0.305864
v -0.605458 0.548139 0.308918
v -0.594359 0.537663 0.295488
v -0.610000 0.528146 0.279547
v -0.649103 0.536286 0.284983
v -0.521093 0.771658 0.126056
v -0.511204 0.705821 0.103530
v -0.493343 0.832419 0.063924
v -0.480415 0.769030 0.024699
v -0.765757 0.578420 0.213187
v -0.806495 0.598689 0.213491
v -0.785635 0.671572 0.189875
v -0.736607 0.662551 0.187009
v -0.853028 0.577551 0.147072
v -0.855969 0.686368 0.137557
v -0.715269 0.632104 0.149330
v -0.736902 0.568733 0.175080
v -0.828805 0.558269 0.119615
v -0.849375 0.582926 0.122066
v -0.768658 0.554461 0.122473
v -0.755780 0.599660 0.103732
v -0.776661 0.537220 0.225961
v -0.819187 0.536260 0.226511
v -0.850518 0.512394 0.164712
v -0.753743 0.523660 0.193663
v -0.833496 0.510352 0.142500
v -0.779512 0.507095 0.138622
v -0.785199 0.494682 0.235580
v -0.815912 0.482612 0.233654
v -0.842905 0.465494 0.180653
v -0.764836 0.478046 0.203822
v -0.822128 0.459450 0.157779
v -0.777552 0.463078 0.151601
v -0.572148 0.796697 0.144495
v -0.561580 0.848294 0.098948
v -0.741731 0.732209 0.174920
v -0.930784 0.560538 0.064773
v -0.915716 0.632007 0.059684
v -0.882842 0.616413 0.123948
v -0.897653 0.556735 0.126320
v -0.903283 0.543331 0.018823
v -0.891349 0.617843 -0.001362
v -0.857522 0.542365 0.126947
v -0.842734 0.525367 0.021074
v -0.816022 0.578506 0.003625
v -0.823221 0.586093 0.103645
v -0.833021 0.535660 0.107249
v -0.900028 0.497171 0.124400
v -0.932011 0.499290 0.070146
v -0.907666 0.483956 0.034365
v -0.868209 0.484373 0.129553
v -0.856004 0.471415 0.035545
v -0.841515 0.477681 0.113068
v -0.907010 0.481313 0.006665
v -0.914275 0.481020 -0.035821
v -0.910831 0.534983 -0.040339
v -0.903408 0.529193 0.005394
v -0.882980 0.474552 -0.091115
v -0.873173 0.522084 -0.098518
v -0.853038 0.526836 0.000998
v -0.864425 0.470427 0.000111
v -0.816291 0.500281 -0.046992
v -0.835242 0.454177 -0.042226
v -0.836907 0.506214 -0.099958
v -0.852832 0.464455 -0.091578
v -0.907021 0.432012 -0.000803
v -0.914852 0.437417 -0.038011
v -0.885191 0.433247 -0.076658
v -0.871340 0.420384 -0.004373
v -0.849770 0.417573 -0.038712
v -0.866975 0.427052 -0.077263
v -0.895845 0.406794 -0.025875
v -0.879971 0.404594 -0.052695
v -0.898779 0.600954 -0.056532
v -0.541750 0.867905 -0.017846
v -0.504802 0.804881 -0.040340
v -0.594745 0.887389 0.033388
v -0.624216 0.849355 -0.082605
v -0.575070 0.784329 -0.094900
v -0.669538 0.864560 -0.008807
v -0.704753 0.792444 -0.100040
v -0.658179 0.740554 -0.129819
v -0.739475 0.818096 -0.027074
v -0.780838 0.726878 -0.102822
v -0.720705 0.667287 -0.127037
v -0.810442 0.755653 -0.032469
v -0.857562 0.578961 -0.095674
v -0.810508 0.552837 -0.107970
v -0.680539 0.789081 0.164822
v -0.631814 0.826627 0.139953
v -0.616243 0.858927 0.103087
v -0.635199 0.873035 0.073155
v -0.685515 0.862422 0.051222
v -0.749141 0.827458 0.039768
v -0.818861 0.769409 0.043593
v -0.794571 0.757353 0.126647
v -0.732094 0.815834 0.116911
v -0.674640 0.851082 0.103974
v -0.642494 0.864138 0.092411
v -0.666798 0.629882 0.086613
v -0.562256 0.658185 0.065920
v -0.795312 0.546180 -0.051738
v -0.520052 0.704204 0.008073
v -0.527030 0.719230 -0.036940
v -0.582661 0.725377 -0.070722
v -0.640296 0.689240 -0.079262
v -0.698005 0.644819 -0.070588
v -0.898121 0.440653 0.128739
v -0.918841 0.443161 0.075806
v -0.903120 0.438253 0.048237
v -0.871573 0.437798 0.130148
v -0.868346 0.428919 0.052757
v -0.850918 0.432493 0.113590
v -0.879780 0.416472 0.110531
v -0.891433 0.419593 0.074826
v -0.641043 0.538099 0.311716
v -0.610770 0.531752 0.303074
v -0.597293 0.664892 -0.013335
v -0.682132 0.631849 0.004848
v -0.700675 0.706267 0.196793
v -0.613816 0.743155 0.196860
v -0.656505 0.642213 0.134898
v -0.571151 0.634492 0.111230
v -0.532048 0.676201 0.146193
v -0.553277 0.715570 0.180154
v -0.846098 0.653827 -0.082160
v -0.774238 0.605504 -0.115524
v -0.764055 0.599176 -0.060137
v -0.765418 0.613766 0.015889
v -0.878571 0.689832 0.049548
v -0.875365 0.679241 -0.018664
v -0.805610 0.433725 0.180400
v -0.790175 0.438491 0.216756
vt 0.968822 0.245530
vt 0.954865 0.249703
vt 0.950377 0.237944
vt 0.963699 0.235581
vt 0.949021 0.226720
vt 0.964463 0.226919
vt 0.950271 0.217047
vt 0.966265 0.219303
vt 0.954448 0.145433
vt 0.940714 0.143777
vt 0.943857 0.131777
vt 0.955202 0.135660
vt 0.959486 0.126011
vt 0.950233 0.120462
vt 0.960368 0.108232
vt 0.968847 0.117914
vt 0.940451 0.256651
vt 0.933842 0.241284
vt 0.934335 0.225756
vt 0.934431 0.213600
vt 0.928841 0.142241
vt 0.932315 0.127580
vt 0.937733 0.112727
vt 0.950559 0.100014
vt 0.974646 0.234380
vt 0.976664 0.240395
vt 0.974173 0.227065
vt 0.975144 0.222269
vt 0.962195 0.137637
vt 0.962927 0.143286
vt 0.971960 0.126175
vt 0.966353 0.129820
vt 0.903914 0.202816
vt 0.899167 0.218404
vt 0.877710 0.219618
vt 0.872216 0.203876
vt 0.859455 0.231676
vt 0.850569 0.216575
vt 0.926793 0.295901
vt 0.932948 0.283266
vt 0.948173 0.296649
vt 0.940971 0.305950
vt 0.910208 0.313020
vt 0.933505 0.329530
vt 0.940046 0.082732
vt 0.926778 0.084983
vt 0.929713 0.066227
vt 0.941898 0.063746
vt 0.956935 0.301200
vt 0.953698 0.311213
vt 0.952624 0.328649
vt 0.933577 0.053393
vt 0.943945 0.053495
vt 0.939765 0.338104
vt 0.953230 0.335380
vt 0.915731 0.061101
vt 0.903939 0.052303
vt 0.908241 0.041254
vt 0.919314 0.048661
vt 0.966897 0.305876
vt 0.965794 0.313658
vt 0.965297 0.327380
vt 0.935387 0.041605
vt 0.945040 0.042510
vt 0.968604 0.333715
vt 0.916740 0.031295
vt 0.923692 0.038680
vt 0.902118 0.233239
vt 0.886889 0.234473
vt 0.871638 0.243539
vt 0.917948 0.345941
vt 0.899154 0.350321
vt 0.892880 0.336587
vt 0.916585 0.330927
vt 0.887712 0.359201
vt 0.871220 0.344472
vt 0.930966 0.337174
vt 0.928269 0.348680
vt 0.881114 0.374002
vt 0.869430 0.369113
vt 0.938204 0.342526
vt 0.935258 0.351500
vt 0.898862 0.045450
vt 0.902186 0.058272
vt 0.880771 0.064687
vt 0.878476 0.050188
vt 0.919256 0.360365
vt 0.904603 0.362738
vt 0.897440 0.370746
vt 0.927087 0.363726
vt 0.892064 0.382675
vt 0.934499 0.366739
vt 0.876105 0.036549
vt 0.894810 0.031212
vt 0.851126 0.362224
vt 0.842166 0.370454
vt 0.835526 0.363448
vt 0.844753 0.353871
vt 0.823031 0.355471
vt 0.828824 0.345827
vt 0.857649 0.370825
vt 0.845700 0.380771
vt 0.872517 0.036377
vt 0.878171 0.049091
vt 0.862290 0.051415
vt 0.859756 0.039443
vt 0.848639 0.054277
vt 0.847306 0.043277
vt 0.815375 0.353937
vt 0.819151 0.343164
vt 0.832780 0.377044
vt 0.827850 0.370913
vt 0.818524 0.365061
vt 0.832048 0.385481
vt 0.857715 0.030270
vt 0.865966 0.025210
vt 0.847799 0.032589
vt 0.813925 0.365068
vt 0.823964 0.379162
vt 0.816544 0.374709
vt 0.852396 0.024016
vt 0.858949 0.018971
vt 0.853179 0.340709
vt 0.846596 0.251531
vt 0.831713 0.238632
vt 0.864479 0.260929
vt 0.842305 0.274344
vt 0.823795 0.268560
vt 0.862242 0.279445
vt 0.843127 0.298396
vt 0.821970 0.295200
vt 0.863374 0.300931
vt 0.836830 0.334984
vt 0.822621 0.331041
vt 0.899032 0.248942
vt 0.888054 0.246736
vt 0.881267 0.251489
vt 0.878219 0.263000
vt 0.878193 0.279100
vt 0.882278 0.299363
vt 0.908937 0.260458
vt 0.918167 0.278751
vt 0.902817 0.291674
vt 0.895898 0.273276
vt 0.889879 0.259429
vt 0.885890 0.252610
vt 0.851093 0.066816
vt 0.864903 0.063784
vt 0.903448 0.128605
vt 0.907237 0.148617
vt 0.885334 0.161315
vt 0.887125 0.141894
vt 0.865839 0.160207
vt 0.876306 0.141505
vt 0.853042 0.141748
vt 0.865570 0.131503
vt 0.846645 0.119209
vt 0.864935 0.115329
vt 0.851209 0.098088
vt 0.867541 0.098283
vt 0.920900 0.373632
vt 0.909620 0.374930
vt 0.904787 0.379345
vt 0.925792 0.375188
vt 0.903715 0.387522
vt 0.930657 0.378806
vt 0.875471 0.024903
vt 0.890516 0.020539
vt 0.921711 0.381625
vt 0.912099 0.383795
vt 0.876749 0.016793
vt 0.885620 0.013918
vt 0.978513 0.226239
vt 0.979853 0.234720
vt 0.972081 0.132750
vt 0.967439 0.140018
vt 0.884291 0.120720
vt 0.888165 0.098654
vt 0.911207 0.100081
vt 0.848043 0.322265
vt 0.823675 0.316343
vt 0.868531 0.325667
vt 0.887136 0.322372
vt 0.887922 0.078256
vt 0.910693 0.073986
vt 0.867689 0.079155
vt 0.920995 0.241547
vt 0.928708 0.267203
vt 0.919965 0.222414
vt 0.919129 0.207705
vt 0.915639 0.126024
vt 0.917560 0.143078
vt 0.925180 0.103084
vt 0.947304 0.090621
vt 0.926817 0.027625
vt 0.936844 0.029576
vt 0.978828 0.316737
vt 0.976974 0.327226
vt 0.853536 0.080654
vt 0.671791 0.239103
vt 0.679046 0.230583
vt 0.691479 0.235919
vt 0.684427 0.246344
vt 0.680277 0.221976
vt 0.695360 0.225302
vt 0.680257 0.214149
vt 0.696348 0.215598
vt 0.728437 0.184331
vt 0.727140 0.174618
vt 0.738249 0.170110
vt 0.742055 0.181914
vt 0.722327 0.165224
vt 0.712532 0.157663
vt 0.720457 0.147525
vt 0.731254 0.159170
vt 0.706814 0.242945
vt 0.696867 0.256394
vt 0.709883 0.227715
vt 0.712564 0.215860
vt 0.749538 0.165277
vt 0.753822 0.179719
vt 0.729791 0.138776
vt 0.743302 0.150752
vt 0.665326 0.232317
vt 0.668661 0.226921
vt 0.670789 0.219906
vt 0.670935 0.215015
vt 0.719853 0.182661
vt 0.720270 0.176981
vt 0.715684 0.169409
vt 0.709884 0.166082
vt 0.744751 0.212346
vt 0.775371 0.220643
vt 0.766417 0.234707
vt 0.745806 0.228608
vt 0.793536 0.237969
vt 0.781425 0.250630
vt 0.701161 0.297708
vt 0.685056 0.304233
vt 0.680181 0.293526
vt 0.698070 0.284000
vt 0.713375 0.318172
vt 0.686911 0.328894
vt 0.739323 0.120942
vt 0.736418 0.102096
vt 0.748720 0.103895
vt 0.752693 0.122450
vt 0.671461 0.306433
vt 0.670609 0.295944
vt 0.668504 0.323648
vt 0.733803 0.091978
vt 0.744148 0.091300
vt 0.678850 0.335801
vt 0.666370 0.330060
vt 0.762392 0.098001
vt 0.758123 0.085783
vt 0.768764 0.077773
vt 0.773674 0.088566
vt 0.659128 0.306035
vt 0.659840 0.298207
vt 0.656461 0.319505
vt 0.732099 0.081074
vt 0.741684 0.079633
vt 0.651789 0.324911
vt 0.753196 0.076062
vt 0.759725 0.068303
vt 0.754080 0.247063
vt 0.739537 0.242373
vt 0.766847 0.259385
vt 0.698285 0.348435
vt 0.703059 0.334136
vt 0.724831 0.345085
vt 0.715572 0.357012
vt 0.744102 0.357730
vt 0.724668 0.368281
vt 0.687611 0.348731
vt 0.687628 0.336915
vt 0.740187 0.382124
vt 0.727690 0.384202
vt 0.680162 0.349870
vt 0.679354 0.340462
vt 0.778362 0.081468
vt 0.798978 0.085080
vt 0.797491 0.099633
vt 0.775756 0.094431
vt 0.707417 0.367846
vt 0.693700 0.362171
vt 0.712548 0.377285
vt 0.685306 0.363644
vt 0.715040 0.390129
vt 0.677401 0.364874
vt 0.781616 0.067037
vt 0.800586 0.071330
vt 0.759584 0.379620
vt 0.767704 0.372953
vt 0.774486 0.384392
vt 0.766415 0.389686
vt 0.785055 0.368780
vt 0.788478 0.379496
vt 0.760606 0.398917
vt 0.751260 0.386494
vt 0.804127 0.070550
vt 0.817048 0.073047
vt 0.815192 0.085248
vt 0.799223 0.083968
vt 0.829692 0.076223
vt 0.828978 0.087339
vt 0.796283 0.379761
vt 0.795081 0.368408
vt 0.780243 0.393420
vt 0.774037 0.398255
vt 0.790664 0.389866
vt 0.772812 0.406635
vt 0.810054 0.059135
vt 0.818573 0.063759
vt 0.828604 0.065543
vt 0.795138 0.390928
vt 0.790375 0.399710
vt 0.782131 0.402340
vt 0.816713 0.052535
vt 0.823537 0.057220
vt 0.762525 0.358208
vt 0.806834 0.263766
vt 0.789391 0.272907
vt 0.769831 0.277955
vt 0.807680 0.294717
vt 0.788337 0.296100
vt 0.767763 0.296493
vt 0.803345 0.321070
vt 0.782020 0.319325
vt 0.761733 0.317149
vt 0.779752 0.356388
vt 0.794487 0.355810
vt 0.750137 0.258734
vt 0.738945 0.258366
vt 0.755654 0.264916
vt 0.755983 0.276821
vt 0.752317 0.292499
vt 0.743694 0.311286
vt 0.726666 0.267307
vt 0.736420 0.282771
vt 0.725467 0.299092
vt 0.713491 0.282997
vt 0.745451 0.270671
vt 0.750897 0.264948
vt 0.827230 0.100043
vt 0.813277 0.097796
vt 0.778411 0.164691
vt 0.795445 0.177046
vt 0.798314 0.196333
vt 0.775743 0.184879
vt 0.806223 0.176054
vt 0.817713 0.194141
vt 0.816384 0.165471
vt 0.829460 0.175001
vt 0.816117 0.149288
vt 0.834590 0.152143
vt 0.812566 0.132413
vt 0.828858 0.131308
vt 0.699732 0.378559
vt 0.689051 0.374706
vt 0.703422 0.383966
vt 0.683933 0.375096
vt 0.702586 0.392170
vt 0.678367 0.377500
vt 0.785308 0.056146
vt 0.800570 0.059667
vt 0.695283 0.386617
vt 0.686427 0.382297
vt 0.798842 0.051642
vt 0.789827 0.049265
vt 0.663514 0.226065
vt 0.666750 0.218113
vt 0.710129 0.172653
vt 0.715167 0.179649
vt 0.797095 0.155751
vt 0.769078 0.136651
vt 0.792000 0.133939
vt 0.796834 0.341261
vt 0.771758 0.341433
vt 0.751036 0.340043
vt 0.733685 0.332568
vt 0.768139 0.110581
vt 0.791107 0.113568
vt 0.811353 0.113318
vt 0.719260 0.246138
vt 0.705879 0.269344
vt 0.724638 0.227748
vt 0.728816 0.213621
vt 0.765130 0.179925
vt 0.766097 0.162795
vt 0.755297 0.140428
vt 0.732517 0.129220
vt 0.739560 0.067707
vt 0.749461 0.065200
vt 0.645734 0.306040
vt 0.645132 0.316674
vt 0.825564 0.114022
vn 0.387955 0.462385 0.797302
vn 0.380408 0.530039 0.757858
vn 0.016226 0.560764 0.827817
vn 0.084075 0.527667 0.845280
vn -0.634811 0.376571 0.674692
vn -0.609583 0.260942 0.748544
vn -0.862883 0.171718 0.475337
vn -0.822439 0.079326 0.563295
vn -0.764409 -0.571708 -0.298042
vn -0.780661 -0.562581 -0.272160
vn -0.393654 -0.758397 -0.519490
vn -0.346740 -0.786741 -0.510695
vn 0.698188 -0.576477 -0.424509
vn 0.720279 -0.538304 -0.437523
vn 0.970847 -0.194802 -0.139674
vn 0.976373 -0.171900 -0.130944
vn -0.346740 -0.786741 -0.510695
vn -0.393654 -0.758397 -0.519490
vn 0.720279 -0.538304 -0.437523
vn 0.698188 -0.576477 -0.424509
vn 0.016226 0.560764 0.827817
vn 0.380408 0.530039 0.757858
vn 0.373950 0.554324 0.743563
vn -0.000813 0.611404 0.791318
vn -0.634811 0.376571 0.674692
vn 0.016226 0.560764 0.827817
vn -0.000813 0.611404 0.791318
vn -0.656020 0.420000 0.627087
vn -0.862883 0.171718 0.475337
vn -0.634811 0.376571 0.674692
vn -0.656020 0.420000 0.627087
vn -0.884304 0.175482 0.432681
vn -0.393654 -0.758397 -0.519490
vn -0.780661 -0.562581 -0.272160
vn -0.774549 -0.613485 -0.153981
vn -0.332158 -0.843518 -0.422077
vn 0.970847 -0.194802 -0.139674
vn 0.720279 -0.538304 -0.437523
vn 0.649169 -0.680677 -0.339497
vn 0.922124 -0.383211 -0.053265
vn 0.720279 -0.538304 -0.437523
vn -0.393654 -0.758397 -0.519490
vn -0.332158 -0.843518 -0.422077
vn 0.649169 -0.680677 -0.339497
vn 0.387955 0.462385 0.797302
vn 0.026758 0.136783 0.990240
vn 0.445978 0.290814 0.846481
vn -0.485689 -0.037470 0.873328
vn -0.822439 0.079326 0.563295
vn -0.729869 -0.093096 0.677218
vn -0.764409 -0.571708 -0.298042
vn -0.346740 -0.786741 -0.510695
vn -0.150247 -0.947236 -0.283142
vn -0.693335 -0.686784 -0.218207
vn 0.698188 -0.576477 -0.424509
vn 0.976373 -0.171900 -0.130944
vn 0.949368 -0.313994 -0.010374
vn 0.615417 -0.769585 -0.170295
vn -0.346740 -0.786741 -0.510695
vn 0.698188 -0.576477 -0.424509
vn 0.615417 -0.769585 -0.170295
vn -0.150247 -0.947236 -0.283142
vn -0.905999 -0.007343 0.423216
vn -0.764487 0.235733 0.599992
vn -0.808913 0.529003 0.256547
vn -0.969980 0.221102 0.101257
vn -0.969980 0.221102 0.101257
vn -0.808913 0.529003 0.256547
vn -0.453783 0.824756 -0.337429
vn -0.701439 0.504097 -0.503855
vn 0.430068 0.331280 0.839819
vn 0.019760 0.211130 0.977258
vn -0.096676 0.249803 0.963458
vn 0.530572 0.236671 0.813929
vn 0.723660 0.455333 0.518641
vn 0.430068 0.331280 0.839819
vn 0.530572 0.236671 0.813929
vn 0.860757 0.104128 0.498252
vn -0.578892 -0.374967 0.724074
vn -0.629343 -0.632064 0.452131
vn -0.954105 -0.283412 0.096755
vn -0.807045 -0.060952 0.587335
vn 0.530572 0.236671 0.813929
vn -0.096676 0.249803 0.963458
vn -0.022677 0.208829 0.977689
vn 0.698922 0.164818 0.695947
vn 0.860757 0.104128 0.498252
vn 0.530572 0.236671 0.813929
vn 0.698922 0.164818 0.695947
vn 0.984725 -0.000002 0.174116
vn -0.807045 -0.060952 0.587335
vn -0.954105 -0.283412 0.096755
vn -0.973875 -0.213958 0.076086
vn -0.807038 -0.045275 0.588761
vn 0.766597 -0.280981 -0.577389
vn 0.860757 0.104128 0.498252
vn 0.984725 -0.000002 0.174116
vn 0.779849 -0.244242 -0.576352
vn -0.545357 -0.465945 -0.696765
vn -0.006755 -0.404232 -0.914631
vn 0.058715 -0.341969 -0.937875
vn -0.509025 -0.383179 -0.770758
vn -0.954105 -0.283412 0.096755
vn -0.545357 -0.465945 -0.696765
vn -0.509025 -0.383179 -0.770758
vn -0.973875 -0.213958 0.076086
vn 0.698922 0.164818 0.695947
vn -0.022677 0.208829 0.977689
vn 0.025712 0.072521 0.997036
vn 0.686417 -0.186637 0.702850
vn 0.984725 -0.000002 0.174116
vn 0.698922 0.164818 0.695947
vn 0.686417 -0.186637 0.702850
vn 0.913112 -0.324122 0.247328
vn -0.807038 -0.045275 0.588761
vn -0.973875 -0.213958 0.076086
vn -0.943299 -0.322862 0.077124
vn -0.802418 -0.102377 0.587916
vn 0.779849 -0.244242 -0.576352
vn 0.984725 -0.000002 0.174116
vn 0.913112 -0.324122 0.247328
vn 0.725112 -0.449049 -0.522081
vn -0.509025 -0.383179 -0.770758
vn 0.058715 -0.341969 -0.937875
vn 0.087251 -0.379593 -0.921030
vn -0.631849 -0.459574 -0.624146
vn -0.973875 -0.213958 0.076086
vn -0.509025 -0.383179 -0.770758
vn -0.631849 -0.459574 -0.624146
vn -0.943299 -0.322862 0.077124
vn -0.764487 0.235733 0.599992
vn -0.343553 0.536283 0.770955
vn -0.394050 0.760756 0.515728
vn -0.808913 0.529003 0.256547
vn -0.808913 0.529003 0.256547
vn -0.394050 0.760756 0.515728
vn -0.108524 0.994094 0.000468
vn -0.453783 0.824756 -0.337429
vn 0.671066 0.122592 0.731192
vn 0.993668 0.107134 0.033865
vn 0.950546 0.303104 0.067758
vn 0.800043 0.237591 0.550891
vn 0.950546 0.303104 0.067758
vn 0.993668 0.107134 0.033865
vn 0.514927 -0.139802 -0.845758
vn 0.944207 0.210270 -0.253495
vn 0.671066 0.122592 0.731192
vn 0.800043 0.237591 0.550891
vn 0.209428 -0.156959 0.965144
vn -0.253615 0.003037 0.967301
vn 0.944207 0.210270 -0.253495
vn 0.514927 -0.139802 -0.845758
vn 0.052044 -0.259495 -0.964341
vn 0.212544 -0.904147 -0.370599
vn -0.253615 0.003037 0.967301
vn 0.209428 -0.156959 0.965144
vn -0.433818 -0.403330 0.805684
vn -0.582829 -0.038539 0.811680
vn -0.960226 -0.275280 -0.046765
vn -0.635826 -0.729936 -0.250838
vn -0.718932 -0.661881 0.212251
vn -0.959622 -0.277887 -0.043645
vn 0.993668 0.107134 0.033865
vn 0.671066 0.122592 0.731192
vn 0.693427 -0.003763 0.720517
vn 0.995824 -0.056646 0.071591
vn 0.514927 -0.139802 -0.845758
vn 0.993668 0.107134 0.033865
vn 0.995824 -0.056646 0.071591
vn 0.491830 -0.233561 -0.838780
vn 0.671066 0.122592 0.731192
vn -0.253615 0.003037 0.967301
vn -0.226125 -0.005349 0.974084
vn 0.693427 -0.003763 0.720517
vn 0.052044 -0.259495 -0.964341
vn 0.514927 -0.139802 -0.845758
vn 0.491830 -0.233561 -0.838780
vn 0.032165 -0.280328 -0.959365
vn -0.253615 0.003037 0.967301
vn -0.582829 -0.038539 0.811680
vn -0.565937 -0.048944 0.822994
vn -0.226125 -0.005349 0.974084
vn -0.960226 -0.275280 -0.046765
vn -0.959622 -0.277887 -0.043645
vn -0.961125 -0.232773 -0.148512
vn -0.960039 -0.235289 -0.151538
vn 0.573218 0.091847 0.814239
vn 0.560100 -0.014755 0.828294
vn 0.970560 0.023361 -0.239722
vn 0.960640 0.118698 -0.251162
vn 0.960640 0.118698 -0.251162
vn 0.970560 0.023361 -0.239722
vn 0.671767 -0.061667 -0.738191
vn 0.596240 0.035299 -0.802030
vn 0.560100 -0.014755 0.828294
vn 0.573218 0.091847 0.814239
vn -0.032400 0.017611 0.999320
vn -0.104246 -0.066231 0.992344
vn -0.761059 -0.198571 0.617542
vn -0.714983 -0.317116 0.623086
vn -0.885440 -0.412794 0.213537
vn -0.923732 -0.339475 0.177414
vn -0.923732 -0.339475 0.177414
vn -0.885440 -0.412794 0.213537
vn -0.831729 -0.433690 -0.346612
vn -0.831279 -0.397805 -0.388234
vn 0.102504 -0.213793 -0.971486
vn 0.129991 -0.048160 -0.990345
vn 0.596240 0.035299 -0.802030
vn 0.671767 -0.061667 -0.738191
vn 0.970560 0.023361 -0.239722
vn 0.560100 -0.014755 0.828294
vn 0.551129 -0.212944 0.806791
vn 0.943202 -0.190734 -0.272014
vn 0.671767 -0.061667 -0.738191
vn 0.970560 0.023361 -0.239722
vn 0.943202 -0.190734 -0.272014
vn 0.678674 -0.271451 -0.682434
vn 0.560100 -0.014755 0.828294
vn -0.104246 -0.066231 0.992344
vn -0.045176 -0.246775 0.968019
vn 0.551129 -0.212944 0.806791
vn -0.761059 -0.198571 0.617542
vn -0.923732 -0.339475 0.177414
vn -0.817016 -0.550962 0.170076
vn -0.692954 -0.500279 0.519168
vn -0.923732 -0.339475 0.177414
vn -0.831279 -0.397805 -0.388234
vn -0.780418 -0.464187 -0.418901
vn -0.817016 -0.550962 0.170076
vn 0.102504 -0.213793 -0.971486
vn 0.671767 -0.061667 -0.738191
vn 0.678674 -0.271451 -0.682434
vn 0.154821 -0.393720 -0.906099
vn 0.678674 -0.271451 -0.682434
vn 0.943202 -0.190734 -0.272014
vn 0.734638 -0.657715 -0.166485
vn 0.685901 -0.565561 -0.457909
vn -0.692954 -0.500279 0.519168
vn -0.817016 -0.550962 0.170076
vn -0.369912 -0.926471 0.069407
vn -0.286265 -0.924682 0.251031
vn 0.573218 0.091847 0.814239
vn 0.960640 0.118698 -0.251162
vn 0.904174 0.250326 -0.346131
vn 0.944207 0.210270 -0.253495
vn -0.701439 0.504097 -0.503855
vn -0.453783 0.824756 -0.337429
vn -0.001642 0.731088 -0.682281
vn -0.278478 0.458700 -0.843827
vn -0.453783 0.824756 -0.337429
vn -0.108524 0.994094 0.000468
vn 0.308218 0.906623 -0.288160
vn -0.001642 0.731088 -0.682281
vn -0.278478 0.458700 -0.843827
vn -0.001642 0.731088 -0.682281
vn 0.315344 0.560113 -0.766050
vn 0.091596 0.309801 -0.946379
vn -0.001642 0.731088 -0.682281
vn 0.308218 0.906623 -0.288160
vn 0.536368 0.763145 -0.360442
vn 0.315344 0.560113 -0.766050
vn 0.091596 0.309801 -0.946379
vn 0.315344 0.560113 -0.766050
vn 0.485841 0.392815 -0.780804
vn 0.292022 0.154039 -0.943925
vn 0.315344 0.560113 -0.766050
vn 0.536368 0.763145 -0.360442
vn 0.680117 0.634392 -0.367407
vn 0.485841 0.392815 -0.780804
vn 0.465201 0.126510 -0.876118
vn 0.904174 0.250326 -0.346131
vn 0.960640 0.118698 -0.251162
vn 0.596240 0.035299 -0.802030
vn 0.235799 0.103795 -0.966243
vn 0.465201 0.126510 -0.876118
vn 0.596240 0.035299 -0.802030
vn 0.129991 -0.048160 -0.990345
vn -0.343553 0.536283 0.770955
vn -0.032911 0.650298 0.758966
vn -0.139843 0.792077 0.594187
vn -0.394050 0.760756 0.515728
vn 0.122856 0.971237 0.203973
vn -0.108524 0.994094 0.000468
vn -0.394050 0.760756 0.515728
vn -0.139843 0.792077 0.594187
vn -0.108524 0.994094 0.000468
vn 0.122856 0.971237 0.203973
vn 0.421972 0.904939 0.055005
vn 0.308218 0.906623 -0.288160
vn 0.308218 0.906623 -0.288160
vn 0.421972 0.904939 0.055005
vn 0.590110 0.806614 0.033818
vn 0.536368 0.763145 -0.360442
vn 0.536368 0.763145 -0.360442
vn 0.590110 0.806614 0.033818
vn 0.719085 0.692778 0.054551
vn 0.680117 0.634392 -0.367407
vn 0.184518 0.556683 0.809974
vn 0.335823 0.454995 0.824744
vn 0.594480 0.633959 0.494661
vn 0.482079 0.722240 0.495953
vn -0.032911 0.650298 0.758966
vn 0.184518 0.556683 0.809974
vn 0.482079 0.722240 0.495953
vn 0.331089 0.809085 0.485553
vn -0.139843 0.792077 0.594187
vn -0.032911 0.650298 0.758966
vn 0.331089 0.809085 0.485553
vn 0.183592 0.865680 0.465717
vn 0.122856 0.971237 0.203973
vn -0.139843 0.792077 0.594187
vn 0.183592 0.865680 0.465717
vn 0.421972 0.904939 0.055005
vn 0.122856 0.971237 0.203973
vn 0.183592 0.865680 0.465717
vn 0.331089 0.809085 0.485553
vn 0.590110 0.806614 0.033818
vn 0.421972 0.904939 0.055005
vn 0.331089 0.809085 0.485553
vn 0.482079 0.722240 0.495953
vn 0.719085 0.692778 0.054551
vn 0.590110 0.806614 0.033818
vn 0.482079 0.722240 0.495953
vn 0.594480 0.633959 0.494661
vn 0.573218 0.091847 0.814239
vn 0.944207 0.210270 -0.253495
vn 0.212544 -0.904147 -0.370599
vn -0.032400 0.017611 0.999320
vn -0.811033 -0.513969 -0.279395
vn -0.831729 -0.433690 -0.346612
vn -0.885440 -0.412794 0.213537
vn -0.813431 -0.561288 0.152598
vn -0.504755 -0.849425 -0.153948
vn -0.779607 -0.620288 -0.086345
vn -0.850030 -0.466517 -0.244565
vn -0.729182 -0.642192 -0.236396
vn -0.850030 -0.466517 -0.244565
vn -0.728611 -0.299688 -0.615884
vn -0.652848 -0.503690 -0.565761
vn -0.729182 -0.642192 -0.236396
vn -0.652848 -0.503690 -0.565761
vn -0.728611 -0.299688 -0.615884
vn -0.542038 -0.346590 -0.765552
vn -0.493650 -0.491442 -0.717491
vn -0.493650 -0.491442 -0.717491
vn -0.542038 -0.346590 -0.765552
vn -0.507492 -0.522417 -0.685225
vn -0.463428 -0.667548 -0.582765
vn -0.463428 -0.667548 -0.582765
vn -0.507492 -0.522417 -0.685225
vn -0.556641 -0.658015 -0.507117
vn -0.477712 -0.805687 -0.350228
vn -0.885440 -0.412794 0.213537
vn -0.714983 -0.317116 0.623086
vn -0.718932 -0.661881 0.212251
vn -0.813431 -0.561288 0.152598
vn 0.678674 -0.271451 -0.682434
vn 0.685901 -0.565561 -0.457909
vn 0.154821 -0.393720 -0.906099
vn -0.780418 -0.464187 -0.418901
vn -0.369912 -0.926471 0.069407
vn -0.817016 -0.550962 0.170076
vn 0.551129 -0.212944 0.806791
vn -0.045176 -0.246775 0.968019
vn 0.734638 -0.657715 -0.166485
vn 0.943202 -0.190734 -0.272014
vn 0.551129 -0.212944 0.806791
vn 0.734638 -0.657715 -0.166485
vn 0.995824 -0.056646 0.071591
vn 0.693427 -0.003763 0.720517
vn 0.723009 -0.243842 0.646374
vn 0.946003 -0.300880 0.120622
vn 0.491830 -0.233561 -0.838780
vn 0.995824 -0.056646 0.071591
vn 0.946003 -0.300880 0.120622
vn 0.458554 -0.408372 -0.789278
vn 0.693427 -0.003763 0.720517
vn -0.226125 -0.005349 0.974084
vn -0.227529 -0.140385 0.963599
vn 0.723009 -0.243842 0.646374
vn 0.032165 -0.280328 -0.959365
vn 0.491830 -0.233561 -0.838780
vn 0.458554 -0.408372 -0.789278
vn 0.042331 -0.415926 -0.908413
vn -0.226125 -0.005349 0.974084
vn -0.565937 -0.048944 0.822994
vn -0.540440 -0.174756 0.823034
vn -0.227529 -0.140385 0.963599
vn -0.960039 -0.235289 -0.151538
vn -0.961125 -0.232773 -0.148512
vn -0.874336 -0.445961 -0.191457
vn -0.863979 -0.466212 -0.190229
vn 0.946003 -0.300880 0.120622
vn 0.723009 -0.243842 0.646374
vn 0.566071 -0.764560 0.308238
vn 0.623859 -0.780191 0.045849
vn -0.400783 -0.908740 -0.116467
vn -0.400783 -0.908740 -0.116467
vn -0.863979 -0.466212 -0.190229
vn -0.874336 -0.445961 -0.191457
vn 0.042331 -0.415926 -0.908413
vn 0.458554 -0.408372 -0.789278
vn 0.623859 -0.780191 0.045849
vn 0.946003 -0.300880 0.120622
vn 0.623859 -0.780191 0.045849
vn 0.458554 -0.408372 -0.789278
vn 0.566071 -0.764560 0.308238
vn 0.723009 -0.243842 0.646374
vn -0.227529 -0.140385 0.963599
vn -0.227529 -0.140385 0.963599
vn -0.540440 -0.174756 0.823034
vn 0.566071 -0.764560 0.308238
vn -0.244334 -0.447147 0.860442
vn -0.012735 -0.397625 0.917460
vn 0.304166 -0.938253 0.164816
vn 0.107684 -0.984846 0.135952
vn -0.150247 -0.947236 -0.283142
vn 0.615417 -0.769585 -0.170295
vn 0.026758 0.136783 0.990240
vn -0.012735 -0.397625 0.917460
vn 0.445978 0.290814 0.846481
vn 0.304166 -0.938253 0.164816
vn 0.615417 -0.769585 -0.170295
vn 0.949368 -0.313994 -0.010374
vn -0.244334 -0.447147 0.860442
vn -0.485689 -0.037470 0.873328
vn -0.729869 -0.093096 0.677218
vn -0.150247 -0.947236 -0.283142
vn 0.107684 -0.984846 0.135952
vn -0.693335 -0.686784 -0.218207
vn -0.729182 -0.642192 -0.236396
vn -0.652848 -0.503690 -0.565761
vn -0.383254 -0.861527 -0.332998
vn -0.504755 -0.849425 -0.153948
vn -0.504755 -0.849425 -0.153948
vn -0.383254 -0.861527 -0.332998
vn -0.319555 -0.932906 -0.166047
vn -0.243973 -0.967925 -0.059986
vn -0.652848 -0.503690 -0.565761
vn -0.493650 -0.491442 -0.717491
vn -0.463428 -0.667548 -0.582765
vn -0.383254 -0.861527 -0.332998
vn -0.383254 -0.861527 -0.332998
vn -0.463428 -0.667548 -0.582765
vn -0.477712 -0.805687 -0.350228
vn -0.319555 -0.932906 -0.166047
vn 0.292022 0.154039 -0.943925
vn 0.485841 0.392815 -0.780804
vn 0.597449 0.318835 -0.735798
vn 0.319547 0.102642 -0.941995
vn 0.485841 0.392815 -0.780804
vn 0.680117 0.634392 -0.367407
vn 0.807998 0.494859 -0.319772
vn 0.597449 0.318835 -0.735798
vn 0.680117 0.634392 -0.367407
vn 0.719085 0.692778 0.054551
vn 0.835904 0.544377 0.070132
vn 0.807998 0.494859 -0.319772
vn 0.719085 0.692778 0.054551
vn 0.594480 0.633959 0.494661
vn 0.723660 0.455333 0.518641
vn 0.835904 0.544377 0.070132
vn -0.243973 -0.967925 -0.059986
vn -0.319555 -0.932906 -0.166047
vn -0.392748 -0.919582 -0.010868
vn -0.441060 -0.874855 -0.200238
vn -0.319555 -0.932906 -0.166047
vn -0.477712 -0.805687 -0.350228
vn -0.620546 -0.780520 -0.075568
vn -0.392748 -0.919582 -0.010868
vn -0.032911 0.650298 0.758966
vn -0.343553 0.536283 0.770955
vn -0.124753 0.547558 0.827416
vn 0.184518 0.556683 0.809974
vn 0.184518 0.556683 0.809974
vn -0.124753 0.547558 0.827416
vn 0.222570 0.398029 0.889964
vn 0.335823 0.454995 0.824744
vn 0.335823 0.454995 0.824744
vn 0.222570 0.398029 0.889964
vn 0.019760 0.211130 0.977258
vn 0.430068 0.331280 0.839819
vn 0.335823 0.454995 0.824744
vn 0.430068 0.331280 0.839819
vn 0.723660 0.455333 0.518641
vn 0.594480 0.633959 0.494661
vn -0.343553 0.536283 0.770955
vn -0.764487 0.235733 0.599992
vn -0.686470 0.327794 0.649084
vn -0.124753 0.547558 0.827416
vn -0.884111 0.053964 0.464150
vn -0.686470 0.327794 0.649084
vn -0.764487 0.235733 0.599992
vn -0.905999 -0.007343 0.423216
vn -0.779607 -0.620288 -0.086345
vn -0.504755 -0.849425 -0.153948
vn -0.391843 -0.894467 -0.215377
vn -0.759058 -0.639615 -0.121340
vn 0.117492 -0.992589 0.031015
vn -0.391843 -0.894467 -0.215377
vn -0.504755 -0.849425 -0.153948
vn -0.243973 -0.967925 -0.059986
vn -0.441060 -0.874855 -0.200238
vn -0.629343 -0.632064 0.452131
vn 0.117492 -0.992589 0.031015
vn -0.243973 -0.967925 -0.059986
vn -0.391843 -0.894467 -0.215377
vn 0.117492 -0.992589 0.031015
vn 0.649169 -0.680677 -0.339497
vn -0.332158 -0.843518 -0.422077
vn -0.759058 -0.639615 -0.121340
vn -0.391843 -0.894467 -0.215377
vn -0.332158 -0.843518 -0.422077
vn -0.774549 -0.613485 -0.153981
vn -0.656020 0.420000 0.627087
vn -0.000813 0.611404 0.791318
vn -0.124753 0.547558 0.827416
vn -0.686470 0.327794 0.649084
vn -0.000813 0.611404 0.791318
vn 0.373950 0.554324 0.743563
vn 0.222570 0.398029 0.889964
vn -0.124753 0.547558 0.827416
vn -0.686470 0.327794 0.649084
vn -0.884111 0.053964 0.464150
vn -0.884304 0.175482 0.432681
vn -0.656020 0.420000 0.627087
vn 0.117492 -0.992589 0.031015
vn -0.629343 -0.632064 0.452131
vn -0.578892 -0.374967 0.724074
vn 0.407620 -0.745474 0.527365
vn 0.117492 -0.992589 0.031015
vn 0.407620 -0.745474 0.527365
vn 0.922124 -0.383211 -0.053265
vn 0.649169 -0.680677 -0.339497
vn -0.943299 -0.322862 0.077124
vn -0.631849 -0.459574 -0.624146
vn -0.671583 -0.706182 -0.224240
vn -0.791167 -0.611112 0.024432
vn 0.582848 -0.620378 0.524804
vn 0.647175 -0.651825 0.395334
vn 0.913112 -0.324122 0.247328
vn 0.686417 -0.186637 0.702850
vn 0.686417 -0.186637 0.702850
vn 0.025712 0.072521 0.997036
vn 0.582848 -0.620378 0.524804
vn -0.943299 -0.322862 0.077124
vn -0.791167 -0.611112 0.024432
vn -0.802418 -0.102377 0.587916
vn -0.631849 -0.459574 -0.624146
vn 0.087251 -0.379593 -0.921030
vn -0.671583 -0.706182 -0.224240
vn 0.913112 -0.324122 0.247328
vn 0.647175 -0.651825 0.395334
vn 0.725112 -0.449049 -0.522081
vn -0.718932 -0.661881 0.212251
vn -0.635826 -0.729936 -0.250838
vn -0.441060 -0.874855 -0.200238
vn -0.392748 -0.919582 -0.010868
vn 0.800043 0.237591 0.550891
vn 0.950546 0.303104 0.067758
vn 0.835904 0.544377 0.070132
vn 0.723660 0.455333 0.518641
vn 0.860757 0.104128 0.498252
vn 0.766597 -0.280981 -0.577389
vn -0.433818 -0.403330 0.805684
vn 0.209428 -0.156959 0.965144
vn -0.006755 -0.404232 -0.914631
vn -0.545357 -0.465945 -0.696765
vn -0.441060 -0.874855 -0.200238
vn -0.635826 -0.729936 -0.250838
vn 0.835904 0.544377 0.070132
vn 0.950546 0.303104 0.067758
vn 0.944207 0.210270 -0.253495
vn 0.807998 0.494859 -0.319772
vn 0.807998 0.494859 -0.319772
vn 0.944207 0.210270 -0.253495
vn 0.904174 0.250326 -0.346131
vn 0.597449 0.318835 -0.735798
vn -0.556641 -0.658015 -0.507117
vn -0.677910 -0.662902 -0.317805
vn -0.620546 -0.780520 -0.075568
vn -0.477712 -0.805687 -0.350228
vn -0.718932 -0.661881 0.212251
vn -0.392748 -0.919582 -0.010868
vn -0.620546 -0.780520 -0.075568
vn -0.813431 -0.561288 0.152598
vn -0.813431 -0.561288 0.152598
vn -0.620546 -0.780520 -0.075568
vn -0.677910 -0.662902 -0.317805
vn -0.811033 -0.513969 -0.279395
vn 0.465201 0.126510 -0.876118
vn 0.235799 0.103795 -0.966243
vn 0.319547 0.102642 -0.941995
vn 0.597449 0.318835 -0.735798
vn 0.465201 0.126510 -0.876118
vn 0.597449 0.318835 -0.735798
vn 0.904174 0.250326 -0.346131
vn 0.723660 0.455333 0.518641
vn 0.860757 0.104128 0.498252
vn 0.209428 -0.156959 0.965144
vn 0.800043 0.237591 0.550891
vn -0.387940 0.462390 0.797307
vn -0.003948 0.480052 0.877231
vn -0.016225 0.560763 0.827817
vn -0.380398 0.530040 0.757862
vn -0.003948 0.480052 0.877231
vn 0.609582 0.260942 0.748544
vn 0.634810 0.376572 0.674693
vn -0.016225 0.560763 0.827817
vn 0.609582 0.260942 0.748544
vn 0.822437 0.079328 0.563298
vn 0.862883 0.171717 0.475339
vn 0.634810 0.376572 0.674693
vn 0.764418 -0.571701 -0.298033
vn 0.346745 -0.786740 -0.510694
vn 0.393655 -0.758396 -0.519491
vn 0.780666 -0.562575 -0.272158
vn -0.698185 -0.576481 -0.424509
vn -0.976373 -0.171901 -0.130939
vn -0.970847 -0.194802 -0.139672
vn -0.720276 -0.538308 -0.437524
vn 0.346745 -0.786740 -0.510694
vn -0.698185 -0.576481 -0.424509
vn -0.720276 -0.538308 -0.437524
vn 0.393655 -0.758396 -0.519491
vn -0.016225 0.560763 0.827817
vn 0.000813 0.611405 0.791318
vn -0.373950 0.554323 0.743564
vn -0.380398 0.530040 0.757862
vn 0.634810 0.376572 0.674693
vn 0.656020 0.420001 0.627086
vn 0.000813 0.611405 0.791318
vn -0.016225 0.560763 0.827817
vn 0.862883 0.171717 0.475339
vn 0.884304 0.175483 0.432680
vn 0.656020 0.420001 0.627086
vn 0.634810 0.376572 0.674693
vn 0.393655 -0.758396 -0.519491
vn 0.332157 -0.843517 -0.422079
vn 0.774548 -0.613486 -0.153983
vn 0.780666 -0.562575 -0.272158
vn -0.970847 -0.194802 -0.139672
vn -0.922123 -0.383212 -0.053264
vn -0.649168 -0.680678 -0.339497
vn -0.720276 -0.538308 -0.437524
vn -0.720276 -0.538308 -0.437524
vn -0.649168 -0.680678 -0.339497
vn 0.332157 -0.843517 -0.422079
vn 0.393655 -0.758396 -0.519491
vn -0.387940 0.462390 0.797307
vn -0.445982 0.290815 0.846479
vn -0.026759 0.136784 0.990240
vn -0.003948 0.480052 0.877231
vn -0.003948 0.480052 0.877231
vn -0.026759 0.136784 0.990240
vn 0.485690 -0.037467 0.873328
vn 0.609582 0.260942 0.748544
vn 0.609582 0.260942 0.748544
vn 0.485690 -0.037467 0.873328
vn 0.729869 -0.093092 0.677219
vn 0.822437 0.079328 0.563298
vn 0.764418 -0.571701 -0.298033
vn 0.693345 -0.686780 -0.218190
vn 0.150244 -0.947237 -0.283141
vn 0.346745 -0.786740 -0.510694
vn -0.698185 -0.576481 -0.424509
vn -0.615412 -0.769588 -0.170301
vn -0.949369 -0.313993 -0.010375
vn -0.976373 -0.171901 -0.130939
vn 0.346745 -0.786740 -0.510694
vn 0.150244 -0.947237 -0.283141
vn -0.615412 -0.769588 -0.170301
vn -0.698185 -0.576481 -0.424509
vn 0.905999 -0.007342 0.423215
vn 0.969981 0.221099 0.101257
vn 0.808914 0.529001 0.256548
vn 0.764487 0.235733 0.599992
vn 0.969981 0.221099 0.101257
vn 0.701440 0.504095 -0.503855
vn 0.453784 0.824755 -0.337429
vn 0.808914 0.529001 0.256548
vn -0.430069 0.331282 0.839817
vn -0.530575 0.236671 0.813927
vn 0.096675 0.249803 0.963459
vn -0.019761 0.211131 0.977258
vn -0.723659 0.455333 0.518642
vn -0.860758 0.104128 0.498250
vn -0.530575 0.236671 0.813927
vn -0.430069 0.331282 0.839817
vn 0.578891 -0.374964 0.724077
vn 0.807044 -0.060947 0.587338
vn 0.954106 -0.283408 0.096755
vn 0.629343 -0.632063 0.452133
vn -0.530575 0.236671 0.813927
vn -0.698924 0.164815 0.695947
vn 0.022674 0.208829 0.977689
vn 0.096675 0.249803 0.963459
vn -0.860758 0.104128 0.498250
vn -0.984726 -0.000004 0.174114
vn -0.698924 0.164815 0.695947
vn -0.530575 0.236671 0.813927
vn 0.807044 -0.060947 0.587338
vn 0.807041 -0.045272 0.588758
vn 0.973876 -0.213956 0.076082
vn 0.954106 -0.283408 0.096755
vn -0.766593 -0.280984 -0.577393
vn -0.779852 -0.244240 -0.576349
vn -0.984726 -0.000004 0.174114
vn -0.860758 0.104128 0.498250
vn 0.545359 -0.465942 -0.696765
vn 0.509028 -0.383177 -0.770757
vn -0.058714 -0.341969 -0.937875
vn 0.006758 -0.404231 -0.914632
vn 0.954106 -0.283408 0.096755
vn 0.973876 -0.213956 0.076082
vn 0.509028 -0.383177 -0.770757
vn 0.545359 -0.465942 -0.696765
vn -0.698924 0.164815 0.695947
vn -0.686415 -0.186641 0.702851
vn -0.025713 0.072521 0.997035
vn 0.022674 0.208829 0.977689
vn -0.984726 -0.000004 0.174114
vn -0.913111 -0.324124 0.247331
vn -0.686415 -0.186641 0.702851
vn -0.698924 0.164815 0.695947
vn 0.807041 -0.045272 0.588758
vn 0.802425 -0.102371 0.587906
vn 0.943301 -0.322857 0.077116
vn 0.973876 -0.213956 0.076082
vn -0.779852 -0.244240 -0.576349
vn -0.725117 -0.449050 -0.522072
vn -0.913111 -0.324124 0.247331
vn -0.984726 -0.000004 0.174114
vn 0.509028 -0.383177 -0.770757
vn 0.631849 -0.459571 -0.624149
vn -0.087251 -0.379591 -0.921031
vn -0.058714 -0.341969 -0.937875
vn 0.973876 -0.213956 0.076082
vn 0.943301 -0.322857 0.077116
vn 0.631849 -0.459571 -0.624149
vn 0.509028 -0.383177 -0.770757
vn 0.764487 0.235733 0.599992
vn 0.808914 0.529001 0.256548
vn 0.394051 0.760755 0.515728
vn 0.343553 0.536283 0.770955
vn 0.808914 0.529001 0.256548
vn 0.453784 0.824755 -0.337429
vn 0.108524 0.994094 0.000468
vn 0.394051 0.760755 0.515728
vn -0.671069 0.122591 0.731189
vn -0.800044 0.237593 0.550890
vn -0.950545 0.303105 0.067758
vn -0.993668 0.107131 0.033865
vn -0.950545 0.303105 0.067758
vn -0.944207 0.210271 -0.253494
vn -0.514929 -0.139802 -0.845756
vn -0.993668 0.107131 0.033865
vn -0.671069 0.122591 0.731189
vn 0.253612 0.003037 0.967301
vn -0.209426 -0.156963 0.965144
vn -0.800044 0.237593 0.550890
vn -0.944207 0.210271 -0.253494
vn -0.212544 -0.904152 -0.370585
vn -0.052043 -0.259495 -0.964341
vn -0.514929 -0.139802 -0.845756
vn 0.253612 0.003037 0.967301
vn 0.582823 -0.038540 0.811684
vn 0.433802 -0.403348 0.805684
vn -0.209426 -0.156963 0.965144
vn 0.960225 -0.275283 -0.046768
vn 0.959620 -0.277891 -0.043648
vn 0.718933 -0.661880 0.212250
vn 0.635829 -0.729934 -0.250835
vn -0.993668 0.107131 0.033865
vn -0.995824 -0.056647 0.071591
vn -0.693427 -0.003765 0.720517
vn -0.671069 0.122591 0.731189
vn -0.514929 -0.139802 -0.845756
vn -0.491827 -0.233562 -0.838782
vn -0.995824 -0.056647 0.071591
vn -0.993668 0.107131 0.033865
vn -0.671069 0.122591 0.731189
vn -0.693427 -0.003765 0.720517
vn 0.226127 -0.005349 0.974083
vn 0.253612 0.003037 0.967301
vn -0.052043 -0.259495 -0.964341
vn -0.032164 -0.280328 -0.959365
vn -0.491827 -0.233562 -0.838782
vn -0.514929 -0.139802 -0.845756
vn 0.253612 0.003037 0.967301
vn 0.226127 -0.005349 0.974083
vn 0.565935 -0.048943 0.822996
vn 0.582823 -0.038540 0.811684
vn 0.960225 -0.275283 -0.046768
vn 0.960040 -0.235286 -0.151539
vn 0.961125 -0.232770 -0.148513
vn 0.959620 -0.277891 -0.043648
vn -0.573217 0.091847 0.814240
vn -0.960639 0.118699 -0.251163
vn -0.970561 0.023361 -0.239722
vn -0.560096 -0.014757 0.828296
vn -0.960639 0.118699 -0.251163
vn -0.596238 0.035300 -0.802031
vn -0.671766 -0.061668 -0.738192
vn -0.970561 0.023361 -0.239722
vn -0.560096 -0.014757 0.828296
vn 0.104245 -0.066231 0.992344
vn 0.032400 0.017612 0.999320
vn -0.573217 0.091847 0.814240
vn 0.761062 -0.198572 0.617538
vn 0.923733 -0.339472 0.177417
vn 0.885441 -0.412791 0.213536
vn 0.714986 -0.317117 0.623083
vn 0.923733 -0.339472 0.177417
vn 0.831286 -0.397800 -0.388226
vn 0.831732 -0.433686 -0.346611
vn 0.885441 -0.412791 0.213536
vn -0.102501 -0.213795 -0.971486
vn -0.671766 -0.061668 -0.738192
vn -0.596238 0.035300 -0.802031
vn -0.129990 -0.048162 -0.990345
vn -0.970561 0.023361 -0.239722
vn -0.943201 -0.190738 -0.272013
vn -0.551131 -0.212947 0.806789
vn -0.560096 -0.014757 0.828296
vn -0.671766 -0.061668 -0.738192
vn -0.678670 -0.271457 -0.682435
vn -0.943201 -0.190738 -0.272013
vn -0.970561 0.023361 -0.239722
vn -0.560096 -0.014757 0.828296
vn -0.551131 -0.212947 0.806789
vn 0.045175 -0.246776 0.968019
vn 0.104245 -0.066231 0.992344
vn 0.761062 -0.198572 0.617538
vn 0.692954 -0.500282 0.519166
vn 0.817015 -0.550961 0.170081
vn 0.923733 -0.339472 0.177417
vn 0.923733 -0.339472 0.177417
vn 0.817015 -0.550961 0.170081
vn 0.780425 -0.464185 -0.418890
vn 0.831286 -0.397800 -0.388226
vn -0.102501 -0.213795 -0.971486
vn -0.154813 -0.393720 -0.906100
vn -0.678670 -0.271457 -0.682435
vn -0.671766 -0.061668 -0.738192
vn -0.678670 -0.271457 -0.682435
vn -0.685905 -0.565559 -0.457907
vn -0.734642 -0.657712 -0.166482
vn -0.943201 -0.190738 -0.272013
vn 0.692954 -0.500282 0.519166
vn 0.286264 -0.924681 0.251034
vn 0.369912 -0.926470 0.069411
vn 0.817015 -0.550961 0.170081
vn -0.573217 0.091847 0.814240
vn -0.944207 0.210271 -0.253494
vn -0.904173 0.250327 -0.346132
vn -0.960639 0.118699 -0.251163
vn 0.701440 0.504095 -0.503855
vn 0.278478 0.458701 -0.843827
vn 0.001642 0.731087 -0.682282
vn 0.453784 0.824755 -0.337429
vn 0.453784 0.824755 -0.337429
vn 0.001642 0.731087 -0.682282
vn -0.308219 0.906623 -0.288160
vn 0.108524 0.994094 0.000468
vn 0.278478 0.458701 -0.843827
vn -0.091596 0.309801 -0.946379
vn -0.315345 0.560111 -0.766050
vn 0.001642 0.731087 -0.682282
vn 0.001642 0.731087 -0.682282
vn -0.315345 0.560111 -0.766050
vn -0.536370 0.763144 -0.360442
vn -0.308219 0.906623 -0.288160
vn -0.091596 0.309801 -0.946379
vn -0.292022 0.154040 -0.943925
vn -0.485842 0.392815 -0.780803
vn -0.315345 0.560111 -0.766050
vn -0.315345 0.560111 -0.766050
vn -0.485842 0.392815 -0.780803
vn -0.680118 0.634390 -0.367408
vn -0.536370 0.763144 -0.360442
vn -0.465203 0.126510 -0.876117
vn -0.596238 0.035300 -0.802031
vn -0.960639 0.118699 -0.251163
vn -0.904173 0.250327 -0.346132
vn -0.235800 0.103795 -0.966243
vn -0.129990 -0.048162 -0.990345
vn -0.596238 0.035300 -0.802031
vn -0.465203 0.126510 -0.876117
vn 0.343553 0.536283 0.770955
vn 0.394051 0.760755 0.515728
vn 0.139844 0.792076 0.594188
vn 0.032910 0.650298 0.758966
vn -0.122856 0.971236 0.203978
vn 0.139844 0.792076 0.594188
vn 0.394051 0.760755 0.515728
vn 0.108524 0.994094 0.000468
vn 0.108524 0.994094 0.000468
vn -0.308219 0.906623 -0.288160
vn -0.421975 0.904937 0.055010
vn -0.122856 0.971236 0.203978
vn -0.308219 0.906623 -0.288160
vn -0.536370 0.763144 -0.360442
vn -0.590110 0.806614 0.033822
vn -0.421975 0.904937 0.055010
vn -0.536370 0.763144 -0.360442
vn -0.680118 0.634390 -0.367408
vn -0.719086 0.692777 0.054553
vn -0.590110 0.806614 0.033822
vn -0.184520 0.556683 0.809973
vn -0.482080 0.722240 0.495952
vn -0.594480 0.633958 0.494663
vn -0.335825 0.454997 0.824742
vn 0.032910 0.650298 0.758966
vn -0.331093 0.809085 0.485550
vn -0.482080 0.722240 0.495952
vn -0.184520 0.556683 0.809973
vn 0.139844 0.792076 0.594188
vn -0.183596 0.865682 0.465712
vn -0.331093 0.809085 0.485550
vn 0.032910 0.650298 0.758966
vn -0.122856 0.971236 0.203978
vn -0.183596 0.865682 0.465712
vn 0.139844 0.792076 0.594188
vn -0.421975 0.904937 0.055010
vn -0.331093 0.809085 0.485550
vn -0.183596 0.865682 0.465712
vn -0.122856 0.971236 0.203978
vn -0.590110 0.806614 0.033822
vn -0.482080 0.722240 0.495952
vn -0.331093 0.809085 0.485550
vn -0.421975 0.904937 0.055010
vn -0.719086 0.692777 0.054553
vn -0.594480 0.633958 0.494663
vn -0.482080 0.722240 0.495952
vn -0.590110 0.806614 0.033822
vn -0.573217 0.091847 0.814240
vn 0.032400 0.017612 0.999320
vn -0.212544 -0.904152 -0.370585
vn -0.944207 0.210271 -0.253494
vn 0.811032 -0.513968 -0.279401
vn 0.813431 -0.561288 0.152595
vn 0.885441 -0.412791 0.213536
vn 0.831732 -0.433686 -0.346611
vn 0.504758 -0.849423 -0.153948
vn 0.729184 -0.642190 -0.236396
vn 0.850031 -0.466514 -0.244564
vn 0.779609 -0.620286 -0.086344
vn 0.850031 -0.466514 -0.244564
vn 0.729184 -0.642190 -0.236396
vn 0.652848 -0.503690 -0.565761
vn 0.728612 -0.299687 -0.615884
vn 0.652848 -0.503690 -0.565761
vn 0.493650 -0.491444 -0.717490
vn 0.542039 -0.346590 -0.765551
vn 0.728612 -0.299687 -0.615884
vn 0.493650 -0.491444 -0.717490
vn 0.463429 -0.667549 -0.582763
vn 0.507493 -0.522418 -0.685223
vn 0.542039 -0.346590 -0.765551
vn 0.463429 -0.667549 -0.582763
vn 0.477713 -0.805686 -0.350228
vn 0.556643 -0.658015 -0.507114
vn 0.507493 -0.522418 -0.685223
vn 0.885441 -0.412791 0.213536
vn 0.813431 -0.561288 0.152595
vn 0.718933 -0.661880 0.212250
vn 0.714986 -0.317117 0.623083
vn -0.678670 -0.271457 -0.682435
vn -0.154813 -0.393720 -0.906100
vn -0.685905 -0.565559 -0.457907
vn 0.780425 -0.464185 -0.418890
vn 0.817015 -0.550961 0.170081
vn 0.369912 -0.926470 0.069411
vn -0.551131 -0.212947 0.806789
vn -0.734642 -0.657712 -0.166482
vn 0.045175 -0.246776 0.968019
vn -0.943201 -0.190738 -0.272013
vn -0.734642 -0.657712 -0.166482
vn -0.551131 -0.212947 0.806789
vn -0.995824 -0.056647 0.071591
vn -0.946003 -0.300880 0.120623
vn -0.723011 -0.243845 0.646370
vn -0.693427 -0.003765 0.720517
vn -0.491827 -0.233562 -0.838782
vn -0.458559 -0.408371 -0.789276
vn -0.946003 -0.300880 0.120623
vn -0.995824 -0.056647 0.071591
vn -0.693427 -0.003765 0.720517
vn -0.723011 -0.243845 0.646370
vn 0.227530 -0.140385 0.963599
vn 0.226127 -0.005349 0.974083
vn -0.032164 -0.280328 -0.959365
vn -0.042330 -0.415928 -0.908412
vn -0.458559 -0.408371 -0.789276
vn -0.491827 -0.233562 -0.838782
vn 0.226127 -0.005349 0.974083
vn 0.227530 -0.140385 0.963599
vn 0.540439 -0.174755 0.823035
vn 0.565935 -0.048943 0.822996
vn 0.960040 -0.235286 -0.151539
vn 0.863983 -0.466205 -0.190228
vn 0.874340 -0.445953 -0.191456
vn 0.961125 -0.232770 -0.148513
vn -0.946003 -0.300880 0.120623
vn -0.623856 -0.780194 0.045844
vn -0.566071 -0.764564 0.308230
vn -0.723011 -0.243845 0.646370
vn 0.400788 -0.908738 -0.116466
vn 0.874340 -0.445953 -0.191456
vn 0.863983 -0.466205 -0.190228
vn 0.400788 -0.908738 -0.116466
vn -0.042330 -0.415928 -0.908412
vn -0.623856 -0.780194 0.045844
vn -0.458559 -0.408371 -0.789276
vn -0.946003 -0.300880 0.120623
vn -0.458559 -0.408371 -0.789276
vn -0.623856 -0.780194 0.045844
vn -0.566071 -0.764564 0.308230
vn 0.227530 -0.140385 0.963599
vn -0.723011 -0.243845 0.646370
vn 0.227530 -0.140385 0.963599
vn -0.566071 -0.764564 0.308230
vn 0.540439 -0.174755 0.823035
vn -0.026759 0.136784 0.990240
vn 0.012739 -0.397622 0.917461
vn 0.244339 -0.447138 0.860445
vn 0.485690 -0.037467 0.873328
vn -0.304166 -0.938252 0.164820
vn -0.615412 -0.769588 -0.170301
vn 0.150244 -0.947237 -0.283141
vn -0.107687 -0.984845 0.135955
vn -0.026759 0.136784 0.990240
vn -0.445982 0.290815 0.846479
vn 0.012739 -0.397622 0.917461
vn -0.304166 -0.938252 0.164820
vn -0.949369 -0.313993 -0.010375
vn -0.615412 -0.769588 -0.170301
vn 0.244339 -0.447138 0.860445
vn 0.729869 -0.093092 0.677219
vn 0.485690 -0.037467 0.873328
vn 0.150244 -0.947237 -0.283141
vn 0.693345 -0.686780 -0.218190
vn -0.107687 -0.984845 0.135955
vn 0.729184 -0.642190 -0.236396
vn 0.504758 -0.849423 -0.153948
vn 0.383254 -0.861527 -0.332998
vn 0.652848 -0.503690 -0.565761
vn 0.504758 -0.849423 -0.153948
vn 0.243974 -0.967925 -0.059987
vn 0.319556 -0.932905 -0.166048
vn 0.383254 -0.861527 -0.332998
vn 0.652848 -0.503690 -0.565761
vn 0.383254 -0.861527 -0.332998
vn 0.463429 -0.667549 -0.582763
vn 0.493650 -0.491444 -0.717490
vn 0.383254 -0.861527 -0.332998
vn 0.319556 -0.932905 -0.166048
vn 0.477713 -0.805686 -0.350228
vn 0.463429 -0.667549 -0.582763
vn -0.292022 0.154040 -0.943925
vn -0.319548 0.102643 -0.941994
vn -0.597450 0.318835 -0.735797
vn -0.485842 0.392815 -0.780803
vn -0.485842 0.392815 -0.780803
vn -0.597450 0.318835 -0.735797
vn -0.807998 0.494858 -0.319773
vn -0.680118 0.634390 -0.367408
vn -0.680118 0.634390 -0.367408
vn -0.807998 0.494858 -0.319773
vn -0.835904 0.544377 0.070132
vn -0.719086 0.692777 0.054553
vn -0.719086 0.692777 0.054553
vn -0.835904 0.544377 0.070132
vn -0.723659 0.455333 0.518642
vn -0.594480 0.633958 0.494663
vn 0.243974 -0.967925 -0.059987
vn 0.441063 -0.874853 -0.200238
vn 0.392751 -0.919581 -0.010867
vn 0.319556 -0.932905 -0.166048
vn 0.319556 -0.932905 -0.166048
vn 0.392751 -0.919581 -0.010867
vn 0.620547 -0.780520 -0.075568
vn 0.477713 -0.805686 -0.350228
vn 0.032910 0.650298 0.758966
vn -0.184520 0.556683 0.809973
vn 0.124753 0.547558 0.827416
vn 0.343553 0.536283 0.770955
vn -0.184520 0.556683 0.809973
vn -0.335825 0.454997 0.824742
vn -0.222571 0.398030 0.889963
vn 0.124753 0.547558 0.827416
vn -0.335825 0.454997 0.824742
vn -0.430069 0.331282 0.839817
vn -0.019761 0.211131 0.977258
vn -0.222571 0.398030 0.889963
vn -0.335825 0.454997 0.824742
vn -0.594480 0.633958 0.494663
vn -0.723659 0.455333 0.518642
vn -0.430069 0.331282 0.839817
vn 0.343553 0.536283 0.770955
vn 0.124753 0.547558 0.827416
vn 0.686468 0.327798 0.649084
vn 0.764487 0.235733 0.599992
vn 0.884111 0.053968 0.464149
vn 0.905999 -0.007342 0.423215
vn 0.764487 0.235733 0.599992
vn 0.686468 0.327798 0.649084
vn 0.779609 -0.620286 -0.086344
vn 0.759056 -0.639617 -0.121340
vn 0.391841 -0.894468 -0.215376
vn 0.504758 -0.849423 -0.153948
vn -0.117490 -0.992590 0.031018
vn 0.243974 -0.967925 -0.059987
vn 0.504758 -0.849423 -0.153948
vn 0.391841 -0.894468 -0.215376
vn 0.441063 -0.874853 -0.200238
vn 0.243974 -0.967925 -0.059987
vn -0.117490 -0.992590 0.031018
vn 0.629343 -0.632063 0.452133
vn 0.391841 -0.894468 -0.215376
vn 0.332157 -0.843517 -0.422079
vn -0.649168 -0.680678 -0.339497
vn -0.117490 -0.992590 0.031018
vn 0.759056 -0.639617 -0.121340
vn 0.774548 -0.613486 -0.153983
vn 0.332157 -0.843517 -0.422079
vn 0.391841 -0.894468 -0.215376
vn 0.656020 0.420001 0.627086
vn 0.686468 0.327798 0.649084
vn 0.124753 0.547558 0.827416
vn 0.000813 0.611405 0.791318
vn 0.000813 0.611405 0.791318
vn 0.124753 0.547558 0.827416
vn -0.222571 0.398030 0.889963
vn -0.373950 0.554323 0.743564
vn 0.686468 0.327798 0.649084
vn 0.656020 0.420001 0.627086
vn 0.884304 0.175483 0.432680
vn 0.884111 0.053968 0.464149
vn -0.117490 -0.992590 0.031018
vn -0.407616 -0.745473 0.527370
vn 0.578891 -0.374964 0.724077
vn 0.629343 -0.632063 0.452133
vn -0.117490 -0.992590 0.031018
vn -0.649168 -0.680678 -0.339497
vn -0.922123 -0.383212 -0.053264
vn -0.407616 -0.745473 0.527370
vn 0.943301 -0.322857 0.077116
vn 0.791172 -0.611105 0.024425
vn 0.671587 -0.706176 -0.224247
vn 0.631849 -0.459571 -0.624149
vn -0.582842 -0.620380 0.524808
vn -0.686415 -0.186641 0.702851
vn -0.913111 -0.324124 0.247331
vn -0.647171 -0.651827 0.395336
vn -0.686415 -0.186641 0.702851
vn -0.582842 -0.620380 0.524808
vn -0.025713 0.072521 0.997035
vn 0.943301 -0.322857 0.077116
vn 0.802425 -0.102371 0.587906
vn 0.791172 -0.611105 0.024425
vn 0.631849 -0.459571 -0.624149
vn 0.671587 -0.706176 -0.224247
vn -0.087251 -0.379591 -0.921031
vn -0.913111 -0.324124 0.247331
vn -0.725117 -0.449050 -0.522072
vn -0.647171 -0.651827 0.395336
vn 0.718933 -0.661880 0.212250
vn 0.392751 -0.919581 -0.010867
vn 0.441063 -0.874853 -0.200238
vn 0.635829 -0.729934 -0.250835
vn -0.800044 0.237593 0.550890
vn -0.723659 0.455333 0.518642
vn -0.835904 0.544377 0.070132
vn -0.950545 0.303105 0.067758
vn -0.860758 0.104128 0.498250
vn -0.209426 -0.156963 0.965144
vn 0.433802 -0.403348 0.805684
vn -0.766593 -0.280984 -0.577393
vn 0.006758 -0.404231 -0.914632
vn 0.635829 -0.729934 -0.250835
vn 0.441063 -0.874853 -0.200238
vn 0.545359 -0.465942 -0.696765
vn -0.835904 0.544377 0.070132
vn -0.807998 0.494858 -0.319773
vn -0.944207 0.210271 -0.253494
vn -0.950545 0.303105 0.067758
vn -0.807998 0.494858 -0.319773
vn -0.597450 0.318835 -0.735797
vn -0.904173 0.250327 -0.346132
vn -0.944207 0.210271 -0.253494
vn 0.556643 -0.658015 -0.507114
vn 0.477713 -0.805686 -0.350228
vn 0.620547 -0.780520 -0.075568
vn 0.677910 -0.662901 -0.317806
vn 0.718933 -0.661880 0.212250
vn 0.813431 -0.561288 0.152595
vn 0.620547 -0.780520 -0.075568
vn 0.392751 -0.919581 -0.010867
vn 0.813431 -0.561288 0.152595
vn 0.811032 -0.513968 -0.279401
vn 0.677910 -0.662901 -0.317806
vn 0.620547 -0.780520 -0.075568
vn -0.465203 0.126510 -0.876117
vn -0.597450 0.318835 -0.735797
vn -0.319548 0.102643 -0.941994
vn -0.235800 0.103795 -0.966243
vn -0.465203 0.126510 -0.876117
vn -0.904173 0.250327 -0.346132
vn -0.597450 0.318835 -0.735797
vn -0.723659 0.455333 0.518642
vn -0.800044 0.237593 0.550890
vn -0.209426 -0.156963 0.965144
vn -0.860758 0.104128 0.498250
vn -0.954105 -0.283412 0.096755
vn -0.629343 -0.632064 0.452131
vn -0.441060 -0.874855 -0.200238
vn -0.545357 -0.465945 -0.696765
vn 0.629343 -0.632063 0.452133
vn 0.954106 -0.283408 0.096755
vn 0.545359 -0.465942 -0.696765
vn 0.441063 -0.874853 -0.200238
s 1
g Goblin_low GoblinHands_low
usemtl lambert3SG
f 1172/1471/4647 1169/1472/4648 1170/1473/4649 1171/1474/4650
f 1171/1474/4650 1170/1473/4649 1173/1475/4651 1174/1476/4652
f 1174/1476/4652 1173/1475/4651 1175/1477/4653 1176/1478/4654
s off
f 1176/1479/4655 1175/1480/4656 1179/1481/4657 1180/1482/4658
f 1178/1483/4659 1177/1484/4660 1169/1485/4661 1172/1486/4662
f 1180/1482/4663 1179/1481/4664 1177/1484/4665 1178/1483/4666
f 1170/1473/4667 1169/1472/4668 1181/1487/4669 1182/1488/4670
f 1173/1475/4671 1170/1473/4672 1182/1488/4673 1183/1489/4674
f 1175/1477/4675 1173/1475/4676 1183/1489/4677 1184/1490/4678
f 1179/1481/4679 1175/1480/4680 1184/1491/4681 1185/1492/4682
f 1169/1485/4683 1177/1484/4684 1186/1493/4685 1181/1494/4686
f 1177/1484/4687 1179/1481/4688 1185/1492/4689 1186/1493/4690
s 1
f 1172/1471/4691 1171/1474/4650 1187/1495/4692 1188/1496/4693
f 1171/1474/4650 1174/1476/4652 1189/1497/4694 1187/1495/4692
f 1174/1476/4652 1176/1478/4695 1190/1498/4696 1189/1497/4694
s off
f 1176/1479/4697 1180/1482/4698 1191/1499/4699 1190/1500/4700
f 1178/1483/4701 1172/1486/4702 1188/1501/4703 1192/1502/4704
f 1180/1482/4705 1178/1483/4706 1192/1502/4707 1191/1499/4708
f 1194/1503/4709 1193/1504/4710 1195/1505/4711 1196/1506/4712
f 1196/1506/4713 1195/1505/4714 1262/1507/4715 1263/1508/4716
f 1199/1509/4717 1200/1510/4718 1197/1511/4719 1198/1512/4720
f 1202/1513/4721 1199/1509/4722 1198/1512/4723 1201/1514/4724
f 1200/1515/4725 1203/1516/4726 1204/1517/4727 1197/1518/4728
f 1198/1512/4729 1197/1511/4730 1209/1519/4731 1210/1520/4732
f 1201/1514/4733 1198/1512/4734 1210/1520/4735 1211/1521/4736
f 1197/1518/4737 1204/1517/4738 1212/1522/4739 1209/1523/4740
f 1205/1524/4741 1201/1514/4742 1211/1521/4743 1213/1525/4744
f 1207/1526/4745 1205/1527/4746 1213/1528/4747 1214/1529/4748
f 1204/1517/4749 1207/1526/4750 1214/1529/4751 1212/1522/4752
f 1210/1520/4753 1209/1519/4754 1215/1530/4755 1216/1531/4756
f 1211/1521/4757 1210/1520/4758 1216/1531/4759 1217/1532/4760
f 1209/1523/4761 1212/1522/4762 1218/1533/4763 1215/1534/4764
f 1213/1525/4765 1211/1521/4766 1217/1532/4767 1219/1535/4768
f 1214/1529/4769 1213/1528/4770 1219/1536/4771 1220/1537/4772
f 1212/1522/4773 1214/1529/4774 1220/1537/4775 1218/1533/4776
f 1193/1504/4777 1221/1538/4778 1222/1539/4779 1195/1505/4780
f 1195/1505/4781 1222/1539/4782 1264/1540/4783 1262/1507/4784
f 1227/1541/4785 1224/1542/4786 1225/1543/4787 1226/1544/4788
f 1225/1543/4789 1224/1542/4790 1228/1545/4791 1229/1546/4792
f 1227/1541/4793 1226/1544/4794 1206/1547/4795 1230/1548/4796
f 1229/1546/4797 1228/1545/4798 1231/1549/4799 1232/1550/4800
f 1230/1548/4801 1206/1547/4802 1233/1551/4803 1234/1552/4804
f 1234/1553/4805 1233/1554/4806 1232/1555/4807 1231/1556/4808
f 1224/1542/4809 1227/1541/4810 1235/1557/4811 1236/1558/4812
f 1228/1545/4813 1224/1542/4814 1236/1558/4815 1237/1559/4816
f 1227/1541/4817 1230/1548/4818 1238/1560/4819 1235/1557/4820
f 1231/1549/4821 1228/1545/4822 1237/1559/4823 1239/1561/4824
f 1230/1548/4825 1234/1552/4826 1240/1562/4827 1238/1560/4828
f 1234/1553/4829 1231/1556/4830 1239/1563/4831 1240/1564/4832
f 1244/1565/4833 1241/1566/4834 1242/1567/4835 1243/1568/4836
f 1243/1568/4837 1242/1567/4838 1245/1569/4839 1246/1570/4840
f 1241/1566/4841 1244/1565/4842 1247/1571/4843 1248/1572/4844
f 1248/1573/4845 1247/1574/4846 1249/1575/4847 1250/1576/4848
f 1250/1576/4849 1249/1575/4850 1251/1577/4851 1252/1578/4852
f 1252/1579/4853 1251/1580/4854 1246/1570/4855 1245/1569/4856
f 1242/1567/4857 1241/1566/4858 1253/1581/4859 1254/1582/4860
f 1245/1569/4861 1242/1567/4862 1254/1582/4863 1255/1583/4864
f 1241/1566/4865 1248/1572/4866 1256/1584/4867 1253/1581/4868
f 1248/1573/4869 1250/1576/4870 1257/1585/4871 1256/1586/4872
f 1250/1576/4873 1252/1578/4874 1258/1587/4875 1257/1585/4876
f 1252/1579/4877 1245/1569/4878 1255/1583/4879 1258/1588/4880
f 1255/1583/4881 1254/1582/4882 1259/1589/4883 1260/1590/4884
f 1256/1586/4885 1257/1585/4886 1260/1591/4887 1259/1592/4888
f 1244/1565/4889 1243/1568/4890 1261/1593/4891 1229/1546/4892
f 1263/1508/4893 1262/1507/4894 1265/1594/4895 1266/1595/4896
f 1262/1507/4897 1264/1540/4898 1267/1596/4899 1265/1594/4900
f 1266/1595/4901 1265/1594/4902 1268/1597/4903 1269/1598/4904
f 1265/1594/4905 1267/1596/4906 1270/1599/4907 1268/1597/4908
f 1269/1598/4909 1268/1597/4910 1271/1600/4911 1272/1601/4912
f 1268/1597/4913 1270/1599/4914 1273/1602/4915 1271/1600/4916
f 1274/1603/4917 1261/1593/4918 1243/1568/4919 1246/1570/4920
f 1275/1604/4921 1274/1603/4922 1246/1570/4923 1251/1580/4924
f 1221/1538/4925 1277/1605/4926 1278/1606/4927 1222/1539/4928
f 1279/1607/4929 1264/1540/4930 1222/1539/4931 1278/1606/4932
f 1264/1540/4933 1279/1607/4934 1280/1608/4935 1267/1596/4936
f 1267/1596/4937 1280/1608/4938 1281/1609/4939 1270/1599/4940
f 1270/1599/4941 1281/1609/4942 1282/1610/4943 1273/1602/4944
f 1276/1611/4945 1223/1612/4946 1283/1613/4947 1284/1614/4948
f 1277/1605/4949 1276/1611/4950 1284/1614/4951 1285/1615/4952
f 1278/1606/4953 1277/1605/4954 1285/1615/4955 1286/1616/4956
f 1279/1607/4957 1278/1606/4958 1286/1616/4959
f 1280/1608/4960 1279/1607/4961 1286/1616/4962 1285/1615/4963
f 1281/1609/4964 1280/1608/4965 1285/1615/4966 1284/1614/4967
f 1282/1610/4968 1281/1609/4969 1284/1614/4970 1283/1613/4971
f 1244/1565/4972 1229/1546/4973 1232/1550/4974 1247/1571/4975
f 1275/1617/4976 1251/1577/4977 1249/1575/4978 1289/1618/4979
f 1288/1619/4980 1194/1620/4981 1196/1621/4982 1290/1622/4983
f 1196/1621/4984 1263/1623/4985 1291/1624/4986 1290/1622/4987
f 1291/1624/4988 1263/1623/4989 1266/1625/4990 1292/1626/4991
f 1292/1626/4992 1266/1625/4993 1269/1627/4994 1293/1628/4995
f 1293/1628/4996 1269/1627/4997 1272/1629/4998 1294/1630/4999
f 1249/1575/5000 1247/1574/5001 1232/1555/5002 1289/1618/5003
f 1255/1583/5004 1260/1590/5005 1258/1588/5006
f 1258/1587/5007 1260/1591/5008 1257/1585/5009
f 1253/1581/5010 1256/1584/5011 1259/1589/5012
f 1254/1582/5013 1253/1581/5014 1259/1589/5015
f 1236/1558/5016 1235/1557/5017 1295/1631/5018 1296/1632/5019
f 1237/1559/5020 1236/1558/5021 1296/1632/5022 1297/1633/5023
f 1235/1557/5024 1238/1560/5025 1298/1634/5026 1295/1631/5027
f 1239/1561/5028 1237/1559/5029 1297/1633/5030 1299/1635/5031
f 1238/1560/5032 1240/1562/5033 1300/1636/5034 1298/1634/5035
f 1240/1564/5036 1239/1563/5037 1299/1637/5038 1300/1638/5039
f 1296/1632/5040 1295/1631/5041 1301/1639/5042 1302/1640/5043
f 1302/1641/5044 1301/1642/5045 1300/1638/5046 1299/1637/5047
f 1299/1635/5048 1297/1633/5049 1302/1640/5050
f 1296/1632/5051 1302/1640/5052 1297/1633/5053
f 1301/1639/5054 1295/1631/5055 1298/1634/5056
f 1298/1634/5057 1300/1636/5058 1301/1639/5059
s 1
f 1187/1495/4692 1189/1497/4694 1304/1643/5060 1303/1644/5061
s off
f 1303/1645/5062 1304/1646/5063 1191/1499/5064 1192/1502/5065
f 1187/1495/5066 1303/1644/5067 1188/1496/5068
f 1303/1645/5069 1192/1502/5070 1188/1501/5071
f 1304/1643/5072 1189/1497/5073 1190/1498/5074
f 1191/1499/5075 1304/1646/5076 1190/1500/5077
f 1290/1622/5078 1291/1624/5079 1305/1647/5080 1288/1619/5081
f 1288/1619/5082 1305/1647/5083 1306/1648/5084 1287/1649/5085
f 1291/1624/5086 1292/1626/5087 1293/1628/5088 1305/1647/5089
f 1305/1647/5090 1293/1628/5091 1294/1630/5092 1306/1648/5093
f 1272/1601/5094 1271/1600/5095 1313/1650/5096 1314/1651/5097
f 1271/1600/5098 1273/1602/5099 1318/1652/5100 1313/1650/5101
f 1273/1602/5102 1282/1610/5103 1317/1653/5104 1318/1652/5105
f 1282/1610/5106 1283/1613/5107 1202/1513/5108 1317/1653/5109
f 1287/1649/5110 1306/1648/5111 1316/1654/5112 1208/1655/5113
f 1306/1648/5114 1294/1630/5115 1315/1656/5116 1316/1654/5117
f 1277/1605/5118 1221/1538/5119 1308/1657/5120 1276/1611/5121
f 1276/1611/5122 1308/1657/5123 1307/1658/5124 1223/1612/5125
f 1223/1612/5126 1307/1658/5127 1200/1510/5128 1199/1509/5129
f 1223/1612/5130 1199/1509/5131 1202/1513/5132 1283/1613/5133
f 1221/1538/5134 1193/1504/5135 1312/1659/5136 1308/1657/5137
f 1311/1660/5138 1312/1659/5139 1193/1504/5140 1194/1503/5141
f 1194/1620/5142 1288/1619/5143 1310/1661/5144 1311/1662/5145
f 1309/1663/5146 1310/1661/5147 1288/1619/5148 1287/1649/5149
f 1208/1655/5150 1203/1516/5151 1309/1663/5152 1287/1649/5153
f 1310/1661/5154 1309/1663/5155 1186/1493/5156 1185/1492/5157
f 1311/1662/5158 1310/1661/5159 1185/1492/5160 1184/1491/5161
f 1183/1489/5162 1182/1488/5163 1308/1657/5164 1312/1659/5165
f 1182/1488/5166 1181/1487/5167 1307/1658/5168 1308/1657/5169
f 1312/1659/5170 1311/1660/5171 1184/1490/5172 1183/1489/5173
f 1309/1663/5174 1203/1516/5175 1200/1515/5176 1307/1664/5177
f 1309/1663/5178 1307/1664/5179 1181/1494/5180 1186/1493/5181
f 1218/1533/5182 1220/1537/5183 1319/1665/5184 1320/1666/5185
f 1320/1667/5186 1319/1668/5187 1217/1532/5188 1216/1531/5189
f 1216/1531/5190 1215/1530/5191 1320/1667/5192
f 1218/1533/5193 1320/1666/5194 1215/1534/5195
f 1220/1537/5196 1219/1536/5197 1319/1665/5198
f 1217/1532/5199 1319/1668/5200 1219/1535/5201
f 1232/1555/5202 1233/1554/5203 1208/1655/5204 1316/1654/5205
f 1226/1544/5206 1225/1543/5207 1317/1653/5208 1202/1513/5209
f 1201/1514/5210 1205/1524/5211 1233/1551/5212 1206/1547/5213
f 1205/1527/5214 1207/1526/5215 1208/1655/5216 1233/1554/5217
f 1317/1653/5218 1225/1543/5219 1229/1546/5220 1318/1652/5221
f 1318/1652/5222 1229/1546/5223 1261/1593/5224 1313/1650/5225
f 1272/1629/5226 1314/1669/5227 1315/1656/5228 1294/1630/5229
f 1232/1555/5230 1316/1654/5231 1315/1656/5232 1289/1618/5233
f 1289/1618/5234 1315/1656/5235 1314/1669/5236 1275/1617/5237
f 1274/1603/5238 1275/1604/5239 1314/1651/5240 1313/1650/5241
f 1274/1603/5242 1313/1650/5243 1261/1593/5244
f 1202/1513/5245 1201/1514/5246 1206/1547/5247 1226/1544/5248
f 1324/1670/5249 1323/1671/5250 1322/1672/5251 1321/1673/5252
f 1323/1671/5253 1326/1674/5254 1325/1675/5255 1322/1672/5256
f 1326/1674/5257 1328/1676/5258 1327/1677/5259 1325/1675/5260
f 1328/1678/5261 1332/1679/5262 1331/1680/5263 1327/1681/5264
f 1330/1682/5265 1324/1683/5266 1321/1684/5267 1329/1685/5268
f 1332/1679/5269 1330/1682/5270 1329/1685/5271 1331/1680/5272
f 1322/1672/5273 1334/1686/5274 1333/1687/5275 1321/1673/5276
f 1325/1675/5277 1335/1688/5278 1334/1686/5279 1322/1672/5280
f 1327/1677/5281 1336/1689/5282 1335/1688/5283 1325/1675/5284
f 1331/1680/5285 1337/1690/5286 1336/1691/5287 1327/1681/5288
f 1321/1684/5289 1333/1692/5290 1338/1693/5291 1329/1685/5292
f 1329/1685/5293 1338/1693/5294 1337/1690/5295 1331/1680/5296
f 1324/1670/5297 1340/1694/5298 1339/1695/5299 1323/1671/5300
f 1323/1671/5301 1339/1695/5302 1341/1696/5303 1326/1674/5304
f 1326/1674/5305 1341/1696/5306 1342/1697/5307 1328/1676/5308
f 1328/1678/5309 1342/1698/5310 1343/1699/5311 1332/1679/5312
f 1330/1682/5313 1344/1700/5314 1340/1701/5315 1324/1683/5316
f 1332/1679/5317 1343/1699/5318 1344/1700/5319 1330/1682/5320
f 1346/1702/5321 1348/1703/5322 1347/1704/5323 1345/1705/5324
f 1348/1703/5325 1415/1706/5326 1414/1707/5327 1347/1704/5328
f 1351/1708/5329 1350/1709/5330 1349/1710/5331 1352/1711/5332
f 1354/1712/5333 1353/1713/5334 1350/1709/5335 1351/1708/5336
f 1352/1714/5337 1349/1715/5338 1356/1716/5339 1355/1717/5340
f 1350/1709/5341 1362/1718/5342 1361/1719/5343 1349/1710/5344
f 1353/1713/5345 1363/1720/5346 1362/1718/5347 1350/1709/5348
f 1349/1715/5349 1361/1721/5350 1364/1722/5351 1356/1716/5352
f 1357/1723/5353 1365/1724/5354 1363/1720/5355 1353/1713/5356
f 1359/1725/5357 1366/1726/5358 1365/1727/5359 1357/1728/5360
f 1356/1716/5361 1364/1722/5362 1366/1726/5363 1359/1725/5364
f 1362/1718/5365 1368/1729/5366 1367/1730/5367 1361/1719/5368
f 1363/1720/5369 1369/1731/5370 1368/1729/5371 1362/1718/5372
f 1361/1721/5373 1367/1732/5374 1370/1733/5375 1364/1722/5376
f 1365/1724/5377 1371/1734/5378 1369/1731/5379 1363/1720/5380
f 1366/1726/5381 1372/1735/5382 1371/1736/5383 1365/1727/5384
f 1364/1722/5385 1370/1733/5386 1372/1735/5387 1366/1726/5388
f 1345/1705/5389 1347/1704/5390 1374/1737/5391 1373/1738/5392
f 1347/1704/5393 1414/1707/5394 1416/1739/5395 1374/1737/5396
f 1379/1740/5397 1378/1741/5398 1377/1742/5399 1376/1743/5400
f 1377/1742/5401 1381/1744/5402 1380/1745/5403 1376/1743/5404
f 1379/1740/5405 1382/1746/5406 1358/1747/5407 1378/1741/5408
f 1381/1744/5409 1384/1748/5410 1383/1749/5411 1380/1745/5412
f 1382/1746/5413 1386/1750/5414 1385/1751/5415 1358/1747/5416
f 1386/1752/5417 1383/1753/5418 1384/1754/5419 1385/1755/5420
f 1376/1743/5421 1388/1756/5422 1387/1757/5423 1379/1740/5424
f 1380/1745/5425 1389/1758/5426 1388/1756/5427 1376/1743/5428
f 1379/1740/5429 1387/1757/5430 1390/1759/5431 1382/1746/5432
f 1383/1749/5433 1391/1760/5434 1389/1758/5435 1380/1745/5436
f 1382/1746/5437 1390/1759/5438 1392/1761/5439 1386/1750/5440
f 1386/1752/5441 1392/1762/5442 1391/1763/5443 1383/1753/5444
f 1396/1764/5445 1395/1765/5446 1394/1766/5447 1393/1767/5448
f 1395/1765/5449 1398/1768/5450 1397/1769/5451 1394/1766/5452
f 1393/1767/5453 1400/1770/5454 1399/1771/5455 1396/1764/5456
f 1400/1772/5457 1402/1773/5458 1401/1774/5459 1399/1775/5460
f 1402/1773/5461 1404/1776/5462 1403/1777/5463 1401/1774/5464
f 1404/1778/5465 1397/1769/5466 1398/1768/5467 1403/1779/5468
f 1394/1766/5469 1406/1780/5470 1405/1781/5471 1393/1767/5472
f 1397/1769/5473 1407/1782/5474 1406/1780/5475 1394/1766/5476
f 1393/1767/5477 1405/1781/5478 1408/1783/5479 1400/1770/5480
f 1400/1772/5481 1408/1784/5482 1409/1785/5483 1402/1773/5484
f 1402/1773/5485 1409/1785/5486 1410/1786/5487 1404/1776/5488
f 1404/1778/5489 1410/1787/5490 1407/1782/5491 1397/1769/5492
f 1407/1782/5493 1412/1788/5494 1411/1789/5495 1406/1780/5496
f 1408/1784/5497 1411/1790/5498 1412/1791/5499 1409/1785/5500
f 1396/1764/5501 1381/1744/5502 1413/1792/5503 1395/1765/5504
f 1415/1706/5505 1418/1793/5506 1417/1794/5507 1414/1707/5508
f 1414/1707/5509 1417/1794/5510 1419/1795/5511 1416/1739/5512
f 1418/1793/5513 1421/1796/5514 1420/1797/5515 1417/1794/5516
f 1417/1794/5517 1420/1797/5518 1422/1798/5519 1419/1795/5520
f 1421/1796/5521 1424/1799/5522 1423/1800/5523 1420/1797/5524
f 1420/1797/5525 1423/1800/5526 1425/1801/5527 1422/1798/5528
f 1426/1802/5529 1398/1768/5530 1395/1765/5531 1413/1792/5532
f 1427/1803/5533 1403/1779/5534 1398/1768/5535 1426/1802/5536
f 1373/1738/5537 1374/1737/5538 1430/1804/5539 1429/1805/5540
f 1431/1806/5541 1430/1804/5542 1374/1737/5543 1416/1739/5544
f 1416/1739/5545 1419/1795/5546 1432/1807/5547 1431/1806/5548
f 1419/1795/5549 1422/1798/5550 1433/1808/5551 1432/1807/5552
f 1422/1798/5553 1425/1801/5554 1434/1809/5555 1433/1808/5556
f 1428/1810/5557 1436/1811/5558 1435/1812/5559 1375/1813/5560
f 1429/1805/5561 1437/1814/5562 1436/1811/5563 1428/1810/5564
f 1430/1804/5565 1438/1815/5566 1437/1814/5567 1429/1805/5568
f 1431/1806/5569 1438/1815/5570 1430/1804/5571
f 1432/1807/5572 1437/1814/5573 1438/1815/5574 1431/1806/5575
f 1433/1808/5576 1436/1811/5577 1437/1814/5578 1432/1807/5579
f 1434/1809/5580 1435/1812/5581 1436/1811/5582 1433/1808/5583
f 1396/1764/5584 1399/1771/5585 1384/1748/5586 1381/1744/5587
f 1427/1816/5588 1441/1817/5589 1401/1774/5590 1403/1777/5591
f 1440/1818/5592 1442/1819/5593 1348/1820/5594 1346/1821/5595
f 1348/1820/5596 1442/1819/5597 1443/1822/5598 1415/1823/5599
f 1443/1822/5600 1444/1824/5601 1418/1825/5602 1415/1823/5603
f 1444/1824/5604 1445/1826/5605 1421/1827/5606 1418/1825/5607
f 1445/1826/5608 1446/1828/5609 1424/1829/5610 1421/1827/5611
f 1401/1774/5612 1441/1817/5613 1384/1754/5614 1399/1775/5615
f 1407/1782/5616 1410/1787/5617 1412/1788/5618
f 1410/1786/5619 1409/1785/5620 1412/1791/5621
f 1405/1781/5622 1411/1789/5623 1408/1783/5624
f 1406/1780/5625 1411/1789/5626 1405/1781/5627
f 1388/1756/5628 1448/1830/5629 1447/1831/5630 1387/1757/5631
f 1389/1758/5632 1449/1832/5633 1448/1830/5634 1388/1756/5635
f 1387/1757/5636 1447/1831/5637 1450/1833/5638 1390/1759/5639
f 1391/1760/5640 1451/1834/5641 1449/1832/5642 1389/1758/5643
f 1390/1759/5644 1450/1833/5645 1452/1835/5646 1392/1761/5647
f 1392/1762/5648 1452/1836/5649 1451/1837/5650 1391/1763/5651
f 1448/1830/5652 1454/1838/5653 1453/1839/5654 1447/1831/5655
f 1454/1840/5656 1451/1837/5657 1452/1836/5658 1453/1841/5659
f 1451/1834/5660 1454/1838/5661 1449/1832/5662
f 1448/1830/5663 1449/1832/5664 1454/1838/5665
f 1453/1839/5666 1450/1833/5667 1447/1831/5668
f 1450/1833/5669 1453/1839/5670 1452/1835/5671
f 1339/1695/5672 1455/1842/5673 1456/1843/5674 1341/1696/5675
f 1455/1844/5676 1344/1700/5677 1343/1699/5678 1456/1845/5679
f 1339/1695/5680 1340/1694/5681 1455/1842/5682
f 1455/1844/5683 1340/1701/5684 1344/1700/5685
f 1456/1843/5686 1342/1697/5687 1341/1696/5688
f 1343/1699/5689 1342/1698/5690 1456/1845/5691
f 1442/1819/5692 1440/1818/5693 1457/1846/5694 1443/1822/5695
f 1440/1818/5696 1439/1847/5697 1458/1848/5698 1457/1846/5699
f 1443/1822/5700 1457/1846/5701 1445/1826/5702 1444/1824/5703
f 1457/1846/5704 1458/1848/5705 1446/1828/5706 1445/1826/5707
f 1424/1799/5708 1466/1849/5709 1465/1850/5710 1423/1800/5711
f 1423/1800/5712 1465/1850/5713 1470/1851/5714 1425/1801/5715
f 1425/1801/5716 1470/1851/5717 1469/1852/5718 1434/1809/5719
f 1434/1809/5720 1469/1852/5721 1354/1712/5722 1435/1812/5723
f 1439/1847/5724 1360/1853/5725 1468/1854/5726 1458/1848/5727
f 1458/1848/5728 1468/1854/5729 1467/1855/5730 1446/1828/5731
f 1429/1805/5732 1428/1810/5733 1460/1856/5734 1373/1738/5735
f 1428/1810/5736 1375/1813/5737 1459/1857/5738 1460/1856/5739
f 1375/1813/5740 1351/1708/5741 1352/1711/5742 1459/1857/5743
f 1375/1813/5744 1435/1812/5745 1354/1712/5746 1351/1708/5747
f 1373/1738/5748 1460/1856/5749 1464/1858/5750 1345/1705/5751
f 1463/1859/5752 1346/1702/5753 1345/1705/5754 1464/1858/5755
f 1346/1821/5756 1463/1860/5757 1462/1861/5758 1440/1818/5759
f 1461/1862/5760 1439/1847/5761 1440/1818/5762 1462/1861/5763
f 1360/1853/5764 1439/1847/5765 1461/1862/5766 1355/1717/5767
f 1462/1861/5768 1337/1690/5769 1338/1693/5770 1461/1862/5771
f 1463/1860/5772 1336/1691/5773 1337/1690/5774 1462/1861/5775
f 1335/1688/5776 1464/1858/5777 1460/1856/5778 1334/1686/5779
f 1334/1686/5780 1460/1856/5781 1459/1857/5782 1333/1687/5783
f 1464/1858/5784 1335/1688/5785 1336/1689/5786 1463/1859/5787
f 1461/1862/5788 1459/1863/5789 1352/1714/5790 1355/1717/5791
f 1461/1862/5792 1338/1693/5793 1333/1692/5794 1459/1863/5795
f 1370/1733/5796 1472/1864/5797 1471/1865/5798 1372/1735/5799
f 1472/1866/5800 1368/1729/5801 1369/1731/5802 1471/1867/5803
f 1368/1729/5804 1472/1866/5805 1367/1730/5806
f 1370/1733/5807 1367/1732/5808 1472/1864/5809
f 1372/1735/5810 1471/1865/5811 1371/1736/5812
f 1369/1731/5813 1371/1734/5814 1471/1867/5815
f 1384/1754/5816 1468/1854/5817 1360/1853/5818 1385/1755/5819
f 1378/1741/5820 1354/1712/5821 1469/1852/5822 1377/1742/5823
f 1353/1713/5824 1358/1747/5825 1385/1751/5826 1357/1723/5827
f 1357/1728/5828 1385/1755/5829 1360/1853/5830 1359/1725/5831
f 1469/1852/5832 1470/1851/5833 1381/1744/5834 1377/1742/5835
f 1470/1851/5836 1465/1850/5837 1413/1792/5838 1381/1744/5839
f 1424/1829/5840 1446/1828/5841 1467/1855/5842 1466/1868/5843
f 1384/1754/5844 1441/1817/5845 1467/1855/5846 1468/1854/5847
f 1441/1817/5848 1427/1816/5849 1466/1868/5850 1467/1855/5851
f 1426/1802/5852 1465/1850/5853 1466/1849/5854 1427/1803/5855
f 1426/1802/5856 1413/1792/5857 1465/1850/5858
f 1354/1712/5859 1378/1741/5860 1358/1747/5861 1353/1713/5862
f 1204/1517/5863 1203/1516/5864 1208/1655/5865 1207/1526/5866
f 1355/1717/5867 1356/1716/5868 1359/1725/5869 1360/1853/5870
g default
v -0.258708 0.128684 0.223295
v -0.226591 0.125838 0.133140
v -0.191496 0.020513 0.120441
v -0.229736 0.021154 0.225894
v -0.345129 0.200787 0.198084
v -0.327448 0.226155 0.120138
v -0.191496 0.002450 0.114923
v -0.229737 0.003091 0.225817
v -0.233260 0.020513 0.365806
v -0.286835 0.142925 0.346476
v -0.379021 0.198528 0.310899
v -0.233260 0.002450 0.367916
v -0.241085 0.002450 0.437294
v -0.295194 0.002450 0.545176
v -0.452791 0.189876 0.161246
v -0.415388 0.226155 0.092144
v -0.497850 0.176006 0.273877
v -0.543541 0.113153 0.120691
v -0.510995 0.116172 0.046307
v -0.622129 0.110567 0.242139
v -0.556953 0.021154 0.100126
v -0.526756 0.020568 0.019179
v -0.651560 0.020513 0.233508
v -0.556755 0.003091 0.100000
v -0.525125 0.002450 0.019059
v -0.651560 0.002450 0.231472
v -0.691349 0.002450 0.281580
v -0.731858 0.002450 0.383705
v -0.326898 0.252903 0.117393
v -0.326721 0.252903 0.090461
v -0.411919 0.252903 0.087549
v -0.393957 0.252903 0.068062
v -0.445354 0.252903 0.009039
v -0.420725 0.252903 0.008276
v -0.417622 0.252903 -0.076608
v -0.399777 0.252903 -0.053940
v -0.353221 0.252903 -0.104481
v -0.347582 0.252903 -0.084291
v -0.268156 0.252903 -0.083575
v -0.288337 0.252903 -0.067301
v -0.222764 0.252903 -0.013535
v -0.246854 0.252903 -0.007948
v -0.248805 0.252903 0.069674
v -0.276477 0.252903 0.060436
v -0.348102 0.231248 -0.058534
v -0.378183 0.220367 -0.033777
v -0.389399 0.225734 0.008079
v -0.371742 0.220896 0.040301
v -0.327006 0.223811 0.058726
v -0.295058 0.225372 0.036654
v -0.278513 0.236164 -0.001577
v -0.302306 0.234115 -0.044792
v -0.227446 0.226155 -0.022751
v -0.249886 0.226155 0.070002
v -0.354218 0.226155 -0.106059
v -0.264175 0.226155 -0.085890
v -0.417481 0.226155 -0.074281
v -0.450220 0.226155 0.012495
v -0.486396 0.118561 -0.028191
v -0.433812 0.125479 -0.108316
v -0.350057 0.126796 -0.151379
v -0.249120 0.128234 -0.127719
v -0.185533 0.127494 -0.052873
v -0.203448 0.126611 0.043754
v -0.493698 0.020513 -0.066557
v -0.434365 0.020513 -0.139142
v -0.355318 0.020513 -0.171640
v -0.245595 0.020513 -0.144581
v -0.171219 0.020513 -0.065712
v -0.172507 0.020513 0.033065
v -0.493698 0.002450 -0.066860
v -0.428769 0.002450 -0.139142
v -0.350105 0.002450 -0.171640
v -0.245595 0.002450 -0.144581
v -0.171219 0.002450 -0.063920
v -0.172507 0.002450 0.031539
v -0.471325 0.002450 0.630294
v -0.600945 0.002450 0.601464
v -0.694133 0.002450 0.523267
v -0.379410 0.002450 0.607480
v -0.302001 0.003091 0.222569
v -0.500115 0.003091 0.141553
v -0.409078 0.002450 0.557255
v -0.634849 0.002450 0.499724
v -0.350577 0.002450 0.476740
v -0.644713 0.002450 0.391551
v -0.608835 0.002450 0.314924
v -0.331221 0.002450 0.395791
v -0.558081 0.002450 0.240461
v -0.311518 0.002450 0.324226
v -0.460594 0.002450 0.038431
v -0.258249 0.002450 0.097035
v -0.243943 0.002450 0.017765
v -0.426768 0.002450 -0.041692
v -0.372114 0.002450 -0.105028
v -0.259976 0.002450 -0.076712
v -0.211123 0.020513 0.442563
v -0.281814 0.166418 0.430503
v -0.213554 0.020513 0.377164
v -0.277009 0.157081 0.353692
v -0.376273 0.212110 0.313252
v -0.403058 0.228940 0.405985
v -0.213554 0.002450 0.378173
v -0.211123 0.002450 0.443417
v -0.265208 0.020513 0.571127
v -0.338473 0.150719 0.590431
v -0.455444 0.192092 0.577169
v -0.265208 0.002450 0.566438
v -0.361979 0.020513 0.639995
v -0.466604 0.020513 0.664309
v -0.499857 0.193112 0.274380
v -0.545535 0.224800 0.355374
v -0.596087 0.184147 0.530331
v -0.615274 0.020513 0.633635
v -0.637293 0.122264 0.234390
v -0.655867 0.159964 0.295974
v -0.716348 0.125961 0.450733
v -0.726342 0.020513 0.542496
v -0.676499 0.020513 0.226314
v -0.706765 0.020513 0.252793
v -0.759683 0.020513 0.387189
v -0.671493 0.002450 0.227428
v -0.706765 0.002450 0.257727
v -0.759683 0.002450 0.382307
v -0.724311 0.002450 0.542496
v -0.365421 0.002450 0.639995
v -0.470236 0.002450 0.664309
v -0.618045 0.002450 0.633635
v 0.258708 0.128684 0.223295
v 0.226591 0.125838 0.133140
v 0.191496 0.020513 0.120441
v 0.229736 0.021154 0.225894
v 0.345129 0.200787 0.198084
v 0.327448 0.226155 0.120138
v 0.191496 0.002450 0.114923
v 0.229737 0.003091 0.225817
v 0.233260 0.020513 0.365806
v 0.286835 0.142925 0.346476
v 0.379021 0.198528 0.310899
v 0.233260 0.002450 0.367916
v 0.241085 0.002450 0.437294
v 0.295194 0.002450 0.545176
v 0.452791 0.189876 0.161246
v 0.415388 0.226155 0.092144
v 0.497850 0.176006 0.273877
v 0.543541 0.113153 0.120691
v 0.510995 0.116172 0.046307
v 0.622129 0.110567 0.242139
v 0.556953 0.021154 0.100126
v 0.526756 0.020568 0.019179
v 0.651560 0.020513 0.233508
v 0.556755 0.003091 0.100000
v 0.525125 0.002450 0.019059
v 0.651560 0.002450 0.231472
v 0.691349 0.002450 0.281580
v 0.731858 0.002450 0.383705
v 0.326898 0.252903 0.117393
v 0.326721 0.252903 0.090461
v 0.411919 0.252903 0.087549
v 0.393957 0.252903 0.068062
v 0.445354 0.252903 0.009039
v 0.420725 0.252903 0.008276
v 0.417622 0.252903 -0.076608
v 0.399777 0.252903 -0.053940
v 0.353221 0.252903 -0.104481
v 0.347582 0.252903 -0.084291
v 0.268156 0.252903 -0.083575
v 0.288337 0.252903 -0.067301
v 0.222764 0.252903 -0.013535
v 0.246854 0.252903 -0.007948
v 0.248805 0.252903 0.069674
v 0.276477 0.252903 0.060436
v 0.348102 0.231248 -0.058534
v 0.378183 0.220367 -0.033777
v 0.389399 0.225734 0.008079
v 0.371742 0.220896 0.040301
v 0.327006 0.223811 0.058726
v 0.295058 0.225372 0.036654
v 0.278513 0.236164 -0.001577
v 0.302306 0.234115 -0.044792
v 0.227446 0.226155 -0.022751
v 0.249886 0.226155 0.070002
v 0.354218 0.226155 -0.106059
v 0.264175 0.226155 -0.085890
v 0.417481 0.226155 -0.074281
v 0.450220 0.226155 0.012495
v 0.486396 0.118561 -0.028191
v 0.433812 0.125479 -0.108316
v 0.350057 0.126796 -0.151379
v 0.249120 0.128234 -0.127719
v 0.185533 0.127494 -0.052873
v 0.203448 0.126611 0.043754
v 0.493698 0.020513 -0.066557
v 0.434365 0.020513 -0.139142
v 0.355318 0.020513 -0.171640
v 0.245595 0.020513 -0.144581
v 0.171219 0.020513 -0.065712
v 0.172507 0.020513 0.033065
v 0.493698 0.002450 -0.066860
v 0.428769 0.002450 -0.139142
v 0.350105 0.002450 -0.171640
v 0.245595 0.002450 -0.144581
v 0.171219 0.002450 -0.063920
v 0.172507 0.002450 0.031539
v 0.471325 0.002450 0.630294
v 0.600945 0.002450 0.601464
v 0.694133 0.002450 0.523267
v 0.379410 0.002450 0.607480
v 0.302001 0.003091 0.222569
v 0.500115 0.003091 0.141553
v 0.409078 0.002450 0.557255
v 0.634849 0.002450 0.499724
v 0.350577 0.002450 0.476740
v 0.644713 0.002450 0.391551
v 0.608835 0.002450 0.314924
v 0.331221 0.002450 0.395791
v 0.558081 0.002450 0.240461
v 0.311518 0.002450 0.324226
v 0.460594 0.002450 0.038431
v 0.258249 0.002450 0.097035
v 0.243943 0.002450 0.017765
v 0.426768 0.002450 -0.041692
v 0.372114 0.002450 -0.105028
v 0.259976 0.002450 -0.076712
v 0.211123 0.020513 0.442563
v 0.281814 0.166418 0.430503
v 0.213554 0.020513 0.377164
v 0.277009 0.157081 0.353692
v 0.376273 0.212110 0.313252
v 0.403058 0.228940 0.405985
v 0.213554 0.002450 0.378173
v 0.211123 0.002450 0.443417
v 0.265208 0.020513 0.571127
v 0.338473 0.150719 0.590431
v 0.455444 0.192092 0.577169
v 0.265208 0.002450 0.566438
v 0.361979 0.020513 0.639995
v 0.466604 0.020513 0.664309
v 0.499857 0.193112 0.274380
v 0.545535 0.224800 0.355374
v 0.596087 0.184147 0.530331
v 0.615274 0.020513 0.633635
v 0.637293 0.122264 0.234390
v 0.655867 0.159964 0.295974
v 0.716348 0.125961 0.450733
v 0.726342 0.020513 0.542496
v 0.676499 0.020513 0.226314
v 0.706765 0.020513 0.252793
v 0.759683 0.020513 0.387189
v 0.671493 0.002450 0.227428
v 0.706765 0.002450 0.257727
v 0.759683 0.002450 0.382307
v 0.724311 0.002450 0.542496
v 0.365421 0.002450 0.639995
v 0.470236 0.002450 0.664309
v 0.618045 0.002450 0.633635
vt 0.441448 0.096498
vt 0.418233 0.078311
vt 0.418975 0.053970
vt 0.447344 0.064521
vt 0.382774 0.065431
vt 0.386478 0.047465
vt 0.359531 0.066368
vt 0.352681 0.048547
vt 0.451697 0.066041
vt 0.445125 0.099987
vt 0.420814 0.021771
vt 0.456643 0.029393
vt 0.387622 0.018825
vt 0.461142 0.030276
vt 0.114063 0.291094
vt 0.100298 0.243950
vt 0.115835 0.240134
vt 0.134520 0.276730
vt 0.145754 0.313729
vt 0.121682 0.316871
vt 0.098017 0.240070
vt 0.113459 0.236679
vt 0.077133 0.291331
vt 0.068228 0.259358
vt 0.077386 0.317309
vt 0.066112 0.255572
vt 0.046320 0.282513
vt 0.033614 0.307775
vt 0.348646 0.019215
vt 0.147372 0.349421
vt 0.120867 0.352584
vt 0.076433 0.348677
vt 0.029963 0.347215
vt 0.320366 0.075503
vt 0.317681 0.055684
vt 0.307858 0.020878
vt 0.129547 0.399512
vt 0.116610 0.387888
vt 0.076522 0.381959
vt 0.042318 0.381767
vt 0.298307 0.090789
vt 0.294216 0.066793
vt 0.283530 0.026252
vt 0.115203 0.425629
vt 0.105863 0.423392
vt 0.071666 0.411097
vt 0.294153 0.092828
vt 0.289868 0.068315
vt 0.279264 0.028064
vt 0.113998 0.429498
vt 0.103038 0.427121
vt 0.069942 0.415186
vt 0.038544 0.383722
vt 0.506057 0.185872
vt 0.506227 0.192987
vt 0.495107 0.203470
vt 0.488888 0.201587
vt 0.495358 0.222163
vt 0.489529 0.224966
vt 0.508730 0.233355
vt 0.506957 0.239139
vt 0.526012 0.232174
vt 0.530234 0.237629
vt 0.537204 0.221098
vt 0.541511 0.223877
vt 0.537207 0.204886
vt 0.542336 0.200954
vt 0.525171 0.191147
vt 0.527983 0.186013
vt 0.521591 0.223375
vt 0.511594 0.223828
vt 0.529752 0.207369
vt 0.529480 0.218824
vt 0.505780 0.217564
vt 0.504424 0.206693
vt 0.511477 0.201154
vt 0.521449 0.198815
vt 0.482743 0.199373
vt 0.503366 0.179537
vt 0.532847 0.181156
vt 0.548101 0.198298
vt 0.547852 0.226619
vt 0.532508 0.243560
vt 0.503953 0.245230
vt 0.483668 0.227587
vt 0.347822 0.082282
vt 0.323557 0.096020
vt 0.349931 0.100714
vt 0.335663 0.117257
vt 0.360034 0.109103
vt 0.354121 0.131115
vt 0.377532 0.111915
vt 0.378641 0.133574
vt 0.388441 0.103188
vt 0.400131 0.123223
vt 0.392990 0.084975
vt 0.412825 0.102071
vt 0.306903 0.116978
vt 0.323954 0.139703
vt 0.345973 0.153022
vt 0.379879 0.157767
vt 0.410954 0.145350
vt 0.431212 0.122031
vt 0.303272 0.119676
vt 0.346114 0.157777
vt 0.322203 0.144182
vt 0.380324 0.162192
vt 0.413549 0.148919
vt 0.434321 0.125304
vt 0.029186 0.307561
vt 0.042230 0.280708
vt 0.025747 0.348474
vt 0.085719 0.014285
vt 0.098849 0.035913
vt 0.047200 0.039910
vt 0.053601 0.018576
vt 0.021117 0.098697
vt 0.045860 0.106495
vt 0.050763 0.131606
vt 0.032358 0.138399
vt 0.018544 0.081607
vt 0.042501 0.087576
vt 0.020405 0.052881
vt 0.041994 0.064925
vt 0.034462 0.031529
vt 0.113641 0.024366
vt 0.132171 0.053844
vt 0.108845 0.058383
vt 0.127940 0.081942
vt 0.111109 0.079451
vt 0.127931 0.093469
vt 0.107651 0.101029
vt 0.118125 0.140340
vt 0.101728 0.128370
vt 0.118487 0.158835
vt 0.102471 0.155081
vt 0.051752 0.157868
vt 0.032816 0.160166
vt 0.053824 0.181301
vt 0.032629 0.185498
vt 0.099300 0.175574
vt 0.117329 0.176408
vt 0.108531 0.198425
vt 0.093681 0.194605
vt 0.093241 0.212483
vt 0.054616 0.217910
vt 0.061069 0.198674
vt 0.043987 0.204974
vt 0.121242 0.239152
vt 0.139559 0.275788
vt 0.148926 0.313363
vt 0.094533 0.233202
vt 0.117403 0.232955
vt 0.060212 0.249835
vt 0.151285 0.351600
vt 0.134097 0.400158
vt 0.121397 0.427736
vt 0.116740 0.433370
vt 0.097499 0.431985
vt 0.066465 0.419659
vt 0.032019 0.388203
vt 0.021695 0.306090
vt 0.036094 0.276205
vt 0.017820 0.349324
vt 0.536815 0.097753
vt 0.532126 0.066193
vt 0.560870 0.056668
vt 0.560908 0.080550
vt 0.593556 0.051641
vt 0.597394 0.070603
vt 0.627531 0.052322
vt 0.620489 0.068936
vt 0.532997 0.101075
vt 0.527731 0.067588
vt 0.559486 0.024606
vt 0.523626 0.031203
vt 0.592705 0.022675
vt 0.519108 0.031985
vt 0.204879 0.292845
vt 0.184344 0.278590
vt 0.202826 0.241894
vt 0.218381 0.245626
vt 0.173313 0.315646
vt 0.197401 0.318661
vt 0.220641 0.241733
vt 0.205183 0.238426
vt 0.241807 0.292879
vt 0.250532 0.260857
vt 0.241701 0.318858
vt 0.252627 0.257058
vt 0.272567 0.283887
vt 0.285417 0.309077
vt 0.632008 0.023380
vt 0.171888 0.351344
vt 0.198411 0.354366
vt 0.242827 0.350219
vt 0.289291 0.348499
vt 0.662222 0.061426
vt 0.658795 0.081516
vt 0.673077 0.026822
vt 0.189983 0.401336
vt 0.202857 0.389644
vt 0.242917 0.383500
vt 0.277123 0.383121
vt 0.685213 0.073705
vt 0.679993 0.097950
vt 0.697256 0.033225
vt 0.213793 0.425089
vt 0.204465 0.427375
vt 0.247926 0.412612
vt 0.689492 0.075414
vt 0.684033 0.100209
vt 0.701457 0.035202
vt 0.205690 0.431238
vt 0.216638 0.428802
vt 0.249672 0.416691
vt 0.280906 0.385058
vt 0.571521 0.202916
vt 0.587372 0.185874
vt 0.589205 0.192107
vt 0.578635 0.203143
vt 0.610746 0.186703
vt 0.607895 0.192509
vt 0.624778 0.204246
vt 0.618979 0.205972
vt 0.623079 0.227511
vt 0.617658 0.223245
vt 0.606492 0.234346
vt 0.609235 0.238677
vt 0.586306 0.239314
vt 0.590280 0.234218
vt 0.571484 0.224840
vt 0.576640 0.222070
vt 0.608896 0.218753
vt 0.609430 0.208758
vt 0.592823 0.226783
vt 0.604281 0.226604
vt 0.603213 0.202894
vt 0.592354 0.201450
vt 0.586758 0.208458
vt 0.584338 0.218410
vt 0.565207 0.200176
vt 0.585205 0.179710
vt 0.566586 0.229664
vt 0.611925 0.245040
vt 0.583602 0.245057
vt 0.628991 0.229833
vt 0.630893 0.201291
vt 0.613413 0.180863
vt 0.630983 0.087308
vt 0.654421 0.102099
vt 0.627413 0.105469
vt 0.641385 0.122741
vt 0.617496 0.114644
vt 0.622279 0.135991
vt 0.600089 0.114119
vt 0.597654 0.136736
vt 0.588970 0.106470
vt 0.576861 0.125821
vt 0.565007 0.104231
vt 0.585720 0.087796
vt 0.669993 0.123980
vt 0.651771 0.145942
vt 0.629037 0.158198
vt 0.595021 0.161017
vt 0.564855 0.147325
vt 0.545807 0.123362
vt 0.673453 0.126896
vt 0.628580 0.162951
vt 0.653230 0.150550
vt 0.594291 0.165410
vt 0.562057 0.150747
vt 0.542541 0.126475
vt 0.289844 0.308835
vt 0.276646 0.282058
vt 0.293514 0.349734
vt 0.198777 0.015557
vt 0.230974 0.020219
vt 0.237166 0.041707
vt 0.185358 0.037125
vt 0.262703 0.101010
vt 0.250982 0.140743
vt 0.232579 0.133721
vt 0.237778 0.108566
vt 0.265474 0.083881
vt 0.241358 0.089611
vt 0.263922 0.055023
vt 0.242116 0.066876
vt 0.250045 0.033432
vt 0.170636 0.025370
vt 0.151709 0.054760
vt 0.175076 0.059573
vt 0.172571 0.080698
vt 0.155647 0.083014
vt 0.175806 0.102399
vt 0.155530 0.094586
vt 0.181451 0.129911
vt 0.164858 0.141748
vt 0.164291 0.160312
vt 0.180411 0.156719
vt 0.231298 0.160075
vt 0.250282 0.162591
vt 0.250191 0.188023
vt 0.228960 0.183577
vt 0.183369 0.177328
vt 0.165260 0.177966
vt 0.173851 0.200166
vt 0.188800 0.196494
vt 0.189046 0.214447
vt 0.217077 0.216128
vt 0.221494 0.200938
vt 0.238575 0.207451
vt 0.197414 0.240941
vt 0.179301 0.277674
vt 0.170138 0.315296
vt 0.224086 0.234846
vt 0.201218 0.234723
vt 0.258493 0.251288
vt 0.167987 0.353543
vt 0.185436 0.402005
vt 0.198281 0.429514
vt 0.202968 0.435124
vt 0.222202 0.433637
vt 0.253173 0.421146
vt 0.287456 0.389503
vt 0.297325 0.307318
vt 0.282755 0.277518
vt 0.301446 0.350538
vn 0.936075 0.217949 0.276156
vn 0.824301 0.444377 0.350795
vn 0.865233 0.451597 0.217790
vn 0.936173 0.287377 0.202473
vn 0.824301 0.444377 0.350795
vn 0.402769 0.826017 0.394301
vn 0.267085 0.947185 0.177500
vn 0.402769 0.826017 0.394301
vn -0.568910 0.815237 0.108306
vn -0.412979 0.909546 -0.046630
vn 0.267085 0.947185 0.177500
vn 0.985897 -0.022742 0.165798
vn 0.960970 -0.046802 0.272666
vn 0.936075 0.217949 0.276156
vn 0.798577 0.592875 0.103793
vn 0.952283 0.293309 0.084425
vn 0.219829 0.973327 0.065653
vn 0.999687 0.001404 0.024986
vn 0.679857 0.702261 0.211247
vn 0.888888 0.391761 0.237490
vn 0.918779 0.394481 -0.015132
vn 0.710496 0.702968 -0.032135
vn 0.223475 0.958831 -0.175220
vn 0.141419 0.984629 0.102501
vn 0.679857 0.702261 0.211247
vn 0.710496 0.702968 -0.032135
vn 0.963451 -0.030124 0.266184
vn 0.999306 -0.001921 -0.037192
vn 0.918779 0.394481 -0.015132
vn 0.888888 0.391761 0.237490
vn 0.495188 0.652348 0.573787
vn 0.818912 0.346227 0.457722
vn 0.888888 0.391761 0.237490
vn 0.679857 0.702261 0.211247
vn 0.141419 0.984629 0.102501
vn -0.006671 0.804819 0.593483
vn 0.495188 0.652348 0.573787
vn 0.679857 0.702261 0.211247
vn 0.806383 -0.093840 0.583901
vn 0.963451 -0.030124 0.266184
vn 0.888888 0.391761 0.237490
vn 0.818912 0.346227 0.457722
vn 0.495188 0.652348 0.573787
vn 0.256105 0.305444 0.917123
vn 0.818912 0.346227 0.457722
vn -0.006671 0.804819 0.593483
vn -0.097013 0.428841 0.898156
vn 0.256105 0.305444 0.917123
vn 0.495188 0.652348 0.573787
vn -0.412979 0.909546 -0.046630
vn -0.360550 0.925808 -0.113508
vn 0.219829 0.973327 0.065653
vn 0.267085 0.947185 0.177500
vn -0.109391 0.916921 -0.383784
vn -0.256449 0.965543 -0.044289
vn 0.141419 0.984629 0.102501
vn 0.223475 0.958831 -0.175220
vn -0.256449 0.965543 -0.044289
vn -0.371644 0.796943 0.476195
vn -0.006671 0.804819 0.593483
vn 0.141419 0.984629 0.102501
vn -0.371644 0.796943 0.476195
vn -0.395979 0.472531 0.787347
vn -0.097013 0.428841 0.898156
vn -0.006671 0.804819 0.593483
vn -0.568910 0.815237 0.108306
vn -0.864668 0.469736 -0.178035
vn -0.723617 0.607664 -0.327297
vn -0.412979 0.909546 -0.046630
vn -0.723617 0.607664 -0.327297
vn -0.700304 0.587592 -0.405352
vn -0.360550 0.925808 -0.113508
vn -0.412979 0.909546 -0.046630
vn -0.482233 0.667988 -0.566783
vn -0.604921 0.756307 -0.249141
vn -0.256449 0.965543 -0.044289
vn -0.109391 0.916921 -0.383784
vn -0.604921 0.756307 -0.249141
vn -0.720858 0.672144 0.169075
vn -0.371644 0.796943 0.476195
vn -0.256449 0.965543 -0.044289
vn -0.720858 0.672144 0.169075
vn -0.695593 0.429942 0.575587
vn -0.395979 0.472531 0.787347
vn -0.371644 0.796943 0.476195
vn -0.864668 0.469736 -0.178035
vn -0.920474 0.182734 -0.345451
vn -0.850202 0.217749 -0.479314
vn -0.723617 0.607664 -0.327297
vn -0.700304 0.587592 -0.405352
vn -0.723617 0.607664 -0.327297
vn -0.850202 0.217749 -0.479314
vn -0.803261 0.233506 -0.547948
vn -0.604921 0.756307 -0.249141
vn -0.482233 0.667988 -0.566783
vn -0.728564 0.334701 -0.597637
vn -0.840642 0.392896 -0.372765
vn -0.720858 0.672144 0.169075
vn -0.604921 0.756307 -0.249141
vn -0.840642 0.392896 -0.372765
vn -0.914681 0.362915 -0.177908
vn -0.914681 0.362915 -0.177908
vn -0.695593 0.429942 0.575587
vn -0.720858 0.672144 0.169075
vn -0.920474 0.182734 -0.345451
vn -0.934474 -0.041223 -0.353637
vn -0.862357 0.003971 -0.506285
vn -0.850202 0.217749 -0.479314
vn -0.862357 0.003971 -0.506285
vn -0.813093 0.030333 -0.581343
vn -0.803261 0.233506 -0.547948
vn -0.850202 0.217749 -0.479314
vn -0.639865 -0.212315 -0.738577
vn -0.887711 -0.042991 -0.458390
vn -0.840642 0.392896 -0.372765
vn -0.728564 0.334701 -0.597637
vn -0.887711 -0.042991 -0.458390
vn -0.992646 -0.040168 -0.114193
vn -0.914681 0.362915 -0.177908
vn -0.840642 0.392896 -0.372765
vn -0.992646 -0.040168 -0.114193
vn -0.860545 -0.038822 0.507893
vn -0.695593 0.429942 0.575587
vn -0.914681 0.362915 -0.177908
vn 0.697383 0.502279 0.511246
vn -0.000001 1.000000 -0.000001
vn 0.000000 1.000000 0.000000
vn 0.106208 0.568115 0.816067
vn 0.000000 1.000000 0.000000
vn 0.000000 1.000000 0.000001
vn -0.522863 0.627000 0.577481
vn 0.106208 0.568115 0.816067
vn 0.000000 1.000000 0.000001
vn 0.000000 1.000000 0.000000
vn -0.807396 0.590005 -0.002300
vn -0.522863 0.627000 0.577481
vn 0.000000 1.000000 0.000000
vn 0.000000 1.000000 0.000000
vn -0.640930 0.549933 -0.535521
vn -0.807396 0.590005 -0.002300
vn 0.000000 1.000000 0.000001
vn -0.046147 0.537903 -0.841743
vn -0.640930 0.549933 -0.535521
vn 0.000000 1.000000 0.000000
vn 0.000000 1.000000 0.000001
vn 0.000000 1.000000 0.000000
vn 0.446434 0.578048 -0.683050
vn -0.046147 0.537903 -0.841743
vn 0.000000 1.000000 0.000000
vn -0.000001 1.000000 0.000000
vn 0.848679 0.528611 -0.017728
vn 0.446434 0.578048 -0.683050
vn -0.000001 1.000000 0.000000
vn -0.000001 1.000000 -0.000001
vn 0.697383 0.502279 0.511246
vn 0.848679 0.528611 -0.017728
vn 0.194172 0.958275 0.209778
vn 0.561958 0.715121 0.415698
vn 0.694883 0.718158 -0.037241
vn 0.328847 0.944382 -0.001698
vn -0.268436 0.918902 0.289069
vn -0.342653 0.826335 0.446945
vn 0.056830 0.763318 0.643519
vn -0.007018 0.901605 0.432503
vn -0.007018 0.901605 0.432503
vn 0.056830 0.763318 0.643519
vn 0.561958 0.715121 0.415698
vn 0.194172 0.958275 0.209778
vn 0.328847 0.944382 -0.001698
vn 0.694883 0.718158 -0.037241
vn 0.422867 0.747716 -0.511960
vn 0.267054 0.917776 -0.293886
vn -0.052461 0.901976 -0.428588
vn 0.267054 0.917776 -0.293886
vn 0.422867 0.747716 -0.511960
vn -0.023700 0.749730 -0.661319
vn -0.052461 0.901976 -0.428588
vn -0.023700 0.749730 -0.661319
vn -0.503627 0.756033 -0.418059
vn -0.280037 0.949456 -0.141822
vn -0.280037 0.949456 -0.141822
vn -0.503627 0.756033 -0.418059
vn -0.554286 0.829764 0.065256
vn -0.342371 0.938644 0.041581
vn -0.342371 0.938644 0.041581
vn -0.554286 0.829764 0.065256
vn -0.342653 0.826335 0.446945
vn -0.268436 0.918902 0.289069
vn 0.106208 0.568115 0.816067
vn 0.110874 0.103593 0.988421
vn 0.795726 -0.059629 0.602714
vn 0.697383 0.502279 0.511246
vn 0.795726 -0.059629 0.602714
vn 0.980792 -0.008053 -0.194892
vn 0.848679 0.528611 -0.017728
vn 0.697383 0.502279 0.511246
vn 0.446434 0.578048 -0.683050
vn 0.572111 0.099697 -0.814095
vn -0.067327 0.045933 -0.996673
vn -0.046147 0.537903 -0.841743
vn 0.980792 -0.008053 -0.194892
vn 0.572111 0.099697 -0.814095
vn 0.446434 0.578048 -0.683050
vn 0.848679 0.528611 -0.017728
vn -0.067327 0.045933 -0.996673
vn -0.785635 0.027276 -0.618088
vn -0.640930 0.549933 -0.535521
vn -0.046147 0.537903 -0.841743
vn -0.785635 0.027276 -0.618088
vn -0.989204 0.136822 0.052483
vn -0.807396 0.590005 -0.002300
vn -0.640930 0.549933 -0.535521
vn -0.989204 0.136822 0.052483
vn -0.651162 0.190654 0.734601
vn -0.522863 0.627000 0.577481
vn -0.807396 0.590005 -0.002300
vn 0.110874 0.103593 0.988421
vn 0.106208 0.568115 0.816067
vn -0.522863 0.627000 0.577481
vn -0.651162 0.190654 0.734601
vn -0.880139 0.453364 -0.140772
vn -0.883038 0.333569 -0.330116
vn -0.864668 0.469736 -0.178035
vn -0.568910 0.815237 0.108306
vn -0.694471 0.373753 -0.614832
vn -0.657161 0.300878 -0.691095
vn -0.883038 0.333569 -0.330116
vn -0.880139 0.453364 -0.140772
vn -0.105056 0.405968 -0.907829
vn -0.064021 0.295151 -0.953303
vn -0.657161 0.300878 -0.691095
vn -0.694471 0.373753 -0.614832
vn 0.493852 0.434142 -0.753413
vn 0.491587 0.285767 -0.822605
vn -0.064021 0.295151 -0.953303
vn -0.105056 0.405968 -0.907829
vn 0.907048 0.405039 -0.114921
vn 0.921488 0.288212 -0.260371
vn 0.491587 0.285767 -0.822605
vn 0.493852 0.434142 -0.753413
vn 0.907048 0.405039 -0.114921
vn 0.802676 0.443531 0.398737
vn 0.913433 0.324426 0.245739
vn 0.921488 0.288212 -0.260371
vn 0.802676 0.443531 0.398737
vn 0.402769 0.826017 0.394301
vn 0.824301 0.444377 0.350795
vn 0.913433 0.324426 0.245739
vn -0.883038 0.333569 -0.330116
vn -0.852649 0.178985 -0.490871
vn -0.920474 0.182734 -0.345451
vn -0.864668 0.469736 -0.178035
vn -0.657161 0.300878 -0.691095
vn -0.609160 0.182639 -0.771730
vn -0.852649 0.178985 -0.490871
vn -0.883038 0.333569 -0.330116
vn -0.064021 0.295151 -0.953303
vn -0.073920 0.168484 -0.982929
vn -0.609160 0.182639 -0.771730
vn -0.657161 0.300878 -0.691095
vn 0.491587 0.285767 -0.822605
vn 0.494081 0.141433 -0.857835
vn -0.073920 0.168484 -0.982929
vn -0.064021 0.295151 -0.953303
vn 0.921488 0.288212 -0.260371
vn 0.925589 0.157468 -0.344221
vn 0.494081 0.141433 -0.857835
vn 0.491587 0.285767 -0.822605
vn 0.913433 0.324426 0.245739
vn 0.969535 0.194449 0.148967
vn 0.925589 0.157468 -0.344221
vn 0.921488 0.288212 -0.260371
vn 0.936075 0.217949 0.276156
vn 0.969535 0.194449 0.148967
vn 0.913433 0.324426 0.245739
vn 0.824301 0.444377 0.350795
vn -0.852649 0.178985 -0.490871
vn -0.855588 -0.077079 -0.511887
vn -0.934474 -0.041223 -0.353637
vn -0.920474 0.182734 -0.345451
vn 0.024032 -0.018472 -0.999541
vn -0.564273 -0.115538 -0.817464
vn -0.609160 0.182639 -0.771730
vn -0.073920 0.168484 -0.982929
vn 0.494081 0.141433 -0.857835
vn 0.507245 0.001012 -0.861801
vn 0.024032 -0.018472 -0.999541
vn -0.073920 0.168484 -0.982929
vn 0.925589 0.157468 -0.344221
vn 0.932140 -0.018252 -0.361639
vn 0.507245 0.001012 -0.861801
vn 0.494081 0.141433 -0.857835
vn 0.936075 0.217949 0.276156
vn 0.960970 -0.046802 0.272666
vn 0.994290 -0.018990 0.105010
vn 0.969535 0.194449 0.148967
vn -0.050801 0.007474 0.998681
vn 0.403929 -0.101534 0.909138
vn 0.256105 0.305444 0.917123
vn -0.097013 0.428841 0.898156
vn -0.447603 0.024672 0.893892
vn -0.050801 0.007474 0.998681
vn -0.097013 0.428841 0.898156
vn -0.395979 0.472531 0.787347
vn -0.860545 -0.038822 0.507893
vn -0.447603 0.024672 0.893892
vn -0.395979 0.472531 0.787347
vn -0.695593 0.429942 0.575587
vn 0.403929 -0.101534 0.909138
vn 0.806383 -0.093840 0.583901
vn 0.818912 0.346227 0.457722
vn 0.256105 0.305444 0.917123
vn 0.000000 -1.000000 0.000001
vn 0.000000 -1.000000 0.000000
vn 0.000000 -1.000000 0.000000
vn -0.000001 -1.000000 0.000001
vn 0.000712 -0.999997 -0.002283
vn 0.001040 -0.999995 -0.002964
vn 0.000413 -1.000000 -0.000822
vn 0.000367 -1.000000 0.000195
vn -0.000001 -1.000000 0.000000
vn 0.000000 -1.000000 0.000000
vn 0.001040 -0.999995 -0.002964
vn 0.000712 -0.999997 -0.002283
vn 0.000000 -1.000000 0.000000
vn 0.000000 -1.000000 0.000000
vn 0.000000 -1.000000 0.000000
vn -0.000001 -1.000000 0.000000
vn 0.000000 -1.000000 0.000000
vn 0.000000 -1.000000 0.000000
vn 0.000000 -1.000000 0.000000
vn 0.000000 -1.000000 0.000000
vn -0.000001 -1.000000 0.000001
vn 0.000000 -1.000000 0.000000
vn 0.000000 -1.000000 0.000000
vn 0.000002 -1.000000 0.000000
vn 0.000000 -1.000000 0.000000
vn 0.000000 -1.000000 0.000001
vn 0.000001 -1.000000 0.000000
vn 0.000000 -1.000000 0.000000
vn 0.000000 -1.000000 0.000000
vn 0.000002 -1.000000 0.000000
vn 0.000000 -1.000000 0.000000
vn 0.000000 -1.000000 0.000000
vn 0.000000 -1.000000 0.000000
vn 0.000000 -1.000000 0.000000
vn 0.000001 -1.000000 0.000000
vn 0.000000 -1.000000 0.000000
vn 0.000000 -1.000000 0.000000
vn 0.000000 -1.000000 0.000000
vn 0.000000 -1.000000 0.000000
vn 0.000000 -1.000000 0.000000
vn 0.000000 -1.000000 0.000000
vn 0.000000 -1.000000 0.000000
vn 0.000000 -1.000000 0.000000
vn 0.000680 -0.999998 -0.002018
vn 0.001017 -0.999996 -0.002831
vn 0.000000 -1.000000 0.000000
vn 0.000000 -1.000000 0.000000
vn 0.001017 -0.999996 -0.002831
vn 0.001040 -0.999995 -0.002964
vn 0.000000 -1.000000 0.000000
vn 0.000680 -0.999998 -0.002018
vn -0.000363 -1.000000 -0.000141
vn 0.000189 -1.000000 -0.000630
vn 0.001017 -0.999996 -0.002831
vn 0.001017 -0.999996 -0.002831
vn 0.000189 -1.000000 -0.000630
vn 0.000413 -1.000000 -0.000822
vn 0.001040 -0.999995 -0.002964
vn -0.609160 0.182639 -0.771730
vn -0.564273 -0.115538 -0.817464
vn -0.855588 -0.077079 -0.511887
vn -0.852649 0.178985 -0.490871
vn -0.001585 -0.999994 0.003153
vn -0.001182 -0.999995 0.003096
vn 0.000189 -1.000000 -0.000630
vn -0.000363 -1.000000 -0.000141
vn -0.001182 -0.999995 0.003096
vn -0.000902 -0.999995 0.003057
vn 0.000413 -1.000000 -0.000822
vn 0.000189 -1.000000 -0.000630
vn -0.000902 -0.999995 0.003057
vn -0.000463 -0.999995 0.003040
vn 0.000367 -1.000000 0.000195
vn 0.000413 -1.000000 -0.000822
vn -0.000463 -0.999995 0.003040
vn -0.000902 -0.999995 0.003057
vn 0.000000 -1.000000 0.000000
vn 0.000000 -1.000000 -0.000001
vn -0.000902 -0.999995 0.003057
vn -0.001182 -0.999995 0.003096
vn 0.000000 -1.000000 0.000000
vn 0.000000 -1.000000 0.000000
vn -0.001182 -0.999995 0.003096
vn -0.001585 -0.999994 0.003153
vn 0.000000 -1.000000 0.000000
vn 0.000000 -1.000000 0.000000
vn 0.000000 -1.000000 -0.000001
vn 0.000000 -1.000000 -0.000001
vn 0.000000 -1.000000 0.000000
vn 0.000000 -1.000000 0.000000
vn 0.000001 -1.000000 -0.000001
vn 0.000000 -1.000000 -0.000001
vn 0.000000 -1.000000 -0.000001
vn 0.000001 -1.000000 -0.000001
vn 0.000000 -1.000000 -0.000001
vn 0.000000 -1.000000 -0.000001
vn 0.000001 -1.000000 -0.000001
vn 0.000000 -1.000000 -0.000001
vn 0.000000 -1.000000 -0.000001
vn 0.000001 -1.000000 -0.000001
vn 0.000000 -1.000000 -0.000001
vn 0.000000 -1.000000 0.000000
vn 0.000000 -1.000000 -0.000001
vn 0.000000 -1.000000 -0.000001
vn 0.000000 -1.000000 -0.000001
vn 0.000000 -1.000000 -0.000001
vn 0.000000 -1.000000 0.000000
vn 0.000000 -1.000000 0.000000
vn 0.328847 0.944382 -0.001698
vn -0.280037 0.949456 -0.141822
vn -0.342371 0.938644 0.041581
vn 0.194172 0.958275 0.209778
vn -0.007018 0.901605 0.432503
vn 0.194172 0.958275 0.209778
vn -0.342371 0.938644 0.041581
vn -0.268436 0.918902 0.289069
vn -0.052461 0.901976 -0.428588
vn -0.280037 0.949456 -0.141822
vn 0.328847 0.944382 -0.001698
vn 0.267054 0.917776 -0.293886
vn 0.969535 0.194449 0.148967
vn 0.994290 -0.018990 0.105010
vn 0.932140 -0.018252 -0.361639
vn 0.925589 0.157468 -0.344221
vn 0.499665 0.067934 -0.863551
vn 0.472848 0.096768 -0.875814
vn 0.467433 0.099120 -0.878454
vn 0.498384 0.055993 -0.865146
vn 0.472848 0.096768 -0.875814
vn 0.351600 0.098962 -0.930905
vn 0.358719 0.100769 -0.927990
vn 0.467433 0.099120 -0.878454
vn -0.000001 -1.000000 -0.000001
vn 0.000001 -1.000000 -0.000002
vn 0.000001 -1.000000 -0.000002
vn -0.000001 -1.000000 -0.000001
vn 0.479519 -0.075470 -0.874280
vn 0.499665 0.067934 -0.863551
vn 0.498384 0.055993 -0.865146
vn 0.479518 -0.075470 -0.874281
vn -0.000001 -1.000000 -0.000001
vn -0.000001 -1.000000 -0.000001
vn -0.000001 -1.000000 -0.000001
vn -0.000001 -1.000000 -0.000001
vn 0.351600 0.098962 -0.930905
vn 0.291866 -0.010635 -0.956400
vn 0.290628 0.008716 -0.956796
vn 0.358719 0.100769 -0.927990
vn 0.291866 -0.010635 -0.956400
vn 0.314248 -0.053247 -0.947847
vn 0.317712 -0.051300 -0.946799
vn 0.290628 0.008716 -0.956796
vn 0.314248 -0.053247 -0.947847
vn 0.326596 -0.026636 -0.944789
vn 0.323177 -0.023091 -0.946057
vn 0.317712 -0.051300 -0.946799
vn 0.109486 -0.892702 -0.437145
vn -0.000002 -1.000000 -0.000001
vn -0.000001 -1.000000 -0.000001
vn 0.066568 -0.961731 -0.265786
vn 0.326596 -0.026636 -0.944789
vn 0.109486 -0.892702 -0.437145
vn 0.066568 -0.961731 -0.265786
vn 0.323177 -0.023091 -0.946057
vn -0.000002 -1.000000 -0.000001
vn -0.000003 -1.000000 0.000000
vn -0.000003 -1.000000 0.000000
vn -0.000001 -1.000000 -0.000001
vn -0.000003 -1.000000 0.000000
vn -0.000002 -1.000000 0.000001
vn -0.000002 -1.000000 0.000001
vn -0.000003 -1.000000 0.000000
vn 0.000000 -1.000000 -0.000002
vn -0.000001 -1.000000 -0.000002
vn -0.000001 -1.000000 -0.000002
vn 0.000000 -1.000000 -0.000002
vn 0.000000 -1.000000 0.000000
vn 0.000000 -1.000000 -0.000002
vn 0.000000 -1.000000 -0.000002
vn 0.000000 -1.000000 0.000000
vn -0.000002 -1.000000 0.000001
vn 0.000000 -1.000000 0.000000
vn 0.000000 -1.000000 0.000000
vn -0.000002 -1.000000 0.000001
vn -0.000001 -1.000000 -0.000002
vn -0.000001 -1.000000 -0.000001
vn -0.000001 -1.000000 -0.000001
vn -0.000001 -1.000000 -0.000002
vn -0.936075 0.217950 0.276156
vn -0.945111 0.266223 0.189447
vn -0.803968 0.562542 0.192828
vn -0.824301 0.444376 0.350795
vn -0.824301 0.444376 0.350795
vn -0.803968 0.562542 0.192828
vn -0.267085 0.947185 0.177500
vn -0.402769 0.826017 0.394301
vn -0.402769 0.826017 0.394301
vn -0.267085 0.947185 0.177500
vn 0.412979 0.909546 -0.046630
vn 0.568910 0.815237 0.108307
vn -0.945111 0.266223 0.189447
vn -0.936075 0.217950 0.276156
vn -0.960970 -0.046802 0.272666
vn -0.985897 -0.022743 0.165798
vn -0.798578 0.592875 0.103793
vn -0.803968 0.562542 0.192828
vn -0.945111 0.266223 0.189447
vn -0.952283 0.293309 0.084425
vn -0.267085 0.947185 0.177500
vn -0.803968 0.562542 0.192828
vn -0.798578 0.592875 0.103793
vn -0.219829 0.973327 0.065653
vn -0.999687 0.001401 0.024986
vn -0.952283 0.293309 0.084425
vn -0.945111 0.266223 0.189447
vn -0.985897 -0.022743 0.165798
vn -0.679857 0.702261 0.211247
vn -0.710496 0.702968 -0.032135
vn -0.918779 0.394482 -0.015132
vn -0.888888 0.391761 0.237490
vn -0.223475 0.958831 -0.175220
vn -0.710496 0.702968 -0.032135
vn -0.679857 0.702261 0.211247
vn -0.141419 0.984629 0.102501
vn -0.963452 -0.030124 0.266184
vn -0.888888 0.391761 0.237490
vn -0.918779 0.394482 -0.015132
vn -0.999306 -0.001921 -0.037192
vn -0.495188 0.652348 0.573787
vn -0.679857 0.702261 0.211247
vn -0.888888 0.391761 0.237490
vn -0.818912 0.346227 0.457722
vn -0.141419 0.984629 0.102501
vn -0.679857 0.702261 0.211247
vn -0.495188 0.652348 0.573787
vn 0.006671 0.804819 0.593483
vn -0.806383 -0.093841 0.583900
vn -0.818912 0.346227 0.457722
vn -0.888888 0.391761 0.237490
vn -0.963452 -0.030124 0.266184
vn -0.495188 0.652348 0.573787
vn -0.818912 0.346227 0.457722
vn -0.256105 0.305444 0.917123
vn 0.006671 0.804819 0.593483
vn -0.495188 0.652348 0.573787
vn -0.256105 0.305444 0.917123
vn 0.097013 0.428841 0.898156
vn 0.412979 0.909546 -0.046630
vn -0.267085 0.947185 0.177500
vn -0.219829 0.973327 0.065653
vn 0.360550 0.925808 -0.113508
vn 0.109391 0.916921 -0.383784
vn -0.223475 0.958831 -0.175220
vn -0.141419 0.984629 0.102501
vn 0.256449 0.965543 -0.044289
vn 0.256449 0.965543 -0.044289
vn -0.141419 0.984629 0.102501
vn 0.006671 0.804819 0.593483
vn 0.371644 0.796943 0.476195
vn 0.371644 0.796943 0.476195
vn 0.006671 0.804819 0.593483
vn 0.097013 0.428841 0.898156
vn 0.395979 0.472531 0.787347
vn 0.568910 0.815237 0.108307
vn 0.412979 0.909546 -0.046630
vn 0.723617 0.607664 -0.327297
vn 0.864668 0.469736 -0.178035
vn 0.723617 0.607664 -0.327297
vn 0.412979 0.909546 -0.046630
vn 0.360550 0.925808 -0.113508
vn 0.700304 0.587592 -0.405352
vn 0.482233 0.667988 -0.566783
vn 0.109391 0.916921 -0.383784
vn 0.256449 0.965543 -0.044289
vn 0.604921 0.756307 -0.249140
vn 0.604921 0.756307 -0.249140
vn 0.256449 0.965543 -0.044289
vn 0.371644 0.796943 0.476195
vn 0.720858 0.672144 0.169075
vn 0.720858 0.672144 0.169075
vn 0.371644 0.796943 0.476195
vn 0.395979 0.472531 0.787347
vn 0.695593 0.429942 0.575586
vn 0.864668 0.469736 -0.178035
vn 0.723617 0.607664 -0.327297
vn 0.850202 0.217748 -0.479314
vn 0.920474 0.182733 -0.345451
vn 0.700304 0.587592 -0.405352
vn 0.803261 0.233505 -0.547948
vn 0.850202 0.217748 -0.479314
vn 0.723617 0.607664 -0.327297
vn 0.604921 0.756307 -0.249140
vn 0.840642 0.392896 -0.372765
vn 0.728565 0.334700 -0.597636
vn 0.482233 0.667988 -0.566783
vn 0.720858 0.672144 0.169075
vn 0.914681 0.362915 -0.177908
vn 0.840642 0.392896 -0.372765
vn 0.604921 0.756307 -0.249140
vn 0.914681 0.362915 -0.177908
vn 0.720858 0.672144 0.169075
vn 0.695593 0.429942 0.575586
vn 0.920474 0.182733 -0.345451
vn 0.850202 0.217748 -0.479314
vn 0.862357 0.003968 -0.506285
vn 0.934474 -0.041224 -0.353637
vn 0.862357 0.003968 -0.506285
vn 0.850202 0.217748 -0.479314
vn 0.803261 0.233505 -0.547948
vn 0.813093 0.030329 -0.581343
vn 0.639866 -0.212313 -0.738576
vn 0.728565 0.334700 -0.597636
vn 0.840642 0.392896 -0.372765
vn 0.887711 -0.042992 -0.458390
vn 0.887711 -0.042992 -0.458390
vn 0.840642 0.392896 -0.372765
vn 0.914681 0.362915 -0.177908
vn 0.992646 -0.040166 -0.114193
vn 0.992646 -0.040166 -0.114193
vn 0.914681 0.362915 -0.177908
vn 0.695593 0.429942 0.575586
vn 0.860545 -0.038818 0.507893
vn -0.697383 0.502279 0.511247
vn -0.106208 0.568115 0.816067
vn 0.000000 1.000000 0.000000
vn 0.000001 1.000000 -0.000001
vn 0.000000 1.000000 0.000000
vn -0.106208 0.568115 0.816067
vn 0.522864 0.627000 0.577481
vn 0.000000 1.000000 0.000000
vn 0.000000 1.000000 0.000000
vn 0.522864 0.627000 0.577481
vn 0.807396 0.590005 -0.002300
vn 0.000000 1.000000 0.000000
vn 0.000000 1.000000 0.000000
vn 0.807396 0.590005 -0.002300
vn 0.640930 0.549932 -0.535521
vn 0.000000 1.000000 0.000000
vn 0.000000 1.000000 0.000000
vn 0.000000 1.000000 0.000000
vn 0.640930 0.549932 -0.535521
vn 0.046147 0.537903 -0.841743
vn 0.000000 1.000000 0.000000
vn 0.046147 0.537903 -0.841743
vn -0.446435 0.578048 -0.683049
vn 0.000000 1.000000 0.000001
vn 0.000000 1.000000 0.000001
vn -0.446435 0.578048 -0.683049
vn -0.848679 0.528612 -0.017728
vn 0.000001 1.000000 0.000000
vn 0.000001 1.000000 0.000000
vn -0.848679 0.528612 -0.017728
vn -0.697383 0.502279 0.511247
vn 0.000001 1.000000 -0.000001
vn -0.194173 0.958275 0.209778
vn -0.328847 0.944382 -0.001698
vn -0.694884 0.718157 -0.037241
vn -0.561958 0.715121 0.415698
vn 0.268437 0.918902 0.289069
vn 0.007017 0.901605 0.432503
vn -0.056830 0.763317 0.643519
vn 0.342653 0.826334 0.446946
vn 0.007017 0.901605 0.432503
vn -0.194173 0.958275 0.209778
vn -0.561958 0.715121 0.415698
vn -0.056830 0.763317 0.643519
vn -0.328847 0.944382 -0.001698
vn -0.267054 0.917776 -0.293887
vn -0.422868 0.747716 -0.511961
vn -0.694884 0.718157 -0.037241
vn 0.052461 0.901976 -0.428588
vn 0.023700 0.749730 -0.661319
vn -0.422868 0.747716 -0.511961
vn -0.267054 0.917776 -0.293887
vn 0.052461 0.901976 -0.428588
vn 0.280037 0.949456 -0.141822
vn 0.503627 0.756033 -0.418059
vn 0.023700 0.749730 -0.661319
vn 0.280037 0.949456 -0.141822
vn 0.342371 0.938644 0.041581
vn 0.554287 0.829764 0.065256
vn 0.503627 0.756033 -0.418059
vn 0.342371 0.938644 0.041581
vn 0.268437 0.918902 0.289069
vn 0.342653 0.826334 0.446946
vn 0.554287 0.829764 0.065256
vn -0.106208 0.568115 0.816067
vn -0.697383 0.502279 0.511247
vn -0.795726 -0.059629 0.602714
vn -0.110874 0.103593 0.988421
vn -0.795726 -0.059629 0.602714
vn -0.697383 0.502279 0.511247
vn -0.848679 0.528612 -0.017728
vn -0.980792 -0.008052 -0.194892
vn -0.446435 0.578048 -0.683049
vn 0.046147 0.537903 -0.841743
vn 0.067327 0.045933 -0.996673
vn -0.572111 0.099697 -0.814095
vn -0.980792 -0.008052 -0.194892
vn -0.848679 0.528612 -0.017728
vn -0.446435 0.578048 -0.683049
vn -0.572111 0.099697 -0.814095
vn 0.067327 0.045933 -0.996673
vn 0.046147 0.537903 -0.841743
vn 0.640930 0.549932 -0.535521
vn 0.785635 0.027276 -0.618088
vn 0.785635 0.027276 -0.618088
vn 0.640930 0.549932 -0.535521
vn 0.807396 0.590005 -0.002300
vn 0.989205 0.136821 0.052483
vn 0.989205 0.136821 0.052483
vn 0.807396 0.590005 -0.002300
vn 0.522864 0.627000 0.577481
vn 0.651162 0.190654 0.734601
vn -0.110874 0.103593 0.988421
vn 0.651162 0.190654 0.734601
vn 0.522864 0.627000 0.577481
vn -0.106208 0.568115 0.816067
vn 0.880139 0.453364 -0.140772
vn 0.568910 0.815237 0.108307
vn 0.864668 0.469736 -0.178035
vn 0.883038 0.333569 -0.330116
vn 0.694471 0.373753 -0.614832
vn 0.880139 0.453364 -0.140772
vn 0.883038 0.333569 -0.330116
vn 0.657161 0.300878 -0.691095
vn 0.105056 0.405968 -0.907829
vn 0.694471 0.373753 -0.614832
vn 0.657161 0.300878 -0.691095
vn 0.064021 0.295151 -0.953303
vn -0.493852 0.434142 -0.753413
vn 0.105056 0.405968 -0.907829
vn 0.064021 0.295151 -0.953303
vn -0.491587 0.285767 -0.822605
vn -0.907048 0.405039 -0.114921
vn -0.493852 0.434142 -0.753413
vn -0.491587 0.285767 -0.822605
vn -0.921489 0.288211 -0.260371
vn -0.907048 0.405039 -0.114921
vn -0.921489 0.288211 -0.260371
vn -0.913433 0.324426 0.245739
vn -0.802676 0.443531 0.398737
vn -0.802676 0.443531 0.398737
vn -0.913433 0.324426 0.245739
vn -0.824301 0.444376 0.350795
vn -0.402769 0.826017 0.394301
vn 0.883038 0.333569 -0.330116
vn 0.864668 0.469736 -0.178035
vn 0.920474 0.182733 -0.345451
vn 0.852649 0.178985 -0.490871
vn 0.657161 0.300878 -0.691095
vn 0.883038 0.333569 -0.330116
vn 0.852649 0.178985 -0.490871
vn 0.609160 0.182639 -0.771730
vn 0.064021 0.295151 -0.953303
vn 0.657161 0.300878 -0.691095
vn 0.609160 0.182639 -0.771730
vn 0.073920 0.168484 -0.982929
vn -0.491587 0.285767 -0.822605
vn 0.064021 0.295151 -0.953303
vn 0.073920 0.168484 -0.982929
vn -0.494081 0.141433 -0.857835
vn -0.921489 0.288211 -0.260371
vn -0.491587 0.285767 -0.822605
vn -0.494081 0.141433 -0.857835
vn -0.925589 0.157468 -0.344221
vn -0.913433 0.324426 0.245739
vn -0.921489 0.288211 -0.260371
vn -0.925589 0.157468 -0.344221
vn -0.969535 0.194449 0.148967
vn -0.936075 0.217950 0.276156
vn -0.824301 0.444376 0.350795
vn -0.913433 0.324426 0.245739
vn -0.969535 0.194449 0.148967
vn 0.852649 0.178985 -0.490871
vn 0.920474 0.182733 -0.345451
vn 0.934474 -0.041224 -0.353637
vn 0.855588 -0.077080 -0.511887
vn -0.024032 -0.018472 -0.999541
vn 0.073920 0.168484 -0.982929
vn 0.609160 0.182639 -0.771730
vn 0.564273 -0.115538 -0.817464
vn -0.494081 0.141433 -0.857835
vn 0.073920 0.168484 -0.982929
vn -0.024032 -0.018472 -0.999541
vn -0.507245 0.001011 -0.861801
vn -0.925589 0.157468 -0.344221
vn -0.494081 0.141433 -0.857835
vn -0.507245 0.001011 -0.861801
vn -0.932140 -0.018252 -0.361639
vn -0.936075 0.217950 0.276156
vn -0.969535 0.194449 0.148967
vn -0.994290 -0.018989 0.105010
vn -0.960970 -0.046802 0.272666
vn 0.050801 0.007474 0.998681
vn 0.097013 0.428841 0.898156
vn -0.256105 0.305444 0.917123
vn -0.403929 -0.101535 0.909138
vn 0.447603 0.024673 0.893892
vn 0.395979 0.472531 0.787347
vn 0.097013 0.428841 0.898156
vn 0.050801 0.007474 0.998681
vn 0.860545 -0.038818 0.507893
vn 0.695593 0.429942 0.575586
vn 0.395979 0.472531 0.787347
vn 0.447603 0.024673 0.893892
vn -0.403929 -0.101535 0.909138
vn -0.256105 0.305444 0.917123
vn -0.818912 0.346227 0.457722
vn -0.806383 -0.093841 0.583900
vn 0.000000 -1.000000 0.000000
vn 0.000000 -1.000000 0.000000
vn 0.000000 -1.000000 -0.000001
vn 0.000000 -1.000000 -0.000001
vn -0.000712 -0.999997 -0.002283
vn -0.000367 -1.000000 0.000195
vn -0.000413 -1.000000 -0.000822
vn -0.001040 -0.999995 -0.002964
vn 0.000001 -1.000000 0.000000
vn -0.000712 -0.999997 -0.002283
vn -0.001040 -0.999995 -0.002964
vn 0.000000 -1.000000 0.000000
vn 0.000001 -1.000000 -0.000001
vn 0.000001 -1.000000 0.000000
vn 0.000000 -1.000000 0.000000
vn 0.000000 -1.000000 0.000000
vn 0.000000 -1.000000 -0.000001
vn 0.000001 -1.000000 -0.000001
vn 0.000000 -1.000000 0.000000
vn 0.000000 -1.000000 -0.000001
vn 0.000000 -1.000000 0.000000
vn 0.000000 -1.000000 -0.000001
vn 0.000000 -1.000000 -0.000001
vn -0.000001 -1.000000 -0.000001
vn 0.000000 -1.000000 0.000000
vn 0.000000 -1.000000 -0.000001
vn 0.000000 -1.000000 0.000000
vn -0.000001 -1.000000 -0.000001
vn 0.000000 -1.000000 -0.000001
vn 0.000000 -1.000000 0.000000
vn 0.000000 -1.000000 -0.000001
vn 0.000000 -1.000000 -0.000001
vn 0.000000 -1.000000 0.000000
vn 0.000000 -1.000000 0.000000
vn 0.000000 -1.000000 0.000000
vn 0.000000 -1.000000 0.000000
vn 0.000000 -1.000000 0.000000
vn 0.000000 -1.000000 0.000000
vn 0.000000 -1.000000 0.000000
vn 0.000000 -1.000000 0.000000
vn 0.000000 -1.000000 0.000000
vn 0.000000 -1.000000 0.000000
vn 0.000000 -1.000000 0.000000
vn 0.000000 -1.000000 0.000000
vn -0.001017 -0.999996 -0.002831
vn -0.000680 -0.999998 -0.002018
vn 0.000000 -1.000000 0.000000
vn 0.000000 -1.000000 0.000000
vn -0.001040 -0.999995 -0.002964
vn -0.001017 -0.999996 -0.002831
vn -0.000680 -0.999998 -0.002018
vn -0.001017 -0.999996 -0.002831
vn -0.000189 -1.000000 -0.000630
vn 0.000363 -1.000000 -0.000141
vn -0.001017 -0.999996 -0.002831
vn -0.001040 -0.999995 -0.002964
vn -0.000413 -1.000000 -0.000822
vn -0.000189 -1.000000 -0.000630
vn 0.609160 0.182639 -0.771730
vn 0.852649 0.178985 -0.490871
vn 0.855588 -0.077080 -0.511887
vn 0.564273 -0.115538 -0.817464
vn 0.001585 -0.999994 0.003153
vn 0.000363 -1.000000 -0.000141
vn -0.000189 -1.000000 -0.000630
vn 0.001182 -0.999995 0.003096
vn 0.001182 -0.999995 0.003096
vn -0.000189 -1.000000 -0.000630
vn -0.000413 -1.000000 -0.000822
vn 0.000902 -0.999995 0.003057
vn 0.000902 -0.999995 0.003057
vn -0.000413 -1.000000 -0.000822
vn -0.000367 -1.000000 0.000195
vn 0.000463 -0.999995 0.003040
vn 0.000463 -0.999995 0.003040
vn 0.000000 -1.000000 -0.000001
vn 0.000000 -1.000000 0.000000
vn 0.000902 -0.999995 0.003057
vn 0.000902 -0.999995 0.003057
vn 0.000000 -1.000000 0.000000
vn 0.000000 -1.000000 0.000000
vn 0.001182 -0.999995 0.003096
vn 0.001182 -0.999995 0.003096
vn 0.000000 -1.000000 0.000000
vn 0.000000 -1.000000 0.000000
vn 0.001585 -0.999994 0.003153
vn 0.000000 -1.000000 -0.000001
vn 0.000000 -1.000000 0.000000
vn 0.000000 -1.000000 0.000000
vn 0.000000 -1.000000 -0.000001
vn -0.000001 -1.000000 -0.000001
vn 0.000000 -1.000000 -0.000001
vn 0.000000 -1.000000 -0.000001
vn -0.000001 -1.000000 -0.000001
vn -0.000001 -1.000000 -0.000001
vn 0.000000 -1.000000 -0.000001
vn 0.000000 -1.000000 -0.000001
vn 0.000000 -1.000000 -0.000001
vn -0.000001 -1.000000 -0.000001
vn 0.000000 -1.000000 -0.000001
vn 0.000000 -1.000000 -0.000001
vn 0.000000 -1.000000 -0.000001
vn 0.000000 -1.000000 -0.000001
vn 0.000000 -1.000000 0.000000
vn 0.000000 -1.000000 -0.000001
vn 0.000000 -1.000000 0.000000
vn 0.000000 -1.000000 0.000000
vn 0.000000 -1.000000 -0.000001
vn -0.328847 0.944382 -0.001698
vn -0.194173 0.958275 0.209778
vn 0.342371 0.938644 0.041581
vn 0.280037 0.949456 -0.141822
vn 0.007017 0.901605 0.432503
vn 0.268437 0.918902 0.289069
vn 0.342371 0.938644 0.041581
vn -0.194173 0.958275 0.209778
vn 0.052461 0.901976 -0.428588
vn -0.267054 0.917776 -0.293887
vn -0.328847 0.944382 -0.001698
vn 0.280037 0.949456 -0.141822
vn -0.969535 0.194449 0.148967
vn -0.925589 0.157468 -0.344221
vn -0.932140 -0.018252 -0.361639
vn -0.994290 -0.018989 0.105010
vn -0.499665 0.067934 -0.863551
vn -0.498384 0.055993 -0.865146
vn -0.467433 0.099120 -0.878454
vn -0.472848 0.096768 -0.875814
vn -0.472848 0.096768 -0.875814
vn -0.467433 0.099120 -0.878454
vn -0.358720 0.100769 -0.927990
vn -0.351600 0.098961 -0.930905
vn 0.000000 -1.000000 0.000000
vn 0.000000 -1.000000 0.000000
vn -0.000001 -1.000000 -0.000002
vn -0.000001 -1.000000 -0.000002
vn -0.479518 -0.075470 -0.874281
vn -0.479518 -0.075470 -0.874281
vn -0.498384 0.055993 -0.865146
vn -0.499665 0.067934 -0.863551
vn 0.000000 -1.000000 0.000000
vn 0.000000 -1.000000 0.000000
vn 0.000000 -1.000000 0.000000
vn 0.000000 -1.000000 0.000000
vn -0.351600 0.098961 -0.930905
vn -0.358720 0.100769 -0.927990
vn -0.290629 0.008716 -0.956796
vn -0.291866 -0.010634 -0.956400
vn -0.291866 -0.010634 -0.956400
vn -0.290629 0.008716 -0.956796
vn -0.317712 -0.051300 -0.946799
vn -0.314248 -0.053247 -0.947847
vn -0.314248 -0.053247 -0.947847
vn -0.317712 -0.051300 -0.946799
vn -0.323177 -0.023090 -0.946057
vn -0.326595 -0.026636 -0.944789
vn -0.109486 -0.892702 -0.437146
vn -0.066568 -0.961731 -0.265786
vn 0.000000 -1.000000 0.000000
vn 0.000000 -1.000000 0.000000
vn -0.326595 -0.026636 -0.944789
vn -0.323177 -0.023090 -0.946057
vn -0.066568 -0.961731 -0.265786
vn -0.109486 -0.892702 -0.437146
vn 0.000000 -1.000000 0.000000
vn 0.000000 -1.000000 0.000000
vn 0.000001 -1.000000 0.000000
vn 0.000001 -1.000000 0.000000
vn 0.000001 -1.000000 0.000000
vn 0.000001 -1.000000 0.000000
vn 0.000002 -1.000000 0.000001
vn 0.000002 -1.000000 0.000001
vn 0.000000 -1.000000 -0.000001
vn 0.000000 -1.000000 -0.000001
vn 0.000000 -1.000000 -0.000001
vn 0.000000 -1.000000 -0.000001
vn 0.000001 -1.000000 0.000001
vn 0.000001 -1.000000 0.000001
vn 0.000000 -1.000000 -0.000001
vn 0.000000 -1.000000 -0.000001
vn 0.000002 -1.000000 0.000001
vn 0.000002 -1.000000 0.000001
vn 0.000001 -1.000000 0.000001
vn 0.000001 -1.000000 0.000001
vn 0.000000 -1.000000 -0.000001
vn 0.000000 -1.000000 -0.000001
vn 0.000000 -1.000000 0.000000
vn 0.000000 -1.000000 0.000000
s 1
g Goblin_low GoblinFeet_low
usemtl lambert3SG
f 1475/1869/5871 1474/1870/5872 1473/1871/5873 1476/1872/5874
f 1474/1870/5875 1478/1873/5876 1477/1874/5877 1473/1871/5873
s off
f 1478/1873/5878 1488/1875/5879 1487/1876/5880 1477/1874/5881
s 1
f 1476/1872/5874 1480/1877/5882 1479/1878/5883 1475/1869/5884
f 1482/1879/5885 1481/1880/5886 1476/1872/5874 1473/1871/5873
f 1477/1874/5877 1483/1881/5887 1482/1879/5885 1473/1871/5873
f 1484/1882/5888 1480/1877/5882 1476/1872/5874 1481/1880/5886
s off
f 1570/1883/5889 1569/1884/5890 1571/1885/5891 1572/1886/5892
f 1573/1887/5893 1574/1888/5894 1570/1883/5895 1572/1886/5896
f 1576/1889/5897 1575/1890/5898 1571/1885/5899 1569/1884/5900
f 1578/1891/5901 1577/1892/5902 1569/1884/5903 1570/1883/5904
f 1574/1888/5905 1579/1893/5906 1578/1891/5907 1570/1883/5908
f 1580/1894/5909 1576/1889/5910 1569/1884/5911 1577/1892/5912
f 1578/1891/5913 1581/1895/5914 1577/1892/5915
f 1579/1893/5916 1582/1896/5917 1581/1895/5918 1578/1891/5919
f 1487/1876/5920 1489/1897/5921 1483/1881/5922 1477/1874/5923
f 1583/1898/5924 1584/1899/5925 1574/1888/5926 1573/1887/5927
f 1584/1899/5928 1585/1900/5929 1579/1893/5930 1574/1888/5931
f 1585/1900/5932 1586/1901/5933 1582/1896/5934 1579/1893/5935
f 1488/1875/5936 1491/1902/5937 1490/1903/5938 1487/1876/5939
f 1490/1903/5940 1492/1904/5941 1489/1897/5942 1487/1876/5943
f 1587/1905/5944 1588/1906/5945 1584/1899/5946 1583/1898/5947
f 1588/1906/5948 1589/1907/5949 1585/1900/5950 1584/1899/5951
f 1589/1907/5952 1590/1908/5953 1586/1901/5954 1585/1900/5955
f 1491/1902/5956 1494/1909/5957 1493/1910/5958 1490/1903/5959
f 1492/1904/5960 1490/1903/5961 1493/1910/5962 1495/1911/5963
f 1588/1906/5964 1587/1905/5965 1591/1912/5966 1592/1913/5967
f 1589/1907/5968 1588/1906/5969 1592/1913/5970 1593/1914/5971
f 1593/1914/5972 1590/1908/5973 1589/1907/5974
f 1494/1909/5975 1497/1915/5976 1496/1916/5977 1493/1910/5978
f 1496/1916/5979 1498/1917/5980 1495/1911/5981 1493/1910/5982
f 1594/1918/5983 1595/1919/5984 1592/1913/5985 1591/1912/5986
f 1595/1919/5987 1596/1920/5988 1593/1914/5989 1592/1913/5990
f 1596/1920/5991 1597/1921/5992 1590/1908/5993 1593/1914/5994
f 1515/1922/5995 1516/1923/5996 1502/1924/5997 1501/1925/5998
f 1502/1924/5999 1504/1926/6000 1503/1927/6001 1501/1925/6002
f 1504/1926/6003 1506/1928/6004 1505/1929/6005 1503/1927/6006
f 1506/1928/6007 1508/1930/6008 1507/1931/6009 1505/1929/6010
f 1510/1932/6011 1509/1933/6012 1507/1931/6013 1508/1930/6014
f 1510/1932/6015 1512/1934/6016 1511/1935/6017 1509/1933/6018
f 1512/1934/6019 1514/1936/6020 1513/1937/6021 1511/1935/6022
f 1514/1936/6023 1516/1923/6024 1515/1922/6025 1513/1937/6026
f 1518/1938/6027 1508/1930/6028 1506/1928/6029 1519/1939/6030
f 1524/1940/6031 1512/1934/6032 1510/1932/6033 1517/1941/6034
f 1517/1941/6035 1510/1932/6036 1508/1930/6037 1518/1938/6038
f 1519/1939/6039 1506/1928/6040 1504/1926/6041 1520/1942/6042
f 1521/1943/6043 1520/1942/6044 1504/1926/6045 1502/1924/6046
f 1521/1943/6047 1502/1924/6048 1516/1923/6049 1522/1944/6050
f 1522/1944/6051 1516/1923/6052 1514/1936/6053 1523/1945/6054
f 1523/1945/6055 1514/1936/6056 1512/1934/6057 1524/1940/6058
f 1501/1925/6059 1478/1946/6060 1526/1947/6061 1515/1922/6062
f 1526/1947/6063 1525/1948/6064 1513/1937/6065 1515/1922/6066
f 1511/1935/6067 1528/1949/6068 1527/1950/6069 1509/1933/6070
f 1525/1948/6071 1528/1949/6072 1511/1935/6073 1513/1937/6074
f 1527/1950/6075 1529/1951/6076 1507/1931/6077 1509/1933/6078
f 1529/1951/6079 1530/1952/6080 1505/1929/6081 1507/1931/6082
f 1530/1952/6083 1488/1953/6084 1503/1927/6085 1505/1929/6086
f 1478/1946/6087 1501/1925/6088 1503/1927/6089 1488/1953/6090
f 1530/1954/6091 1531/1955/6092 1491/1902/6093 1488/1875/6094
f 1529/1956/6095 1532/1957/6096 1531/1955/6097 1530/1954/6098
f 1527/1958/6099 1533/1959/6100 1532/1957/6101 1529/1956/6102
f 1528/1960/6103 1534/1961/6104 1533/1959/6105 1527/1958/6106
f 1525/1962/6107 1535/1963/6108 1534/1961/6109 1528/1960/6110
f 1525/1962/6111 1526/1964/6112 1536/1965/6113 1535/1963/6114
f 1526/1964/6115 1478/1873/6116 1474/1870/6117 1536/1965/6118
f 1531/1955/6119 1537/1966/6120 1494/1909/6121 1491/1902/6122
f 1532/1957/6123 1538/1967/6124 1537/1966/6125 1531/1955/6126
f 1533/1959/6127 1539/1968/6128 1538/1967/6129 1532/1957/6130
f 1534/1961/6131 1540/1969/6132 1539/1968/6133 1533/1959/6134
f 1535/1963/6135 1541/1970/6136 1540/1969/6137 1534/1961/6138
f 1536/1965/6139 1542/1971/6140 1541/1970/6141 1535/1963/6142
f 1475/1869/6143 1542/1971/6144 1536/1965/6145 1474/1870/6146
f 1537/1966/6147 1543/1972/6148 1497/1915/6149 1494/1909/6150
f 1545/1973/6151 1544/1974/6152 1538/1967/6153 1539/1968/6154
f 1540/1969/6155 1546/1975/6156 1545/1973/6157 1539/1968/6158
f 1541/1970/6159 1547/1976/6160 1546/1975/6161 1540/1969/6162
f 1475/1869/6163 1479/1878/6164 1548/1977/6165 1542/1971/6166
f 1599/1978/6167 1598/1979/6168 1581/1895/6169 1582/1896/6170
f 1600/1980/6171 1599/1978/6172 1582/1896/6173 1586/1901/6174
f 1597/1921/6175 1600/1980/6176 1586/1901/6177 1590/1908/6178
f 1598/1979/6179 1580/1894/6180 1577/1892/6181 1581/1895/6182
f 1550/1981/6183 1556/1982/6184 1555/1983/6185 1549/1984/6186
f 1484/1985/6187 1562/1986/6188 1553/1987/6189 1480/1988/6190
f 1485/1989/6191 1560/1990/6192 1562/1986/6193 1484/1985/6194
f 1486/1991/6195 1557/1992/6196 1560/1990/6197 1485/1989/6198
f 1552/1993/6199 1555/1983/6200 1557/1992/6201 1486/1991/6202
f 1549/1984/6203 1555/1983/6204 1552/1993/6205
f 1551/1994/6206 1556/1982/6207 1550/1981/6208
f 1500/1995/6209 1558/1996/6210 1556/1982/6211 1551/1994/6212
f 1556/1982/6213 1558/1996/6214 1557/1992/6215 1555/1983/6216
f 1500/1995/6217 1499/1997/6218 1559/1998/6219 1558/1996/6220
f 1559/1998/6221 1560/1990/6222 1557/1992/6223 1558/1996/6224
f 1499/1997/6225 1498/1999/6226 1561/2000/6227 1559/1998/6228
f 1559/1998/6229 1561/2000/6230 1562/1986/6231 1560/1990/6232
f 1498/1999/6233 1496/2001/6234 1554/2002/6235 1561/2000/6236
f 1561/2000/6237 1554/2002/6238 1553/1987/6239 1562/1986/6240
f 1538/1967/6241 1544/1974/6242 1543/1972/6243 1537/1966/6244
f 1497/2003/6245 1563/2004/6246 1554/2002/6247 1496/2001/6248
f 1563/2004/6249 1564/2005/6250 1553/1987/6251 1554/2002/6252
f 1564/2005/6253 1479/2006/6254 1480/1988/6255 1553/1987/6256
f 1479/2006/6257 1564/2005/6258 1565/2007/6259 1548/2008/6260
f 1564/2005/6261 1563/2004/6262 1566/2009/6263 1565/2007/6264
f 1563/2004/6265 1497/2003/6266 1543/2010/6267 1566/2009/6268
f 1544/2011/6269 1567/2012/6270 1566/2009/6271 1543/2010/6272
f 1545/2013/6273 1567/2012/6274 1544/2011/6275
f 1546/2014/6276 1568/2015/6277 1567/2012/6278 1545/2013/6279
f 1547/2016/6280 1568/2015/6281 1546/2014/6282
f 1548/2008/6283 1565/2007/6284 1568/2015/6285 1547/2016/6286
f 1567/2012/6287 1568/2015/6288 1565/2007/6289 1566/2009/6290
f 1519/1939/6291 1522/1944/6292 1523/1945/6293 1518/1938/6294
f 1517/1941/6295 1518/1938/6296 1523/1945/6297 1524/1940/6298
f 1521/1943/6299 1522/1944/6300 1519/1939/6301 1520/1942/6302
f 1542/1971/6303 1548/1977/6304 1547/1976/6305 1541/1970/6306
f 1481/2017/6307 1482/2018/6308 1572/1886/6309 1571/1885/6310
f 1482/2018/6311 1483/2019/6312 1573/1887/6313 1572/1886/6314
f 1485/2020/6315 1484/2021/6316 1575/1890/6317 1576/1889/6318
f 1484/2021/6319 1481/2017/6320 1571/1885/6321 1575/1890/6322
f 1486/2022/6323 1485/2020/6324 1576/1889/6325 1580/1894/6326
f 1483/2019/6327 1489/2023/6328 1583/1898/6329 1573/1887/6330
f 1489/2023/6331 1492/2024/6332 1587/1905/6333 1583/1898/6334
f 1492/2024/6335 1495/2025/6336 1591/1912/6337 1587/1905/6338
f 1498/2026/6339 1499/2027/6340 1595/1919/6341 1594/1918/6342
f 1495/2025/6343 1498/2026/6344 1594/1918/6345 1591/1912/6346
f 1499/2027/6347 1500/2028/6348 1596/1920/6349 1595/1919/6350
f 1500/2028/6351 1551/2029/6352 1597/1921/6353 1596/1920/6354
f 1549/2030/6355 1552/2031/6356 1598/1979/6357 1599/1978/6358
f 1550/2032/6359 1549/2030/6360 1599/1978/6361 1600/1980/6362
f 1551/2029/6363 1550/2032/6364 1600/1980/6365 1597/1921/6366
f 1552/2031/6367 1486/2022/6368 1580/1894/6369 1598/1979/6370
f 1603/2033/6371 1604/2034/6372 1601/2035/6373 1602/2036/6374
f 1602/2036/6375 1601/2035/6376 1605/2037/6377 1606/2038/6378
f 1606/2038/6379 1605/2037/6380 1615/2039/6381 1616/2040/6382
f 1604/2034/6383 1603/2033/6384 1607/2041/6385 1608/2042/6386
f 1610/2043/6387 1601/2035/6388 1604/2034/6389 1609/2044/6390
f 1605/2037/6391 1601/2035/6392 1610/2043/6393 1611/2045/6394
f 1612/2046/6395 1609/2044/6396 1604/2034/6397 1608/2042/6398
f 1698/2047/6399 1700/2048/6400 1699/2049/6401 1697/2050/6402
f 1701/2051/6403 1700/2048/6404 1698/2047/6405 1702/2052/6406
f 1704/2053/6407 1697/2050/6408 1699/2049/6409 1703/2054/6410
f 1706/2055/6411 1698/2047/6412 1697/2050/6413 1705/2056/6414
f 1702/2052/6415 1698/2047/6416 1706/2055/6417 1707/2057/6418
f 1708/2058/6419 1705/2056/6420 1697/2050/6421 1704/2053/6422
f 1706/2055/6423 1705/2056/6424 1709/2059/6425
f 1707/2057/6426 1706/2055/6427 1709/2059/6428 1710/2060/6429
f 1615/2039/6430 1605/2037/6431 1611/2045/6432 1617/2061/6433
f 1711/2062/6434 1701/2051/6435 1702/2052/6436 1712/2063/6437
f 1712/2063/6438 1702/2052/6439 1707/2057/6440 1713/2064/6441
f 1713/2064/6442 1707/2057/6443 1710/2060/6444 1714/2065/6445
f 1616/2040/6446 1615/2039/6447 1618/2066/6448 1619/2067/6449
f 1618/2066/6450 1615/2039/6451 1617/2061/6452 1620/2068/6453
f 1715/2069/6454 1711/2062/6455 1712/2063/6456 1716/2070/6457
f 1716/2070/6458 1712/2063/6459 1713/2064/6460 1717/2071/6461
f 1717/2071/6462 1713/2064/6463 1714/2065/6464 1718/2072/6465
f 1619/2067/6466 1618/2066/6467 1621/2073/6468 1622/2074/6469
f 1620/2068/6470 1623/2075/6471 1621/2073/6472 1618/2066/6473
f 1716/2070/6474 1720/2076/6475 1719/2077/6476 1715/2069/6477
f 1717/2071/6478 1721/2078/6479 1720/2076/6480 1716/2070/6481
f 1721/2078/6482 1717/2071/6483 1718/2072/6484
f 1622/2074/6485 1621/2073/6486 1624/2079/6487 1625/2080/6488
f 1624/2079/6489 1621/2073/6490 1623/2075/6491 1626/2081/6492
f 1722/2082/6493 1719/2077/6494 1720/2076/6495 1723/2083/6496
f 1723/2083/6497 1720/2076/6498 1721/2078/6499 1724/2084/6500
f 1724/2084/6501 1721/2078/6502 1718/2072/6503 1725/2085/6504
f 1643/2086/6505 1629/2087/6506 1630/2088/6507 1644/2089/6508
f 1630/2088/6509 1629/2087/6510 1631/2090/6511 1632/2091/6512
f 1632/2091/6513 1631/2090/6514 1633/2092/6515 1634/2093/6516
f 1634/2093/6517 1633/2092/6518 1635/2094/6519 1636/2095/6520
f 1638/2096/6521 1636/2095/6522 1635/2094/6523 1637/2097/6524
f 1638/2096/6525 1637/2097/6526 1639/2098/6527 1640/2099/6528
f 1640/2099/6529 1639/2098/6530 1641/2100/6531 1642/2101/6532
f 1642/2101/6533 1641/2100/6534 1643/2086/6535 1644/2089/6536
f 1646/2102/6537 1647/2103/6538 1634/2093/6539 1636/2095/6540
f 1652/2104/6541 1645/2105/6542 1638/2096/6543 1640/2099/6544
f 1645/2105/6545 1646/2102/6546 1636/2095/6547 1638/2096/6548
f 1647/2103/6549 1648/2106/6550 1632/2091/6551 1634/2093/6552
f 1649/2107/6553 1630/2088/6554 1632/2091/6555 1648/2106/6556
f 1649/2107/6557 1650/2108/6558 1644/2089/6559 1630/2088/6560
f 1650/2108/6561 1651/2109/6562 1642/2101/6563 1644/2089/6564
f 1651/2109/6565 1652/2104/6566 1640/2099/6567 1642/2101/6568
f 1629/2087/6569 1643/2086/6570 1654/2110/6571 1606/2111/6572
f 1654/2110/6573 1643/2086/6574 1641/2100/6575 1653/2112/6576
f 1639/2098/6577 1637/2097/6578 1655/2113/6579 1656/2114/6580
f 1653/2112/6581 1641/2100/6582 1639/2098/6583 1656/2114/6584
f 1655/2113/6585 1637/2097/6586 1635/2094/6587 1657/2115/6588
f 1657/2115/6589 1635/2094/6590 1633/2092/6591 1658/2116/6592
f 1658/2116/6593 1633/2092/6594 1631/2090/6595 1616/2117/6596
f 1606/2111/6597 1616/2117/6598 1631/2090/6599 1629/2087/6600
f 1658/2118/6601 1616/2040/6602 1619/2067/6603 1659/2119/6604
f 1657/2120/6605 1658/2118/6606 1659/2119/6607 1660/2121/6608
f 1655/2122/6609 1657/2120/6610 1660/2121/6611 1661/2123/6612
f 1656/2124/6613 1655/2122/6614 1661/2123/6615 1662/2125/6616
f 1653/2126/6617 1656/2124/6618 1662/2125/6619 1663/2127/6620
f 1653/2126/6621 1663/2127/6622 1664/2128/6623 1654/2129/6624
f 1654/2129/6625 1664/2128/6626 1602/2036/6627 1606/2038/6628
f 1659/2119/6629 1619/2067/6630 1622/2074/6631 1665/2130/6632
f 1660/2121/6633 1659/2119/6634 1665/2130/6635 1666/2131/6636
f 1661/2123/6637 1660/2121/6638 1666/2131/6639 1667/2132/6640
f 1662/2125/6641 1661/2123/6642 1667/2132/6643 1668/2133/6644
f 1663/2127/6645 1662/2125/6646 1668/2133/6647 1669/2134/6648
f 1664/2128/6649 1663/2127/6650 1669/2134/6651 1670/2135/6652
f 1603/2033/6653 1602/2036/6654 1664/2128/6655 1670/2135/6656
f 1665/2130/6657 1622/2074/6658 1625/2080/6659 1671/2136/6660
f 1673/2137/6661 1667/2132/6662 1666/2131/6663 1672/2138/6664
f 1668/2133/6665 1667/2132/6666 1673/2137/6667 1674/2139/6668
f 1669/2134/6669 1668/2133/6670 1674/2139/6671 1675/2140/6672
f 1603/2033/6673 1670/2135/6674 1676/2141/6675 1607/2041/6676
f 1727/2142/6677 1710/2060/6678 1709/2059/6679 1726/2143/6680
f 1728/2144/6681 1714/2065/6682 1710/2060/6683 1727/2142/6684
f 1725/2085/6685 1718/2072/6686 1714/2065/6687 1728/2144/6688
f 1726/2143/6689 1709/2059/6690 1705/2056/6691 1708/2058/6692
f 1678/2145/6693 1677/2146/6694 1683/2147/6695 1684/2148/6696
f 1612/2149/6697 1608/2150/6698 1681/2151/6699 1690/2152/6700
f 1613/2153/6701 1612/2149/6702 1690/2152/6703 1688/2154/6704
f 1614/2155/6705 1613/2153/6706 1688/2154/6707 1685/2156/6708
f 1680/2157/6709 1614/2155/6710 1685/2156/6711 1683/2147/6712
f 1677/2146/6713 1680/2157/6714 1683/2147/6715
f 1679/2158/6716 1678/2145/6717 1684/2148/6718
f 1628/2159/6719 1679/2158/6720 1684/2148/6721 1686/2160/6722
f 1684/2148/6723 1683/2147/6724 1685/2156/6725 1686/2160/6726
f 1628/2159/6727 1686/2160/6728 1687/2161/6729 1627/2162/6730
f 1687/2161/6731 1686/2160/6732 1685/2156/6733 1688/2154/6734
f 1627/2162/6735 1687/2161/6736 1689/2163/6737 1626/2164/6738
f 1687/2161/6739 1688/2154/6740 1690/2152/6741 1689/2163/6742
f 1626/2164/6743 1689/2163/6744 1682/2165/6745 1624/2166/6746
f 1689/2163/6747 1690/2152/6748 1681/2151/6749 1682/2165/6750
f 1666/2131/6751 1665/2130/6752 1671/2136/6753 1672/2138/6754
f 1625/2167/6755 1624/2166/6756 1682/2165/6757 1691/2168/6758
f 1691/2168/6759 1682/2165/6760 1681/2151/6761 1692/2169/6762
f 1692/2169/6763 1681/2151/6764 1608/2150/6765 1607/2170/6766
f 1607/2170/6767 1676/2171/6768 1693/2172/6769 1692/2169/6770
f 1692/2169/6771 1693/2172/6772 1694/2173/6773 1691/2168/6774
f 1691/2168/6775 1694/2173/6776 1671/2174/6777 1625/2167/6778
f 1672/2175/6779 1671/2174/6780 1694/2173/6781 1695/2176/6782
f 1673/2177/6783 1672/2175/6784 1695/2176/6785
f 1674/2178/6786 1673/2177/6787 1695/2176/6788 1696/2179/6789
f 1675/2180/6790 1674/2178/6791 1696/2179/6792
f 1676/2171/6793 1675/2180/6794 1696/2179/6795 1693/2172/6796
f 1695/2176/6797 1694/2173/6798 1693/2172/6799 1696/2179/6800
f 1647/2103/6801 1646/2102/6802 1651/2109/6803 1650/2108/6804
f 1645/2105/6805 1652/2104/6806 1651/2109/6807 1646/2102/6808
f 1649/2107/6809 1648/2106/6810 1647/2103/6811 1650/2108/6812
f 1670/2135/6813 1669/2134/6814 1675/2140/6815 1676/2141/6816
f 1609/2181/6817 1699/2049/6818 1700/2048/6819 1610/2182/6820
f 1610/2182/6821 1700/2048/6822 1701/2051/6823 1611/2183/6824
f 1613/2184/6825 1704/2053/6826 1703/2054/6827 1612/2185/6828
f 1612/2185/6829 1703/2054/6830 1699/2049/6831 1609/2181/6832
f 1614/2186/6833 1708/2058/6834 1704/2053/6835 1613/2184/6836
f 1611/2183/6837 1701/2051/6838 1711/2062/6839 1617/2187/6840
f 1617/2187/6841 1711/2062/6842 1715/2069/6843 1620/2188/6844
f 1620/2188/6845 1715/2069/6846 1719/2077/6847 1623/2189/6848
f 1626/2190/6849 1722/2082/6850 1723/2083/6851 1627/2191/6852
f 1623/2189/6853 1719/2077/6854 1722/2082/6855 1626/2190/6856
f 1627/2191/6857 1723/2083/6858 1724/2084/6859 1628/2192/6860
f 1628/2192/6861 1724/2084/6862 1725/2085/6863 1679/2193/6864
f 1677/2194/6865 1727/2142/6866 1726/2143/6867 1680/2195/6868
f 1678/2196/6869 1728/2144/6870 1727/2142/6871 1677/2194/6872
f 1679/2193/6873 1725/2085/6874 1728/2144/6875 1678/2196/6876
f 1680/2195/6877 1726/2143/6878 1708/2058/6879 1614/2186/6880
