# Blender 5.0.1
# www.blender.org
mtllib skeleton_low.mtl
o skeleton_low
v -0.000013 0.463587 -0.231664
v -0.000013 0.463587 -0.082570
v -0.000013 0.613314 0.256846
v -0.000013 0.574415 0.271997
v -0.000013 0.666221 0.235542
v -0.000013 0.733695 0.213557
v -0.000013 0.874636 0.115774
v -0.000013 0.915256 0.047688
v -0.000013 0.919585 -0.154057
v -0.000013 0.490733 -0.374122
v -0.000013 0.605313 -0.423622
v -0.000013 0.682752 -0.423335
v -0.000013 0.751500 -0.403656
v -0.000013 0.811769 -0.364393
v -0.000013 0.496891 0.263261
v -0.000013 0.454897 0.267549
v -0.000013 0.398047 0.242779
v -0.000013 0.389180 0.229618
v -0.000013 0.320445 0.190805
v -0.000013 0.282268 0.077342
v -0.000013 0.552018 0.200258
v -0.000013 0.494673 0.209960
v -0.000013 0.516374 0.190449
v -0.000013 0.536538 -0.409318
v -0.000013 0.476979 -0.318545
v -0.000013 0.926002 -0.044809
v -0.000013 0.888658 -0.258830
v -0.000013 0.468773 -0.272478
v -0.000013 0.320757 0.068459
v -0.000013 0.370408 0.057496
v -0.000013 0.463587 -0.035649
v -0.000013 0.424955 0.038260
v -0.000013 0.463587 -0.190723
v -0.000013 0.463587 -0.140528
v -0.042463 0.537743 0.258197
v -0.066119 0.590139 0.236493
v -0.037979 0.614592 0.241399
v -0.025031 0.568891 0.267302
v -0.028844 0.657925 0.227064
v -0.038046 0.708350 0.203875
v -0.126282 0.542536 0.228270
v -0.120671 0.576124 0.209451
v -0.168600 0.548320 0.209261
v -0.154060 0.576476 0.195667
v -0.230603 0.579166 0.163717
v -0.205529 0.595864 0.154694
v -0.256821 0.658368 0.126393
v -0.235879 0.659538 0.129338
v -0.203305 0.558852 0.187675
v -0.179142 0.581359 0.176537
v -0.253564 0.707660 0.117593
v -0.221203 0.707126 0.131136
v -0.204756 0.766995 0.117943
v -0.184393 0.740717 0.139082
v -0.133274 0.799295 0.141545
v -0.130771 0.752650 0.156881
v -0.048666 0.505645 0.255982
v -0.130673 0.502411 0.230637
v -0.131067 0.456818 0.230688
v -0.071170 0.746033 0.183819
v -0.059386 0.793022 0.180864
v -0.076626 0.867597 0.111343
v -0.086867 0.907277 0.043843
v -0.092541 0.908738 -0.154751
v -0.176294 0.510429 0.208097
v -0.218589 0.523874 0.180486
v -0.254498 0.547982 0.149999
v -0.283329 0.646210 0.104821
v -0.277635 0.711119 0.084493
v -0.224033 0.786998 0.075563
v -0.160024 0.842684 0.090048
v -0.186463 0.459585 0.192947
v -0.228966 0.477012 0.166580
v -0.276737 0.495915 0.117687
v -0.300150 0.638842 0.039829
v -0.289363 0.717696 0.027462
v -0.243629 0.798284 0.025843
v -0.180063 0.868574 0.030580
v -0.282477 0.488418 -0.132607
v -0.307440 0.634004 -0.153981
v -0.206010 0.479120 -0.328372
v -0.224617 0.614621 -0.379461
v -0.123421 0.485261 -0.362073
v -0.122512 0.605282 -0.417049
v -0.291546 0.721142 -0.154390
v -0.211885 0.698753 -0.369601
v -0.114661 0.686971 -0.411016
v -0.248330 0.806584 -0.154683
v -0.183839 0.767099 -0.350881
v -0.103084 0.754286 -0.389938
v -0.178517 0.870798 -0.154797
v -0.148329 0.815185 -0.327665
v -0.087591 0.813971 -0.353402
v -0.119828 0.405127 0.226341
v -0.160671 0.408987 0.199557
v -0.089159 0.499854 0.247378
v -0.089346 0.541384 0.244228
v -0.092241 0.579888 0.223726
v -0.047995 0.456551 0.262083
v -0.091098 0.456022 0.247944
v -0.085483 0.410640 0.239350
v -0.042117 0.396260 0.249382
v -0.118347 0.396543 0.218075
v -0.158693 0.399909 0.189961
v -0.085069 0.399977 0.226095
v -0.042912 0.388063 0.237398
v -0.107098 0.339741 0.182029
v -0.139451 0.357773 0.182137
v -0.071845 0.329017 0.185225
v -0.044775 0.323600 0.187959
v -0.094721 0.291348 0.078229
v -0.126842 0.309074 0.074050
v -0.065207 0.286324 0.078990
v -0.032245 0.284292 0.080422
v -0.186700 0.457314 0.131661
v -0.154121 0.371187 0.062281
v -0.169919 0.424424 0.036292
v -0.176251 0.462544 -0.028058
v -0.228317 0.478214 0.090433
v -0.016787 0.548467 0.211013
v -0.032665 0.519535 0.200389
v -0.034096 0.500196 0.216054
v -0.126979 0.537460 -0.403448
v -0.229887 0.540494 -0.370692
v -0.308489 0.553478 -0.145797
v -0.297522 0.562264 0.068953
v -0.275759 0.591328 0.123070
v -0.250330 0.611086 0.141637
v -0.223483 0.614992 0.140594
v -0.235926 0.479372 -0.118476
v -0.163582 0.470727 -0.280448
v -0.093929 0.475363 -0.310856
v -0.240287 0.473196 -0.021813
v -0.286459 0.490958 -0.005912
v -0.308746 0.560544 -0.030678
v -0.307493 0.637158 -0.045179
v -0.292917 0.722664 -0.052588
v -0.252168 0.804805 -0.053703
v -0.183888 0.871698 -0.051332
v -0.093444 0.914619 -0.047081
v -0.173038 0.473554 -0.092220
v -0.120256 0.468604 -0.221722
v -0.154408 0.472416 -0.159162
v -0.089488 0.876064 -0.259084
v -0.166070 0.845487 -0.259398
v -0.230317 0.791395 -0.266654
v -0.274983 0.714735 -0.269393
v -0.300687 0.629619 -0.267626
v -0.306161 0.546873 -0.256750
v -0.265010 0.486154 -0.235049
v -0.209853 0.476620 -0.200332
v -0.062796 0.468302 -0.265128
v -0.093444 0.329279 0.069896
v -0.050205 0.322037 0.069402
v -0.103593 0.370943 0.059945
v -0.106617 0.465900 -0.033619
v -0.108667 0.715051 0.099002
v -0.065022 0.708933 0.132937
v -0.145729 0.701330 0.082608
v -0.043887 0.688825 0.156438
v -0.044957 0.612684 0.196302
v -0.033800 0.648840 0.179433
v -0.141836 0.577219 0.133253
v -0.168273 0.586080 0.122732
v -0.063504 0.594033 0.196259
v -0.082745 0.583201 0.182457
v -0.104928 0.577313 0.163856
v -0.125766 0.574978 0.150215
v -0.194420 0.637494 0.091929
v -0.180271 0.669398 0.085828
v -0.181967 0.601601 0.106698
v -0.100402 0.602183 0.128459
v -0.068343 0.610446 0.144121
v -0.127248 0.608011 0.111138
v -0.053031 0.638701 0.139742
v -0.151130 0.627074 0.095340
v -0.133164 0.658233 0.090982
v -0.094636 0.671982 0.100995
v -0.069233 0.660109 0.118777
v -0.053491 0.370367 0.059463
v -0.055265 0.463587 -0.035471
v -0.095051 0.463587 -0.136497
v -0.073150 0.463587 -0.188118
v -0.035920 0.463587 -0.223118
v -0.103020 0.463587 -0.080567
v -0.107150 0.424378 0.041425
v -0.055874 0.424911 0.039271
v -0.000013 0.798124 0.190710
v 0.042437 0.537743 0.258197
v 0.066093 0.590139 0.236493
v 0.037953 0.614592 0.241399
v 0.025005 0.568891 0.267302
v 0.028818 0.657925 0.227064
v 0.038020 0.708350 0.203875
v 0.126256 0.542536 0.228270
v 0.120645 0.576124 0.209451
v 0.168574 0.548320 0.209261
v 0.154034 0.576476 0.195667
v 0.230577 0.579166 0.163717
v 0.205503 0.595864 0.154694
v 0.256795 0.658368 0.126393
v 0.235853 0.659538 0.129338
v 0.203279 0.558852 0.187675
v 0.179116 0.581359 0.176537
v 0.253538 0.707660 0.117593
v 0.221177 0.707126 0.131136
v 0.204730 0.766995 0.117943
v 0.184367 0.740717 0.139082
v 0.133248 0.799295 0.141545
v 0.130745 0.752650 0.156881
v 0.048640 0.505645 0.255982
v 0.130647 0.502411 0.230637
v 0.131041 0.456818 0.230688
v 0.071144 0.746033 0.183819
v 0.059360 0.793022 0.180864
v 0.076600 0.867597 0.111343
v 0.086841 0.907277 0.043843
v 0.092515 0.908738 -0.154751
v 0.176268 0.510429 0.208097
v 0.218563 0.523874 0.180486
v 0.254472 0.547982 0.149999
v 0.283303 0.646210 0.104821
v 0.277609 0.711119 0.084493
v 0.224007 0.786998 0.075563
v 0.159998 0.842684 0.090048
v 0.186437 0.459585 0.192947
v 0.228940 0.477012 0.166580
v 0.276711 0.495915 0.117687
v 0.300124 0.638842 0.039829
v 0.289337 0.717696 0.027462
v 0.243603 0.798284 0.025843
v 0.180037 0.868574 0.030580
v 0.282451 0.488418 -0.132607
v 0.307414 0.634004 -0.153981
v 0.205984 0.479120 -0.328372
v 0.224591 0.614621 -0.379461
v 0.123395 0.485261 -0.362073
v 0.122486 0.605282 -0.417049
v 0.291520 0.721142 -0.154390
v 0.211859 0.698753 -0.369601
v 0.114635 0.686971 -0.411016
v 0.248304 0.806584 -0.154683
v 0.183813 0.767099 -0.350881
v 0.103058 0.754286 -0.389938
v 0.178491 0.870798 -0.154797
v 0.148303 0.815185 -0.327665
v 0.087565 0.813971 -0.353402
v 0.119802 0.405127 0.226341
v 0.160645 0.408987 0.199557
v 0.089133 0.499854 0.247378
v 0.089320 0.541384 0.244228
v 0.092215 0.579888 0.223726
v 0.047969 0.456551 0.262083
v 0.091072 0.456022 0.247944
v 0.085457 0.410640 0.239350
v 0.042091 0.396260 0.249382
v 0.118321 0.396543 0.218075
v 0.158667 0.399909 0.189961
v 0.085043 0.399977 0.226095
v 0.042886 0.388063 0.237398
v 0.107072 0.339741 0.182029
v 0.139425 0.357773 0.182137
v 0.071819 0.329017 0.185225
v 0.044749 0.323600 0.187959
v 0.094695 0.291348 0.078229
v 0.126816 0.309074 0.074050
v 0.065181 0.286324 0.078990
v 0.032219 0.284292 0.080422
v 0.186674 0.457314 0.131661
v 0.154095 0.371187 0.062281
v 0.169893 0.424424 0.036292
v 0.176225 0.462544 -0.028058
v 0.228291 0.478214 0.090433
v 0.016761 0.548467 0.211013
v 0.032639 0.519535 0.200389
v 0.034070 0.500196 0.216054
v 0.126953 0.537460 -0.403448
v 0.229861 0.540494 -0.370692
v 0.308463 0.553478 -0.145797
v 0.297496 0.562264 0.068953
v 0.275733 0.591328 0.123070
v 0.250304 0.611086 0.141637
v 0.223457 0.614992 0.140594
v 0.235900 0.479372 -0.118476
v 0.163556 0.470727 -0.280448
v 0.093903 0.475363 -0.310856
v 0.240261 0.473196 -0.021813
v 0.286433 0.490958 -0.005912
v 0.308720 0.560544 -0.030678
v 0.307467 0.637158 -0.045179
v 0.292891 0.722664 -0.052588
v 0.252142 0.804805 -0.053703
v 0.183862 0.871698 -0.051332
v 0.093418 0.914619 -0.047081
v 0.173012 0.473554 -0.092220
v 0.120230 0.468604 -0.221722
v 0.154382 0.472416 -0.159162
v 0.089462 0.876064 -0.259084
v 0.166044 0.845487 -0.259398
v 0.230291 0.791395 -0.266654
v 0.274957 0.714735 -0.269393
v 0.300661 0.629619 -0.267626
v 0.306135 0.546873 -0.256750
v 0.264984 0.486154 -0.235049
v 0.209827 0.476620 -0.200332
v 0.062770 0.468302 -0.265128
v 0.093418 0.329279 0.069896
v 0.050179 0.322037 0.069402
v 0.103567 0.370943 0.059945
v 0.106591 0.465900 -0.033619
v 0.108641 0.715051 0.099002
v 0.064996 0.708933 0.132937
v 0.145703 0.701330 0.082608
v 0.043861 0.688825 0.156438
v 0.044931 0.612684 0.196302
v 0.033774 0.648840 0.179433
v 0.141810 0.577219 0.133253
v 0.168247 0.586080 0.122732
v 0.063478 0.594033 0.196259
v 0.082719 0.583201 0.182457
v 0.104902 0.577313 0.163856
v 0.125740 0.574978 0.150215
v 0.194394 0.637494 0.091929
v 0.180245 0.669398 0.085828
v 0.181941 0.601601 0.106698
v 0.100376 0.602183 0.128459
v 0.068317 0.610446 0.144121
v 0.127222 0.608011 0.111138
v 0.053005 0.638701 0.139742
v 0.151104 0.627074 0.095340
v 0.133138 0.658233 0.090982
v 0.094610 0.671982 0.100995
v 0.069207 0.660109 0.118777
v 0.053465 0.370367 0.059463
v 0.055239 0.463587 -0.035471
v 0.095025 0.463587 -0.136497
v 0.073124 0.463587 -0.188118
v 0.035894 0.463587 -0.223118
v 0.102994 0.463587 -0.080567
v 0.107124 0.424378 0.041425
v 0.055848 0.424911 0.039271
v -0.104979 0.619258 0.184236
v -0.104979 0.663790 0.184236
v -0.066413 0.641524 0.184236
v -0.117835 0.641524 0.184236
v -0.079268 0.663790 0.184236
v -0.079268 0.619258 0.184236
v -0.092124 0.641524 0.184236
v -0.092124 0.615813 0.184236
v -0.114390 0.628669 0.184236
v -0.104979 0.641524 0.184236
v -0.085696 0.630391 0.184236
v -0.098552 0.630391 0.184236
v -0.114390 0.654380 0.184236
v -0.092124 0.667235 0.184236
v -0.085696 0.652657 0.184236
v -0.098552 0.652657 0.184236
v -0.069858 0.654380 0.184236
v -0.069858 0.628669 0.184236
v -0.079268 0.641524 0.184236
v 0.104953 0.619258 0.184236
v 0.104953 0.663790 0.184236
v 0.066387 0.641524 0.184236
v 0.117809 0.641524 0.184236
v 0.079242 0.663790 0.184236
v 0.079242 0.619258 0.184236
v 0.092098 0.641524 0.184236
v 0.092098 0.615813 0.184236
v 0.114364 0.628669 0.184236
v 0.104953 0.641524 0.184236
v 0.085670 0.630391 0.184236
v 0.098526 0.630391 0.184236
v 0.114364 0.654380 0.184236
v 0.092098 0.667235 0.184236
v 0.085670 0.652657 0.184236
v 0.098526 0.652657 0.184236
v 0.069832 0.654380 0.184236
v 0.069832 0.628669 0.184236
v 0.079242 0.641524 0.184236
v -0.000013 0.039110 0.207930
v -0.000013 -0.013336 0.224355
v -0.000013 -0.152999 0.236881
v -0.000013 -0.205296 0.231503
v -0.000013 0.112647 0.167109
v -0.000013 -0.272029 0.223709
v -0.000013 0.172684 0.085879
v -0.000013 -0.300355 0.216063
v -0.000013 0.146725 0.096988
v -0.000013 -0.305455 0.197993
v -0.000013 0.103739 0.128136
v -0.000013 0.012929 0.216408
v -0.000013 -0.117355 0.236924
v -0.000013 0.124889 0.113779
v -0.000013 -0.086934 0.183850
v -0.000013 -0.022798 0.175187
v -0.000013 0.033788 0.158923
v -0.000013 0.005558 0.158922
v -0.000013 0.183354 0.103247
v -0.000013 0.163006 0.125469
v -0.000013 0.140127 0.146135
v -0.000013 -0.156822 0.180764
v -0.000013 -0.208532 0.184832
v -0.000013 -0.273361 0.190943
v -0.000013 -0.086403 0.234655
v -0.000013 -0.118843 0.174563
v -0.061045 0.184664 0.097111
v -0.050926 0.161198 0.115862
v -0.047892 0.037539 0.195999
v -0.049379 -0.015106 0.214510
v -0.054337 -0.152608 0.227765
v -0.053696 -0.205511 0.222999
v -0.046897 0.111821 0.151364
v -0.053237 -0.086745 0.219657
v -0.027739 -0.272466 0.217288
v -0.058464 0.173641 0.081532
v -0.050077 -0.087819 0.184475
v -0.048765 -0.021886 0.178277
v -0.051811 -0.157507 0.188990
v -0.054256 -0.207816 0.191993
v -0.026378 -0.274559 0.197840
v -0.052854 0.148123 0.094733
v -0.044713 0.034191 0.157232
v -0.046710 0.105912 0.131391
v -0.132652 0.112319 0.113298
v -0.121443 0.156891 0.085661
v -0.179365 0.110451 0.055214
v -0.165775 0.151394 0.039669
v -0.213054 0.105396 -0.030085
v -0.206121 0.137247 -0.036949
v -0.215080 0.101533 -0.079795
v -0.215670 0.119526 -0.086484
v -0.212023 0.099848 -0.108944
v -0.213034 0.107782 -0.110976
v -0.141219 0.033869 0.162638
v -0.138904 -0.017424 0.171773
v -0.191704 0.030159 0.086221
v -0.191329 -0.019172 0.088930
v -0.217273 0.021518 -0.025394
v -0.214458 -0.021210 -0.019660
v -0.216920 0.011064 -0.121811
v -0.214038 -0.023531 -0.116488
v -0.206986 -0.002625 -0.165088
v -0.205410 -0.023870 -0.162039
v -0.135383 -0.154993 0.195148
v -0.140032 -0.089942 0.185652
v -0.206982 -0.156149 0.094734
v -0.214820 -0.095978 0.095390
v -0.229620 -0.155886 0.011210
v -0.235972 -0.103926 0.007425
v -0.234190 -0.154622 -0.064553
v -0.238477 -0.112087 -0.075172
v -0.219262 -0.149665 -0.148170
v -0.216812 -0.129339 -0.151126
v -0.095650 0.111208 0.132017
v -0.088044 0.160846 0.106303
v -0.157409 0.110933 0.087033
v -0.144195 0.154481 0.066307
v -0.197206 0.108177 0.018783
v -0.191558 0.146447 0.008822
v -0.097153 0.035495 0.186666
v -0.096137 -0.016877 0.196035
v -0.169630 0.032569 0.129284
v -0.170067 -0.017897 0.134163
v -0.206944 0.026854 0.029471
v -0.206846 -0.020289 0.029822
v -0.220098 0.016884 -0.073965
v -0.214274 -0.022666 -0.070817
v -0.097898 -0.154446 0.215633
v -0.100900 -0.087845 0.209411
v -0.188820 -0.156440 0.132499
v -0.196434 -0.093277 0.133431
v -0.221265 -0.155748 0.051096
v -0.230387 -0.099331 0.050651
v -0.233749 -0.154966 -0.024763
v -0.239786 -0.107864 -0.032484
v -0.225277 -0.153225 -0.107603
v -0.229118 -0.118245 -0.114158
v -0.079910 0.148368 0.087394
v -0.111166 0.147084 0.071114
v -0.135198 0.146556 0.051351
v -0.155143 0.144412 0.028095
v -0.173536 0.141577 -0.001686
v -0.192600 0.132074 -0.039069
v -0.203165 0.118583 -0.082558
v -0.212925 0.102755 -0.112637
v -0.218430 0.110501 -0.085510
v -0.216356 0.121628 -0.032997
v -0.202120 0.127702 0.016792
v -0.182372 0.132094 0.051776
v -0.158688 0.134911 0.082128
v -0.132398 0.137571 0.108243
v -0.094197 0.138347 0.127752
v -0.046968 0.137815 0.137441
v -0.048804 0.011389 0.206572
v -0.098915 0.010319 0.195923
v -0.147024 0.009596 0.177428
v -0.179512 0.007421 0.140405
v -0.200055 0.005685 0.092628
v -0.216661 0.004036 0.031374
v -0.224547 0.001500 -0.021825
v -0.226695 -0.001548 -0.070397
v -0.225734 -0.005188 -0.119745
v -0.208568 -0.012693 -0.169443
v -0.220726 -0.139386 -0.154993
v -0.237149 -0.135807 -0.110973
v -0.245097 -0.133703 -0.069492
v -0.247992 -0.131553 -0.026786
v -0.245390 -0.130091 0.016397
v -0.239555 -0.128007 0.059040
v -0.227302 -0.125503 0.107976
v -0.208261 -0.123499 0.149372
v -0.147288 -0.119063 0.207015
v -0.104264 -0.118475 0.223718
v -0.053876 -0.117026 0.228214
v -0.087151 0.108458 0.115646
v -0.117508 0.109775 0.092713
v -0.141632 0.110443 0.066033
v -0.162613 0.109744 0.038554
v -0.179997 0.109241 0.005074
v -0.195929 0.107384 -0.034891
v -0.205117 0.103878 -0.078635
v -0.207706 0.100369 -0.108471
v -0.206868 0.107635 -0.110439
v -0.202383 0.112381 -0.078890
v -0.191298 0.118864 -0.038345
v -0.172712 0.123921 -0.000237
v -0.155410 0.127213 0.028921
v -0.134701 0.128085 0.055037
v -0.110842 0.128243 0.076052
v -0.080063 0.126839 0.093584
v -0.049052 0.123658 0.103858
v -0.081509 0.034807 0.150438
v -0.116123 0.033638 0.131143
v -0.139928 0.031682 0.098409
v -0.161456 0.029218 0.062366
v -0.179527 0.025151 0.019457
v -0.190894 0.020647 -0.028133
v -0.195799 0.015469 -0.071815
v -0.200067 0.008905 -0.117051
v -0.198156 -0.005496 -0.164278
v -0.085158 -0.019475 0.166941
v -0.119130 -0.019005 0.146868
v -0.141827 -0.017903 0.113410
v -0.165141 -0.016091 0.073312
v -0.177786 -0.016321 0.025178
v -0.190618 -0.017685 -0.019369
v -0.196274 -0.018697 -0.065647
v -0.198291 -0.020201 -0.110698
v -0.198533 -0.019033 -0.163062
v -0.197506 -0.012300 -0.167561
v -0.195595 -0.004676 -0.114528
v -0.193827 -0.000845 -0.068613
v -0.187997 0.002348 -0.022877
v -0.175436 0.004333 0.023648
v -0.156617 0.006208 0.064505
v -0.135307 0.007891 0.102446
v -0.107748 0.008480 0.127534
v -0.077547 0.008097 0.144928
v -0.046070 0.006372 0.154379
v -0.081306 -0.089239 0.175398
v -0.120263 -0.091008 0.152756
v -0.175507 -0.092914 0.095038
v -0.185750 -0.095556 0.061581
v -0.194990 -0.098505 0.024930
v -0.202034 -0.103071 -0.014398
v -0.206876 -0.107417 -0.048429
v -0.209404 -0.112419 -0.081557
v -0.208126 -0.119696 -0.117515
v -0.205917 -0.130230 -0.149283
v -0.079082 -0.157403 0.174078
v -0.117656 -0.157078 0.154711
v -0.171160 -0.158021 0.102174
v -0.188750 -0.158506 0.070067
v -0.201394 -0.157515 0.034731
v -0.209766 -0.157724 -0.006790
v -0.212907 -0.157314 -0.040455
v -0.218486 -0.155990 -0.074739
v -0.214009 -0.152980 -0.110827
v -0.208692 -0.149448 -0.145795
v -0.207398 -0.140131 -0.152334
v -0.207692 -0.135153 -0.116145
v -0.207784 -0.132853 -0.081371
v -0.204082 -0.130557 -0.047661
v -0.198897 -0.128787 -0.015106
v -0.190700 -0.127411 0.022370
v -0.180517 -0.125612 0.057642
v -0.164034 -0.124542 0.089007
v -0.115716 -0.121202 0.147739
v -0.076755 -0.120329 0.166131
v -0.049227 -0.119473 0.173639
v -0.165550 -0.155579 0.164435
v -0.180658 -0.121111 0.180211
v -0.174404 -0.091235 0.162576
v -0.151510 -0.092115 0.127517
v -0.143186 -0.123186 0.120716
v -0.146915 -0.157440 0.131957
v -0.207153 0.103323 -0.111902
v 0.061019 0.184664 0.097111
v 0.050900 0.161198 0.115862
v 0.047866 0.037539 0.195999
v 0.049353 -0.015106 0.214510
v 0.054311 -0.152608 0.227765
v 0.053670 -0.205511 0.222999
v 0.046871 0.111821 0.151364
v 0.053211 -0.086745 0.219657
v 0.027713 -0.272466 0.217288
v 0.058438 0.173641 0.081532
v 0.050051 -0.087819 0.184475
v 0.048739 -0.021886 0.178277
v 0.051785 -0.157507 0.188990
v 0.054230 -0.207816 0.191993
v 0.026352 -0.274559 0.197840
v 0.052828 0.148123 0.094733
v 0.044687 0.034191 0.157232
v 0.046684 0.105912 0.131391
v 0.132626 0.112319 0.113298
v 0.121417 0.156891 0.085661
v 0.179339 0.110451 0.055214
v 0.165749 0.151394 0.039669
v 0.213028 0.105396 -0.030085
v 0.206095 0.137247 -0.036949
v 0.215054 0.101533 -0.079795
v 0.215644 0.119526 -0.086484
v 0.211997 0.099848 -0.108944
v 0.213008 0.107782 -0.110976
v 0.141193 0.033869 0.162638
v 0.138878 -0.017424 0.171773
v 0.191678 0.030159 0.086221
v 0.191303 -0.019172 0.088930
v 0.217247 0.021518 -0.025394
v 0.214432 -0.021210 -0.019660
v 0.216894 0.011064 -0.121811
v 0.214012 -0.023531 -0.116488
v 0.206960 -0.002625 -0.165088
v 0.205384 -0.023870 -0.162039
v 0.135357 -0.154993 0.195148
v 0.140006 -0.089942 0.185652
v 0.206956 -0.156149 0.094734
v 0.214794 -0.095978 0.095390
v 0.229594 -0.155886 0.011210
v 0.235946 -0.103926 0.007425
v 0.234164 -0.154622 -0.064553
v 0.238451 -0.112087 -0.075172
v 0.219236 -0.149665 -0.148170
v 0.216786 -0.129339 -0.151126
v 0.095624 0.111208 0.132017
v 0.088018 0.160846 0.106303
v 0.157383 0.110933 0.087033
v 0.144169 0.154481 0.066307
v 0.197180 0.108177 0.018783
v 0.191532 0.146447 0.008822
v 0.097127 0.035495 0.186666
v 0.096111 -0.016877 0.196035
v 0.169604 0.032569 0.129284
v 0.170041 -0.017897 0.134163
v 0.206918 0.026854 0.029471
v 0.206820 -0.020289 0.029822
v 0.220072 0.016884 -0.073965
v 0.214248 -0.022666 -0.070817
v 0.097872 -0.154446 0.215633
v 0.100874 -0.087845 0.209411
v 0.188794 -0.156440 0.132499
v 0.196408 -0.093277 0.133431
v 0.221239 -0.155748 0.051096
v 0.230361 -0.099331 0.050651
v 0.233723 -0.154966 -0.024763
v 0.239760 -0.107864 -0.032484
v 0.225251 -0.153225 -0.107603
v 0.229092 -0.118245 -0.114158
v 0.079884 0.148368 0.087394
v 0.111140 0.147084 0.071114
v 0.135172 0.146556 0.051351
v 0.155117 0.144412 0.028095
v 0.173510 0.141577 -0.001686
v 0.192574 0.132074 -0.039069
v 0.203139 0.118583 -0.082558
v 0.212899 0.102755 -0.112637
v 0.218404 0.110501 -0.085510
v 0.216330 0.121628 -0.032997
v 0.202094 0.127702 0.016792
v 0.182346 0.132094 0.051776
v 0.158662 0.134911 0.082128
v 0.132372 0.137571 0.108243
v 0.094171 0.138347 0.127752
v 0.046942 0.137815 0.137441
v 0.048778 0.011389 0.206572
v 0.098889 0.010319 0.195923
v 0.146998 0.009596 0.177428
v 0.179486 0.007421 0.140405
v 0.200029 0.005685 0.092628
v 0.216635 0.004036 0.031374
v 0.224521 0.001500 -0.021825
v 0.226669 -0.001548 -0.070397
v 0.225708 -0.005188 -0.119745
v 0.208542 -0.012693 -0.169443
v 0.220700 -0.139386 -0.154993
v 0.237123 -0.135807 -0.110973
v 0.245071 -0.133703 -0.069492
v 0.247966 -0.131553 -0.026786
v 0.245364 -0.130091 0.016397
v 0.239529 -0.128007 0.059040
v 0.227276 -0.125503 0.107976
v 0.208235 -0.123499 0.149372
v 0.147262 -0.119063 0.207015
v 0.104238 -0.118475 0.223718
v 0.053850 -0.117026 0.228214
v 0.087125 0.108458 0.115646
v 0.117482 0.109775 0.092713
v 0.141606 0.110443 0.066033
v 0.162587 0.109744 0.038554
v 0.179971 0.109241 0.005074
v 0.195903 0.107384 -0.034891
v 0.205091 0.103878 -0.078635
v 0.207680 0.100369 -0.108471
v 0.206842 0.107635 -0.110439
v 0.202357 0.112381 -0.078890
v 0.191272 0.118864 -0.038345
v 0.172686 0.123921 -0.000237
v 0.155384 0.127213 0.028921
v 0.134675 0.128085 0.055037
v 0.110816 0.128243 0.076052
v 0.080037 0.126839 0.093584
v 0.049026 0.123658 0.103858
v 0.081483 0.034807 0.150438
v 0.116097 0.033638 0.131143
v 0.139902 0.031682 0.098409
v 0.161430 0.029218 0.062366
v 0.179501 0.025151 0.019457
v 0.190868 0.020647 -0.028133
v 0.195773 0.015469 -0.071815
v 0.200041 0.008905 -0.117051
v 0.198130 -0.005496 -0.164278
v 0.085132 -0.019475 0.166941
v 0.119104 -0.019005 0.146868
v 0.141801 -0.017903 0.113410
v 0.165115 -0.016091 0.073312
v 0.177760 -0.016321 0.025178
v 0.190592 -0.017685 -0.019369
v 0.196248 -0.018697 -0.065647
v 0.198265 -0.020201 -0.110698
v 0.198507 -0.019033 -0.163062
v 0.197480 -0.012300 -0.167561
v 0.195569 -0.004676 -0.114528
v 0.193801 -0.000845 -0.068613
v 0.187971 0.002348 -0.022877
v 0.175410 0.004333 0.023648
v 0.156591 0.006208 0.064505
v 0.135281 0.007891 0.102446
v 0.107722 0.008480 0.127534
v 0.077521 0.008097 0.144928
v 0.046044 0.006372 0.154379
v 0.081280 -0.089239 0.175398
v 0.120237 -0.091008 0.152756
v 0.175481 -0.092914 0.095038
v 0.185724 -0.095556 0.061581
v 0.194964 -0.098505 0.024930
v 0.202008 -0.103071 -0.014398
v 0.206850 -0.107417 -0.048429
v 0.209378 -0.112419 -0.081557
v 0.208100 -0.119696 -0.117515
v 0.205891 -0.130230 -0.149283
v 0.079056 -0.157403 0.174078
v 0.117630 -0.157078 0.154711
v 0.171134 -0.158021 0.102174
v 0.188724 -0.158506 0.070067
v 0.201368 -0.157515 0.034731
v 0.209740 -0.157724 -0.006790
v 0.212881 -0.157314 -0.040455
v 0.218460 -0.155990 -0.074739
v 0.213983 -0.152980 -0.110827
v 0.208666 -0.149448 -0.145795
v 0.207372 -0.140131 -0.152334
v 0.207666 -0.135153 -0.116145
v 0.207758 -0.132853 -0.081371
v 0.204056 -0.130557 -0.047661
v 0.198871 -0.128787 -0.015106
v 0.190674 -0.127411 0.022370
v 0.180491 -0.125612 0.057642
v 0.164008 -0.124542 0.089007
v 0.115690 -0.121202 0.147739
v 0.076729 -0.120329 0.166131
v 0.049201 -0.119473 0.173639
v 0.165524 -0.155579 0.164435
v 0.180632 -0.121111 0.180211
v 0.174378 -0.091235 0.162576
v 0.151484 -0.092115 0.127517
v 0.143160 -0.123186 0.120716
v 0.146889 -0.157440 0.131957
v 0.207127 0.103323 -0.111902
v -0.000013 0.403858 -0.176877
v -0.000013 0.403996 -0.109597
v -0.000013 0.394166 -0.174135
v -0.000013 0.394115 -0.112800
v -0.000013 0.383501 -0.176779
v -0.000013 0.383574 -0.109972
v -0.000013 0.326229 -0.177042
v -0.000013 0.326234 -0.109671
v -0.000013 0.314985 -0.174099
v -0.000013 0.315148 -0.112747
v -0.000013 0.303456 -0.177155
v -0.000013 0.303533 -0.109463
v -0.000013 0.248934 -0.177166
v -0.000013 0.248869 -0.109465
v -0.000013 0.236347 -0.174304
v -0.000013 0.236438 -0.112612
v -0.000013 0.224628 -0.177036
v -0.000013 0.224507 -0.109639
v -0.000013 0.169130 -0.177159
v -0.000013 0.169004 -0.109504
v -0.000013 0.157155 -0.174061
v -0.000013 0.157290 -0.112898
v -0.000013 0.145643 -0.177103
v -0.000013 0.145535 -0.109578
v -0.000013 0.090788 -0.176918
v -0.000013 0.090779 -0.109823
v -0.000013 0.078528 -0.174158
v -0.000013 0.078579 -0.112701
v -0.000013 0.067167 -0.177161
v -0.000013 0.067087 -0.109484
v -0.000013 0.012707 -0.177082
v -0.000013 0.012684 -0.109571
v -0.000013 0.002015 -0.173935
v -0.000013 0.001982 -0.112880
v -0.000013 -0.008479 -0.177112
v -0.000013 -0.008476 -0.109652
v -0.000013 -0.066567 -0.177072
v -0.000013 -0.066705 -0.109663
v -0.000013 -0.078482 -0.173981
v -0.000013 -0.078433 -0.112854
v -0.000013 -0.089717 -0.177138
v -0.000013 -0.089813 -0.109533
v -0.000013 -0.143693 -0.177174
v -0.000013 -0.143748 -0.109474
v -0.000013 -0.154580 -0.174088
v -0.000013 -0.154653 -0.112824
v -0.000013 -0.165394 -0.176893
v -0.000013 -0.165504 -0.109859
v -0.000013 -0.223887 -0.176987
v -0.000013 -0.223952 -0.109808
v -0.000013 -0.235443 -0.174176
v -0.000013 -0.235332 -0.112779
v -0.000013 -0.247037 -0.177177
v -0.000013 -0.247096 -0.109483
v -0.000013 -0.299213 -0.177181
v -0.000013 -0.299271 -0.109461
v -0.000013 -0.311918 -0.174199
v -0.000013 -0.311896 -0.112686
v -0.000013 -0.325002 -0.177111
v -0.000013 -0.325129 -0.109510
v -0.000013 -0.348417 -0.177162
v -0.000013 -0.353123 -0.111752
v -0.000013 -0.351859 -0.224884
v -0.000013 -0.366136 -0.109539
v -0.000013 -0.390584 -0.111248
v -0.000013 -0.443509 -0.118271
v -0.000013 -0.465733 -0.131282
v -0.000013 -0.469699 -0.141449
v -0.000013 -0.466698 -0.152318
v -0.000013 -0.413574 -0.174214
v -0.000013 -0.446172 -0.167144
v -0.000013 -0.375416 -0.226262
v -0.000013 -0.402837 -0.215883
v -0.032809 0.403885 -0.140354
v -0.030634 0.394204 -0.140422
v -0.032836 0.383613 -0.140385
v -0.032976 0.326218 -0.140371
v -0.030649 0.314975 -0.140436
v -0.032982 0.303419 -0.140297
v -0.033042 0.248906 -0.140373
v -0.030858 0.236327 -0.140411
v -0.032913 0.224601 -0.140353
v -0.033009 0.169079 -0.140391
v -0.030670 0.157094 -0.140438
v -0.033009 0.145633 -0.140332
v -0.032838 0.090753 -0.140400
v -0.030714 0.078532 -0.140418
v -0.032973 0.067137 -0.140373
v -0.033000 0.012701 -0.140414
v -0.030416 0.002012 -0.140425
v -0.032741 -0.008479 -0.140416
v -0.032848 -0.066682 -0.140390
v -0.030575 -0.078539 -0.140432
v -0.033069 -0.089738 -0.140348
v -0.032994 -0.143749 -0.140360
v -0.030664 -0.154584 -0.140427
v -0.032920 -0.165408 -0.140378
v -0.032856 -0.224011 -0.140393
v -0.030593 -0.235577 -0.140430
v -0.033032 -0.247082 -0.140297
v -0.033125 -0.299325 -0.140372
v -0.030714 -0.311954 -0.140411
v -0.032952 -0.325051 -0.140368
v -0.033068 -0.352465 -0.140410
v -0.067813 -0.354426 -0.202911
v -0.084988 -0.353929 -0.148250
v -0.101728 -0.357785 -0.183269
v -0.122056 -0.357683 -0.126225
v -0.138749 -0.363063 -0.146197
v -0.146923 -0.364589 -0.089129
v -0.164078 -0.371101 -0.100521
v -0.161855 -0.372721 -0.052352
v -0.173363 -0.379551 -0.056131
v -0.166767 -0.389873 -0.000734
v -0.064594 -0.363893 -0.117942
v -0.025977 -0.364693 -0.123209
v -0.097605 -0.365825 -0.100035
v -0.126744 -0.368858 -0.077179
v -0.144562 -0.373801 -0.051625
v -0.059548 -0.387004 -0.118774
v -0.025269 -0.387032 -0.124012
v -0.092154 -0.388032 -0.098658
v -0.119781 -0.388605 -0.078020
v -0.135047 -0.389201 -0.051908
v -0.016602 -0.445634 -0.125995
v -0.030791 -0.412665 -0.143670
v -0.022672 -0.446818 -0.142364
v -0.023082 -0.414408 -0.164844
v -0.015493 -0.446460 -0.159663
v -0.066064 -0.410670 -0.135873
v -0.099791 -0.409681 -0.114432
v -0.127631 -0.407371 -0.085565
v -0.141803 -0.402997 -0.054437
v -0.076906 -0.413394 -0.157452
v -0.116638 -0.411605 -0.131190
v -0.143286 -0.410416 -0.091413
v -0.156176 -0.406499 -0.053110
v -0.173039 -0.390380 -0.055728
v -0.162166 -0.389069 -0.100673
v -0.137978 -0.386147 -0.150058
v -0.101093 -0.381224 -0.185722
v -0.067898 -0.378548 -0.205733
v -0.166630 -0.401658 -0.054556
v -0.153417 -0.404266 -0.097478
v -0.131429 -0.404058 -0.147155
v -0.092079 -0.404080 -0.181247
v -0.060648 -0.403059 -0.200533
v 0.032783 0.403885 -0.140354
v 0.030608 0.394204 -0.140422
v 0.032810 0.383613 -0.140385
v 0.032950 0.326218 -0.140371
v 0.030623 0.314975 -0.140436
v 0.032956 0.303419 -0.140297
v 0.033016 0.248906 -0.140373
v 0.030832 0.236327 -0.140411
v 0.032887 0.224601 -0.140353
v 0.032983 0.169079 -0.140391
v 0.030644 0.157094 -0.140438
v 0.032983 0.145633 -0.140332
v 0.032812 0.090753 -0.140400
v 0.030688 0.078532 -0.140418
v 0.032947 0.067137 -0.140373
v 0.032974 0.012701 -0.140414
v 0.030390 0.002012 -0.140425
v 0.032715 -0.008479 -0.140416
v 0.032822 -0.066682 -0.140390
v 0.030549 -0.078539 -0.140432
v 0.033043 -0.089738 -0.140348
v 0.032968 -0.143749 -0.140360
v 0.030638 -0.154584 -0.140427
v 0.032894 -0.165408 -0.140378
v 0.032830 -0.224011 -0.140393
v 0.030567 -0.235577 -0.140430
v 0.033006 -0.247082 -0.140297
v 0.033099 -0.299325 -0.140372
v 0.030688 -0.311954 -0.140411
v 0.032926 -0.325051 -0.140368
v 0.033042 -0.352465 -0.140410
v 0.067787 -0.354426 -0.202911
v 0.084962 -0.353929 -0.148250
v 0.101702 -0.357785 -0.183269
v 0.122030 -0.357683 -0.126225
v 0.138723 -0.363063 -0.146197
v 0.146897 -0.364589 -0.089129
v 0.164052 -0.371101 -0.100521
v 0.161829 -0.372721 -0.052352
v 0.173337 -0.379551 -0.056131
v 0.166741 -0.389873 -0.000734
v 0.064568 -0.363893 -0.117942
v 0.025951 -0.364693 -0.123209
v 0.097579 -0.365825 -0.100035
v 0.126718 -0.368858 -0.077179
v 0.144536 -0.373801 -0.051625
v 0.059522 -0.387004 -0.118774
v 0.025243 -0.387032 -0.124012
v 0.092128 -0.388032 -0.098658
v 0.119755 -0.388605 -0.078020
v 0.135021 -0.389201 -0.051908
v 0.016576 -0.445634 -0.125995
v 0.030765 -0.412665 -0.143670
v 0.022646 -0.446818 -0.142364
v 0.023056 -0.414408 -0.164844
v 0.015467 -0.446460 -0.159663
v 0.066038 -0.410670 -0.135873
v 0.099765 -0.409681 -0.114432
v 0.127605 -0.407371 -0.085565
v 0.141777 -0.402997 -0.054437
v 0.076880 -0.413394 -0.157452
v 0.116612 -0.411605 -0.131190
v 0.143260 -0.410416 -0.091413
v 0.156150 -0.406499 -0.053110
v 0.173013 -0.390380 -0.055728
v 0.162140 -0.389069 -0.100673
v 0.137952 -0.386147 -0.150058
v 0.101067 -0.381224 -0.185722
v 0.067872 -0.378548 -0.205733
v 0.166604 -0.401658 -0.054556
v 0.153391 -0.404266 -0.097478
v 0.131403 -0.404058 -0.147155
v 0.092053 -0.404080 -0.181247
v 0.060622 -0.403059 -0.200533
v 0.023176 0.403872 -0.165288
v 0.022047 0.394186 -0.164005
v 0.023191 0.383559 -0.165257
v 0.023263 0.326224 -0.165376
v 0.022055 0.314980 -0.163996
v 0.023266 0.303437 -0.165392
v 0.023297 0.248919 -0.165437
v 0.022163 0.236336 -0.164081
v 0.023230 0.224614 -0.165364
v 0.023280 0.169103 -0.165443
v 0.022065 0.157124 -0.163978
v 0.023280 0.145638 -0.165385
v 0.023192 0.090770 -0.165332
v 0.022088 0.078530 -0.164014
v 0.023261 0.067151 -0.165434
v 0.023276 0.012704 -0.165418
v 0.021934 0.002013 -0.163911
v 0.023141 -0.008479 -0.165433
v 0.023197 -0.066627 -0.165400
v 0.022016 -0.078512 -0.163937
v 0.023311 -0.089728 -0.165411
v 0.023272 -0.143722 -0.165434
v 0.022062 -0.154582 -0.163986
v 0.023234 -0.165401 -0.165308
v 0.023201 -0.223951 -0.165361
v 0.022025 -0.235512 -0.164029
v 0.023292 -0.247060 -0.165402
v 0.023340 -0.299271 -0.165443
v 0.022088 -0.311937 -0.164031
v 0.023251 -0.325027 -0.165408
v 0.023311 -0.350520 -0.165454
v 0.035202 -0.352779 -0.218492
v 0.034755 -0.375861 -0.218424
v 0.031481 -0.402948 -0.207910
v 0.011199 -0.414019 -0.172062
v -0.023202 0.403872 -0.165288
v -0.022073 0.394186 -0.164005
v -0.023217 0.383559 -0.165257
v -0.023289 0.326224 -0.165376
v -0.022081 0.314980 -0.163996
v -0.023292 0.303437 -0.165392
v -0.023323 0.248919 -0.165437
v -0.022189 0.236336 -0.164081
v -0.023256 0.224614 -0.165364
v -0.023306 0.169103 -0.165443
v -0.022091 0.157124 -0.163978
v -0.023306 0.145638 -0.165385
v -0.023218 0.090770 -0.165332
v -0.022114 0.078530 -0.164014
v -0.023287 0.067151 -0.165434
v -0.023302 0.012704 -0.165418
v -0.021960 0.002013 -0.163911
v -0.023167 -0.008479 -0.165433
v -0.023223 -0.066627 -0.165400
v -0.022042 -0.078512 -0.163937
v -0.023337 -0.089728 -0.165411
v -0.023298 -0.143722 -0.165434
v -0.022088 -0.154582 -0.163986
v -0.023260 -0.165401 -0.165308
v -0.023227 -0.223951 -0.165361
v -0.022051 -0.235512 -0.164029
v -0.023318 -0.247060 -0.165402
v -0.023366 -0.299271 -0.165443
v -0.022114 -0.311937 -0.164031
v -0.023277 -0.325027 -0.165408
v -0.023337 -0.350520 -0.165454
v -0.035228 -0.352779 -0.218492
v -0.034781 -0.375861 -0.218424
v -0.031507 -0.402948 -0.207910
v -0.011225 -0.414019 -0.172062
v 0.021393 0.403941 -0.119364
v 0.020319 0.394159 -0.121018
v 0.021406 0.383593 -0.119568
v 0.021476 0.326226 -0.119409
v 0.020327 0.315062 -0.120998
v 0.021478 0.303477 -0.119268
v 0.021508 0.248887 -0.119306
v 0.020429 0.236383 -0.120918
v 0.021444 0.224553 -0.119384
v 0.021492 0.169041 -0.119334
v 0.020337 0.157194 -0.121076
v 0.021492 0.145584 -0.119343
v 0.021407 0.090766 -0.119500
v 0.020358 0.078556 -0.120966
v 0.021474 0.067111 -0.119315
v 0.021487 0.012693 -0.119379
v 0.020211 0.001997 -0.121060
v 0.021359 -0.008477 -0.119421
v 0.021412 -0.066693 -0.119414
v 0.020290 -0.078485 -0.121050
v 0.021521 -0.089776 -0.119328
v 0.021484 -0.143748 -0.119304
v 0.020334 -0.154619 -0.121032
v 0.021448 -0.165457 -0.119508
v 0.021416 -0.223982 -0.119490
v 0.020299 -0.235453 -0.121011
v 0.021503 -0.247089 -0.119277
v 0.021549 -0.299297 -0.119303
v 0.020358 -0.311925 -0.120955
v 0.021464 -0.325090 -0.119326
v 0.021521 -0.352798 -0.119316
v 0.021602 -0.365558 -0.117276
v 0.016014 -0.389707 -0.117281
v -0.021419 0.403941 -0.119364
v -0.020345 0.394159 -0.121018
v -0.021432 0.383593 -0.119568
v -0.021502 0.326226 -0.119409
v -0.020353 0.315062 -0.120998
v -0.021504 0.303477 -0.119268
v -0.021534 0.248887 -0.119306
v -0.020455 0.236383 -0.120918
v -0.021470 0.224553 -0.119384
v -0.021518 0.169041 -0.119334
v -0.020363 0.157194 -0.121076
v -0.021518 0.145584 -0.119343
v -0.021433 0.090766 -0.119500
v -0.020384 0.078556 -0.120966
v -0.021500 0.067111 -0.119315
v -0.021513 0.012693 -0.119379
v -0.020237 0.001997 -0.121060
v -0.021385 -0.008477 -0.119421
v -0.021438 -0.066693 -0.119414
v -0.020316 -0.078485 -0.121050
v -0.021547 -0.089776 -0.119328
v -0.021510 -0.143748 -0.119304
v -0.020360 -0.154619 -0.121032
v -0.021474 -0.165457 -0.119508
v -0.021442 -0.223982 -0.119490
v -0.020325 -0.235453 -0.121011
v -0.021529 -0.247089 -0.119277
v -0.021575 -0.299297 -0.119303
v -0.020384 -0.311925 -0.120955
v -0.021490 -0.325090 -0.119326
v -0.021547 -0.352798 -0.119316
v -0.021628 -0.365558 -0.117276
v -0.016040 -0.389707 -0.117281
v -0.032809 0.464029 -0.140354
v -0.021419 0.464086 -0.119364
v -0.023202 0.464016 -0.165288
v 0.032783 0.464029 -0.140354
v 0.021393 0.464086 -0.119364
v 0.023176 0.464016 -0.165288
v -0.000013 0.464002 -0.176877
v -0.000013 0.464141 -0.109597
v 0.021393 0.464086 -0.119364
v 0.481687 -0.174016 0.135144
v 0.454048 -0.160236 0.147842
v 0.461428 -0.192355 0.175879
v 0.484792 -0.208009 0.160093
v 0.419998 -0.166344 0.136180
v 0.421466 -0.205309 0.164004
v 0.407590 -0.193407 0.119618
v 0.414547 -0.227380 0.143964
v 0.473974 -0.201601 0.106461
v 0.479754 -0.231626 0.131313
v 0.435391 -0.213061 0.099131
v 0.436841 -0.242527 0.124597
v 0.484169 -0.137659 0.107084
v 0.449211 -0.116519 0.115614
v 0.414276 -0.127292 0.106860
v 0.397554 -0.159571 0.091194
v 0.433604 -0.180902 0.071887
v 0.469097 -0.171086 0.081497
v 0.462769 -0.219687 0.188429
v 0.482377 -0.227840 0.172155
v 0.429233 -0.230339 0.185801
v 0.425598 -0.244370 0.160668
v 0.441794 -0.254619 0.150006
v 0.480254 -0.242666 0.156904
v 0.387299 -0.064411 0.035241
v 0.365471 -0.109224 0.011342
v 0.378184 -0.031624 -0.012164
v 0.351174 -0.080600 -0.037305
v 0.570763 -0.167009 0.091748
v 0.618860 -0.162515 0.097342
v 0.582129 -0.126922 0.077273
v 0.543059 -0.144154 0.090121
v 0.648392 -0.161044 0.040843
v 0.625453 -0.118809 0.038841
v 0.534728 -0.168760 0.059335
v 0.553638 -0.180684 0.068897
v 0.608062 -0.187273 0.019967
v 0.580490 -0.191632 0.031320
v 0.558159 -0.191611 0.009335
v 0.582110 -0.280123 0.112217
v 0.611440 -0.279622 0.123011
v 0.639934 -0.285950 0.082708
v 0.558397 -0.281334 0.086803
v 0.615566 -0.290237 0.057469
v 0.578499 -0.286765 0.051900
v 0.582618 -0.301842 0.117684
v 0.609156 -0.303113 0.124870
v 0.629345 -0.309992 0.085438
v 0.564895 -0.301395 0.094437
v 0.613285 -0.314450 0.064283
v 0.584032 -0.308410 0.063696
v 0.421027 -0.039978 0.043402
v 0.406561 -0.004610 0.008388
v 0.538204 -0.090949 0.064924
v 0.694822 -0.237724 -0.018159
v 0.673698 -0.165563 -0.023725
v 0.662259 -0.235139 0.026612
v 0.669861 -0.246967 -0.047353
v 0.673969 -0.182762 -0.070110
v 0.641713 -0.239803 0.025206
v 0.632787 -0.252354 -0.048703
v 0.615283 -0.210438 -0.064566
v 0.626487 -0.245866 0.014204
v 0.663793 -0.287329 0.031339
v 0.696413 -0.288356 -0.010453
v 0.674018 -0.289495 -0.035207
v 0.647255 -0.288602 0.029178
v 0.641724 -0.296974 -0.036905
v 0.632520 -0.292359 0.018400
v 0.671398 -0.282797 -0.092584
v 0.681769 -0.282357 -0.118157
v 0.672270 -0.225554 -0.120283
v 0.666631 -0.230431 -0.088767
v 0.656096 -0.290359 -0.141513
v 0.644407 -0.233501 -0.150951
v 0.628859 -0.244588 -0.076981
v 0.644542 -0.286233 -0.084280
v 0.611884 -0.252793 -0.111440
v 0.624367 -0.291207 -0.110762
v 0.619638 -0.249186 -0.146705
v 0.630169 -0.297422 -0.137197
v 0.677776 -0.314694 -0.095565
v 0.683837 -0.312965 -0.112896
v 0.661085 -0.319233 -0.129024
v 0.654561 -0.319579 -0.092086
v 0.637466 -0.327507 -0.105976
v 0.641018 -0.325044 -0.125407
v 0.676298 -0.329436 -0.100541
v 0.658085 -0.335415 -0.115567
v 0.657019 -0.170602 -0.117429
v 0.399741 -0.007926 -0.063292
v 0.375206 -0.057946 -0.094287
v 0.432194 0.016391 -0.035064
v 0.446337 -0.009388 -0.112448
v 0.414323 -0.061915 -0.130418
v 0.481305 0.009981 -0.066993
v 0.513380 -0.035016 -0.132511
v 0.464663 -0.085130 -0.154208
v 0.531608 -0.023144 -0.082404
v 0.571310 -0.085738 -0.135861
v 0.522181 -0.127070 -0.157257
v 0.586655 -0.068171 -0.087137
v 0.627768 -0.185733 -0.152140
v 0.599371 -0.206345 -0.152945
v 0.495521 -0.049661 0.055859
v 0.460070 -0.018523 0.034673
v 0.441885 0.001874 0.010679
v 0.455820 0.014145 -0.013984
v 0.490047 0.007723 -0.024366
v 0.538647 -0.017757 -0.029534
v 0.594052 -0.057005 -0.037099
v 0.574208 -0.071582 0.031120
v 0.526294 -0.028808 0.023328
v 0.484485 -0.003517 0.012548
v 0.461754 0.004589 0.001779
v 0.488996 -0.159354 -0.003927
v 0.417488 -0.139086 -0.018766
v 0.592341 -0.213761 -0.112729
v 0.384333 -0.111385 -0.052096
v 0.401996 -0.100591 -0.086564
v 0.422255 -0.089899 -0.113987
v 0.457703 -0.119799 -0.115051
v 0.509687 -0.149917 -0.114719
v 0.656691 -0.324518 0.024665
v 0.690241 -0.325538 -0.007691
v 0.677443 -0.326207 -0.029055
v 0.646758 -0.323247 0.030673
v 0.654576 -0.324774 -0.031190
v 0.634026 -0.325134 0.018207
v 0.653446 -0.353638 0.016986
v 0.667322 -0.354516 -0.012710
v 0.468759 -0.250914 0.179524
v 0.445845 -0.258208 0.174170
v 0.440706 -0.135121 -0.076048
v 0.498597 -0.158838 -0.061570
v 0.505744 -0.113428 0.082737
v 0.452807 -0.076107 0.080525
v 0.484160 -0.150386 0.049089
v 0.432344 -0.161697 0.035590
v 0.383787 -0.135389 0.056357
v 0.402502 -0.096761 0.072472
v 0.624377 -0.144429 -0.130564
v 0.566551 -0.168926 -0.154371
v 0.564183 -0.175422 -0.111595
v 0.559430 -0.183255 -0.056632
v 0.644077 -0.114950 -0.027781
v 0.642219 -0.120503 -0.082307
v 0.600582 -0.336264 0.084170
v 0.587993 -0.332810 0.104210
v 0.580967 -0.222602 0.104291
v 0.557947 -0.226124 0.078349
v 0.584202 -0.233735 0.042860
v 0.616020 -0.235368 0.048037
v 0.651783 -0.229997 0.074796
v 0.621163 -0.221045 0.113093
v -0.481713 -0.174016 0.135144
v -0.454074 -0.160236 0.147842
v -0.461454 -0.192355 0.175879
v -0.484818 -0.208009 0.160093
v -0.420024 -0.166344 0.136180
v -0.421492 -0.205309 0.164004
v -0.407616 -0.193407 0.119618
v -0.414573 -0.227380 0.143964
v -0.474000 -0.201601 0.106461
v -0.479780 -0.231626 0.131313
v -0.435417 -0.213061 0.099131
v -0.436867 -0.242527 0.124597
v -0.484195 -0.137659 0.107084
v -0.449237 -0.116519 0.115614
v -0.414302 -0.127292 0.106860
v -0.397580 -0.159571 0.091194
v -0.433630 -0.180902 0.071887
v -0.469123 -0.171086 0.081497
v -0.462795 -0.219687 0.188429
v -0.482403 -0.227840 0.172155
v -0.429259 -0.230339 0.185801
v -0.425624 -0.244370 0.160668
v -0.441820 -0.254619 0.150006
v -0.480280 -0.242666 0.156904
v -0.387325 -0.064411 0.035241
v -0.365497 -0.109224 0.011342
v -0.378210 -0.031624 -0.012164
v -0.351200 -0.080600 -0.037305
v -0.570789 -0.167009 0.091748
v -0.618886 -0.162515 0.097342
v -0.582155 -0.126922 0.077273
v -0.543085 -0.144154 0.090121
v -0.647819 -0.173784 0.038165
v -0.625479 -0.118809 0.038841
v -0.534754 -0.168760 0.059335
v -0.553664 -0.180684 0.068897
v -0.608088 -0.187273 0.019967
v -0.580516 -0.191632 0.031320
v -0.558185 -0.191611 0.009335
v -0.582136 -0.280123 0.112217
v -0.611466 -0.279622 0.123011
v -0.639960 -0.285950 0.082708
v -0.558423 -0.281334 0.086803
v -0.615592 -0.290237 0.057469
v -0.578525 -0.286765 0.051900
v -0.582644 -0.301842 0.117684
v -0.609182 -0.303113 0.124870
v -0.629371 -0.309992 0.085438
v -0.564921 -0.301395 0.094437
v -0.613311 -0.314450 0.064283
v -0.584058 -0.308410 0.063696
v -0.421053 -0.039978 0.043402
v -0.406587 -0.004610 0.008388
v -0.538230 -0.090949 0.064924
v -0.694848 -0.237724 -0.018159
v -0.673724 -0.165563 -0.023725
v -0.662285 -0.235139 0.026612
v -0.669887 -0.246967 -0.047353
v -0.673995 -0.182762 -0.070110
v -0.641739 -0.239803 0.025206
v -0.632813 -0.252354 -0.048703
v -0.615309 -0.210438 -0.064566
v -0.626513 -0.245866 0.014204
v -0.663819 -0.287329 0.031339
v -0.696439 -0.288356 -0.010453
v -0.674044 -0.289495 -0.035207
v -0.647281 -0.288602 0.029178
v -0.641750 -0.296974 -0.036905
v -0.632546 -0.292359 0.018400
v -0.671424 -0.282797 -0.092584
v -0.681795 -0.282357 -0.118157
v -0.672296 -0.225554 -0.120283
v -0.666657 -0.230431 -0.088767
v -0.656122 -0.290359 -0.141513
v -0.644433 -0.233501 -0.150951
v -0.628885 -0.244588 -0.076981
v -0.644568 -0.286233 -0.084280
v -0.611910 -0.252793 -0.111440
v -0.624393 -0.291207 -0.110762
v -0.619664 -0.249186 -0.146705
v -0.630195 -0.297422 -0.137197
v -0.677802 -0.314694 -0.095565
v -0.683863 -0.312965 -0.112896
v -0.661111 -0.319233 -0.129024
v -0.654587 -0.319579 -0.092086
v -0.637492 -0.327507 -0.105976
v -0.641044 -0.325044 -0.125407
v -0.676324 -0.329436 -0.100541
v -0.658111 -0.335415 -0.115567
v -0.657045 -0.170602 -0.117429
v -0.399767 -0.007926 -0.063292
v -0.375232 -0.057946 -0.094287
v -0.432220 0.016391 -0.035064
v -0.446363 -0.009388 -0.112448
v -0.414349 -0.061915 -0.130418
v -0.481331 0.009981 -0.066993
v -0.513406 -0.035016 -0.132511
v -0.464689 -0.085130 -0.154208
v -0.531634 -0.023144 -0.082404
v -0.571336 -0.085738 -0.135861
v -0.522207 -0.127070 -0.157257
v -0.586681 -0.068171 -0.087137
v -0.627794 -0.185733 -0.152140
v -0.599397 -0.206345 -0.152945
v -0.495547 -0.049661 0.055859
v -0.460096 -0.018523 0.034673
v -0.441911 0.001874 0.010679
v -0.455846 0.014145 -0.013984
v -0.490073 0.007723 -0.024366
v -0.538673 -0.017757 -0.029534
v -0.594078 -0.057005 -0.037099
v -0.574234 -0.071582 0.031120
v -0.526320 -0.028808 0.023328
v -0.484511 -0.003517 0.012548
v -0.461780 0.004589 0.001779
v -0.489022 -0.159354 -0.003927
v -0.417514 -0.139086 -0.018766
v -0.592367 -0.213761 -0.112729
v -0.384359 -0.111385 -0.052096
v -0.402022 -0.100591 -0.086564
v -0.422281 -0.089899 -0.113987
v -0.457729 -0.119799 -0.115051
v -0.509713 -0.149917 -0.114719
v -0.656717 -0.324518 0.024665
v -0.690267 -0.325538 -0.007691
v -0.677469 -0.326207 -0.029055
v -0.646784 -0.323247 0.030673
v -0.654602 -0.324774 -0.031190
v -0.634052 -0.325134 0.018207
v -0.653472 -0.353638 0.016986
v -0.667348 -0.354516 -0.012710
v -0.468785 -0.250914 0.179524
v -0.445871 -0.258208 0.174170
v -0.440732 -0.135121 -0.076048
v -0.498623 -0.158838 -0.061570
v -0.505770 -0.113428 0.082737
v -0.452833 -0.076107 0.080525
v -0.484186 -0.150386 0.049089
v -0.432370 -0.161697 0.035590
v -0.383813 -0.135389 0.056357
v -0.402528 -0.096761 0.072472
v -0.624403 -0.144429 -0.130564
v -0.566577 -0.168926 -0.154371
v -0.564209 -0.175422 -0.111595
v -0.559456 -0.183255 -0.056632
v -0.644103 -0.114950 -0.027781
v -0.642245 -0.120503 -0.082307
v -0.600608 -0.336264 0.084170
v -0.588019 -0.332810 0.104210
v -0.580993 -0.222602 0.104291
v -0.557973 -0.226124 0.078349
v -0.584228 -0.233735 0.042860
v -0.616046 -0.235368 0.048037
v -0.651809 -0.229997 0.074796
v -0.621189 -0.221045 0.113093
v -0.163830 -0.712985 0.110907
v -0.134072 -0.709025 0.038612
v -0.233575 -0.682174 0.099374
v -0.214682 -0.636036 0.031116
v -0.109668 -0.814239 0.029167
v -0.145303 -0.814239 0.114569
v -0.189093 -0.731484 0.176763
v -0.252177 -0.707248 0.172496
v -0.166085 -0.814239 0.182390
v -0.196242 -0.740449 0.293518
v -0.286658 -0.716295 0.297589
v -0.173972 -0.814239 0.278352
v -0.233218 -0.741210 0.419992
v -0.334693 -0.736264 0.430197
v -0.203378 -0.814239 0.400512
v -0.307356 -0.681358 0.070950
v -0.283986 -0.636036 0.008588
v -0.339834 -0.707834 0.138724
v -0.400189 -0.718578 0.251744
v -0.452701 -0.736409 0.386031
v -0.373067 -0.720796 0.029218
v -0.356524 -0.717160 -0.033642
v -0.401995 -0.725989 0.107042
v -0.461899 -0.729560 0.194285
v -0.517861 -0.749261 0.314352
v -0.381239 -0.814239 0.005131
v -0.371287 -0.814239 -0.046662
v -0.416000 -0.814239 0.085349
v -0.481715 -0.814239 0.179868
v -0.528101 -0.814239 0.270292
v -0.131097 -0.636036 -0.079761
v -0.152526 -0.636036 -0.009249
v -0.235980 -0.636036 -0.149663
v -0.166088 -0.636036 -0.133154
v -0.287030 -0.636036 -0.125790
v -0.313052 -0.636036 -0.056701
v -0.342165 -0.713075 -0.091459
v -0.307495 -0.710819 -0.156574
v -0.232773 -0.704263 -0.186030
v -0.147963 -0.706307 -0.163544
v -0.100972 -0.708000 -0.106452
v -0.103502 -0.703542 -0.015678
v -0.354427 -0.814239 -0.108662
v -0.310820 -0.814239 -0.175529
v -0.235100 -0.814239 -0.198019
v -0.140095 -0.814239 -0.175855
v -0.089699 -0.814239 -0.115266
v -0.082830 -0.814239 -0.034042
v -0.339306 -0.814239 0.452571
v -0.461093 -0.814239 0.404860
v -0.527274 -0.814239 0.324648
v -0.234226 -0.814239 0.429571
v -0.187759 -0.814239 0.077348
v -0.347675 -0.814239 0.026875
v -0.321202 -0.814239 0.392021
v -0.458479 -0.814239 0.343975
v -0.253877 -0.814239 0.358824
v -0.464976 -0.814239 0.268557
v -0.431029 -0.814239 0.163485
v -0.217742 -0.814239 0.236436
v -0.386216 -0.814239 0.102259
v -0.201834 -0.814239 0.153691
v -0.322801 -0.814239 -0.038726
v -0.173357 -0.814239 0.010889
v -0.142716 -0.814239 -0.060874
v -0.293904 -0.814239 -0.105376
v -0.249984 -0.814239 -0.154349
v -0.145772 -0.814239 -0.131031
v 0.163804 -0.712985 0.110907
v 0.134046 -0.709025 0.038612
v 0.233549 -0.682174 0.099374
v 0.214656 -0.636036 0.031116
v 0.109642 -0.814239 0.029167
v 0.145277 -0.814239 0.114569
v 0.189067 -0.731484 0.176763
v 0.252151 -0.707248 0.172496
v 0.166059 -0.814239 0.182390
v 0.196216 -0.740449 0.293518
v 0.286632 -0.716295 0.297589
v 0.173946 -0.814239 0.278352
v 0.233192 -0.741210 0.419992
v 0.334667 -0.736264 0.430197
v 0.203352 -0.814239 0.400512
v 0.307330 -0.681358 0.070950
v 0.283960 -0.636036 0.008588
v 0.339808 -0.707834 0.138724
v 0.400163 -0.718578 0.251744
v 0.452675 -0.736409 0.386031
v 0.373041 -0.720796 0.029218
v 0.356498 -0.717160 -0.033642
v 0.401969 -0.725989 0.107042
v 0.461873 -0.729560 0.194285
v 0.517835 -0.749261 0.314352
v 0.381213 -0.814239 0.005131
v 0.371261 -0.814239 -0.046662
v 0.415974 -0.814239 0.085349
v 0.481689 -0.814239 0.179868
v 0.528075 -0.814239 0.270292
v 0.131071 -0.636036 -0.079761
v 0.152500 -0.636036 -0.009249
v 0.235954 -0.636036 -0.149663
v 0.166062 -0.636036 -0.133154
v 0.287004 -0.636036 -0.125790
v 0.313026 -0.636036 -0.056701
v 0.342139 -0.713075 -0.091459
v 0.307469 -0.710819 -0.156574
v 0.232747 -0.704263 -0.186030
v 0.147937 -0.706307 -0.163544
v 0.100946 -0.708000 -0.106452
v 0.103476 -0.703542 -0.015678
v 0.354401 -0.814239 -0.108662
v 0.310794 -0.814239 -0.175529
v 0.235074 -0.814239 -0.198019
v 0.140069 -0.814239 -0.175855
v 0.089673 -0.814239 -0.115266
v 0.082804 -0.814239 -0.034042
v 0.339280 -0.814239 0.452571
v 0.461067 -0.814239 0.404860
v 0.527248 -0.814239 0.324648
v 0.234200 -0.814239 0.429571
v 0.187733 -0.814239 0.077348
v 0.347649 -0.814239 0.026875
v 0.321176 -0.814239 0.392021
v 0.458453 -0.814239 0.343975
v 0.253851 -0.814239 0.358824
v 0.464950 -0.814239 0.268557
v 0.431003 -0.814239 0.163485
v 0.217716 -0.814239 0.236436
v 0.386190 -0.814239 0.102259
v 0.201808 -0.814239 0.153691
v 0.322775 -0.814239 -0.038726
v 0.173331 -0.814239 0.010889
v 0.142690 -0.814239 -0.060874
v 0.293878 -0.814239 -0.105376
v 0.249958 -0.814239 -0.154349
v 0.145746 -0.814239 -0.131031
v -0.216919 -0.636036 0.003764
v -0.265251 -0.636036 -0.011947
v -0.173572 -0.636036 -0.024387
v -0.158627 -0.636036 -0.073561
v -0.231772 -0.636036 -0.122311
v -0.183030 -0.636036 -0.110797
v -0.267374 -0.636036 -0.105662
v -0.285522 -0.636036 -0.057480
v 0.216893 -0.636036 0.003764
v 0.265225 -0.636036 -0.011947
v 0.173546 -0.636036 -0.024387
v 0.158601 -0.636036 -0.073561
v 0.231746 -0.636036 -0.122311
v 0.183004 -0.636036 -0.110797
v 0.267348 -0.636036 -0.105662
v 0.285496 -0.636036 -0.057480
v -0.217911 -0.663176 -0.008367
v -0.256942 -0.663176 -0.021055
v -0.182906 -0.663176 -0.031101
v -0.170837 -0.663176 -0.070812
v -0.229906 -0.663176 -0.110180
v -0.190544 -0.663176 -0.100882
v -0.258656 -0.663176 -0.096735
v -0.273312 -0.663176 -0.057825
v 0.217885 -0.663176 -0.008367
v 0.256916 -0.663176 -0.021055
v 0.182880 -0.663176 -0.031101
v 0.170811 -0.663176 -0.070812
v 0.229880 -0.663176 -0.110180
v 0.190518 -0.663176 -0.100882
v 0.258630 -0.663176 -0.096735
v 0.273286 -0.663176 -0.057825
vn -0.3737 0.1771 0.9105
vn -0.4356 0.2794 0.8557
vn -0.3983 0.3122 0.8625
vn -0.4362 0.2602 0.8614
vn -0.0000 0.3965 0.9180
vn -0.0000 0.3875 0.9219
vn -0.3693 0.3281 0.8695
vn -0.0000 0.3484 0.9373
vn -0.0000 0.2525 0.9676
vn -0.3720 0.2235 0.9009
vn -0.3699 0.3742 0.8504
vn -0.3483 0.2141 0.9126
vn -0.3460 0.4871 0.8019
vn -0.3175 0.5575 0.7671
vn -0.4226 0.2769 0.8630
vn -0.3865 0.2599 0.8849
vn -0.2780 0.6251 0.7293
vn -0.4768 0.2996 0.8264
vn -0.1477 0.6075 0.7805
vn -0.0615 0.4282 0.9016
vn -0.4951 0.2306 0.8377
vn -0.4878 0.3027 0.8188
vn -0.1945 0.1876 0.9628
vn -0.3830 0.2569 0.8873
vn -0.6158 0.3789 0.6909
vn -0.5507 0.1987 0.8107
vn -0.4010 0.3066 0.8632
vn -0.5410 0.4845 0.6874
vn -0.4088 0.2540 0.8766
vn -0.4110 0.5067 0.7578
vn -0.3858 0.1856 0.9037
vn -0.2700 0.5201 0.8103
vn -0.3212 0.0514 0.9456
vn -0.2126 0.0720 0.9745
vn -0.2439 0.7404 0.6263
vn -0.0000 0.6132 0.7899
vn -0.0000 0.7737 0.6336
vn -0.0000 0.9567 0.2912
vn -0.2601 0.9238 0.2811
vn -0.0000 0.9999 0.0158
vn -0.2708 0.9625 0.0145
vn -0.0000 0.8994 -0.4371
vn -0.2049 0.8885 -0.4107
vn -0.2588 0.9518 -0.1646
vn -0.0000 0.9849 -0.1733
vn -0.5137 -0.0325 0.8574
vn -0.4409 0.0085 0.8975
vn -0.6249 -0.0396 0.7797
vn -0.7748 -0.0025 0.6322
vn -0.8709 0.0451 0.4893
vn -0.8456 0.3727 0.3823
vn -0.9068 0.1215 0.4036
vn -0.6755 0.5634 0.4757
vn -0.4737 0.6689 0.5729
vn -0.5470 -0.1253 0.8277
vn -0.4789 -0.1136 0.8705
vn -0.6504 -0.1063 0.7521
vn -0.9160 -0.1441 0.3744
vn -0.9752 -0.1083 0.1931
vn -0.9270 0.3387 0.1613
vn -0.9849 0.0880 0.1489
vn -0.7831 0.5839 0.2139
vn -0.5540 0.7948 0.2475
vn -0.9880 -0.1489 0.0422
vn -0.9556 -0.2894 0.0551
vn -0.9817 -0.1885 -0.0278
vn -0.9172 -0.2506 -0.3098
vn -0.7941 -0.5510 -0.2566
vn -0.9151 -0.4022 -0.0281
vn -0.1745 -0.3858 -0.9059
vn -0.1560 -0.6180 -0.7706
vn -0.5407 -0.6205 -0.5681
vn -0.6304 -0.3195 -0.7075
vn -0.0000 -0.4055 -0.9141
vn -0.0000 -0.6167 -0.7872
vn -0.9464 0.3218 0.0269
vn -0.9953 0.0920 0.0315
vn -0.9373 0.3382 -0.0841
vn -0.8722 0.3419 -0.3499
vn -0.9295 0.1217 -0.3481
vn -0.9919 0.1189 -0.0442
vn -0.6175 0.2830 -0.7339
vn -0.2196 0.1912 -0.9567
vn -0.2005 -0.0350 -0.9791
vn -0.6392 0.0617 -0.7665
vn -0.0000 0.1543 -0.9880
vn -0.0000 -0.0725 -0.9974
vn -0.8057 0.5916 0.0284
vn -0.7855 0.6076 -0.1173
vn -0.7367 0.5862 -0.3370
vn -0.5391 0.5029 -0.6756
vn -0.2071 0.4228 -0.8823
vn -0.0000 0.4086 -0.9127
vn -0.5642 0.8254 0.0203
vn -0.5356 0.8324 -0.1425
vn -0.4823 0.8052 -0.3451
vn -0.3837 0.7213 -0.5767
vn -0.1592 0.7204 -0.6751
vn -0.0000 0.7172 -0.6968
vn -0.5561 -0.1834 0.8106
vn -0.4728 -0.1850 0.8615
vn -0.3291 -0.0870 0.9403
vn -0.1637 -0.1013 0.9813
vn -0.0000 -0.1239 0.9923
vn -0.0000 0.1125 0.9937
vn -0.3225 -0.2051 0.9241
vn -0.1092 -0.2744 0.9554
vn -0.0000 -0.3041 0.9526
vn -0.4530 -0.6762 0.5809
vn -0.3196 -0.7153 0.6214
vn -0.2754 -0.7247 0.6317
vn -0.2544 -0.7511 0.6092
vn -0.2769 -0.7503 0.6004
vn -0.1423 -0.8053 0.5755
vn -0.1398 -0.8058 0.5755
vn -0.0000 -0.8293 0.5589
vn -0.1231 -0.5576 0.8209
vn -0.2433 -0.5407 0.8052
vn -0.2579 -0.5427 0.7994
vn -0.1141 -0.5577 0.8222
vn -0.0000 -0.5527 0.8334
vn -0.4345 -0.4736 0.7661
vn -0.2652 -0.5189 0.8126
vn -0.2974 -0.5118 0.8060
vn -0.0977 -0.9371 0.3350
vn -0.1945 -0.9135 0.3573
vn -0.1903 -0.9148 0.3563
vn -0.0924 -0.9381 0.3338
vn -0.0000 -0.9448 0.3277
vn -0.7558 -0.6263 0.1912
vn -0.3532 -0.8684 0.3480
vn -0.3824 -0.8584 0.3419
vn -0.8315 -0.5377 0.1396
vn -0.5124 -0.8587 -0.0016
vn -0.7361 -0.6767 -0.0140
vn -0.9087 -0.4173 0.0070
vn -0.7123 -0.7012 0.0287
vn -0.9456 -0.3226 0.0431
vn -0.9370 -0.3458 0.0497
vn -0.9315 -0.3634 -0.0166
vn -0.2147 -0.9626 -0.1655
vn -0.3504 -0.9360 0.0348
vn -0.3190 -0.9475 0.0198
vn 0.8640 -0.4049 0.2993
vn 0.8915 -0.3446 0.2942
vn 0.5837 -0.7414 0.3310
vn 0.5276 -0.7815 0.3329
vn -0.0000 -0.9433 0.3318
vn 0.7388 0.6620 0.1260
vn 0.6703 0.7352 0.1008
vn -0.0000 0.9985 -0.0551
vn 0.3626 -0.3610 0.8592
vn 0.3481 0.2345 0.9077
vn -0.0000 0.1725 0.9850
vn -0.0000 -0.3874 0.9219
vn 0.2584 0.6235 0.7379
vn -0.0000 0.6454 0.7639
vn -0.2197 -0.9754 -0.0194
vn -0.1655 -0.9860 -0.0203
vn -0.1303 -0.9915 -0.0052
vn -0.1702 -0.9849 -0.0324
vn -0.0770 -0.9947 -0.0682
vn -0.0953 -0.9914 -0.0900
vn -0.0001 -0.9860 -0.1666
vn 0.0026 -0.9804 -0.1968
vn -0.0000 -0.9756 -0.2194
vn -0.0000 -0.9799 -0.1994
vn -0.3063 -0.9513 0.0342
vn -0.2583 -0.9660 -0.0136
vn -0.0973 -0.9936 -0.0576
vn -0.1019 -0.9948 -0.0032
vn -0.0685 -0.9973 -0.0275
vn -0.0194 -0.9938 -0.1095
vn -0.0000 -0.9891 -0.1471
vn -0.0193 -0.2136 -0.9767
vn -0.0262 -0.2186 -0.9755
vn -0.0254 -0.2259 -0.9738
vn -0.0324 -0.2269 -0.9734
vn -0.0208 -0.2386 -0.9709
vn -0.0435 -0.2657 -0.9631
vn -0.0000 -0.2314 -0.9729
vn -0.0000 -0.2653 -0.9642
vn -0.0117 -0.3001 -0.9538
vn 0.0068 -0.3285 -0.9445
vn -0.1593 -0.8340 0.5282
vn -0.5245 -0.7401 0.4208
vn -0.5570 -0.7219 0.4106
vn -0.1892 -0.8329 0.5201
vn 0.2342 -0.7000 0.6747
vn 0.2268 -0.7053 0.6716
vn -0.8952 -0.3725 0.2446
vn -0.9186 -0.3239 0.2263
vn -0.9912 0.0171 0.1315
vn -0.8818 0.4651 0.0782
vn -0.8771 0.4741 0.0775
vn -0.9894 0.0772 0.1229
vn 0.2406 0.9656 0.0988
vn 0.2287 0.9692 0.0918
vn 0.4010 0.8882 0.2244
vn 0.4348 0.8626 0.2587
vn -0.5622 0.8263 0.0345
vn -0.5889 0.8073 0.0383
vn -0.2707 0.9627 0.0036
vn -0.3155 0.9489 0.0071
vn -0.1060 0.9943 -0.0101
vn -0.0861 0.9962 -0.0118
vn 0.0617 0.9980 0.0132
vn 0.0571 0.9983 0.0117
vn 0.6806 0.0387 0.7316
vn 0.6915 0.1203 0.7123
vn 0.5257 -0.3846 0.7587
vn 0.5108 -0.4091 0.7561
vn 0.6345 0.5845 0.5057
vn 0.6567 0.5255 0.5410
vn -0.4589 0.7731 0.4378
vn -0.4502 0.5505 0.7030
vn -0.3703 0.7262 0.5792
vn -0.5197 0.7634 0.3836
vn -0.6066 0.5884 0.5347
vn -0.7263 0.6140 0.3091
vn -0.3329 0.4754 0.8143
vn -0.2835 0.6861 0.6701
vn -0.7793 0.5421 0.3144
vn -0.7713 0.2721 0.5754
vn -0.1276 0.5940 0.7943
vn -0.1665 0.3526 0.9208
vn -0.0915 0.5366 0.8388
vn -0.0309 0.2391 0.9705
vn -0.2552 0.1890 0.9482
vn -0.0530 0.1833 0.9816
vn -0.2663 0.0531 0.9624
vn -0.4813 0.0834 0.8726
vn -0.4685 -0.0700 0.8807
vn -0.6313 0.1321 0.7642
vn -0.6697 -0.1519 0.7269
vn -0.8454 -0.0362 0.5329
vn -0.8844 0.1605 0.4382
vn -0.0269 -0.2851 -0.9581
vn -0.0000 -0.2826 -0.9592
vn -0.0229 -0.7126 -0.7012
vn -0.0131 -0.9590 -0.2830
vn -0.0000 -0.9642 -0.2651
vn -0.0000 -0.7144 -0.6997
vn -0.0023 -0.7084 -0.7058
vn -0.0197 -0.9417 -0.3359
vn -0.0000 -0.9977 -0.0684
vn -0.0268 -0.9980 -0.0579
vn -0.0510 -0.9984 -0.0250
vn -0.0625 -0.9980 -0.0108
vn -0.0498 -0.9985 -0.0245
vn -0.0000 -1.0000 -0.0000
vn 0.0216 -0.7505 -0.6605
vn 0.3737 0.1771 0.9105
vn 0.4363 0.2601 0.8614
vn 0.3983 0.3122 0.8625
vn 0.4356 0.2794 0.8557
vn 0.3693 0.3281 0.8695
vn 0.3720 0.2236 0.9009
vn 0.3483 0.2141 0.9126
vn 0.3699 0.3742 0.8504
vn 0.3460 0.4871 0.8019
vn 0.3865 0.2599 0.8849
vn 0.4226 0.2769 0.8630
vn 0.3175 0.5575 0.7671
vn 0.4768 0.2996 0.8263
vn 0.2779 0.6252 0.7294
vn 0.1477 0.6075 0.7805
vn 0.4878 0.3026 0.8188
vn 0.4951 0.2306 0.8377
vn 0.0615 0.4282 0.9016
vn 0.1945 0.1876 0.9628
vn 0.5507 0.1987 0.8107
vn 0.6158 0.3789 0.6909
vn 0.3830 0.2569 0.8873
vn 0.5410 0.4845 0.6874
vn 0.4011 0.3066 0.8632
vn 0.4110 0.5067 0.7578
vn 0.4088 0.2540 0.8766
vn 0.2700 0.5201 0.8103
vn 0.3858 0.1856 0.9037
vn 0.3212 0.0514 0.9456
vn 0.2126 0.0720 0.9745
vn 0.2439 0.7404 0.6263
vn 0.2601 0.9238 0.2811
vn 0.2708 0.9625 0.0145
vn 0.2588 0.9518 -0.1646
vn 0.2049 0.8885 -0.4107
vn 0.4409 0.0085 0.8975
vn 0.5137 -0.0325 0.8574
vn 0.6249 -0.0396 0.7797
vn 0.7748 -0.0025 0.6322
vn 0.8709 0.0450 0.4893
vn 0.9068 0.1216 0.4036
vn 0.8456 0.3727 0.3823
vn 0.6755 0.5634 0.4757
vn 0.4737 0.6689 0.5729
vn 0.4789 -0.1136 0.8705
vn 0.5469 -0.1254 0.8278
vn 0.6504 -0.1063 0.7521
vn 0.9160 -0.1441 0.3744
vn 0.9752 -0.1083 0.1931
vn 0.9849 0.0880 0.1489
vn 0.9270 0.3387 0.1613
vn 0.7831 0.5839 0.2139
vn 0.5541 0.7948 0.2475
vn 0.9880 -0.1489 0.0422
vn 0.9556 -0.2894 0.0551
vn 0.9817 -0.1885 -0.0278
vn 0.9151 -0.4022 -0.0281
vn 0.7941 -0.5510 -0.2566
vn 0.9172 -0.2506 -0.3098
vn 0.1744 -0.3858 -0.9059
vn 0.6304 -0.3195 -0.7075
vn 0.5407 -0.6205 -0.5681
vn 0.1559 -0.6180 -0.7706
vn 0.9464 0.3218 0.0269
vn 0.9953 0.0920 0.0315
vn 0.9373 0.3382 -0.0840
vn 0.9919 0.1189 -0.0442
vn 0.9295 0.1217 -0.3481
vn 0.8722 0.3419 -0.3499
vn 0.6175 0.2830 -0.7339
vn 0.6392 0.0617 -0.7665
vn 0.2005 -0.0350 -0.9791
vn 0.2196 0.1912 -0.9567
vn 0.8057 0.5916 0.0284
vn 0.7855 0.6076 -0.1173
vn 0.7367 0.5862 -0.3370
vn 0.5391 0.5029 -0.6756
vn 0.2070 0.4227 -0.8823
vn 0.5642 0.8254 0.0203
vn 0.5356 0.8324 -0.1425
vn 0.4822 0.8052 -0.3451
vn 0.3837 0.7213 -0.5767
vn 0.1592 0.7204 -0.6751
vn 0.4728 -0.1850 0.8615
vn 0.5561 -0.1834 0.8106
vn 0.1637 -0.1013 0.9813
vn 0.3291 -0.0870 0.9403
vn 0.3225 -0.2051 0.9241
vn 0.1092 -0.2744 0.9554
vn 0.4530 -0.6762 0.5809
vn 0.2754 -0.7247 0.6317
vn 0.3196 -0.7153 0.6214
vn 0.2769 -0.7503 0.6004
vn 0.2544 -0.7511 0.6092
vn 0.1398 -0.8058 0.5755
vn 0.1423 -0.8053 0.5755
vn 0.1231 -0.5576 0.8209
vn 0.1141 -0.5577 0.8222
vn 0.2579 -0.5427 0.7994
vn 0.2433 -0.5407 0.8052
vn 0.4345 -0.4736 0.7661
vn 0.2974 -0.5118 0.8060
vn 0.2652 -0.5189 0.8126
vn 0.0977 -0.9371 0.3350
vn 0.0924 -0.9381 0.3338
vn 0.1903 -0.9148 0.3563
vn 0.1945 -0.9135 0.3573
vn 0.7558 -0.6263 0.1912
vn 0.8315 -0.5377 0.1396
vn 0.3824 -0.8584 0.3419
vn 0.3532 -0.8684 0.3480
vn 0.5124 -0.8587 -0.0016
vn 0.7123 -0.7012 0.0287
vn 0.9087 -0.4173 0.0070
vn 0.7361 -0.6767 -0.0140
vn 0.9370 -0.3458 0.0497
vn 0.9456 -0.3226 0.0431
vn 0.9315 -0.3634 -0.0166
vn 0.2147 -0.9626 -0.1655
vn 0.3190 -0.9475 0.0198
vn 0.3504 -0.9360 0.0348
vn -0.8640 -0.4049 0.2993
vn -0.5276 -0.7815 0.3329
vn -0.5837 -0.7414 0.3310
vn -0.8915 -0.3446 0.2942
vn -0.7388 0.6620 0.1260
vn -0.6703 0.7352 0.1008
vn -0.3626 -0.3610 0.8592
vn -0.3481 0.2344 0.9077
vn -0.2584 0.6235 0.7379
vn 0.2197 -0.9754 -0.0194
vn 0.1702 -0.9849 -0.0324
vn 0.1303 -0.9915 -0.0052
vn 0.1656 -0.9860 -0.0202
vn 0.0770 -0.9947 -0.0682
vn 0.0952 -0.9914 -0.0900
vn 0.0001 -0.9860 -0.1666
vn -0.0026 -0.9804 -0.1968
vn 0.2583 -0.9660 -0.0136
vn 0.3063 -0.9513 0.0342
vn 0.0972 -0.9936 -0.0576
vn 0.1019 -0.9948 -0.0032
vn 0.0685 -0.9973 -0.0275
vn 0.0194 -0.9938 -0.1095
vn 0.0193 -0.2136 -0.9767
vn 0.0254 -0.2259 -0.9738
vn 0.0262 -0.2186 -0.9755
vn 0.0208 -0.2386 -0.9709
vn 0.0324 -0.2269 -0.9734
vn 0.0435 -0.2657 -0.9631
vn 0.0117 -0.3001 -0.9538
vn -0.0068 -0.3285 -0.9445
vn 0.1593 -0.8340 0.5282
vn 0.1892 -0.8329 0.5201
vn 0.5570 -0.7219 0.4106
vn 0.5245 -0.7401 0.4208
vn -0.2342 -0.7000 0.6747
vn -0.2268 -0.7053 0.6716
vn 0.9186 -0.3239 0.2263
vn 0.8952 -0.3725 0.2446
vn 0.9912 0.0171 0.1315
vn 0.9894 0.0772 0.1229
vn 0.8771 0.4741 0.0775
vn 0.8818 0.4651 0.0782
vn -0.2406 0.9656 0.0988
vn -0.4348 0.8626 0.2587
vn -0.4010 0.8882 0.2244
vn -0.2287 0.9692 0.0918
vn 0.5889 0.8073 0.0383
vn 0.5622 0.8263 0.0345
vn 0.3155 0.9489 0.0071
vn 0.2707 0.9627 0.0036
vn 0.1060 0.9943 -0.0101
vn -0.0571 0.9983 0.0117
vn -0.0617 0.9980 0.0132
vn 0.0861 0.9962 -0.0118
vn -0.6806 0.0387 0.7316
vn -0.5108 -0.4091 0.7561
vn -0.5257 -0.3846 0.7587
vn -0.6915 0.1203 0.7123
vn -0.6567 0.5255 0.5410
vn -0.6345 0.5845 0.5057
vn 0.4589 0.7731 0.4378
vn 0.3703 0.7262 0.5792
vn 0.4501 0.5505 0.7030
vn 0.5197 0.7634 0.3836
vn 0.6066 0.5884 0.5347
vn 0.7263 0.6140 0.3091
vn 0.2835 0.6861 0.6701
vn 0.3329 0.4754 0.8143
vn 0.7793 0.5421 0.3144
vn 0.7713 0.2721 0.5754
vn 0.1276 0.5940 0.7943
vn 0.0915 0.5366 0.8388
vn 0.1665 0.3526 0.9208
vn 0.0309 0.2391 0.9705
vn 0.0530 0.1833 0.9816
vn 0.2552 0.1890 0.9482
vn 0.2663 0.0531 0.9624
vn 0.4685 -0.0699 0.8807
vn 0.4813 0.0834 0.8726
vn 0.6697 -0.1519 0.7269
vn 0.6313 0.1321 0.7642
vn 0.8454 -0.0362 0.5329
vn 0.8844 0.1605 0.4382
vn 0.0269 -0.2851 -0.9581
vn 0.0229 -0.7126 -0.7012
vn 0.0131 -0.9590 -0.2830
vn 0.0023 -0.7084 -0.7058
vn 0.0197 -0.9417 -0.3359
vn 0.0268 -0.9980 -0.0579
vn 0.0510 -0.9984 -0.0250
vn 0.0625 -0.9980 -0.0108
vn 0.0498 -0.9985 -0.0245
vn -0.0216 -0.7505 -0.6605
vn -0.0000 -0.0000 1.0000
vn -0.1294 0.6628 0.7375
vn -0.0000 0.6680 0.7442
vn -0.0000 0.6697 0.7426
vn -0.1068 0.6659 0.7384
vn -0.2479 0.4516 0.8571
vn -0.2076 0.3112 0.9274
vn -0.0000 0.3175 0.9483
vn -0.0000 0.4616 0.8871
vn -0.1615 -0.0595 0.9851
vn -0.1680 -0.1121 0.9794
vn -0.0000 -0.1158 0.9933
vn -0.0000 -0.0603 0.9982
vn -0.2485 0.4995 0.8299
vn -0.0000 0.5122 0.8588
vn -0.0000 0.6055 0.7959
vn -0.1958 0.6013 0.7747
vn -0.0000 0.0783 0.9969
vn -0.1871 0.0781 0.9792
vn -0.1801 -0.1406 0.9736
vn -0.0000 -0.1504 0.9886
vn 0.0637 0.8358 -0.5453
vn -0.0000 0.8375 -0.5464
vn -0.9979 0.0329 -0.0563
vn -0.9994 0.0180 -0.0300
vn -0.9832 -0.1823 -0.0061
vn -0.9866 -0.1631 -0.0085
vn -0.8787 -0.4752 0.0452
vn -0.8902 -0.4539 0.0394
vn -0.0000 -0.2606 0.9654
vn -0.0000 -0.4230 -0.9061
vn -0.0000 -0.4512 -0.8924
vn 0.0681 -0.4455 -0.8927
vn 0.0448 -0.4226 -0.9052
vn -0.7310 -0.6745 0.1028
vn -0.9981 -0.0320 -0.0521
vn -0.9656 -0.2249 0.1305
vn -0.3187 0.5010 0.8046
vn -0.3578 -0.3720 0.8565
vn -0.3021 -0.2074 0.9304
vn -0.2317 0.4831 0.8444
vn -0.6915 0.4581 0.5586
vn -0.5729 -0.6485 0.5012
vn -0.4992 -0.5110 0.6998
vn -0.5261 0.4913 0.6941
vn -0.8963 0.2773 0.3462
vn -0.5963 -0.7501 0.2859
vn -0.5940 -0.6965 0.4025
vn -0.7852 0.3883 0.4824
vn -0.9953 0.0929 -0.0277
vn -0.6389 -0.7653 0.0784
vn -0.6217 -0.7627 0.1783
vn -0.9700 0.1928 0.1484
vn -0.9399 -0.1487 -0.3074
vn -0.5662 -0.8228 -0.0498
vn -0.1779 0.8621 0.4745
vn -0.3158 0.8761 0.3644
vn -0.5981 0.1024 0.7948
vn -0.3346 0.1941 0.9222
vn -0.4211 0.8798 0.2203
vn -0.5031 0.8546 0.1287
vn -0.9427 0.0128 0.3333
vn -0.8409 0.0438 0.5395
vn -0.5181 0.8537 0.0526
vn -0.5239 0.8516 -0.0207
vn -0.9941 -0.0504 0.0964
vn -0.9780 -0.0030 0.2084
vn -0.5137 0.8528 -0.0940
vn -0.4816 0.8438 -0.2369
vn -0.9850 -0.1026 -0.1385
vn -0.9943 -0.1062 0.0048
vn -0.4715 0.7715 -0.4272
vn -0.9023 -0.1557 -0.4021
vn -0.3009 0.0929 0.9491
vn -0.1880 -0.7510 0.6330
vn -0.1278 -0.6416 0.7563
vn -0.1633 0.1135 0.9800
vn -0.3861 -0.8346 0.3929
vn -0.3107 -0.8108 0.4961
vn -0.5379 0.0452 0.8418
vn -0.7008 -0.0446 0.7120
vn -0.9667 -0.1293 0.2210
vn -0.5720 -0.8081 0.1406
vn -0.5392 -0.8159 0.2086
vn -0.9281 -0.1203 0.3525
vn -0.9947 -0.1010 0.0172
vn -0.6262 -0.7794 0.0199
vn -0.5824 -0.8088 0.0820
vn -0.9866 -0.1176 0.1130
vn -0.9594 -0.1159 -0.2571
vn -0.6147 -0.7718 -0.1628
vn -0.6403 -0.7655 -0.0643
vn -0.9843 -0.1290 -0.1209
vn -0.1169 0.8626 0.4922
vn -0.2441 0.2475 0.9376
vn -0.4588 -0.8354 0.3027
vn -0.8386 -0.1110 0.5333
vn -0.8568 -0.0819 -0.5090
vn -0.6073 -0.7366 -0.2977
vn -0.0000 -0.6232 -0.7821
vn 0.0768 -0.5968 -0.7987
vn 0.2442 0.3937 -0.8862
vn 0.3249 0.4299 -0.8424
vn -0.1430 0.9408 0.3074
vn -0.0940 0.8913 0.4436
vn 0.4694 0.4598 -0.7538
vn -0.2245 0.9542 0.1978
vn 0.5907 0.5066 -0.6281
vn -0.3057 0.9356 0.1765
vn 0.6139 0.5958 -0.5179
vn -0.3419 0.9294 0.1393
vn 0.5979 0.6632 -0.4502
vn -0.4652 0.8824 0.0705
vn 0.6036 0.6800 -0.4163
vn -0.4816 0.8695 -0.1098
vn 0.5770 0.7251 -0.3760
vn -0.5452 0.8020 -0.2442
vn -0.5166 0.7220 -0.4602
vn -0.2270 0.1547 0.9615
vn -0.0000 0.1600 0.9871
vn -0.2664 -0.6757 0.6873
vn -0.2544 -0.5374 0.8040
vn -0.3833 -0.7610 0.5235
vn -0.4698 -0.8296 0.3016
vn -0.5027 -0.8452 0.1815
vn -0.5125 -0.8495 0.1257
vn -0.5278 -0.8465 0.0704
vn -0.5092 -0.8602 0.0282
vn -0.5218 -0.8520 -0.0431
vn -0.4803 -0.8586 -0.1792
vn -0.5155 0.8028 -0.2997
vn -0.4914 0.7243 -0.4837
vn -0.5712 0.8017 -0.1763
vn -0.5774 0.8130 -0.0754
vn -0.5534 0.8325 -0.0256
vn -0.5640 0.8240 0.0534
vn -0.5505 0.8221 0.1456
vn -0.4721 0.8492 0.2367
vn -0.2618 0.8923 0.3679
vn -0.3666 0.8695 0.3310
vn -0.1853 0.8394 0.5109
vn -0.1111 0.7966 0.5942
vn 0.1857 -0.6874 -0.7022
vn 0.3058 -0.5997 -0.7395
vn 0.5058 -0.5015 -0.7020
vn 0.6705 -0.4043 -0.6221
vn 0.7900 -0.3245 -0.5203
vn 0.8620 -0.2635 -0.4331
vn 0.9225 -0.2071 -0.3257
vn 0.9677 -0.1591 -0.1955
vn -0.1026 -0.9729 0.2073
vn -0.0958 -0.9845 0.1470
vn -0.0599 -0.9961 0.0643
vn -0.0199 -0.9992 0.0346
vn 0.0147 -0.9996 0.0244
vn 0.0705 -0.9973 0.0198
vn 0.1254 -0.9915 0.0337
vn 0.1693 -0.9835 0.0635
vn 0.1882 -0.9819 0.0205
vn 0.8592 -0.4382 -0.2641
vn 0.9289 -0.3444 -0.1360
vn 0.7868 -0.5034 -0.3571
vn 0.7051 -0.5454 -0.4532
vn 0.5955 -0.6017 -0.5323
vn 0.4214 -0.7031 -0.5727
vn 0.2285 -0.7830 -0.5785
vn 0.1442 -0.8064 -0.5736
vn -0.0000 -0.4816 -0.8764
vn -0.0070 -0.4865 -0.8736
vn 0.6556 0.6375 -0.4047
vn -0.1549 -0.0911 -0.9837
vn -0.0000 -0.0962 -0.9954
vn -0.0000 -0.1379 -0.9905
vn -0.1750 -0.1312 -0.9758
vn -0.0000 -0.2146 -0.9767
vn -0.0257 0.0295 -0.9992
vn -0.0254 -0.2704 -0.9624
vn -0.0000 -0.2784 -0.9605
vn -0.0000 0.0259 -0.9997
vn -0.0000 -0.2619 -0.9651
vn -0.0008 -0.2638 -0.9646
vn -0.2291 0.1287 0.9649
vn -0.0000 0.1327 0.9912
vn 0.0947 0.8854 -0.4551
vn 0.1355 0.9069 -0.3989
vn 0.2228 0.9215 -0.3182
vn 0.3491 0.8896 -0.2944
vn 0.3971 0.8804 -0.2593
vn 0.4573 0.8604 -0.2250
vn 0.5117 0.8408 -0.1765
vn 0.5556 0.8188 -0.1441
vn 0.5765 0.8013 -0.1599
vn 0.7247 0.6455 -0.2411
vn -0.0000 -0.3305 -0.9438
vn 0.0327 -0.3259 -0.9449
vn 0.3534 -0.3103 -0.8825
vn 0.2264 -0.3464 -0.9103
vn 0.6052 -0.2551 -0.7541
vn 0.7940 -0.2083 -0.5711
vn 0.8908 -0.1423 -0.4315
vn 0.9455 -0.0581 -0.3204
vn 0.9799 -0.0217 -0.1983
vn 0.9956 -0.0114 -0.0930
vn 0.9987 0.0202 -0.0475
vn 0.9995 0.0086 -0.0293
vn -0.0439 -0.9945 0.0953
vn -0.0551 -0.9897 0.1323
vn -0.0281 -0.9991 0.0321
vn 0.0097 -0.9999 -0.0099
vn 0.0835 -0.9963 -0.0224
vn 0.1279 -0.9917 -0.0138
vn 0.1530 -0.9882 0.0019
vn 0.1841 -0.9828 0.0172
vn 0.2476 -0.9686 0.0213
vn 0.3356 -0.9418 0.0208
vn 0.9865 -0.1622 -0.0237
vn 0.9856 -0.1685 -0.0098
vn 0.9848 -0.1544 -0.0799
vn 0.9688 -0.1502 -0.1972
vn 0.9291 -0.2313 -0.2885
vn 0.8359 -0.3806 -0.3955
vn 0.7047 -0.4905 -0.5126
vn 0.4979 -0.5978 -0.6283
vn 0.2827 -0.6436 -0.7112
vn 0.1878 -0.6443 -0.7414
vn 0.0903 0.8987 -0.4291
vn 0.1616 0.8688 -0.4681
vn 0.2690 0.8521 -0.4489
vn 0.3493 0.8690 -0.3504
vn 0.3761 0.8865 -0.2694
vn 0.4177 0.8838 -0.2109
vn 0.4315 0.8821 -0.1890
vn 0.4553 0.8720 -0.1799
vn 0.4515 0.8776 -0.1612
vn 0.4968 0.8547 -0.1506
vn 0.5921 0.7883 -0.1674
vn 0.7153 0.6374 -0.2866
vn -0.0185 -0.9974 0.0696
vn -0.0116 -0.9955 0.0943
vn -0.0231 -0.9986 0.0468
vn -0.0230 -0.9989 0.0419
vn -0.0804 -0.9965 0.0209
vn -0.0447 -0.9983 0.0363
vn -0.0811 -0.9966 0.0173
vn -0.0959 -0.9954 0.0022
vn -0.1099 -0.9939 -0.0115
vn -0.0905 -0.9949 -0.0446
vn -0.0206 -0.9965 -0.0816
vn 0.0175 -0.9957 -0.0909
vn 0.3248 -0.0062 -0.9458
vn 0.3982 0.0025 -0.9173
vn 0.5529 0.0130 -0.8332
vn 0.7456 0.0042 -0.6664
vn 0.8600 -0.0230 -0.5097
vn 0.9312 -0.0891 -0.3536
vn 0.9611 -0.1412 -0.2375
vn 0.9743 -0.1488 -0.1690
vn 0.9786 -0.1624 -0.1262
vn 0.9826 -0.1815 -0.0390
vn 0.9861 -0.1586 0.0486
vn 0.9870 -0.1471 0.0654
vn 0.9408 -0.3331 0.0631
vn 0.9683 -0.2361 0.0812
vn 0.9216 -0.3841 -0.0566
vn 0.9215 -0.3716 -0.1133
vn 0.9118 -0.3804 -0.1549
vn 0.8919 -0.3834 -0.2398
vn 0.8529 -0.3672 -0.3712
vn 0.7947 -0.3387 -0.5037
vn 0.5300 -0.2226 -0.8183
vn 0.7063 -0.2797 -0.6503
vn 0.4022 -0.2456 -0.8820
vn 0.3650 -0.2975 -0.8822
vn 0.1945 -0.1626 -0.9673
vn 0.1597 -0.5552 -0.8163
vn 0.2061 -0.0770 -0.9755
vn 0.1933 -0.5270 -0.8276
vn 0.9835 -0.1535 -0.0955
vn 0.9551 -0.2913 -0.0536
vn 0.1399 -0.1393 -0.9803
vn -0.1138 -0.1458 -0.9827
vn -0.0000 -0.1554 -0.9879
vn -0.0000 -0.0089 -1.0000
vn -0.0391 -0.0170 -0.9991
vn 0.1295 0.6628 0.7375
vn 0.1068 0.6659 0.7384
vn 0.2479 0.4516 0.8571
vn 0.2076 0.3112 0.9274
vn 0.1615 -0.0595 0.9851
vn 0.1680 -0.1121 0.9794
vn 0.2485 0.4995 0.8299
vn 0.1958 0.6013 0.7747
vn 0.1871 0.0781 0.9792
vn 0.1801 -0.1406 0.9736
vn -0.0637 0.8358 -0.5453
vn 0.9979 0.0329 -0.0563
vn 0.9994 0.0180 -0.0300
vn 0.9866 -0.1632 -0.0084
vn 0.9832 -0.1823 -0.0061
vn 0.8902 -0.4539 0.0394
vn 0.8787 -0.4752 0.0452
vn -0.0448 -0.4226 -0.9052
vn -0.0681 -0.4455 -0.8927
vn 0.7310 -0.6745 0.1028
vn 0.9981 -0.0320 -0.0521
vn 0.9656 -0.2249 0.1305
vn 0.3187 0.5010 0.8046
vn 0.2317 0.4831 0.8444
vn 0.3021 -0.2074 0.9304
vn 0.3578 -0.3720 0.8565
vn 0.6915 0.4581 0.5586
vn 0.5261 0.4913 0.6941
vn 0.4992 -0.5110 0.6998
vn 0.5729 -0.6485 0.5012
vn 0.8963 0.2773 0.3462
vn 0.7852 0.3883 0.4824
vn 0.5940 -0.6965 0.4025
vn 0.5963 -0.7501 0.2859
vn 0.9953 0.0929 -0.0277
vn 0.9700 0.1928 0.1484
vn 0.6218 -0.7627 0.1783
vn 0.6389 -0.7653 0.0784
vn 0.9399 -0.1487 -0.3074
vn 0.5662 -0.8228 -0.0498
vn 0.1780 0.8621 0.4745
vn 0.3346 0.1942 0.9222
vn 0.5981 0.1023 0.7949
vn 0.3158 0.8761 0.3644
vn 0.4211 0.8798 0.2203
vn 0.8409 0.0438 0.5395
vn 0.9427 0.0128 0.3333
vn 0.5031 0.8546 0.1287
vn 0.5181 0.8537 0.0526
vn 0.9780 -0.0030 0.2084
vn 0.9941 -0.0504 0.0964
vn 0.5239 0.8516 -0.0207
vn 0.5137 0.8528 -0.0940
vn 0.9943 -0.1062 0.0048
vn 0.9850 -0.1026 -0.1385
vn 0.4816 0.8438 -0.2369
vn 0.9023 -0.1557 -0.4021
vn 0.4715 0.7715 -0.4271
vn 0.3009 0.0929 0.9491
vn 0.1632 0.1135 0.9800
vn 0.1278 -0.6416 0.7563
vn 0.1880 -0.7510 0.6330
vn 0.3861 -0.8346 0.3929
vn 0.7008 -0.0446 0.7120
vn 0.5379 0.0451 0.8418
vn 0.3107 -0.8108 0.4960
vn 0.9667 -0.1293 0.2210
vn 0.9281 -0.1203 0.3525
vn 0.5392 -0.8159 0.2086
vn 0.5720 -0.8081 0.1406
vn 0.9947 -0.1010 0.0172
vn 0.9866 -0.1176 0.1130
vn 0.5824 -0.8088 0.0820
vn 0.6262 -0.7794 0.0199
vn 0.9594 -0.1159 -0.2571
vn 0.9843 -0.1290 -0.1209
vn 0.6403 -0.7655 -0.0642
vn 0.6147 -0.7718 -0.1628
vn 0.1169 0.8626 0.4922
vn 0.2440 0.2476 0.9376
vn 0.8386 -0.1110 0.5333
vn 0.4588 -0.8354 0.3027
vn 0.8568 -0.0819 -0.5090
vn 0.6073 -0.7366 -0.2977
vn -0.0768 -0.5968 -0.7987
vn -0.2442 0.3937 -0.8862
vn 0.0940 0.8913 0.4436
vn 0.1431 0.9408 0.3074
vn -0.3249 0.4299 -0.8424
vn 0.2245 0.9542 0.1978
vn -0.4694 0.4598 -0.7538
vn 0.3057 0.9356 0.1765
vn -0.5907 0.5065 -0.6281
vn 0.3419 0.9294 0.1393
vn -0.6139 0.5958 -0.5179
vn 0.4652 0.8824 0.0705
vn -0.5979 0.6632 -0.4502
vn 0.4816 0.8695 -0.1098
vn -0.6036 0.6800 -0.4162
vn 0.5452 0.8020 -0.2442
vn -0.5770 0.7251 -0.3760
vn 0.5166 0.7220 -0.4602
vn 0.2270 0.1547 0.9615
vn 0.2544 -0.5374 0.8040
vn 0.2664 -0.6757 0.6873
vn 0.3833 -0.7610 0.5235
vn 0.4698 -0.8296 0.3016
vn 0.5027 -0.8452 0.1815
vn 0.5125 -0.8495 0.1257
vn 0.5278 -0.8465 0.0704
vn 0.5092 -0.8602 0.0282
vn 0.5218 -0.8520 -0.0431
vn 0.4803 -0.8586 -0.1792
vn 0.5155 0.8028 -0.2997
vn 0.4914 0.7243 -0.4837
vn 0.5712 0.8017 -0.1763
vn 0.5774 0.8130 -0.0754
vn 0.5534 0.8325 -0.0256
vn 0.5640 0.8240 0.0534
vn 0.5505 0.8221 0.1456
vn 0.4721 0.8492 0.2367
vn 0.2618 0.8923 0.3679
vn 0.3666 0.8695 0.3310
vn 0.1853 0.8394 0.5109
vn 0.1114 0.7966 0.5941
vn -0.3058 -0.5997 -0.7395
vn -0.1857 -0.6874 -0.7022
vn -0.5058 -0.5015 -0.7020
vn -0.6705 -0.4043 -0.6221
vn -0.7900 -0.3245 -0.5203
vn -0.8620 -0.2635 -0.4331
vn -0.9225 -0.2071 -0.3257
vn -0.9677 -0.1590 -0.1955
vn 0.1026 -0.9729 0.2073
vn 0.0958 -0.9845 0.1470
vn 0.0600 -0.9961 0.0644
vn 0.0198 -0.9992 0.0345
vn -0.0147 -0.9996 0.0244
vn -0.0706 -0.9973 0.0198
vn -0.1254 -0.9915 0.0337
vn -0.1693 -0.9835 0.0635
vn -0.1882 -0.9819 0.0205
vn -0.9289 -0.3444 -0.1360
vn -0.8592 -0.4382 -0.2641
vn -0.7868 -0.5034 -0.3571
vn -0.7051 -0.5454 -0.4532
vn -0.5956 -0.6016 -0.5323
vn -0.4214 -0.7031 -0.5727
vn -0.2285 -0.7830 -0.5785
vn -0.1442 -0.8064 -0.5736
vn 0.0070 -0.4865 -0.8736
vn -0.6556 0.6375 -0.4047
vn 0.1549 -0.0911 -0.9837
vn 0.1750 -0.1312 -0.9758
vn 0.0257 0.0295 -0.9992
vn 0.0254 -0.2704 -0.9624
vn 0.0008 -0.2638 -0.9646
vn 0.2291 0.1287 0.9649
vn -0.0947 0.8854 -0.4551
vn -0.1355 0.9069 -0.3989
vn -0.2228 0.9215 -0.3182
vn -0.3491 0.8896 -0.2944
vn -0.3971 0.8804 -0.2593
vn -0.4573 0.8604 -0.2250
vn -0.5117 0.8408 -0.1765
vn -0.5556 0.8188 -0.1441
vn -0.5765 0.8013 -0.1599
vn -0.7247 0.6455 -0.2411
vn -0.0327 -0.3259 -0.9449
vn -0.3534 -0.3103 -0.8825
vn -0.2264 -0.3464 -0.9103
vn -0.6053 -0.2551 -0.7541
vn -0.7940 -0.2083 -0.5711
vn -0.8908 -0.1423 -0.4315
vn -0.9455 -0.0581 -0.3204
vn -0.9799 -0.0217 -0.1983
vn -0.9956 -0.0114 -0.0930
vn -0.9987 0.0202 -0.0475
vn -0.9995 0.0086 -0.0293
vn 0.0551 -0.9897 0.1323
vn 0.0439 -0.9945 0.0953
vn 0.0281 -0.9991 0.0321
vn -0.0097 -0.9999 -0.0099
vn -0.0835 -0.9963 -0.0224
vn -0.1279 -0.9917 -0.0138
vn -0.1530 -0.9882 0.0019
vn -0.1842 -0.9827 0.0172
vn -0.2476 -0.9686 0.0213
vn -0.3356 -0.9418 0.0208
vn -0.9865 -0.1622 -0.0237
vn -0.9856 -0.1685 -0.0098
vn -0.9848 -0.1544 -0.0799
vn -0.9688 -0.1502 -0.1972
vn -0.9291 -0.2313 -0.2885
vn -0.8359 -0.3806 -0.3955
vn -0.7046 -0.4906 -0.5126
vn -0.4980 -0.5977 -0.6283
vn -0.2827 -0.6436 -0.7112
vn -0.1878 -0.6443 -0.7414
vn -0.0903 0.8987 -0.4291
vn -0.1616 0.8688 -0.4681
vn -0.2690 0.8521 -0.4489
vn -0.3493 0.8690 -0.3504
vn -0.3761 0.8865 -0.2694
vn -0.4177 0.8838 -0.2109
vn -0.4315 0.8821 -0.1890
vn -0.4553 0.8720 -0.1799
vn -0.4515 0.8776 -0.1612
vn -0.4968 0.8547 -0.1506
vn -0.5921 0.7883 -0.1673
vn -0.7153 0.6374 -0.2866
vn 0.0116 -0.9955 0.0943
vn 0.0185 -0.9974 0.0696
vn 0.0232 -0.9986 0.0469
vn 0.0230 -0.9989 0.0419
vn 0.0447 -0.9983 0.0363
vn 0.0804 -0.9965 0.0209
vn 0.0811 -0.9966 0.0173
vn 0.0959 -0.9954 0.0022
vn 0.1099 -0.9939 -0.0115
vn 0.0905 -0.9949 -0.0446
vn 0.0206 -0.9965 -0.0816
vn -0.0175 -0.9957 -0.0909
vn -0.3982 0.0025 -0.9173
vn -0.3248 -0.0062 -0.9458
vn -0.5529 0.0130 -0.8331
vn -0.7456 0.0042 -0.6664
vn -0.9312 -0.0891 -0.3536
vn -0.8600 -0.0231 -0.5097
vn -0.9611 -0.1412 -0.2375
vn -0.9743 -0.1488 -0.1690
vn -0.9786 -0.1624 -0.1262
vn -0.9826 -0.1815 -0.0390
vn -0.9861 -0.1586 0.0486
vn -0.9870 -0.1471 0.0654
vn -0.9683 -0.2361 0.0812
vn -0.9408 -0.3331 0.0631
vn -0.9216 -0.3841 -0.0566
vn -0.9215 -0.3716 -0.1133
vn -0.9118 -0.3804 -0.1549
vn -0.8919 -0.3834 -0.2397
vn -0.8528 -0.3672 -0.3713
vn -0.7947 -0.3387 -0.5037
vn -0.7063 -0.2797 -0.6503
vn -0.5300 -0.2226 -0.8183
vn -0.4022 -0.2456 -0.8820
vn -0.3650 -0.2975 -0.8822
vn -0.1943 -0.1626 -0.9674
vn -0.1597 -0.5552 -0.8163
vn -0.2061 -0.0770 -0.9755
vn -0.1933 -0.5270 -0.8276
vn -0.9835 -0.1535 -0.0955
vn -0.9551 -0.2913 -0.0536
vn -0.1399 -0.1393 -0.9803
vn 0.1138 -0.1458 -0.9827
vn 0.0391 -0.0170 -0.9991
vn -0.6822 -0.0303 0.7305
vn -0.6627 -0.2252 0.7142
vn -0.3840 -0.2411 0.8913
vn -0.4124 -0.0314 0.9104
vn -0.6645 0.1955 0.7213
vn -0.6793 0.0319 0.7332
vn -0.4080 0.0327 0.9124
vn -0.3841 0.2024 0.9009
vn -0.6792 -0.0284 0.7334
vn -0.4083 -0.0284 0.9124
vn -0.6666 -0.1991 0.7183
vn -0.3860 -0.2084 0.8987
vn -0.6669 0.2013 0.7175
vn -0.6806 0.0338 0.7319
vn -0.4122 0.0347 0.9104
vn -0.3878 0.2131 0.8968
vn -0.6810 -0.0315 0.7316
vn -0.4120 -0.0331 0.9106
vn -0.6704 -0.1756 0.7209
vn -0.3896 -0.1889 0.9014
vn -0.6676 0.1758 0.7235
vn -0.6808 0.0309 0.7318
vn -0.4113 0.0324 0.9109
vn -0.3887 0.1877 0.9021
vn -0.6808 -0.0323 0.7318
vn -0.4113 -0.0337 0.9109
vn -0.6683 -0.1986 0.7169
vn -0.3858 -0.2145 0.8973
vn -0.6630 0.2017 0.7209
vn -0.6796 0.0309 0.7329
vn -0.4094 0.0319 0.9118
vn -0.3852 0.2132 0.8979
vn -0.6802 -0.0323 0.7323
vn -0.4093 -0.0333 0.9118
vn -0.6690 -0.1687 0.7238
vn -0.3881 -0.1776 0.9043
vn -0.6669 0.1966 0.7188
vn -0.6813 0.0322 0.7313
vn -0.4124 0.0330 0.9104
vn -0.3880 0.2094 0.8976
vn -0.6817 -0.0357 0.7308
vn -0.4124 -0.0363 0.9103
vn -0.6626 -0.2238 0.7147
vn -0.3853 -0.2313 0.8933
vn -0.6660 0.2159 0.7140
vn -0.6823 0.0322 0.7304
vn -0.4122 0.0325 0.9105
vn -0.3856 0.2290 0.8938
vn -0.6821 -0.0301 0.7306
vn -0.4117 -0.0318 0.9108
vn -0.6686 -0.1905 0.7188
vn -0.3867 -0.2031 0.8996
vn -0.6626 0.2118 0.7185
vn -0.6808 0.0349 0.7316
vn -0.4116 0.0360 0.9107
vn -0.3854 0.2203 0.8961
vn -0.6805 -0.0346 0.7319
vn -0.4118 -0.0353 0.9106
vn -0.6644 -0.2143 0.7160
vn -0.3855 -0.2288 0.8939
vn -0.6637 0.1981 0.7213
vn -0.6795 0.0295 0.7331
vn -0.4081 0.0304 0.9124
vn -0.3840 0.2060 0.9000
vn -0.6796 -0.0296 0.7330
vn -0.4082 -0.0296 0.9124
vn -0.6682 -0.1875 0.7200
vn -0.3861 -0.1961 0.9014
vn -0.6639 0.2044 0.7194
vn -0.6801 0.0360 0.7323
vn -0.4114 0.0365 0.9107
vn -0.3872 0.2128 0.8971
vn -0.6806 -0.0339 0.7319
vn -0.4112 -0.0349 0.9109
vn -0.6675 -0.1835 0.7217
vn -0.3889 -0.1923 0.9010
vn -0.6695 0.1698 0.7231
vn -0.6692 0.0411 0.7419
vn -0.3815 0.0312 0.9239
vn -0.3901 0.1807 0.9029
vn -0.6455 0.0318 0.7631
vn -0.3609 0.0254 0.9323
vn -0.7430 -0.0275 -0.6687
vn -0.7286 -0.2074 -0.6527
vn -0.9791 -0.1991 0.0421
vn -0.9989 -0.0261 0.0385
vn -0.7297 0.1882 -0.6573
vn -0.7426 0.0305 -0.6691
vn -0.9988 0.0289 0.0387
vn -0.9824 0.1824 0.0408
vn -0.7422 -0.0278 -0.6696
vn -0.9989 -0.0263 0.0387
vn -0.7304 -0.1922 -0.6554
vn -0.9823 -0.1831 0.0397
vn -0.7319 0.1896 -0.6545
vn -0.7435 0.0325 -0.6680
vn -0.9988 0.0303 0.0395
vn -0.9829 0.1799 0.0400
vn -0.7434 -0.0290 -0.6682
vn -0.9989 -0.0271 0.0383
vn -0.7344 -0.1655 -0.6582
vn -0.9869 -0.1560 0.0402
vn -0.7344 0.1679 -0.6576
vn -0.7432 0.0296 -0.6684
vn -0.9989 0.0273 0.0387
vn -0.9867 0.1571 0.0421
vn -0.7430 -0.0302 -0.6686
vn -0.9989 -0.0280 0.0384
vn -0.7319 -0.1865 -0.6554
vn -0.9837 -0.1752 0.0396
vn -0.7303 0.1911 -0.6558
vn -0.7428 0.0297 -0.6689
vn -0.9989 0.0274 0.0389
vn -0.9825 0.1813 0.0417
vn -0.7427 -0.0308 -0.6689
vn -0.9988 -0.0291 0.0382
vn -0.7340 -0.1653 -0.6587
vn -0.9871 -0.1548 0.0412
vn -0.7323 0.1898 -0.6540
vn -0.7427 0.0314 -0.6688
vn -0.9988 0.0292 0.0386
vn -0.9833 0.1770 0.0420
vn -0.7429 -0.0346 -0.6685
vn -0.9988 -0.0323 0.0381
vn -0.7265 -0.2204 -0.6508
vn -0.9766 -0.2107 0.0424
vn -0.7304 0.2149 -0.6484
vn -0.7443 0.0318 -0.6671
vn -0.9988 0.0294 0.0383
vn -0.9796 0.1967 0.0418
vn -0.7446 -0.0298 -0.6669
vn -0.7325 -0.1855 -0.6550
vn -0.9844 -0.1714 0.0401
vn -0.7281 0.2057 -0.6538
vn -0.7430 0.0336 -0.6684
vn -0.9988 0.0309 0.0385
vn -0.9797 0.1959 0.0416
vn -0.7430 -0.0329 -0.6685
vn -0.9988 -0.0310 0.0386
vn -0.7296 -0.2037 -0.6529
vn -0.9806 -0.1915 0.0411
vn -0.7298 0.1924 -0.6560
vn -0.7427 0.0289 -0.6690
vn -0.9989 0.0265 0.0385
vn -0.9821 0.1837 0.0415
vn -0.7429 -0.0284 -0.6688
vn -0.9989 -0.0276 0.0385
vn -0.7330 -0.1811 -0.6557
vn -0.9841 -0.1730 0.0402
vn -0.7305 0.1918 -0.6554
vn -0.7431 0.0342 -0.6683
vn -0.9987 0.0330 0.0391
vn -0.9816 0.1865 0.0407
vn -0.7431 -0.0319 -0.6684
vn -0.9988 -0.0301 0.0381
vn -0.7321 -0.1758 -0.6581
vn -0.9848 -0.1688 0.0409
vn -0.7352 0.1625 -0.6581
vn -0.7482 0.0555 -0.6611
vn -0.9977 0.0502 0.0453
vn -0.9874 0.1528 0.0419
vn -0.7663 0.0033 -0.6425
vn -0.9963 0.0115 0.0856
vn -0.0798 0.9967 -0.0167
vn -0.2060 0.8571 -0.4722
vn -0.2441 0.8978 -0.3667
vn -0.0516 0.9848 0.1658
vn -0.3781 0.8328 -0.4042
vn -0.0546 0.9960 0.0713
vn -0.6335 0.6676 -0.3912
vn -0.1038 0.9911 0.0831
vn -0.7938 0.5604 -0.2363
vn -0.1642 0.9793 0.1183
vn -0.8654 0.5006 -0.0210
vn -0.2425 0.9513 0.1903
vn -0.2770 -0.1642 -0.9467
vn -0.4325 -0.1368 -0.8912
vn -0.6083 -0.1311 -0.7828
vn -0.7797 -0.1801 -0.5997
vn -0.8968 -0.2555 -0.3611
vn -0.9452 -0.3029 -0.1220
vn 0.1209 0.1501 0.9813
vn 0.2822 0.7978 0.5328
vn 0.1661 0.7340 0.6585
vn 0.3433 0.8219 0.4545
vn 0.4143 0.8107 0.4136
vn 0.3080 -0.3650 0.8786
vn 0.1416 -0.3717 0.9175
vn 0.0663 0.5668 0.8212
vn 0.5440 -0.2839 0.7896
vn 0.7100 -0.1827 0.6801
vn 0.8483 -0.0337 0.5284
vn -0.5095 0.0153 0.8603
vn -0.3406 0.0110 0.9401
vn -0.4453 -0.1127 0.8883
vn -0.3503 -0.0973 0.9316
vn -0.4511 -0.1923 0.8715
vn -0.7285 -0.2791 0.6257
vn -0.6522 -0.6524 0.3861
vn -0.6775 -0.1416 0.7218
vn -0.9617 -0.2051 0.1820
vn -0.9251 -0.3730 0.0706
vn -0.7231 -0.6907 0.0063
vn -0.7646 -0.2715 -0.5845
vn -0.7318 -0.4007 -0.5512
vn -0.6664 -0.6661 -0.3350
vn -0.3952 -0.2557 -0.8823
vn -0.4144 -0.3404 -0.8440
vn 0.1464 -0.8848 0.4423
vn 0.0541 -0.8925 0.4478
vn 0.2730 -0.8736 0.4029
vn 0.3801 -0.8506 0.3633
vn 0.5262 -0.7681 0.3650
vn -0.0852 -0.9868 -0.1379
vn -0.0637 -0.9838 -0.1676
vn -0.1422 -0.9858 -0.0895
vn -0.1581 -0.9874 -0.0083
vn -0.1186 -0.9815 0.1505
vn -0.5473 -0.3471 -0.7616
vn -0.3716 -0.3326 -0.8668
vn -0.7138 -0.4058 -0.5709
vn -0.8195 -0.4734 -0.3231
vn -0.8522 -0.5088 -0.1217
vn -0.2431 -0.3471 -0.9058
vn -0.4468 -0.8940 0.0337
vn -0.3815 -0.9130 -0.1448
vn -0.2572 -0.9404 -0.2225
vn -0.1347 -0.9575 -0.2550
vn -0.0800 -0.9631 -0.2570
vn -0.0642 -0.9663 -0.2492
vn -0.0610 -0.9660 -0.2512
vn 0.9989 -0.0261 0.0385
vn 0.6822 -0.0303 0.7305
vn 0.6628 -0.2252 0.7142
vn 0.9791 -0.1991 0.0421
vn 0.9824 0.1824 0.0408
vn 0.6646 0.1955 0.7211
vn 0.6793 0.0319 0.7332
vn 0.9988 0.0289 0.0387
vn 0.6792 -0.0284 0.7334
vn 0.9989 -0.0263 0.0387
vn 0.6666 -0.1991 0.7183
vn 0.9823 -0.1831 0.0397
vn 0.9829 0.1799 0.0400
vn 0.6666 0.2013 0.7177
vn 0.6806 0.0338 0.7319
vn 0.9988 0.0303 0.0395
vn 0.6810 -0.0315 0.7316
vn 0.9989 -0.0271 0.0383
vn 0.6704 -0.1756 0.7209
vn 0.9869 -0.1560 0.0402
vn 0.9867 0.1571 0.0421
vn 0.6676 0.1758 0.7235
vn 0.6808 0.0309 0.7318
vn 0.9989 0.0273 0.0387
vn 0.6808 -0.0323 0.7318
vn 0.9989 -0.0280 0.0384
vn 0.6683 -0.1986 0.7169
vn 0.9837 -0.1752 0.0396
vn 0.9825 0.1813 0.0417
vn 0.6631 0.2017 0.7209
vn 0.6796 0.0309 0.7329
vn 0.9989 0.0274 0.0389
vn 0.6802 -0.0323 0.7323
vn 0.9988 -0.0291 0.0382
vn 0.6689 -0.1687 0.7239
vn 0.9871 -0.1548 0.0412
vn 0.9833 0.1770 0.0420
vn 0.6669 0.1966 0.7188
vn 0.6813 0.0322 0.7313
vn 0.9988 0.0292 0.0386
vn 0.6817 -0.0357 0.7308
vn 0.9988 -0.0323 0.0381
vn 0.6626 -0.2238 0.7147
vn 0.9766 -0.2107 0.0424
vn 0.9796 0.1967 0.0418
vn 0.6660 0.2159 0.7140
vn 0.6823 0.0322 0.7304
vn 0.9988 0.0294 0.0383
vn 0.6821 -0.0301 0.7306
vn 0.6687 -0.1905 0.7187
vn 0.9844 -0.1714 0.0401
vn 0.9797 0.1959 0.0416
vn 0.6625 0.2118 0.7185
vn 0.6808 0.0349 0.7316
vn 0.9988 0.0309 0.0385
vn 0.6805 -0.0346 0.7319
vn 0.9988 -0.0310 0.0386
vn 0.6645 -0.2143 0.7159
vn 0.9806 -0.1915 0.0411
vn 0.9821 0.1837 0.0415
vn 0.6637 0.1981 0.7213
vn 0.6795 0.0295 0.7331
vn 0.9989 0.0265 0.0385
vn 0.6796 -0.0296 0.7330
vn 0.9989 -0.0276 0.0385
vn 0.6682 -0.1875 0.7200
vn 0.9841 -0.1730 0.0402
vn 0.9816 0.1865 0.0407
vn 0.6639 0.2044 0.7194
vn 0.6801 0.0360 0.7323
vn 0.9987 0.0330 0.0391
vn 0.6806 -0.0339 0.7319
vn 0.9988 -0.0301 0.0381
vn 0.6675 -0.1835 0.7217
vn 0.9848 -0.1688 0.0409
vn 0.9874 0.1528 0.0419
vn 0.6695 0.1698 0.7232
vn 0.6692 0.0411 0.7419
vn 0.9977 0.0502 0.0453
vn 0.6455 0.0318 0.7631
vn 0.9963 0.0115 0.0856
vn -0.0000 -0.2294 -0.9733
vn -0.0000 -0.0299 -0.9996
vn 0.7430 -0.0275 -0.6687
vn 0.7286 -0.2074 -0.6527
vn -0.0000 0.0331 -0.9995
vn -0.0000 0.2043 -0.9789
vn 0.7297 0.1882 -0.6573
vn 0.7426 0.0305 -0.6691
vn -0.0000 -0.0298 -0.9996
vn 0.7422 -0.0278 -0.6696
vn -0.0000 -0.2130 -0.9770
vn 0.7305 -0.1922 -0.6553
vn -0.0000 0.0355 -0.9994
vn -0.0000 0.2133 -0.9770
vn 0.7319 0.1896 -0.6545
vn 0.7435 0.0325 -0.6680
vn -0.0000 -0.0324 -0.9995
vn 0.7434 -0.0290 -0.6682
vn -0.0000 -0.1860 -0.9825
vn 0.7344 -0.1655 -0.6582
vn -0.0000 0.0329 -0.9995
vn -0.0000 0.1897 -0.9818
vn 0.7344 0.1679 -0.6576
vn 0.7432 0.0296 -0.6684
vn -0.0000 -0.0334 -0.9994
vn 0.7430 -0.0302 -0.6686
vn -0.0000 -0.2101 -0.9777
vn 0.7319 -0.1865 -0.6554
vn -0.0000 0.0327 -0.9995
vn -0.0000 0.2138 -0.9769
vn 0.7303 0.1911 -0.6559
vn 0.7428 0.0297 -0.6689
vn -0.0000 -0.0339 -0.9994
vn 0.7427 -0.0308 -0.6689
vn -0.0000 -0.1848 -0.9828
vn 0.7340 -0.1653 -0.6588
vn -0.0000 0.0342 -0.9994
vn -0.0000 0.2143 -0.9768
vn 0.7323 0.1898 -0.6540
vn 0.7427 0.0314 -0.6688
vn -0.0000 -0.0376 -0.9993
vn 0.7429 -0.0346 -0.6685
vn -0.0000 -0.2405 -0.9707
vn 0.7265 -0.2204 -0.6508
vn -0.0000 0.0346 -0.9994
vn -0.0000 0.2440 -0.9698
vn 0.7304 0.2149 -0.6484
vn 0.7443 0.0318 -0.6671
vn 0.7446 -0.0298 -0.6669
vn -0.0000 -0.2103 -0.9776
vn 0.7325 -0.1855 -0.6550
vn -0.0000 0.0371 -0.9993
vn -0.0000 0.2278 -0.9737
vn 0.7281 0.2057 -0.6538
vn 0.7430 0.0336 -0.6684
vn -0.0000 -0.0356 -0.9994
vn 0.7430 -0.0329 -0.6685
vn -0.0000 -0.2290 -0.9734
vn 0.7296 -0.2037 -0.6529
vn -0.0000 0.0320 -0.9995
vn -0.0000 0.2118 -0.9773
vn 0.7298 0.1924 -0.6560
vn 0.7427 0.0289 -0.6690
vn -0.0000 -0.0300 -0.9996
vn 0.7429 -0.0284 -0.6688
vn -0.0000 -0.1996 -0.9799
vn 0.7330 -0.1811 -0.6557
vn -0.0000 0.0365 -0.9993
vn -0.0000 0.2107 -0.9776
vn 0.7305 0.1918 -0.6554
vn 0.7431 0.0342 -0.6683
vn -0.0000 -0.0351 -0.9994
vn 0.7431 -0.0319 -0.6684
vn -0.0000 -0.1932 -0.9812
vn 0.7321 -0.1758 -0.6581
vn -0.0000 0.0625 -0.9980
vn -0.0000 0.1822 -0.9833
vn 0.7351 0.1625 -0.6581
vn 0.7482 0.0555 -0.6611
vn -0.0000 0.0026 -1.0000
vn 0.7663 0.0033 -0.6425
vn -0.0000 0.9988 -0.0487
vn 0.0798 0.9967 -0.0167
vn 0.2060 0.8571 -0.4722
vn -0.0000 0.8442 -0.5360
vn 0.2441 0.8978 -0.3667
vn 0.0516 0.9848 0.1658
vn 0.0546 0.9960 0.0713
vn 0.3782 0.8328 -0.4042
vn 0.1038 0.9911 0.0831
vn 0.6335 0.6676 -0.3912
vn 0.1642 0.9793 0.1183
vn 0.7938 0.5604 -0.2363
vn 0.2425 0.9513 0.1903
vn 0.8654 0.5007 -0.0210
vn 0.2770 -0.1642 -0.9467
vn -0.0000 -0.1869 -0.9824
vn 0.6083 -0.1311 -0.7828
vn 0.4325 -0.1368 -0.8912
vn 0.7797 -0.1801 -0.5997
vn 0.8968 -0.2555 -0.3611
vn 0.9452 -0.3029 -0.1220
vn -0.1209 0.1501 0.9813
vn -0.1661 0.7340 0.6585
vn -0.2821 0.7978 0.5328
vn -0.3433 0.8219 0.4545
vn -0.4143 0.8107 0.4136
vn -0.0663 0.5668 0.8212
vn -0.1416 -0.3717 0.9175
vn -0.3080 -0.3650 0.8786
vn -0.5440 -0.2839 0.7896
vn -0.7100 -0.1827 0.6801
vn -0.8483 -0.0337 0.5284
vn 0.5095 0.0153 0.8603
vn 0.8024 0.0533 0.5945
vn 0.4453 -0.1127 0.8883
vn 0.6775 -0.1416 0.7218
vn 0.4511 -0.1923 0.8715
vn 0.7285 -0.2791 0.6256
vn 0.6521 -0.6524 0.3861
vn 0.9251 -0.3730 0.0706
vn 0.9617 -0.2051 0.1820
vn 0.7231 -0.6907 0.0063
vn 0.7318 -0.4007 -0.5512
vn 0.7646 -0.2715 -0.5845
vn 0.6664 -0.6661 -0.3350
vn 0.3952 -0.2557 -0.8823
vn 0.4144 -0.3404 -0.8440
vn 0.1764 -0.2086 -0.9620
vn -0.0541 -0.8925 0.4478
vn -0.1464 -0.8848 0.4423
vn -0.2730 -0.8736 0.4029
vn -0.3801 -0.8506 0.3632
vn -0.5262 -0.7681 0.3650
vn 0.0637 -0.9838 -0.1676
vn 0.0852 -0.9868 -0.1379
vn 0.1422 -0.9858 -0.0895
vn 0.1581 -0.9874 -0.0083
vn 0.1186 -0.9815 0.1505
vn 0.5473 -0.3471 -0.7616
vn 0.3716 -0.3326 -0.8668
vn 0.7138 -0.4058 -0.5709
vn 0.8195 -0.4734 -0.3231
vn 0.8522 -0.5088 -0.1217
vn 0.2430 -0.3471 -0.9058
vn -0.0000 -0.3693 -0.9293
vn 0.4468 -0.8940 0.0337
vn 0.3815 -0.9130 -0.1448
vn 0.2572 -0.9404 -0.2225
vn 0.1347 -0.9575 -0.2550
vn 0.0800 -0.9631 -0.2570
vn -0.0000 -0.9659 -0.2590
vn 0.0641 -0.9663 -0.2493
vn 0.0611 -0.9660 -0.2511
vn -0.1764 -0.2086 -0.9620
vn 0.4124 -0.0314 0.9105
vn 0.3840 -0.2411 0.8913
vn 0.3841 0.2024 0.9009
vn 0.4080 0.0327 0.9124
vn 0.4083 -0.0284 0.9124
vn 0.3860 -0.2084 0.8987
vn 0.3878 0.2131 0.8968
vn 0.4122 0.0347 0.9104
vn 0.4120 -0.0331 0.9106
vn 0.3896 -0.1889 0.9014
vn 0.3887 0.1877 0.9021
vn 0.4113 0.0324 0.9109
vn 0.4113 -0.0337 0.9109
vn 0.3858 -0.2145 0.8973
vn 0.3852 0.2132 0.8979
vn 0.4094 0.0319 0.9118
vn 0.4093 -0.0333 0.9118
vn 0.3881 -0.1776 0.9043
vn 0.3880 0.2094 0.8976
vn 0.4124 0.0330 0.9104
vn 0.4124 -0.0363 0.9103
vn 0.3853 -0.2313 0.8933
vn 0.3856 0.2290 0.8938
vn 0.4122 0.0325 0.9105
vn 0.4117 -0.0318 0.9108
vn 0.3867 -0.2031 0.8996
vn 0.3854 0.2203 0.8961
vn 0.4116 0.0360 0.9107
vn 0.4118 -0.0353 0.9106
vn 0.3855 -0.2288 0.8939
vn 0.3840 0.2060 0.9000
vn 0.4081 0.0304 0.9124
vn 0.4082 -0.0296 0.9124
vn 0.3861 -0.1961 0.9014
vn 0.3872 0.2128 0.8971
vn 0.4114 0.0365 0.9107
vn 0.4112 -0.0349 0.9109
vn 0.3889 -0.1923 0.9010
vn 0.3901 0.1807 0.9029
vn 0.3815 0.0312 0.9239
vn 0.3609 0.0254 0.9323
vn 0.3406 0.0110 0.9401
vn 0.3504 -0.0975 0.9315
vn -0.8024 0.0533 0.5945
vn -0.6837 -0.0000 0.7297
vn -0.9992 -0.0000 0.0392
vn -0.7441 -0.0000 -0.6681
vn 0.9992 -0.0000 0.0392
vn 0.6837 -0.0000 0.7297
vn 0.7441 -0.0000 -0.6681
vn -0.0000 -0.0000 -1.0000
vn 0.6837 -0.0000 0.7298
vn 0.4151 -0.0000 0.9098
vn -0.4151 -0.0000 0.9098
vn 0.0010 1.0000 -0.0018
vn -0.0000 1.0000 -0.0018
vn -0.0020 1.0000 -0.0015
vn -0.0019 1.0000 -0.0016
vn 0.0024 1.0000 -0.0014
vn -0.0024 1.0000 -0.0014
vn 0.6502 0.4629 0.6025
vn 0.5712 0.5353 0.6222
vn 0.0636 0.6047 0.7939
vn 0.0900 0.5829 0.8075
vn -0.6459 0.3955 0.6530
vn -0.6952 0.3335 0.6368
vn -0.9086 0.1497 0.3899
vn -0.9449 0.0234 0.3266
vn -0.7153 -0.5546 -0.4252
vn -0.6896 -0.5227 -0.5012
vn -0.2219 -0.6479 -0.7287
vn -0.1736 -0.7553 -0.6319
vn 0.7022 -0.5078 -0.4990
vn 0.7398 -0.3868 -0.5506
vn 0.9711 -0.0941 -0.2195
vn 0.9861 -0.0494 -0.1589
vn 0.4555 0.5274 0.7172
vn 0.0296 0.6104 0.7916
vn -0.6118 0.4460 0.6533
vn -0.8609 0.1936 0.4706
vn -0.6175 -0.6752 -0.4034
vn -0.2204 -0.7995 -0.5588
vn 0.7042 -0.6134 -0.3575
vn 0.9165 -0.3996 -0.0195
vn 0.0747 0.2196 0.9727
vn 0.6714 0.2200 0.7077
vn -0.5028 0.0368 0.8636
vn -0.9028 -0.2424 0.3553
vn -0.0021 -0.9429 -0.3331
vn -0.6443 -0.7356 -0.2092
vn 0.9829 -0.1836 0.0124
vn 0.6584 -0.7141 -0.2379
vn -0.8756 0.2301 0.4247
vn -0.7488 0.3632 0.5545
vn -0.8355 0.5211 0.1744
vn -0.9029 0.4151 0.1115
vn -0.6139 0.7306 -0.2989
vn -0.7229 0.5747 -0.3836
vn 0.3467 0.5584 0.7537
vn 0.0952 0.4069 0.9085
vn -0.0875 0.2835 0.9550
vn 0.5201 0.3933 0.7582
vn 0.6612 0.6257 0.4139
vn 0.8813 0.2906 0.3725
vn -0.4727 -0.5361 0.6994
vn -0.4533 -0.8036 0.3856
vn -0.8390 -0.4854 0.2457
vn -0.7232 -0.1928 0.6632
vn 0.4872 0.1704 0.8565
vn -0.2138 0.1973 0.9567
vn -0.2784 0.1654 0.9461
vn 0.4179 0.0238 0.9082
vn 0.9977 -0.0547 0.0392
vn 0.9820 -0.1826 0.0481
vn -0.7567 0.0602 0.6510
vn -0.9987 -0.0508 0.0095
vn -0.9980 -0.0622 0.0104
vn -0.7462 0.0832 0.6605
vn 0.6214 -0.2773 -0.7328
vn 0.6840 -0.2208 -0.6952
vn -0.5028 -0.2239 -0.8349
vn 0.0579 -0.2675 -0.9618
vn 0.1057 -0.2396 -0.9651
vn -0.4954 -0.2108 -0.8427
vn -0.2958 -0.0600 0.9534
vn 0.5153 -0.3679 0.7741
vn 0.8515 -0.4927 0.1795
vn -0.9102 -0.4139 0.0187
vn -0.7720 -0.1176 0.6247
vn 0.7270 -0.4495 -0.5190
vn -0.0185 -0.4686 -0.8832
vn -0.5288 -0.5607 -0.6372
vn -0.3513 0.5797 0.7352
vn -0.5579 0.7248 0.4043
vn -0.3064 0.9463 -0.1033
vn 0.7595 0.1288 0.6376
vn 0.9836 0.1021 0.1489
vn 0.9361 0.3244 0.1359
vn 0.5495 -0.1817 -0.8155
vn 0.9526 0.1505 -0.2644
vn -0.3433 -0.1060 0.9332
vn 0.0787 -0.3069 -0.9485
vn 0.4413 -0.8325 -0.3350
vn -0.4118 -0.1746 0.8944
vn -0.4727 -0.1191 0.8731
vn -0.9585 -0.2799 -0.0534
vn -0.5677 -0.8105 -0.1441
vn -0.7035 -0.7023 0.1094
vn -0.9579 -0.2822 -0.0521
vn 0.6380 0.0007 0.7700
vn 0.9763 -0.0434 0.2122
vn 0.4897 -0.1664 -0.8559
vn -0.3336 0.0119 0.9426
vn 0.0880 -0.2208 -0.9714
vn -0.6134 0.0010 0.7898
vn -0.9654 -0.2036 -0.1627
vn -0.9651 -0.2042 -0.1640
vn 0.7911 -0.0748 0.6071
vn 0.6796 0.0292 0.7330
vn 0.9313 0.0596 -0.3592
vn 0.9011 0.1435 -0.4093
vn 0.4117 -0.1172 -0.9038
vn 0.4563 0.0468 -0.8886
vn 0.3059 -0.2102 0.9286
vn 0.2902 -0.0601 0.9551
vn -0.7407 -0.2953 0.6034
vn -0.7875 -0.3857 0.4806
vn -0.9026 -0.3986 0.1623
vn -0.9134 -0.3292 0.2396
vn -0.8992 -0.3782 -0.2200
vn -0.9323 -0.3131 -0.1809
vn -0.0671 -0.2677 -0.9612
vn -0.0476 -0.1462 -0.9881
vn 0.6304 -0.0350 0.7755
vn 0.9111 -0.1855 -0.3680
vn 0.4146 -0.3835 -0.8252
vn 0.2413 -0.1156 0.9635
vn -0.7401 -0.5251 0.4201
vn -0.5124 -0.4995 0.6985
vn -0.8718 -0.4616 -0.1641
vn -0.0309 -0.4417 -0.8966
vn 0.7087 -0.6566 -0.2581
vn 0.5043 -0.6322 -0.5882
vn -0.1701 -0.8750 0.4533
vn -0.1173 -0.8314 0.5431
vn 0.8333 0.3481 -0.4294
vn -0.1722 0.7342 -0.6567
vn -0.3481 0.5342 -0.7703
vn 0.1903 0.9356 -0.2973
vn 0.2425 0.6001 -0.7623
vn 0.0076 0.3698 -0.9291
vn 0.4904 0.8109 -0.3194
vn 0.4374 0.4616 -0.7718
vn 0.2126 0.2390 -0.9474
vn 0.6413 0.6936 -0.3280
vn 0.3574 0.2299 -0.9052
vn 0.0653 0.1378 -0.9883
vn 0.0103 0.6799 0.7332
vn -0.1459 0.8064 0.5731
vn 0.0483 0.9823 0.1811
vn 0.3936 0.9154 0.0844
vn 0.5607 0.8238 0.0832
vn 0.6653 0.7440 0.0623
vn 0.2095 0.5687 0.7954
vn 0.3062 0.5217 0.7963
vn 0.5512 0.6847 0.4768
vn 0.4639 0.7278 0.5050
vn 0.3137 0.8125 0.4914
vn 0.1522 0.8699 0.4692
vn -0.8109 -0.5465 -0.2094
vn -0.7727 -0.6345 0.0169
vn -0.4139 -0.8907 -0.1881
vn -0.5902 -0.7854 -0.1866
vn -0.6712 -0.6686 -0.3200
vn -0.6156 -0.7166 -0.3279
vn -0.6584 -0.5140 -0.5499
vn -0.5856 -0.6401 -0.4973
vn -0.5684 -0.5370 -0.6233
vn -0.5486 -0.5794 -0.6028
vn -0.4890 -0.6306 -0.6027
vn -0.4592 -0.7238 -0.5150
vn -0.4833 -0.7239 -0.4922
vn -0.4343 -0.8205 -0.3717
vn 0.6621 -0.2586 0.7033
vn 0.9085 -0.2856 0.3050
vn 0.5311 -0.2492 -0.8099
vn -0.3243 -0.1359 0.9361
vn 0.0797 -0.2263 -0.9708
vn -0.6456 -0.1270 0.7531
vn -0.8842 -0.3647 -0.2919
vn -0.8815 -0.3699 -0.2934
vn 0.6539 -0.4599 0.6008
vn 0.7616 -0.5329 0.3688
vn -0.7790 -0.5296 -0.3356
vn -0.1531 -0.4053 0.9013
vn 0.0757 -0.3111 0.9474
vn 0.4119 -0.9020 -0.1294
vn 0.2259 -0.9590 -0.1711
vn -0.3971 -0.8684 -0.2968
vn -0.3580 -0.9175 -0.1734
vn -0.2984 -0.9531 -0.0503
vn 0.5406 0.4420 -0.7158
vn 0.2407 0.2185 -0.9457
vn 0.7636 0.5766 -0.2905
vn 0.7872 0.6098 0.0915
vn -0.3783 -0.9248 -0.0397
vn -0.3242 -0.9447 0.0481
vn -0.5563 -0.8132 -0.1713
vn -0.0437 0.5736 0.8180
vn 0.2617 0.4541 0.8517
vn -0.6522 0.4091 0.6382
vn -0.8546 0.1961 0.4809
vn -0.2654 -0.9310 -0.2507
vn -0.5636 -0.7875 -0.2492
vn -0.0399 -0.9907 0.1302
vn 0.1249 -0.7471 0.6529
vn -0.6338 -0.6592 -0.4047
vn -0.7560 -0.6274 -0.1865
vn 0.5042 -0.6917 0.5170
vn 0.6052 -0.7104 0.3593
vn -0.6204 -0.7265 -0.2955
vn -0.5190 -0.6634 -0.5390
vn 0.5956 -0.3303 -0.7323
vn -0.6502 0.4629 0.6025
vn -0.0900 0.5829 0.8075
vn -0.0636 0.6047 0.7939
vn -0.5712 0.5353 0.6222
vn 0.6952 0.3335 0.6368
vn 0.6459 0.3955 0.6530
vn 0.9449 0.0234 0.3266
vn 0.9086 0.1497 0.3899
vn 0.7153 -0.5546 -0.4252
vn 0.1736 -0.7553 -0.6319
vn 0.2219 -0.6478 -0.7287
vn 0.6896 -0.5227 -0.5012
vn -0.7022 -0.5078 -0.4990
vn -0.9861 -0.0494 -0.1588
vn -0.9711 -0.0941 -0.2195
vn -0.7398 -0.3868 -0.5506
vn -0.0296 0.6104 0.7916
vn -0.4555 0.5274 0.7172
vn 0.6118 0.4460 0.6533
vn 0.8609 0.1935 0.4705
vn 0.2204 -0.7995 -0.5588
vn 0.6175 -0.6752 -0.4034
vn -0.9165 -0.3996 -0.0195
vn -0.7042 -0.6134 -0.3575
vn -0.6714 0.2200 0.7077
vn -0.0747 0.2196 0.9727
vn 0.5028 0.0368 0.8636
vn 0.9028 -0.2424 0.3553
vn 0.6443 -0.7356 -0.2092
vn 0.0021 -0.9429 -0.3331
vn -0.6584 -0.7141 -0.2379
vn -0.9829 -0.1836 0.0124
vn 0.8756 0.2301 0.4247
vn 0.9029 0.4151 0.1115
vn 0.8355 0.5211 0.1744
vn 0.7488 0.3632 0.5545
vn 0.7228 0.5747 -0.3837
vn 0.6139 0.7306 -0.2989
vn -0.3795 0.5481 0.7454
vn -0.5445 0.4042 0.7350
vn 0.0875 0.2835 0.9550
vn -0.0952 0.4069 0.9085
vn -0.6870 0.5934 0.4195
vn -0.8889 0.2492 0.3844
vn 0.4727 -0.5361 0.6994
vn 0.7232 -0.1928 0.6632
vn 0.8390 -0.4854 0.2457
vn 0.4533 -0.8036 0.3856
vn -0.4927 0.1800 0.8514
vn -0.4179 0.0238 0.9082
vn 0.2784 0.1654 0.9461
vn 0.2139 0.1973 0.9567
vn -0.9970 -0.0418 0.0647
vn -0.9820 -0.1826 0.0481
vn 0.7567 0.0602 0.6510
vn 0.7462 0.0832 0.6605
vn 0.9980 -0.0622 0.0104
vn 0.9987 -0.0508 0.0095
vn -0.5938 -0.3135 -0.7410
vn -0.6840 -0.2208 -0.6952
vn 0.5028 -0.2239 -0.8349
vn 0.4954 -0.2108 -0.8427
vn -0.1057 -0.2396 -0.9651
vn -0.0579 -0.2675 -0.9618
vn -0.5153 -0.3679 0.7741
vn 0.2958 -0.0600 0.9534
vn -0.8515 -0.4927 0.1795
vn 0.7720 -0.1176 0.6247
vn 0.9102 -0.4138 0.0186
vn -0.7270 -0.4495 -0.5190
vn 0.5288 -0.5607 -0.6372
vn 0.0185 -0.4686 -0.8832
vn 0.5579 0.7248 0.4043
vn 0.3513 0.5797 0.7352
vn 0.3064 0.9463 -0.1033
vn -0.7474 0.1447 0.6485
vn -0.9321 0.3305 0.1480
vn -0.9827 0.1090 0.1498
vn -0.9526 0.1505 -0.2644
vn -0.5495 -0.1817 -0.8155
vn 0.3458 -0.0993 0.9331
vn -0.4413 -0.8325 -0.3350
vn -0.0787 -0.3069 -0.9485
vn 0.4783 -0.1147 0.8707
vn 0.4126 -0.1752 0.8939
vn 0.9585 -0.2799 -0.0534
vn 0.9579 -0.2822 -0.0521
vn 0.7035 -0.7023 0.1094
vn 0.5677 -0.8105 -0.1441
vn -0.9763 -0.0434 0.2122
vn -0.6380 0.0007 0.7700
vn -0.4897 -0.1664 -0.8559
vn 0.3336 0.0119 0.9426
vn -0.0880 -0.2208 -0.9714
vn 0.6134 0.0010 0.7898
vn 0.9651 -0.2042 -0.1640
vn 0.9654 -0.2036 -0.1628
vn -0.7911 -0.0748 0.6071
vn -0.9011 0.1434 -0.4093
vn -0.9313 0.0596 -0.3592
vn -0.6795 0.0287 0.7331
vn -0.4563 0.0468 -0.8886
vn -0.4117 -0.1172 -0.9038
vn -0.2902 -0.0601 0.9551
vn -0.3059 -0.2102 0.9286
vn 0.7407 -0.2953 0.6034
vn 0.9134 -0.3292 0.2396
vn 0.9026 -0.3986 0.1623
vn 0.7875 -0.3857 0.4806
vn 0.9323 -0.3131 -0.1809
vn 0.8992 -0.3782 -0.2200
vn 0.0671 -0.2677 -0.9612
vn 0.0476 -0.1462 -0.9881
vn -0.9111 -0.1855 -0.3680
vn -0.6304 -0.0350 0.7755
vn -0.4146 -0.3835 -0.8252
vn -0.2413 -0.1156 0.9635
vn 0.5124 -0.4996 0.6985
vn 0.7401 -0.5251 0.4201
vn 0.8718 -0.4616 -0.1641
vn 0.0309 -0.4417 -0.8966
vn -0.5043 -0.6322 -0.5882
vn -0.7086 -0.6566 -0.2581
vn 0.1173 -0.8314 0.5431
vn 0.1701 -0.8750 0.4533
vn -0.8333 0.3481 -0.4294
vn 0.3481 0.5342 -0.7703
vn 0.1722 0.7342 -0.6567
vn -0.1903 0.9356 -0.2973
vn -0.0076 0.3698 -0.9291
vn -0.2425 0.6001 -0.7623
vn -0.4904 0.8109 -0.3194
vn -0.2127 0.2390 -0.9474
vn -0.4374 0.4616 -0.7718
vn -0.6413 0.6936 -0.3280
vn -0.3574 0.2299 -0.9052
vn -0.0653 0.1378 -0.9883
vn 0.1459 0.8064 0.5731
vn -0.0103 0.6799 0.7332
vn -0.0483 0.9823 0.1811
vn -0.3936 0.9154 0.0844
vn -0.5607 0.8238 0.0832
vn -0.6653 0.7440 0.0623
vn -0.2095 0.5687 0.7954
vn -0.4639 0.7278 0.5050
vn -0.5512 0.6847 0.4768
vn -0.3061 0.5218 0.7963
vn -0.3137 0.8125 0.4914
vn -0.1522 0.8699 0.4692
vn 0.8109 -0.5465 -0.2094
vn 0.7727 -0.6345 0.0168
vn 0.4139 -0.8907 -0.1881
vn 0.6156 -0.7166 -0.3279
vn 0.6711 -0.6687 -0.3201
vn 0.5902 -0.7854 -0.1866
vn 0.5856 -0.6401 -0.4973
vn 0.6584 -0.5140 -0.5499
vn 0.5486 -0.5794 -0.6028
vn 0.5684 -0.5370 -0.6233
vn 0.4592 -0.7238 -0.5150
vn 0.4890 -0.6306 -0.6027
vn 0.4343 -0.8205 -0.3717
vn 0.4833 -0.7239 -0.4922
vn -0.9085 -0.2856 0.3050
vn -0.6624 -0.2571 0.7036
vn -0.5310 -0.2492 -0.8099
vn 0.3243 -0.1359 0.9361
vn -0.0797 -0.2263 -0.9708
vn 0.6456 -0.1270 0.7530
vn 0.8815 -0.3699 -0.2934
vn 0.8842 -0.3647 -0.2919
vn -0.7616 -0.5329 0.3688
vn -0.6539 -0.4598 0.6008
vn 0.7790 -0.5296 -0.3356
vn -0.0757 -0.3111 0.9474
vn 0.1531 -0.4053 0.9013
vn -0.4119 -0.9020 -0.1294
vn -0.2259 -0.9590 -0.1711
vn 0.3971 -0.8684 -0.2968
vn 0.2983 -0.9531 -0.0503
vn 0.3580 -0.9175 -0.1734
vn -0.2407 0.2185 -0.9457
vn -0.5406 0.4420 -0.7158
vn -0.7636 0.5766 -0.2905
vn -0.7962 0.5948 0.1106
vn 0.3242 -0.9448 0.0480
vn 0.3783 -0.9248 -0.0397
vn 0.5563 -0.8132 -0.1713
vn 0.0437 0.5736 0.8180
vn -0.2617 0.4541 0.8517
vn 0.6522 0.4091 0.6382
vn 0.8546 0.1961 0.4809
vn 0.5636 -0.7875 -0.2492
vn 0.2654 -0.9310 -0.2507
vn 0.0399 -0.9907 0.1302
vn -0.1249 -0.7470 0.6529
vn 0.7560 -0.6274 -0.1865
vn 0.6338 -0.6592 -0.4047
vn -0.5042 -0.6917 0.5170
vn -0.6052 -0.7104 0.3593
vn 0.6204 -0.7265 -0.2955
vn 0.5190 -0.6634 -0.5390
vn -0.5408 -0.3978 -0.7412
vn 0.7796 0.3983 0.4834
vn 0.2499 0.7997 0.5459
vn 0.1375 0.8940 0.4265
vn 0.7354 0.5290 0.4235
vn -0.5573 0.7785 0.2886
vn -0.3752 0.8960 0.2375
vn 0.9096 0.1970 0.3659
vn 0.8987 0.1536 0.4107
vn 0.0984 0.9803 0.1714
vn 0.7013 0.6704 0.2425
vn 0.9473 0.2536 0.1955
vn 0.0599 0.9920 0.1112
vn 0.2303 0.9649 0.1263
vn 0.9492 0.2729 0.1568
vn 0.9451 0.2727 0.1802
vn 0.0155 0.9922 0.1234
vn 0.1581 0.9788 0.1302
vn 0.9203 0.2586 0.2936
vn 0.6311 0.2682 0.7279
vn -0.1286 0.2451 0.9609
vn -0.1340 0.2458 0.9600
vn 0.2437 0.1859 0.9519
vn -0.1617 0.9841 0.0741
vn -0.1210 0.9907 0.0623
vn -0.1136 0.9889 0.0954
vn -0.9071 0.4156 -0.0670
vn -0.8258 0.5460 -0.1413
vn -0.6710 0.6808 -0.2938
vn -0.2127 0.9771 -0.0014
vn -0.2292 0.9723 0.0457
vn -0.5248 0.2555 0.8120
vn -0.9404 0.3067 0.1469
vn -0.8161 0.2147 0.5365
vn -0.5206 0.2559 0.8146
vn -0.9390 0.1814 -0.2921
vn -0.8566 0.2380 -0.4577
vn -0.8297 0.2965 -0.4729
vn -0.8304 0.2971 -0.4713
vn -0.8799 0.3126 -0.3579
vn -0.9590 0.1633 -0.2316
vn -0.8724 0.4821 -0.0806
vn -0.9055 0.3051 -0.2950
vn -0.6613 0.4531 -0.5978
vn -0.6398 0.2724 -0.7186
vn -0.0725 0.4622 -0.8838
vn -0.0265 0.2581 -0.9658
vn 0.4832 0.4746 -0.7357
vn 0.4980 0.2567 -0.8283
vn 0.8600 0.4898 -0.1433
vn 0.9158 0.2738 -0.2938
vn 0.8754 0.4690 0.1171
vn 0.9527 0.3015 0.0390
vn 0.5838 0.5433 0.6034
vn 0.8028 0.2935 0.5190
vn -0.9021 0.1607 -0.4004
vn -0.0243 0.1332 -0.9908
vn -0.6018 0.1576 -0.7829
vn 0.5003 0.1275 -0.8564
vn 0.9306 0.1481 -0.3347
vn 0.8886 0.1288 0.4402
vn 0.9884 0.1492 -0.0288
vn -0.7354 0.5290 0.4235
vn -0.7796 0.3983 0.4833
vn -0.8988 0.1536 0.4107
vn -0.9096 0.1970 0.3659
vn -0.1375 0.8940 0.4265
vn -0.2499 0.7997 0.5459
vn 0.3752 0.8960 0.2375
vn 0.5573 0.7785 0.2886
vn -0.7013 0.6704 0.2425
vn -0.9473 0.2536 0.1955
vn -0.0984 0.9803 0.1714
vn -0.9451 0.2727 0.1802
vn -0.9492 0.2729 0.1568
vn -0.2303 0.9649 0.1263
vn -0.0599 0.9920 0.1112
vn -0.6311 0.2682 0.7279
vn -0.9203 0.2586 0.2936
vn -0.1581 0.9788 0.1302
vn -0.0155 0.9922 0.1234
vn -0.2437 0.1859 0.9519
vn 0.1617 0.9841 0.0741
vn 0.1210 0.9907 0.0623
vn 0.1136 0.9889 0.0954
vn 0.5248 0.2555 0.8120
vn 0.1286 0.2451 0.9609
vn 0.1340 0.2458 0.9600
vn 0.5206 0.2559 0.8146
vn 0.8258 0.5460 -0.1413
vn 0.9071 0.4156 -0.0670
vn 0.6710 0.6808 -0.2938
vn 0.2127 0.9771 -0.0014
vn 0.2292 0.9723 0.0457
vn 0.9390 0.1814 -0.2921
vn 0.9590 0.1633 -0.2317
vn 0.9404 0.3067 0.1469
vn 0.8161 0.2147 0.5366
vn 0.8799 0.3126 -0.3579
vn 0.8566 0.2380 -0.4577
vn 0.8297 0.2965 -0.4729
vn 0.8304 0.2971 -0.4713
vn 0.8724 0.4821 -0.0806
vn 0.9055 0.3051 -0.2950
vn 0.6613 0.4531 -0.5978
vn 0.6398 0.2724 -0.7186
vn 0.0725 0.4622 -0.8838
vn 0.0265 0.2581 -0.9658
vn -0.4832 0.4746 -0.7357
vn -0.4980 0.2567 -0.8283
vn -0.8600 0.4898 -0.1433
vn -0.9158 0.2738 -0.2938
vn -0.9527 0.3015 0.0390
vn -0.8754 0.4690 0.1171
vn -0.5838 0.5433 0.6034
vn -0.8028 0.2935 0.5190
vn 0.9021 0.1607 -0.4004
vn 0.6018 0.1576 -0.7829
vn 0.0243 0.1332 -0.9908
vn -0.5003 0.1275 -0.8564
vn -0.9306 0.1484 -0.3347
vn -0.9884 0.1492 -0.0288
vn -0.8886 0.1288 0.4402
vn -0.0000 1.0000 -0.0000
vn 0.6069 0.4136 -0.6787
vn -0.1170 0.4088 -0.9051
vn -0.1273 0.4086 -0.9038
vn 0.6059 0.4136 -0.6796
vn -0.7365 0.3900 -0.5527
vn -0.7344 0.3900 -0.5555
vn -0.9025 0.4170 0.1081
vn -0.9046 0.4163 0.0916
vn -0.5074 0.4162 0.7546
vn 0.0597 0.4108 0.9098
vn 0.0519 0.4105 0.9104
vn -0.5018 0.4160 0.7584
vn 0.6968 0.4160 0.5843
vn 0.7028 0.4156 0.5773
vn 0.9117 0.4104 -0.0205
vn 0.9117 0.4104 -0.0207
vn 0.1170 0.4088 -0.9051
vn -0.6069 0.4136 -0.6787
vn -0.6059 0.4136 -0.6796
vn 0.1273 0.4086 -0.9038
vn 0.7365 0.3900 -0.5527
vn 0.7344 0.3900 -0.5555
vn 0.9025 0.4170 0.1081
vn 0.9046 0.4163 0.0916
vn -0.0597 0.4108 0.9098
vn 0.5074 0.4162 0.7546
vn 0.5018 0.4160 0.7584
vn -0.0519 0.4105 0.9104
vn -0.6968 0.4160 0.5843
vn -0.7028 0.4157 0.5773
vn -0.9117 0.4104 -0.0206
vn -0.9117 0.4104 -0.0207
vt 0.202992 0.591561
vt 0.212220 0.600625
vt 0.205725 0.617092
vt 0.191713 0.611444
vt 0.223226 0.601784
vt 0.223364 0.614385
vt 0.210356 0.630549
vt 0.223549 0.631327
vt 0.223775 0.651906
vt 0.207264 0.647068
vt 0.178100 0.611430
vt 0.180665 0.596067
vt 0.163930 0.614461
vt 0.148333 0.620120
vt 0.141633 0.610538
vt 0.162272 0.600942
vt 0.136378 0.628801
vt 0.124704 0.623748
vt 0.125945 0.642079
vt 0.121218 0.653807
vt 0.110340 0.659605
vt 0.113502 0.640988
vt 0.123531 0.670397
vt 0.136223 0.679272
vt 0.125990 0.688019
vt 0.116315 0.675971
vt 0.153183 0.679700
vt 0.149516 0.692875
vt 0.173451 0.672511
vt 0.176908 0.687235
vt 0.195728 0.661308
vt 0.203029 0.673603
vt 0.180086 0.581650
vt 0.199662 0.581172
vt 0.205872 0.696229
vt 0.224002 0.672448
vt 0.224249 0.694715
vt 0.224451 0.712853
vt 0.200916 0.712708
vt 0.224870 0.750434
vt 0.195501 0.750435
vt 0.225661 0.821001
vt 0.197029 0.821605
vt 0.196376 0.788377
vt 0.225288 0.787843
vt 0.134764 0.598337
vt 0.159067 0.587196
vt 0.111906 0.617284
vt 0.095883 0.642142
vt 0.095183 0.666446
vt 0.117353 0.700337
vt 0.103810 0.684890
vt 0.144937 0.705274
vt 0.174236 0.701363
vt 0.123966 0.580854
vt 0.158120 0.569729
vt 0.096981 0.607164
vt 0.065846 0.646197
vt 0.075214 0.678120
vt 0.113414 0.711103
vt 0.092359 0.698556
vt 0.140721 0.714632
vt 0.170838 0.714030
vt 0.051403 0.738457
vt 0.025080 0.733392
vt 0.050533 0.801751
vt 0.068668 0.856864
vt 0.045674 0.867756
vt 0.023371 0.801136
vt 0.158844 0.942005
vt 0.143994 0.962904
vt 0.091461 0.928348
vt 0.111686 0.911574
vt 0.227184 0.956062
vt 0.227484 0.982598
vt 0.106756 0.745419
vt 0.078771 0.742181
vt 0.105610 0.794190
vt 0.119515 0.836985
vt 0.093979 0.847399
vt 0.076963 0.799107
vt 0.146219 0.875512
vt 0.181408 0.898656
vt 0.170952 0.921823
vt 0.129981 0.895971
vt 0.226618 0.906081
vt 0.226907 0.931654
vt 0.135007 0.747896
vt 0.136869 0.790883
vt 0.145560 0.828841
vt 0.162100 0.859869
vt 0.189570 0.877543
vt 0.226359 0.883098
vt 0.165157 0.749500
vt 0.166934 0.789190
vt 0.171093 0.823105
vt 0.176683 0.847392
vt 0.196920 0.856574
vt 0.226103 0.860325
vt 0.142188 0.551811
vt 0.164757 0.548188
vt 0.179129 0.566045
vt 0.200254 0.564141
vt 0.222798 0.562491
vt 0.222953 0.576766
vt 0.181555 0.548318
vt 0.202784 0.542449
vt 0.222560 0.540371
vt 0.142365 0.545698
vt 0.164533 0.543523
vt 0.180483 0.542125
vt 0.201758 0.537383
vt 0.222497 0.534470
vt 0.185293 0.509389
vt 0.199119 0.506583
vt 0.222181 0.504989
vt 0.152720 0.525458
vt 0.167792 0.515564
vt 0.441369 0.350649
vt 0.452283 0.353222
vt 0.442677 0.391436
vt 0.433074 0.390371
vt 0.423467 0.390772
vt 0.423592 0.348415
vt 0.461149 0.396490
vt 0.451270 0.392588
vt 0.466802 0.357951
vt 0.481073 0.363227
vt 0.532677 0.387417
vt 0.513257 0.396619
vt 0.501969 0.364158
vt 0.519854 0.373213
vt 0.497898 0.366678
vt 0.476999 0.411051
vt 0.489792 0.430209
vt 0.494858 0.460246
vt 0.546703 0.409052
vt 0.525740 0.416176
vt 0.023387 0.585849
vt 0.041430 0.575175
vt 0.043472 0.586208
vt 0.036459 0.604052
vt 0.050514 0.585537
vt 0.050351 0.609326
vt 0.025256 0.565227
vt 0.040073 0.566869
vt 0.050787 0.546943
vt 0.050648 0.566317
vt 0.050594 0.574405
vt 0.533147 0.502943
vt 0.525094 0.541406
vt 0.504387 0.528016
vt 0.515751 0.496957
vt 0.485822 0.558164
vt 0.501727 0.576367
vt 0.459054 0.569774
vt 0.470198 0.589319
vt 0.422871 0.594183
vt 0.422934 0.572748
vt 0.539833 0.455781
vt 0.520327 0.459992
vt 0.492298 0.486397
vt 0.483841 0.512382
vt 0.469778 0.536152
vt 0.447266 0.552520
vt 0.422985 0.555293
vt 0.452925 0.405205
vt 0.439170 0.404293
vt 0.423427 0.404319
vt 0.459820 0.417861
vt 0.063034 0.503188
vt 0.081814 0.508141
vt 0.086538 0.529637
vt 0.054976 0.526731
vt 0.031118 0.511890
vt 0.052437 0.493633
vt 0.095343 0.504251
vt 0.108960 0.516500
vt 0.107585 0.490459
vt 0.112774 0.474731
vt 0.129002 0.473708
vt 0.124560 0.494668
vt 0.067969 0.432827
vt 0.072700 0.452910
vt 0.061893 0.452118
vt 0.050076 0.438598
vt 0.109350 0.464445
vt 0.122619 0.457923
vt 0.100978 0.458359
vt 0.112220 0.448004
vt 0.099210 0.439836
vt 0.090416 0.454408
vt 0.081139 0.451971
vt 0.083352 0.433069
vt 0.023348 0.466029
vt 0.044198 0.467579
vt 0.043746 0.480062
vt 0.021555 0.489897
vt 0.053932 0.456994
vt 0.037162 0.446632
vt 0.081961 0.466998
vt 0.092930 0.473443
vt 0.070688 0.466288
vt 0.093476 0.484968
vt 0.059384 0.469864
vt 0.061023 0.481817
vt 0.072278 0.490869
vt 0.083278 0.490167
vt 0.442104 0.420818
vt 0.423376 0.421869
vt 0.445064 0.439941
vt 0.445818 0.468738
vt 0.423237 0.469368
vt 0.423318 0.441513
vt 0.464895 0.435998
vt 0.466965 0.466505
vt 0.423030 0.540027
vt 0.437032 0.536864
vt 0.451805 0.523800
vt 0.460916 0.504551
vt 0.464720 0.483886
vt 0.423074 0.524980
vt 0.423128 0.506699
vt 0.423188 0.485949
vt 0.243232 0.591119
vt 0.254943 0.610748
vt 0.241058 0.616703
vt 0.234204 0.600384
vt 0.236722 0.630259
vt 0.240177 0.646705
vt 0.265651 0.595132
vt 0.268552 0.610433
vt 0.282784 0.613151
vt 0.284146 0.599601
vt 0.304991 0.608738
vt 0.298501 0.618463
vt 0.322205 0.621568
vt 0.310644 0.626876
vt 0.321368 0.639918
vt 0.333784 0.638551
vt 0.337356 0.657090
vt 0.326352 0.651536
vt 0.324406 0.668171
vt 0.331744 0.673582
vt 0.322339 0.685841
vt 0.311913 0.677325
vt 0.298925 0.691218
vt 0.294965 0.678128
vt 0.271413 0.686187
vt 0.274543 0.671392
vt 0.244996 0.673138
vt 0.252024 0.660686
vt 0.265916 0.580708
vt 0.246334 0.580660
vt 0.242656 0.695821
vt 0.247977 0.712186
vt 0.254232 0.749782
vt 0.254206 0.787733
vt 0.254299 0.820965
vt 0.287051 0.585790
vt 0.311590 0.596391
vt 0.334857 0.614824
vt 0.351424 0.639314
vt 0.352661 0.663591
vt 0.344444 0.682219
vt 0.331247 0.697962
vt 0.303778 0.703511
vt 0.274399 0.700252
vt 0.287618 0.568311
vt 0.322005 0.578681
vt 0.349558 0.604380
vt 0.381542 0.642698
vt 0.372884 0.674816
vt 0.356196 0.695625
vt 0.335424 0.708637
vt 0.308201 0.712772
vt 0.278078 0.712840
vt 0.398031 0.734594
vt 0.424234 0.728941
vt 0.400319 0.797842
vt 0.427460 0.796617
vt 0.406660 0.863711
vt 0.383426 0.853340
vt 0.295189 0.940476
vt 0.341649 0.908996
vt 0.362248 0.925309
vt 0.310508 0.961034
vt 0.342845 0.742790
vt 0.370753 0.738928
vt 0.345082 0.791518
vt 0.373834 0.795792
vt 0.357906 0.844447
vt 0.332141 0.834608
vt 0.306310 0.873721
vt 0.323006 0.893809
vt 0.282627 0.920571
vt 0.271650 0.897646
vt 0.314656 0.745897
vt 0.313756 0.788910
vt 0.305919 0.827050
vt 0.290081 0.858438
vt 0.263014 0.876721
vt 0.284549 0.748172
vt 0.283660 0.787889
vt 0.280262 0.821886
vt 0.275219 0.846291
vt 0.255194 0.855923
vt 0.280519 0.546926
vt 0.303160 0.550057
vt 0.245373 0.563648
vt 0.266535 0.565088
vt 0.263726 0.547421
vt 0.242376 0.542017
vt 0.280642 0.542258
vt 0.302852 0.543952
vt 0.264665 0.541207
vt 0.243294 0.536930
vt 0.245273 0.506082
vt 0.259156 0.508588
vt 0.292065 0.523946
vt 0.276785 0.514382
vt 0.405802 0.350545
vt 0.413863 0.390315
vt 0.404254 0.391323
vt 0.394873 0.353054
vt 0.385753 0.396268
vt 0.366024 0.362889
vt 0.380326 0.357697
vt 0.395654 0.392425
vt 0.314279 0.386776
vt 0.327185 0.372647
vt 0.345123 0.363697
vt 0.333645 0.396092
vt 0.369817 0.410737
vt 0.349179 0.366241
vt 0.356912 0.429819
vt 0.351671 0.459826
vt 0.321047 0.415575
vt 0.300126 0.408329
vt 0.077637 0.586226
vt 0.064315 0.604244
vt 0.057546 0.586307
vt 0.059744 0.575305
vt 0.076055 0.565584
vt 0.061214 0.567018
vt 0.313132 0.502298
vt 0.330563 0.496414
vt 0.341744 0.527538
vt 0.320959 0.540807
vt 0.360133 0.557795
vt 0.344120 0.575904
vt 0.386831 0.569562
vt 0.375573 0.589041
vt 0.326203 0.459422
vt 0.306723 0.455098
vt 0.354077 0.485992
vt 0.362381 0.512025
vt 0.376305 0.535877
vt 0.398721 0.552378
vt 0.393925 0.405032
vt 0.407686 0.404200
vt 0.386956 0.417647
vt 0.084274 0.391808
vt 0.092248 0.415379
vt 0.060675 0.418171
vt 0.065476 0.396692
vt 0.116159 0.400626
vt 0.094907 0.382292
vt 0.038301 0.404952
vt 0.051962 0.392754
vt 0.039769 0.378916
vt 0.022780 0.383064
vt 0.018413 0.362088
vt 0.034638 0.363170
vt 0.079598 0.321430
vt 0.097468 0.327267
vt 0.085602 0.340743
vt 0.074792 0.341495
vt 0.024854 0.346325
vt 0.038099 0.352896
vt 0.035290 0.336444
vt 0.046493 0.346841
vt 0.048331 0.328324
vt 0.064215 0.321615
vt 0.066356 0.340526
vt 0.057070 0.342928
vt 0.124096 0.354794
vt 0.125802 0.378668
vt 0.103647 0.368753
vt 0.103240 0.356268
vt 0.110352 0.335347
vt 0.093544 0.345649
vt 0.065479 0.355550
vt 0.054486 0.361954
vt 0.076754 0.354881
vt 0.053899 0.373477
vt 0.088046 0.358498
vt 0.086363 0.370445
vt 0.075075 0.379456
vt 0.064077 0.378713
vt 0.404654 0.420708
vt 0.401582 0.439813
vt 0.400660 0.468606
vt 0.381775 0.435754
vt 0.379526 0.466248
vt 0.409046 0.536782
vt 0.394350 0.523631
vt 0.385353 0.504329
vt 0.381670 0.483643
vt 0.402266 0.299926
vt 0.402266 0.281359
vt 0.381212 0.290643
vt 0.386187 0.309209
vt 0.399778 0.258484
vt 0.386187 0.272076
vt 0.418345 0.272076
vt 0.418345 0.253510
vt 0.418345 0.290643
vt 0.434424 0.281359
vt 0.436911 0.258484
vt 0.455478 0.290643
vt 0.450503 0.272076
vt 0.434424 0.299926
vt 0.450503 0.309209
vt 0.418345 0.309209
vt 0.436911 0.322801
vt 0.399778 0.322801
vt 0.418345 0.327776
vt 0.316617 0.299926
vt 0.300538 0.309209
vt 0.295563 0.290643
vt 0.316617 0.281359
vt 0.300538 0.272076
vt 0.314129 0.258484
vt 0.332696 0.253510
vt 0.332696 0.272076
vt 0.332696 0.290643
vt 0.351262 0.258484
vt 0.348775 0.281359
vt 0.364854 0.272076
vt 0.369829 0.290643
vt 0.364854 0.309209
vt 0.348775 0.299926
vt 0.351262 0.322801
vt 0.332696 0.309209
vt 0.332696 0.327776
vt 0.314129 0.322801
vt 0.550138 0.769957
vt 0.569894 0.767918
vt 0.569819 0.778894
vt 0.551352 0.779804
vt 0.552000 0.714671
vt 0.551825 0.704031
vt 0.570328 0.703538
vt 0.570261 0.713513
vt 0.549592 0.641677
vt 0.551248 0.622174
vt 0.570871 0.623868
vt 0.570744 0.642444
vt 0.551950 0.746961
vt 0.570054 0.744126
vt 0.569970 0.756686
vt 0.552062 0.758027
vt 0.570657 0.655313
vt 0.550065 0.655143
vt 0.561022 0.598555
vt 0.571035 0.599725
vt 0.547922 0.785421
vt 0.569768 0.786352
vt 0.549954 0.666935
vt 0.551661 0.693629
vt 0.538032 0.692904
vt 0.536975 0.668345
vt 0.535228 0.635537
vt 0.541127 0.616759
vt 0.556481 0.592931
vt 0.571100 0.590128
vt 0.569695 0.796968
vt 0.550079 0.795875
vt 0.571143 0.583776
vt 0.544074 0.748184
vt 0.539013 0.721090
vt 0.542040 0.775594
vt 0.867180 0.813433
vt 0.877369 0.812254
vt 0.879847 0.831139
vt 0.868399 0.830807
vt 0.863517 0.786334
vt 0.872688 0.785953
vt 0.874414 0.798142
vt 0.865144 0.798763
vt 0.860367 0.759517
vt 0.867679 0.758501
vt 0.870278 0.772757
vt 0.862038 0.773265
vt 0.851611 0.723938
vt 0.855732 0.723900
vt 0.862183 0.740780
vt 0.856107 0.742047
vt 0.848784 0.715087
vt 0.850204 0.715083
vt 0.769353 0.765063
vt 0.768718 0.747942
vt 0.778880 0.748729
vt 0.779658 0.765503
vt 0.767460 0.733367
vt 0.766476 0.716910
vt 0.776338 0.716397
vt 0.777866 0.733303
vt 0.764486 0.696444
vt 0.763773 0.676457
vt 0.771945 0.676125
vt 0.773762 0.694842
vt 0.762964 0.659172
vt 0.761327 0.642529
vt 0.768029 0.642009
vt 0.770425 0.659014
vt 0.761005 0.626977
vt 0.763900 0.624733
vt 0.680208 0.768715
vt 0.694091 0.770238
vt 0.693877 0.786569
vt 0.678667 0.787059
vt 0.697003 0.739950
vt 0.695176 0.755066
vt 0.680661 0.753456
vt 0.681880 0.739801
vt 0.684433 0.695478
vt 0.697251 0.693861
vt 0.698104 0.710636
vt 0.683629 0.712190
vt 0.684203 0.665844
vt 0.694524 0.665772
vt 0.696049 0.678935
vt 0.684532 0.680749
vt 0.682600 0.636238
vt 0.690404 0.634965
vt 0.692639 0.651296
vt 0.683708 0.650977
vt 0.768299 0.782715
vt 0.779766 0.783902
vt 0.697985 0.725794
vt 0.682869 0.726749
vt 0.679914 0.620723
vt 0.684099 0.620266
vt 0.569624 0.807363
vt 0.551208 0.805360
vt 0.846681 0.824095
vt 0.846370 0.813292
vt 0.855394 0.813339
vt 0.855956 0.827619
vt 0.845868 0.799105
vt 0.853500 0.798848
vt 0.845736 0.786461
vt 0.852804 0.787760
vt 0.845142 0.774277
vt 0.851529 0.775234
vt 0.844505 0.760808
vt 0.852127 0.760840
vt 0.844033 0.744513
vt 0.849286 0.743891
vt 0.843931 0.726876
vt 0.848303 0.725145
vt 0.847604 0.716139
vt 0.570396 0.693567
vt 0.789965 0.765681
vt 0.790874 0.783846
vt 0.788924 0.748812
vt 0.787905 0.732170
vt 0.786146 0.715012
vt 0.783574 0.693634
vt 0.781285 0.675746
vt 0.779400 0.656956
vt 0.775582 0.640351
vt 0.768584 0.623664
vt 0.675287 0.635683
vt 0.676186 0.621950
vt 0.675192 0.649608
vt 0.674590 0.664489
vt 0.673592 0.678582
vt 0.672833 0.693770
vt 0.671024 0.710013
vt 0.670022 0.724371
vt 0.667376 0.750840
vt 0.669426 0.736719
vt 0.667427 0.767221
vt 0.665284 0.784653
vt 0.837485 0.826535
vt 0.837901 0.814041
vt 0.838531 0.800051
vt 0.838724 0.787337
vt 0.838671 0.774062
vt 0.838131 0.760509
vt 0.839198 0.743715
vt 0.841321 0.727310
vt 0.887117 0.827204
vt 0.884104 0.811125
vt 0.883741 0.796196
vt 0.881554 0.781948
vt 0.878181 0.768737
vt 0.874519 0.754024
vt 0.868067 0.738005
vt 0.859193 0.722666
vt 0.850918 0.713752
vt 0.834436 0.743168
vt 0.838336 0.725893
vt 0.831833 0.760076
vt 0.830918 0.774840
vt 0.830655 0.787989
vt 0.829006 0.801159
vt 0.826803 0.814939
vt 0.825671 0.831115
vt 0.569552 0.817798
vt 0.552276 0.817664
vt 0.845652 0.715119
vt 0.548494 0.938447
vt 0.568722 0.938511
vt 0.568556 0.962554
vt 0.558514 0.963289
vt 0.568473 0.974689
vt 0.550543 0.892666
vt 0.551103 0.868409
vt 0.569205 0.868323
vt 0.569038 0.892468
vt 0.569362 0.845415
vt 0.553003 0.844844
vt 0.570580 0.666625
vt 0.753656 0.778245
vt 0.754510 0.764004
vt 0.753694 0.748015
vt 0.752422 0.731410
vt 0.752840 0.714511
vt 0.753548 0.696155
vt 0.753932 0.677166
vt 0.753955 0.660457
vt 0.755221 0.643550
vt 0.758051 0.624886
vt 0.569289 0.856026
vt 0.552164 0.854981
vt 0.743880 0.763815
vt 0.743532 0.776586
vt 0.743782 0.749454
vt 0.743669 0.733670
vt 0.744183 0.715530
vt 0.745502 0.697412
vt 0.746825 0.678478
vt 0.747771 0.660549
vt 0.750057 0.642852
vt 0.756224 0.622688
vt 0.801509 0.762998
vt 0.803987 0.777471
vt 0.800256 0.747190
vt 0.800421 0.730402
vt 0.796936 0.712032
vt 0.794506 0.693019
vt 0.790277 0.675557
vt 0.786484 0.657730
vt 0.781864 0.640174
vt 0.771191 0.621754
vt 0.744106 0.642327
vt 0.753133 0.623238
vt 0.741028 0.660270
vt 0.739199 0.678545
vt 0.737780 0.696709
vt 0.734859 0.716312
vt 0.733181 0.734661
vt 0.730557 0.749778
vt 0.730186 0.764493
vt 0.729997 0.778785
vt 0.651492 0.779011
vt 0.652463 0.766429
vt 0.653217 0.748225
vt 0.654954 0.731888
vt 0.656960 0.715515
vt 0.657100 0.701561
vt 0.658455 0.686780
vt 0.660294 0.671356
vt 0.662425 0.658209
vt 0.665007 0.645586
vt 0.668414 0.632119
vt 0.673001 0.619977
vt 0.711449 0.769549
vt 0.709481 0.781923
vt 0.711161 0.751640
vt 0.710344 0.735808
vt 0.707540 0.704194
vt 0.709281 0.719391
vt 0.705738 0.689141
vt 0.703841 0.672375
vt 0.701906 0.659020
vt 0.697210 0.645943
vt 0.693589 0.631956
vt 0.688026 0.619031
vt 0.638829 0.775145
vt 0.639964 0.764135
vt 0.641603 0.746515
vt 0.642739 0.730144
vt 0.644235 0.714055
vt 0.645809 0.699193
vt 0.647863 0.684067
vt 0.650919 0.668741
vt 0.654031 0.655759
vt 0.657956 0.642588
vt 0.663460 0.629669
vt 0.670570 0.616890
vt 0.656321 0.627966
vt 0.666073 0.616951
vt 0.648225 0.640931
vt 0.643197 0.654539
vt 0.638941 0.667939
vt 0.635084 0.685041
vt 0.632277 0.700182
vt 0.630527 0.715038
vt 0.627807 0.745348
vt 0.629135 0.730549
vt 0.625597 0.762150
vt 0.623310 0.773775
vt 0.677619 0.616857
vt 0.682471 0.616058
vt 0.761422 0.622315
vt 0.765264 0.621192
vt 0.844502 0.713843
vt 0.842862 0.714489
vt 0.848035 0.713446
vt 0.549397 0.919898
vt 0.568854 0.919239
vt 0.568953 0.904864
vt 0.550762 0.904927
vt 0.589620 0.770225
vt 0.588273 0.780056
vt 0.588505 0.714918
vt 0.588824 0.704282
vt 0.591905 0.641965
vt 0.590514 0.622442
vt 0.588119 0.747205
vt 0.587858 0.758269
vt 0.591249 0.655424
vt 0.581062 0.598691
vt 0.591625 0.785720
vt 0.591199 0.667215
vt 0.604157 0.668802
vt 0.602766 0.693345
vt 0.589128 0.693884
vt 0.606351 0.636021
vt 0.600708 0.617164
vt 0.585680 0.593129
vt 0.589325 0.796144
vt 0.595978 0.748534
vt 0.601404 0.721512
vt 0.597641 0.775972
vt 0.867703 0.871504
vt 0.869067 0.854141
vt 0.880518 0.853905
vt 0.877882 0.872769
vt 0.863812 0.898572
vt 0.865543 0.886157
vt 0.874808 0.886855
vt 0.872979 0.899030
vt 0.860434 0.925361
vt 0.862222 0.911627
vt 0.870457 0.912205
vt 0.867738 0.926438
vt 0.851378 0.960864
vt 0.856027 0.942794
vt 0.862091 0.944112
vt 0.855498 0.960936
vt 0.848476 0.969691
vt 0.849896 0.969707
vt 0.768506 0.822869
vt 0.778798 0.822194
vt 0.778402 0.838981
vt 0.768261 0.839999
vt 0.767335 0.854599
vt 0.777740 0.854426
vt 0.776597 0.871362
vt 0.766726 0.871073
vt 0.765201 0.891579
vt 0.774511 0.892970
vt 0.773118 0.911724
vt 0.764940 0.911576
vt 0.764521 0.928875
vt 0.771984 0.928865
vt 0.769970 0.945919
vt 0.763258 0.945550
vt 0.766229 0.963284
vt 0.763285 0.961105
vt 0.681073 0.821392
vt 0.680312 0.802999
vt 0.695488 0.804134
vt 0.695008 0.820459
vt 0.696632 0.850843
vt 0.681516 0.850350
vt 0.680877 0.836656
vt 0.695448 0.835664
vt 0.682185 0.894742
vt 0.682091 0.878011
vt 0.696487 0.880178
vt 0.694923 0.896903
vt 0.680696 0.924340
vt 0.681659 0.909462
vt 0.693087 0.911764
vt 0.691005 0.924851
vt 0.677834 0.953851
vt 0.679569 0.939172
vt 0.688505 0.939234
vt 0.685577 0.955455
vt 0.767050 0.805245
vt 0.778486 0.803798
vt 0.681951 0.863433
vt 0.697012 0.865029
vt 0.674490 0.969237
vt 0.678653 0.969872
vt 0.588066 0.805613
vt 0.847295 0.860670
vt 0.856599 0.857224
vt 0.855917 0.871499
vt 0.846893 0.871470
vt 0.853901 0.885974
vt 0.846272 0.885652
vt 0.853112 0.897056
vt 0.846033 0.898294
vt 0.851730 0.909570
vt 0.845335 0.910473
vt 0.852206 0.923968
vt 0.844583 0.923935
vt 0.849221 0.940893
vt 0.843974 0.940226
vt 0.848080 0.959630
vt 0.843722 0.957861
vt 0.847305 0.968629
vt 0.789593 0.803600
vt 0.789098 0.821782
vt 0.788442 0.838670
vt 0.787802 0.855331
vt 0.786433 0.872525
vt 0.784347 0.893956
vt 0.782464 0.911892
vt 0.781003 0.930721
vt 0.777558 0.947408
vt 0.770936 0.964247
vt 0.670505 0.954094
vt 0.670818 0.967853
vt 0.671002 0.940177
vt 0.671034 0.925285
vt 0.670636 0.911162
vt 0.670523 0.895956
vt 0.669405 0.879651
vt 0.669014 0.865262
vt 0.667493 0.838706
vt 0.668942 0.852901
vt 0.668240 0.822341
vt 0.666839 0.804835
vt 0.838431 0.870649
vt 0.838120 0.858153
vt 0.838943 0.884644
vt 0.839028 0.897359
vt 0.838863 0.910633
vt 0.838208 0.924181
vt 0.839132 0.940982
vt 0.841116 0.957405
vt 0.887754 0.857901
vt 0.884607 0.873955
vt 0.884118 0.888880
vt 0.881811 0.903109
vt 0.878326 0.916291
vt 0.874539 0.930973
vt 0.867952 0.946936
vt 0.858949 0.962200
vt 0.850599 0.971043
vt 0.838120 0.958797
vt 0.834365 0.941489
vt 0.831906 0.924559
vt 0.831117 0.909789
vt 0.830965 0.896638
vt 0.829428 0.883455
vt 0.827341 0.869658
vt 0.826346 0.853473
vt 0.586829 0.817902
vt 0.845345 0.969633
vt 0.588948 0.938726
vt 0.578587 0.963427
vt 0.587530 0.892921
vt 0.587303 0.868658
vt 0.585728 0.845069
vt 0.752513 0.810048
vt 0.753691 0.824266
vt 0.753239 0.840268
vt 0.752345 0.856897
vt 0.753148 0.873781
vt 0.754272 0.892116
vt 0.755087 0.911090
vt 0.755486 0.927793
vt 0.757132 0.944666
vt 0.760379 0.963261
vt 0.586427 0.855217
vt 0.743068 0.824696
vt 0.742429 0.811937
vt 0.743298 0.839055
vt 0.743544 0.854837
vt 0.744470 0.872960
vt 0.746200 0.891041
vt 0.747951 0.909939
vt 0.749302 0.927840
vt 0.751985 0.945480
vt 0.758601 0.965499
vt 0.802848 0.809675
vt 0.800700 0.824201
vt 0.799808 0.840034
vt 0.800355 0.856814
vt 0.797288 0.875259
vt 0.795290 0.894323
vt 0.791457 0.911877
vt 0.788068 0.929787
vt 0.783843 0.947444
vt 0.773584 0.966099
vt 0.746048 0.946138
vt 0.755499 0.965019
vt 0.742567 0.928271
vt 0.740326 0.910046
vt 0.738496 0.891920
vt 0.735131 0.872390
vt 0.733036 0.854085
vt 0.730069 0.839033
vt 0.729363 0.824331
vt 0.728847 0.810047
vt 0.652819 0.809886
vt 0.653255 0.822497
vt 0.653237 0.840717
vt 0.654278 0.857113
vt 0.655588 0.873556
vt 0.655134 0.887504
vt 0.655861 0.902329
vt 0.657043 0.917816
vt 0.658613 0.931042
vt 0.660656 0.943763
vt 0.663486 0.957363
vt 0.667552 0.969689
vt 0.710881 0.809438
vt 0.712321 0.821885
vt 0.711273 0.839766
vt 0.709785 0.855548
vt 0.708026 0.871907
vt 0.705641 0.887016
vt 0.703201 0.901979
vt 0.700594 0.918650
vt 0.698093 0.931911
vt 0.692845 0.944777
vt 0.688632 0.958597
vt 0.682524 0.971274
vt 0.640671 0.824259
vt 0.640004 0.813211
vt 0.641560 0.841933
vt 0.642000 0.858337
vt 0.643754 0.889390
vt 0.642812 0.874474
vt 0.645164 0.904589
vt 0.647565 0.920031
vt 0.650123 0.933133
vt 0.653484 0.946459
vt 0.658433 0.959600
vt 0.664992 0.972669
vt 0.660503 0.972417
vt 0.651228 0.960998
vt 0.643691 0.947701
vt 0.639247 0.933891
vt 0.635564 0.920324
vt 0.632438 0.903074
vt 0.630276 0.887828
vt 0.629158 0.872911
vt 0.628425 0.857355
vt 0.627727 0.842513
vt 0.626232 0.825633
vt 0.624441 0.813922
vt 0.672033 0.973003
vt 0.676847 0.974007
vt 0.763806 0.965756
vt 0.767672 0.966793
vt 0.844184 0.970899
vt 0.842549 0.970239
vt 0.847713 0.971325
vt 0.588300 0.920166
vt 0.587142 0.905178
vt 0.517374 0.944932
vt 0.517198 0.941257
vt 0.525509 0.941157
vt 0.526070 0.944910
vt 0.517283 0.937301
vt 0.525954 0.937197
vt 0.517272 0.916010
vt 0.525978 0.916004
vt 0.517139 0.911834
vt 0.525452 0.911835
vt 0.517300 0.907495
vt 0.526016 0.907455
vt 0.517300 0.887235
vt 0.526027 0.887239
vt 0.517137 0.882571
vt 0.525479 0.882576
vt 0.517289 0.878157
vt 0.525990 0.878105
vt 0.517308 0.857537
vt 0.526031 0.857550
vt 0.517134 0.853101
vt 0.525447 0.853116
vt 0.517293 0.848748
vt 0.526007 0.848671
vt 0.517230 0.828386
vt 0.525913 0.828400
vt 0.517108 0.823831
vt 0.525424 0.823841
vt 0.517271 0.819552
vt 0.525985 0.819501
vt 0.517227 0.799331
vt 0.525944 0.799353
vt 0.517098 0.795317
vt 0.525373 0.795295
vt 0.517231 0.791387
vt 0.525903 0.791334
vt 0.517223 0.769761
vt 0.525916 0.769807
vt 0.517084 0.765352
vt 0.525383 0.765393
vt 0.517241 0.761116
vt 0.525967 0.761089
vt 0.517276 0.741071
vt 0.525992 0.741115
vt 0.517106 0.736995
vt 0.525416 0.736972
vt 0.517215 0.732935
vt 0.525901 0.732888
vt 0.517224 0.711207
vt 0.525906 0.711281
vt 0.517109 0.706921
vt 0.525407 0.707013
vt 0.517270 0.702565
vt 0.525990 0.702586
vt 0.517321 0.683204
vt 0.526059 0.683321
vt 0.517198 0.678501
vt 0.525513 0.678606
vt 0.517401 0.673606
vt 0.526125 0.673698
vt 0.517621 0.663338
vt 0.526402 0.663407
vt 0.498743 0.944964
vt 0.498780 0.941356
vt 0.508591 0.941324
vt 0.508582 0.945024
vt 0.498714 0.937408
vt 0.508545 0.937290
vt 0.498718 0.916060
vt 0.508529 0.916093
vt 0.498763 0.911829
vt 0.508539 0.911862
vt 0.498709 0.907553
vt 0.508543 0.907452
vt 0.498660 0.887282
vt 0.508505 0.887280
vt 0.498721 0.882575
vt 0.508519 0.882560
vt 0.498665 0.878190
vt 0.508510 0.878157
vt 0.498692 0.857572
vt 0.508533 0.857605
vt 0.498753 0.853072
vt 0.508543 0.853104
vt 0.498697 0.848819
vt 0.508525 0.848731
vt 0.498656 0.828425
vt 0.508493 0.828428
vt 0.498721 0.823848
vt 0.508505 0.823837
vt 0.498668 0.819581
vt 0.508488 0.819544
vt 0.498651 0.799356
vt 0.508474 0.799391
vt 0.498713 0.795331
vt 0.508494 0.795333
vt 0.498646 0.791384
vt 0.508466 0.791362
vt 0.498633 0.769773
vt 0.508474 0.769802
vt 0.498707 0.765307
vt 0.508488 0.765351
vt 0.498648 0.761146
vt 0.508466 0.761064
vt 0.498670 0.741049
vt 0.508511 0.741103
vt 0.498725 0.736960
vt 0.508510 0.737020
vt 0.498665 0.732949
vt 0.508473 0.732889
vt 0.498680 0.711162
vt 0.508502 0.711215
vt 0.498727 0.706816
vt 0.508521 0.706869
vt 0.498697 0.702531
vt 0.508523 0.702469
vt 0.498679 0.683080
vt 0.508529 0.683148
vt 0.498743 0.678324
vt 0.508570 0.678395
vt 0.498713 0.673415
vt 0.508596 0.673475
vt 0.498812 0.663938
vt 0.508746 0.663316
vt 0.878546 0.628698
vt 0.874345 0.650250
vt 0.864247 0.648777
vt 0.872266 0.622554
vt 0.852757 0.646135
vt 0.854181 0.629399
vt 0.837627 0.640940
vt 0.839595 0.631102
vt 0.822357 0.635000
vt 0.824694 0.627239
vt 0.809082 0.629081
vt 0.811154 0.624470
vt 0.873875 0.657036
vt 0.863374 0.655175
vt 0.850848 0.652750
vt 0.835934 0.648586
vt 0.819510 0.639955
vt 0.805948 0.632573
vt 0.792521 0.618215
vt 0.841825 0.616922
vt 0.857634 0.616232
vt 0.826867 0.618626
vt 0.814520 0.618947
vt 0.857580 0.601331
vt 0.874339 0.601839
vt 0.874375 0.614611
vt 0.841060 0.604420
vt 0.826858 0.606400
vt 0.815277 0.610936
vt 0.521151 0.658879
vt 0.526526 0.658910
vt 0.521497 0.646428
vt 0.526725 0.646539
vt 0.526112 0.629260
vt 0.519538 0.629300
vt 0.521537 0.619623
vt 0.516009 0.646260
vt 0.509104 0.639654
vt 0.513866 0.627292
vt 0.517968 0.617108
vt 0.501065 0.635412
vt 0.507973 0.624647
vt 0.513514 0.616388
vt 0.498023 0.632162
vt 0.503823 0.620102
vt 0.860198 0.593179
vt 0.872709 0.592509
vt 0.838748 0.595962
vt 0.825881 0.601515
vt 0.813724 0.607415
vt 0.857609 0.582717
vt 0.876988 0.584604
vt 0.836769 0.587077
vt 0.821782 0.596668
vt 0.808932 0.604516
vt 0.849283 0.664097
vt 0.862586 0.666995
vt 0.832400 0.655603
vt 0.815067 0.646843
vt 0.802998 0.635646
vt 0.873437 0.668839
vt 0.805481 0.601857
vt 0.819341 0.592738
vt 0.834300 0.580659
vt 0.851714 0.574032
vt 0.863643 0.569238
vt 0.874233 0.567278
vt 0.881118 0.582974
vt 0.469847 0.945044
vt 0.461060 0.944990
vt 0.461223 0.941315
vt 0.469835 0.941335
vt 0.461123 0.937363
vt 0.469860 0.937347
vt 0.461076 0.916066
vt 0.469823 0.916144
vt 0.461195 0.911879
vt 0.469790 0.911862
vt 0.461020 0.907534
vt 0.469777 0.907464
vt 0.461009 0.887259
vt 0.469811 0.887299
vt 0.461170 0.882592
vt 0.469790 0.882576
vt 0.461016 0.878175
vt 0.469792 0.878171
vt 0.460998 0.857549
vt 0.469775 0.857616
vt 0.461170 0.853111
vt 0.469760 0.853114
vt 0.461008 0.848756
vt 0.469772 0.848740
vt 0.461076 0.828389
vt 0.469815 0.828429
vt 0.461195 0.823834
vt 0.469798 0.823839
vt 0.461029 0.819554
vt 0.469809 0.819546
vt 0.461077 0.799331
vt 0.469831 0.799391
vt 0.461204 0.795317
vt 0.469807 0.795332
vt 0.461068 0.791387
vt 0.469833 0.791361
vt 0.461067 0.769759
vt 0.469819 0.769800
vt 0.461205 0.765349
vt 0.469803 0.765349
vt 0.461048 0.761112
vt 0.469819 0.761063
vt 0.461030 0.741064
vt 0.469801 0.741099
vt 0.461200 0.736988
vt 0.469796 0.737017
vt 0.461091 0.732927
vt 0.469828 0.732887
vt 0.461100 0.711201
vt 0.469825 0.711212
vt 0.461215 0.706916
vt 0.469803 0.706866
vt 0.461053 0.702561
vt 0.469799 0.702467
vt 0.461001 0.683204
vt 0.469792 0.683147
vt 0.461123 0.678501
vt 0.469751 0.678395
vt 0.460919 0.673607
vt 0.469724 0.673475
vt 0.460696 0.663340
vt 0.469572 0.663316
vt 0.489204 0.941380
vt 0.489205 0.945124
vt 0.479696 0.944994
vt 0.479648 0.941394
vt 0.489202 0.937288
vt 0.479693 0.937397
vt 0.489179 0.916180
vt 0.479639 0.916048
vt 0.489176 0.911863
vt 0.479578 0.911868
vt 0.489170 0.907436
vt 0.479629 0.907580
vt 0.489153 0.887394
vt 0.479646 0.887290
vt 0.489153 0.882583
vt 0.479586 0.882582
vt 0.489153 0.878102
vt 0.479643 0.878197
vt 0.489151 0.857704
vt 0.479609 0.857572
vt 0.489151 0.853110
vt 0.479550 0.853072
vt 0.489152 0.848692
vt 0.479608 0.848818
vt 0.489150 0.828526
vt 0.479642 0.828426
vt 0.489150 0.823846
vt 0.479579 0.823848
vt 0.489150 0.819476
vt 0.479634 0.819580
vt 0.489149 0.799469
vt 0.479646 0.799354
vt 0.489149 0.795325
vt 0.479584 0.795329
vt 0.489149 0.791255
vt 0.479652 0.791382
vt 0.489149 0.769920
vt 0.479664 0.769770
vt 0.489150 0.765342
vt 0.479593 0.765303
vt 0.489151 0.761006
vt 0.479657 0.761142
vt 0.489151 0.741178
vt 0.479629 0.741046
vt 0.489153 0.736975
vt 0.479581 0.736956
vt 0.489155 0.732820
vt 0.479648 0.732944
vt 0.489156 0.711285
vt 0.479631 0.711161
vt 0.489158 0.706857
vt 0.479588 0.706814
vt 0.489159 0.702402
vt 0.479622 0.702529
vt 0.489160 0.683180
vt 0.479642 0.683079
vt 0.489160 0.678295
vt 0.479577 0.678323
vt 0.489160 0.673275
vt 0.479607 0.673415
vt 0.489159 0.664603
vt 0.479505 0.663938
vt 0.885332 0.635338
vt 0.892169 0.628787
vt 0.896186 0.650354
vt 0.885259 0.651841
vt 0.906296 0.648978
vt 0.898495 0.622724
vt 0.916533 0.629702
vt 0.917806 0.646449
vt 0.931111 0.631538
vt 0.932987 0.641396
vt 0.946054 0.627809
vt 0.948317 0.635594
vt 0.959621 0.625160
vt 0.961651 0.629790
vt 0.896590 0.657145
vt 0.885224 0.659047
vt 0.919653 0.653081
vt 0.907107 0.655385
vt 0.934608 0.649058
vt 0.951119 0.640574
vt 0.964754 0.633310
vt 0.978312 0.619067
vt 0.913214 0.616497
vt 0.929019 0.617334
vt 0.943962 0.619174
vt 0.956307 0.619605
vt 0.896521 0.614619
vt 0.896655 0.601771
vt 0.913421 0.601566
vt 0.929906 0.604830
vt 0.944087 0.606943
vt 0.955624 0.611584
vt 0.457165 0.658882
vt 0.462674 0.658830
vt 0.456816 0.646430
vt 0.462303 0.646260
vt 0.452193 0.629264
vt 0.458767 0.629302
vt 0.456763 0.619625
vt 0.464437 0.627291
vt 0.469205 0.639651
vt 0.460332 0.617109
vt 0.470329 0.624644
vt 0.477242 0.635405
vt 0.464785 0.616387
vt 0.480283 0.632155
vt 0.474477 0.620097
vt 0.483312 0.628699
vt 0.898390 0.592602
vt 0.910890 0.593395
vt 0.932300 0.596388
vt 0.945109 0.602063
vt 0.957210 0.608076
vt 0.894134 0.584751
vt 0.913556 0.582964
vt 0.934353 0.587515
vt 0.949251 0.597250
vt 0.962026 0.605218
vt 0.921106 0.664444
vt 0.907777 0.667212
vt 0.938075 0.656108
vt 0.955498 0.647502
vt 0.967675 0.636410
vt 0.896909 0.668952
vt 0.885164 0.670832
vt 0.965500 0.602589
vt 0.951725 0.593339
vt 0.936872 0.581115
vt 0.919515 0.574331
vt 0.907622 0.569472
vt 0.885580 0.581213
vt 0.885679 0.565160
vt 0.897076 0.567400
vt 0.890023 0.583050
vt 0.494992 0.628708
vt 0.452365 0.944998
vt 0.452913 0.941244
vt 0.452455 0.937288
vt 0.452367 0.916086
vt 0.452880 0.911904
vt 0.452306 0.907512
vt 0.452279 0.887267
vt 0.452827 0.882598
vt 0.452315 0.878122
vt 0.452275 0.857560
vt 0.452858 0.853125
vt 0.452295 0.848679
vt 0.452392 0.828404
vt 0.452880 0.823845
vt 0.452317 0.819503
vt 0.452358 0.799359
vt 0.452926 0.795301
vt 0.452390 0.791340
vt 0.452379 0.769806
vt 0.452908 0.765390
vt 0.452322 0.761082
vt 0.452312 0.741101
vt 0.452890 0.736958
vt 0.452406 0.732873
vt 0.452417 0.711269
vt 0.452917 0.707005
vt 0.452334 0.702581
vt 0.452263 0.683321
vt 0.452808 0.678607
vt 0.452195 0.673701
vt 0.451916 0.663411
vt 0.451792 0.658914
vt 0.451586 0.646545
vt 0.515642 0.658829
vt 0.517595 0.967214
vt 0.508752 0.967271
vt 0.498842 0.967313
vt 0.469739 0.967319
vt 0.460896 0.967281
vt 0.479624 0.967346
vt 0.489252 0.967354
vt 0.452179 0.967238
vt 0.526311 0.967151
vt 0.393037 0.940010
vt 0.401120 0.934843
vt 0.403736 0.959602
vt 0.395479 0.956840
vt 0.410104 0.938206
vt 0.411234 0.955176
vt 0.395478 0.956841
vt 0.390471 0.949558
vt 0.414609 0.947008
vt 0.926685 0.211576
vt 0.922506 0.193822
vt 0.935301 0.188850
vt 0.937237 0.205045
vt 0.949981 0.184611
vt 0.953784 0.202170
vt 0.963597 0.187066
vt 0.965164 0.204790
vt 0.907599 0.247543
vt 0.899477 0.260766
vt 0.887688 0.253490
vt 0.897279 0.242627
vt 0.886134 0.233589
vt 0.876556 0.244125
vt 0.867774 0.233272
vt 0.879279 0.222341
vt 0.916233 0.175575
vt 0.931901 0.168515
vt 0.947651 0.166066
vt 0.963164 0.168741
vt 0.893316 0.272696
vt 0.877533 0.265390
vt 0.865315 0.255851
vt 0.856601 0.242593
vt 0.940315 0.215372
vt 0.932331 0.220297
vt 0.952431 0.214322
vt 0.962341 0.216272
vt 0.902709 0.234110
vt 0.910143 0.237180
vt 0.888191 0.218831
vt 0.891683 0.225385
vt 0.973701 0.126326
vt 0.952192 0.128423
vt 0.951226 0.106296
vt 0.971324 0.099198
vt 0.939876 0.087541
vt 0.956246 0.072067
vt 0.866579 0.155500
vt 0.882119 0.167689
vt 0.869018 0.171069
vt 0.850179 0.164655
vt 0.846785 0.138569
vt 0.826969 0.146438
vt 0.831051 0.243993
vt 0.827136 0.258477
vt 0.818100 0.253329
vt 0.822144 0.241260
vt 0.847139 0.185653
vt 0.862640 0.190521
vt 0.854839 0.212756
vt 0.844498 0.207544
vt 0.829007 0.180603
vt 0.826574 0.202595
vt 0.807481 0.231857
vt 0.802851 0.243821
vt 0.785739 0.231828
vt 0.789016 0.219790
vt 0.813106 0.181589
vt 0.813868 0.205762
vt 0.791567 0.256280
vt 0.780949 0.263100
vt 0.765823 0.248674
vt 0.777904 0.242704
vt 0.849460 0.221171
vt 0.841613 0.215418
vt 0.826138 0.212480
vt 0.779670 0.226794
vt 0.780332 0.216485
vt 0.817465 0.216584
vt 0.761116 0.239591
vt 0.771281 0.236478
vt 0.936179 0.129517
vt 0.937257 0.112190
vt 0.926967 0.098358
vt 0.794630 0.139995
vt 0.789155 0.117378
vt 0.816238 0.112724
vt 0.781937 0.103769
vt 0.807344 0.089169
vt 0.792596 0.148176
vt 0.771677 0.093200
vt 0.780944 0.080215
vt 0.809183 0.161768
vt 0.789580 0.155641
vt 0.771342 0.276685
vt 0.794981 0.273730
vt 0.786734 0.303793
vt 0.769799 0.299981
vt 0.773930 0.142482
vt 0.771908 0.123556
vt 0.767053 0.112331
vt 0.772940 0.148484
vt 0.757630 0.103766
vt 0.770972 0.155537
vt 0.752630 0.297007
vt 0.753565 0.276053
vt 0.796492 0.066039
vt 0.784379 0.046910
vt 0.792514 0.041142
vt 0.806196 0.057772
vt 0.800550 0.030213
vt 0.816448 0.043483
vt 0.779924 0.067341
vt 0.774738 0.050855
vt 0.756304 0.309272
vt 0.772981 0.307643
vt 0.772435 0.321965
vt 0.757155 0.321681
vt 0.771857 0.335318
vt 0.753874 0.331490
vt 0.804891 0.020590
vt 0.819967 0.032093
vt 0.779527 0.034673
vt 0.785012 0.032679
vt 0.790719 0.024157
vt 0.770897 0.036527
vt 0.743566 0.320127
vt 0.742796 0.311768
vt 0.742440 0.327029
vt 0.792657 0.016500
vt 0.778075 0.028311
vt 0.783975 0.019915
vt 0.735405 0.320595
vt 0.733023 0.311578
vt 0.822548 0.070433
vt 0.921887 0.072079
vt 0.937295 0.054688
vt 0.910123 0.089814
vt 0.896151 0.066493
vt 0.910961 0.042526
vt 0.890148 0.085707
vt 0.868497 0.064524
vt 0.878670 0.039009
vt 0.865681 0.085221
vt 0.830721 0.052106
vt 0.835088 0.038729
vt 0.920156 0.125117
vt 0.925166 0.114249
vt 0.919725 0.105963
vt 0.908191 0.104175
vt 0.889359 0.105065
vt 0.865814 0.104893
vt 0.907492 0.137862
vt 0.887944 0.148643
vt 0.873054 0.131975
vt 0.895269 0.123902
vt 0.910621 0.116910
vt 0.918099 0.112090
vt 0.788194 0.338204
vt 0.789231 0.322712
vt 0.867796 0.301282
vt 0.893195 0.303186
vt 0.895306 0.323362
vt 0.877996 0.319549
vt 0.884605 0.344089
vt 0.870412 0.331317
vt 0.867898 0.353015
vt 0.862953 0.341476
vt 0.846934 0.354451
vt 0.847629 0.334489
vt 0.823794 0.347119
vt 0.827352 0.328513
vt 0.758957 0.143761
vt 0.759026 0.127799
vt 0.755411 0.120272
vt 0.759352 0.147945
vt 0.750157 0.113749
vt 0.756746 0.154008
vt 0.740985 0.296704
vt 0.741256 0.276694
vt 0.747080 0.142992
vt 0.745114 0.129586
vt 0.727879 0.291928
vt 0.728662 0.279675
vt 0.953584 0.226764
vt 0.942686 0.227197
vt 0.899722 0.219593
vt 0.906794 0.226178
vt 0.854569 0.319357
vt 0.833908 0.308182
vt 0.842339 0.285901
vt 0.839468 0.065268
vt 0.853375 0.039983
vt 0.836574 0.088129
vt 0.837885 0.111066
vt 0.810211 0.302681
vt 0.813076 0.276971
vt 0.806506 0.324264
vt 0.926458 0.149616
vt 0.902320 0.162146
vt 0.949920 0.148204
vt 0.967734 0.150464
vt 0.868922 0.278558
vt 0.891101 0.285323
vt 0.849816 0.265066
vt 0.845574 0.244671
vt 0.761158 0.226833
vt 0.766846 0.219406
vt 0.836573 0.229994
vt 0.826616 0.227327
vt 0.804719 0.340453
vt 0.804290 0.267987
vt 0.735944 0.159875
vt 0.733173 0.172065
vt 0.717109 0.175520
vt 0.717658 0.161705
vt 0.735851 0.188768
vt 0.717879 0.190888
vt 0.742071 0.198753
vt 0.724674 0.203056
vt 0.539481 0.238411
vt 0.550869 0.237409
vt 0.556060 0.250939
vt 0.542472 0.253638
vt 0.564468 0.232835
vt 0.574820 0.224689
vt 0.581782 0.238951
vt 0.569762 0.246052
vt 0.696622 0.178932
vt 0.698200 0.161709
vt 0.699455 0.194726
vt 0.707085 0.208626
vt 0.561420 0.265636
vt 0.544078 0.266969
vt 0.588995 0.251587
vt 0.576199 0.260967
vt 0.746100 0.162400
vt 0.744020 0.171618
vt 0.746985 0.183505
vt 0.752086 0.192308
vt 0.540718 0.227812
vt 0.548756 0.227532
vt 0.562135 0.223209
vt 0.567697 0.218288
vt 0.670199 0.232480
vt 0.643644 0.239055
vt 0.643809 0.217584
vt 0.665148 0.211306
vt 0.612951 0.233529
vt 0.622296 0.212867
vt 0.662529 0.121000
vt 0.665239 0.102215
vt 0.677584 0.118411
vt 0.679134 0.131916
vt 0.640565 0.107649
vt 0.642275 0.080704
vt 0.612445 0.261820
vt 0.621745 0.262369
vt 0.621321 0.275091
vt 0.611056 0.276760
vt 0.683774 0.093459
vt 0.704124 0.085081
vt 0.712104 0.093615
vt 0.693185 0.106908
vt 0.673150 0.077530
vt 0.694265 0.069274
vt 0.638769 0.258678
vt 0.660285 0.253819
vt 0.659152 0.266243
vt 0.638930 0.271507
vt 0.670413 0.062144
vt 0.694044 0.056142
vt 0.645153 0.287122
vt 0.662696 0.279171
vt 0.671932 0.288984
vt 0.652721 0.297220
vt 0.710956 0.080194
vt 0.718707 0.086199
vt 0.703820 0.066137
vt 0.669577 0.253755
vt 0.666597 0.263646
vt 0.705496 0.056636
vt 0.671076 0.275650
vt 0.679514 0.282116
vt 0.644841 0.202352
vt 0.660946 0.195696
vt 0.628353 0.197035
vt 0.626581 0.057200
vt 0.607347 0.086652
vt 0.602844 0.059665
vt 0.581723 0.086075
vt 0.587247 0.057435
vt 0.633456 0.052386
vt 0.564309 0.064245
vt 0.573610 0.051365
vt 0.639214 0.046680
vt 0.651581 0.062253
vt 0.656978 0.313306
vt 0.650288 0.335675
vt 0.633087 0.333332
vt 0.635860 0.302282
vt 0.602569 0.041319
vt 0.621192 0.036624
vt 0.590194 0.040599
vt 0.626460 0.033534
vt 0.578746 0.034696
vt 0.632358 0.029105
vt 0.673856 0.318922
vt 0.667414 0.338883
vt 0.555923 0.083537
vt 0.551228 0.095454
vt 0.530835 0.088128
vt 0.533588 0.078490
vt 0.541005 0.109957
vt 0.523141 0.099431
vt 0.534072 0.068035
vt 0.551576 0.067459
vt 0.659688 0.349094
vt 0.654557 0.360424
vt 0.640139 0.355354
vt 0.644630 0.341743
vt 0.654205 0.370762
vt 0.636018 0.368068
vt 0.515477 0.106809
vt 0.531382 0.117152
vt 0.520261 0.083891
vt 0.520304 0.078025
vt 0.514090 0.092180
vt 0.519140 0.069223
vt 0.671474 0.356151
vt 0.667832 0.363714
vt 0.666477 0.370575
vt 0.507478 0.096615
vt 0.507784 0.087232
vt 0.513766 0.078802
vt 0.680698 0.359386
vt 0.675317 0.367003
vt 0.568602 0.106657
vt 0.590291 0.221130
vt 0.601779 0.200741
vt 0.614779 0.183738
vt 0.570234 0.199996
vt 0.588178 0.177998
vt 0.604447 0.166000
vt 0.556555 0.170374
vt 0.577489 0.152250
vt 0.596203 0.142792
vt 0.553794 0.120519
vt 0.542529 0.129160
vt 0.642850 0.190158
vt 0.651527 0.181860
vt 0.633214 0.187659
vt 0.627774 0.177237
vt 0.622524 0.158976
vt 0.614846 0.136519
vt 0.659468 0.165668
vt 0.642263 0.158537
vt 0.642674 0.134769
vt 0.663230 0.143568
vt 0.640633 0.175432
vt 0.638497 0.184121
vt 0.619701 0.365066
vt 0.624140 0.350188
vt 0.558007 0.302669
vt 0.542069 0.316222
vt 0.524517 0.313747
vt 0.533542 0.295580
vt 0.545064 0.329897
vt 0.527304 0.336906
vt 0.548505 0.342021
vt 0.539841 0.351106
vt 0.565305 0.340827
vt 0.558983 0.359775
vt 0.586393 0.342310
vt 0.583228 0.360987
vt 0.601948 0.027687
vt 0.616953 0.021994
vt 0.593552 0.026912
vt 0.621025 0.020867
vt 0.585525 0.024246
vt 0.625777 0.016223
vt 0.685166 0.323821
vt 0.678432 0.342666
vt 0.598630 0.013959
vt 0.611939 0.011059
vt 0.692381 0.342768
vt 0.695926 0.331013
vt 0.756063 0.170007
vt 0.759217 0.180532
vt 0.556626 0.214974
vt 0.547699 0.218673
vt 0.564088 0.324225
vt 0.587232 0.297148
vt 0.587351 0.320970
vt 0.549484 0.146014
vt 0.569048 0.124393
vt 0.589835 0.114026
vt 0.612057 0.107762
vt 0.617772 0.298999
vt 0.611478 0.324091
vt 0.607411 0.345610
vt 0.676850 0.179912
vt 0.680789 0.152876
vt 0.683205 0.202708
vt 0.691193 0.218937
vt 0.541744 0.279573
vt 0.564888 0.280983
vt 0.587503 0.275013
vt 0.598600 0.257385
vt 0.681193 0.261201
vt 0.683930 0.270146
vt 0.723705 0.071406
vt 0.718401 0.062532
vt 0.603431 0.361403
vt 0.629142 0.293649
vt 0.348572 0.066899
vt 0.353353 0.110398
vt 0.319763 0.107868
vt 0.318147 0.075194
vt 0.354138 0.138961
vt 0.321736 0.142659
vt 0.307189 0.035285
vt 0.340944 0.023643
vt 0.287461 0.105680
vt 0.288583 0.076332
vt 0.281093 0.040744
vt 0.236592 0.106255
vt 0.241748 0.070358
vt 0.243161 0.040662
vt 0.179503 0.109952
vt 0.194079 0.078019
vt 0.188743 0.049584
vt 0.149829 0.104534
vt 0.171649 0.061855
vt 0.290115 0.146337
vt 0.238755 0.152818
vt 0.182392 0.154055
vt 0.348763 0.185873
vt 0.323024 0.180225
vt 0.289486 0.177595
vt 0.247430 0.184046
vt 0.196840 0.184820
vt 0.176328 0.200506
vt 0.151740 0.161052
vt 0.322315 0.220001
vt 0.289672 0.215064
vt 0.243790 0.217891
vt 0.199361 0.213554
vt 0.341741 0.225785
vt 0.375240 0.157401
vt 0.371818 0.192406
vt 0.403705 0.166720
vt 0.399646 0.199324
vt 0.427290 0.168054
vt 0.430299 0.198317
vt 0.457523 0.164489
vt 0.463470 0.195739
vt 0.483176 0.156522
vt 0.490539 0.188105
vt 0.506988 0.138825
vt 0.520928 0.169860
vt 0.375182 0.091059
vt 0.372476 0.058668
vt 0.366205 0.233564
vt 0.431121 0.242491
vt 0.398324 0.240651
vt 0.471475 0.237584
vt 0.503079 0.228862
vt 0.366385 0.013721
vt 0.054016 0.294686
vt 0.047591 0.272410
vt 0.102918 0.273126
vt 0.103716 0.297156
vt 0.133497 0.178744
vt 0.117130 0.172719
vt 0.112967 0.143481
vt 0.132785 0.151767
vt 0.142265 0.214310
vt 0.121406 0.204489
vt 0.146443 0.261930
vt 0.123184 0.253005
vt 0.138833 0.276144
vt 0.020439 0.273764
vt 0.013563 0.254259
vt 0.036121 0.245994
vt 0.019350 0.216032
vt 0.035649 0.203989
vt 0.031614 0.173988
vt 0.044402 0.176482
vt 0.034443 0.140848
vt 0.049181 0.144629
vt 0.031765 0.120963
vt 0.050214 0.117957
vt 0.110119 0.117767
vt 0.135303 0.116652
vt 0.112486 0.088176
vt 0.137333 0.090606
vt 0.052570 0.090421
vt 0.030343 0.096560
vt 0.037979 0.067165
vt 0.062485 0.067442
vt 0.062568 0.049890
vt 0.099517 0.046387
vt 0.102894 0.063241
vt 0.125026 0.062141
vt 0.533752 0.215315
vt 0.791418 0.411902
vt 0.760344 0.406520
vt 0.763855 0.362736
vt 0.798558 0.371135
vt 0.792898 0.444583
vt 0.759697 0.450280
vt 0.794226 0.479407
vt 0.761619 0.478795
vt 0.820958 0.410240
vt 0.825052 0.374103
vt 0.824849 0.439350
vt 0.867018 0.399862
vt 0.862805 0.370433
vt 0.875546 0.435109
vt 0.915199 0.402979
vt 0.917823 0.374167
vt 0.932729 0.433389
vt 0.936000 0.384767
vt 0.826054 0.480075
vt 0.877798 0.481667
vt 0.934026 0.477567
vt 0.961759 0.425189
vt 0.965202 0.481633
vt 0.796503 0.516928
vt 0.771415 0.524990
vt 0.829641 0.511133
vt 0.872118 0.513574
vt 0.922554 0.509559
vt 0.800980 0.556458
vt 0.782191 0.564057
vt 0.944458 0.523234
vt 0.922764 0.538402
vt 0.833006 0.548451
vt 0.878946 0.546922
vt 0.742359 0.499155
vt 0.749084 0.533679
vt 0.714905 0.511131
vt 0.722037 0.543204
vt 0.691553 0.514696
vt 0.691426 0.545108
vt 0.661118 0.514014
vt 0.658160 0.545687
vt 0.634825 0.508515
vt 0.630489 0.540654
vt 0.598507 0.525373
vt 0.609441 0.493156
vt 0.736137 0.433088
vt 0.735770 0.400582
vt 0.758575 0.574120
vt 0.727272 0.584219
vt 0.694797 0.589162
vt 0.654160 0.588103
vt 0.621871 0.582417
vt 0.590051 0.571840
vt 0.737591 0.355259
vt 0.238270 0.481679
vt 0.188509 0.481781
vt 0.190449 0.457816
vt 0.245748 0.459734
vt 0.164397 0.362086
vt 0.166391 0.335174
vt 0.186581 0.327839
vt 0.181032 0.356847
vt 0.153946 0.397195
vt 0.175249 0.388377
vt 0.147507 0.444561
vt 0.171164 0.436753
vt 0.154431 0.459122
vt 0.272805 0.462378
vt 0.280602 0.443223
vt 0.258462 0.433894
vt 0.260932 0.391958
vt 0.276640 0.404763
vt 0.253498 0.364066
vt 0.266391 0.362183
vt 0.250241 0.332022
vt 0.265141 0.328946
vt 0.268763 0.309211
vt 0.250478 0.305331
vt 0.190650 0.302290
vt 0.165548 0.299979
vt 0.164759 0.273865
vt 0.189693 0.272620
vt 0.249435 0.277714
vt 0.271345 0.284904
vt 0.265116 0.255179
vt 0.240625 0.254289
vt 0.241377 0.236753
vt 0.204637 0.231496
vt 0.200461 0.248170
vt 0.178407 0.246018
vt 0.470935 0.046581
vt 0.493673 0.079701
vt 0.478865 0.082791
vt 0.463008 0.059694
vt 0.482048 0.118867
vt 0.470758 0.110106
vt 0.448124 0.141212
vt 0.447100 0.125689
vt 0.414433 0.131055
vt 0.394786 0.096684
vt 0.409902 0.094635
vt 0.423604 0.118605
vt 0.399429 0.065965
vt 0.413139 0.073212
vt 0.431882 0.041415
vt 0.435773 0.056091
vt 0.722490 0.431963
vt 0.721411 0.472122
vt 0.707629 0.465425
vt 0.708381 0.437419
vt 0.691441 0.405409
vt 0.686728 0.418900
vt 0.650821 0.405096
vt 0.658400 0.418682
vt 0.630259 0.471466
vt 0.628065 0.431936
vt 0.642530 0.437400
vt 0.644060 0.464968
vt 0.650855 0.494725
vt 0.658424 0.481189
vt 0.691441 0.497688
vt 0.686728 0.483255
vt 0.472555 0.084086
vt 0.459750 0.065433
vt 0.466008 0.106144
vt 0.446903 0.118728
vt 0.416863 0.093650
vt 0.427929 0.113008
vt 0.419478 0.076350
vt 0.437756 0.062524
vt 0.701774 0.462379
vt 0.702382 0.439762
vt 0.684895 0.424807
vt 0.662018 0.424631
vt 0.649203 0.439747
vt 0.650439 0.462010
vt 0.662038 0.475109
vt 0.684895 0.476778
s 1
usemtl lambert2SG
f 35/1/1 38/2/2 37/3/3 36/4/4
f 38/2/2 4/5/5 3/6/6 37/3/3
f 39/7/7 37/3/3 3/6/6 5/8/8
f 6/9/9 40/10/10 39/7/7 5/8/8
f 36/4/4 98/11/11 97/12/12 35/1/1
f 42/13/13 44/14/14 43/15/15 41/16/16
f 44/14/14 50/17/17 49/18/18 43/15/15
f 46/19/19 129/20/20 128/21/21 45/22/22
f 50/17/17 46/19/19 45/22/22 49/18/18
f 48/23/23 52/24/24 51/25/25 47/26/26
f 52/24/24 54/27/27 53/28/28 51/25/25
f 54/27/27 56/29/29 55/30/30 53/28/28
f 56/29/29 60/31/31 61/32/32 55/30/30
f 96/33/33 57/34/34 35/1/1 97/12/12
f 6/9/9 61/32/32 60/31/31 40/10/10
f 62/35/35 61/32/32 188/36/36 7/37/37
f 7/37/37 8/38/38 63/39/39 62/35/35
f 8/38/38 26/40/40 140/41/41 63/39/39
f 27/42/42 144/43/43 64/44/44 9/45/45
f 41/16/16 43/15/15 65/46/46 58/47/47
f 49/18/18 66/48/48 65/46/46 43/15/15
f 45/22/22 67/49/49 66/48/48 49/18/18
f 127/50/50 67/49/49 45/22/22 128/21/21
f 51/25/25 69/51/51 68/52/52 47/26/26
f 51/25/25 53/28/28 70/53/53 69/51/51
f 53/28/28 55/30/30 71/54/54 70/53/53
f 62/35/35 71/54/54 55/30/30 61/32/32
f 58/47/47 65/46/46 72/55/55 59/56/56
f 65/46/46 66/48/48 73/57/57 72/55/55
f 66/48/48 67/49/49 74/58/58 73/57/57
f 67/49/49 127/50/50 126/59/59 74/58/58
f 68/52/52 69/51/51 76/60/60 75/61/61
f 69/51/51 70/53/53 77/62/62 76/60/60
f 70/53/53 71/54/54 78/63/63 77/62/62
f 63/39/39 78/63/63 71/54/54 62/35/35
f 135/64/64 134/65/65 74/58/58 126/59/59
f 125/66/66 149/67/67 150/68/68 79/69/69
f 123/70/70 83/71/71 81/72/72 124/73/73
f 24/74/74 10/75/75 83/71/71 123/70/70
f 137/76/76 136/77/77 75/61/61 76/60/60
f 85/78/78 147/79/79 148/80/80 80/81/81
f 86/82/82 87/83/83 84/84/84 82/85/85
f 84/84/84 87/83/83 12/86/86 11/87/87
f 138/88/88 137/76/76 76/60/60 77/62/62
f 88/89/89 146/90/90 147/79/79 85/78/78
f 89/91/91 90/92/92 87/83/83 86/82/82
f 87/83/83 90/92/92 13/93/93 12/86/86
f 139/94/94 138/88/88 77/62/62 78/63/63
f 91/95/95 145/96/96 146/90/90 88/89/89
f 92/97/97 93/98/98 90/92/92 89/91/91
f 90/92/92 93/98/98 14/99/99 13/93/93
f 72/55/55 95/100/100 94/101/101 59/56/56
f 41/16/16 58/47/47 96/33/33 97/12/12
f 98/11/11 42/13/13 41/16/16 97/12/12
f 96/33/33 100/102/102 99/103/103 57/34/34
f 99/103/103 16/104/104 15/105/105 57/34/34
f 96/33/33 58/47/47 59/56/56 100/102/102
f 59/56/56 94/101/101 101/106/106 100/102/102
f 101/106/106 102/107/107 99/103/103 100/102/102
f 102/107/107 17/108/108 16/104/104 99/103/103
f 95/100/109 104/109/109 103/110/110 94/101/111
f 94/101/111 103/110/110 105/111/112 101/106/113
f 101/106/113 105/111/112 106/112/114 102/107/115
f 102/107/115 106/112/114 18/113/116 17/108/116
f 106/112/117 105/111/118 109/114/119 110/115/120
f 19/116/121 18/113/121 106/112/117 110/115/120
f 108/117/122 107/118/123 103/110/124 104/109/122
f 103/110/124 107/118/123 109/114/119 105/111/118
f 110/119/125 109/120/126 113/121/127 114/122/128
f 20/123/129 19/124/129 110/119/125 114/122/128
f 112/125/130 111/126/131 107/127/132 108/128/133
f 107/127/132 111/126/131 113/121/127 109/120/126
f 73/129/134 115/130/135 95/131/136 72/132/137
f 112/125/130 108/128/133 104/133/138 116/134/139
f 117/135/140 116/134/139 104/133/138 95/131/136
f 118/136/141 117/135/140 95/131/136 115/130/135
f 73/129/134 74/137/142 119/138/143 115/130/135
f 35/139/144 121/140/145 120/141/146 38/142/147
f 38/142/147 120/141/146 21/143/148 4/144/148
f 57/145/149 122/146/150 121/140/145 35/139/144
f 15/147/151 22/148/151 122/146/150 57/145/149
f 144/43/43 145/96/96 91/95/95 64/44/44
f 92/97/97 145/96/96 144/43/43 93/98/98
f 120/141/152 121/140/153 23/149/154 21/143/155
f 121/140/153 122/146/156 22/148/157 23/149/154
f 84/84/84 11/87/87 24/74/74 123/70/70
f 84/84/84 123/70/70 124/73/73 82/85/85
f 80/81/81 148/80/80 149/67/67 125/66/66
f 136/77/77 135/64/64 126/59/59 75/61/61
f 127/50/50 68/52/52 75/61/61 126/59/59
f 47/26/26 68/52/52 127/50/50 128/21/21
f 129/20/20 48/23/23 47/26/26 128/21/21
f 79/150/158 150/151/159 151/152/160 130/153/161
f 131/154/162 151/152/160 150/151/159 81/155/163
f 132/156/164 131/154/162 81/155/163 83/157/165
f 10/158/166 25/159/167 132/156/164 83/157/165
f 139/94/94 78/63/63 63/39/39 140/41/41
f 119/138/143 74/137/142 134/160/168 133/161/169
f 119/138/143 133/161/169 118/136/141 115/130/135
f 130/153/161 133/161/169 134/160/168 79/150/158
f 79/69/69 134/65/65 135/64/64 125/66/66
f 125/66/66 135/64/64 136/77/77 80/81/81
f 80/81/81 136/77/77 137/76/76 85/78/78
f 85/78/78 137/76/76 138/88/88 88/89/89
f 88/89/89 138/88/88 139/94/94 91/95/95
f 64/44/44 91/95/95 139/94/94 140/41/41
f 64/44/44 140/41/41 26/40/40 9/45/45
f 141/162/170 118/136/141 133/161/169 130/153/161
f 130/153/161 151/152/160 143/163/171 141/162/170
f 131/154/162 142/164/172 143/163/171 151/152/160
f 124/73/73 81/72/72 150/68/68 149/67/67
f 82/85/85 124/73/73 149/67/67 148/80/80
f 86/82/82 82/85/85 148/80/80 147/79/79
f 89/91/91 86/82/82 147/79/79 146/90/90
f 92/97/97 89/91/91 146/90/90 145/96/96
f 14/99/99 93/98/98 144/43/43 27/42/42
f 132/156/164 152/165/173 142/164/172 131/154/162
f 132/156/164 25/159/167 28/166/174 152/165/173
f 112/125/175 153/167/176 111/126/177
f 111/126/177 153/167/176 154/168/178 113/121/179
f 113/121/179 154/168/178 114/122/180
f 114/122/180 154/168/178 29/169/181 20/123/182
f 155/170/183 153/167/176 112/125/175 116/134/184
f 157/171/185 158/172/186 60/173/187 56/174/188
f 54/175/189 159/176/190 157/171/185 56/174/188
f 60/173/187 158/172/186 160/177/191 40/178/192
f 162/179/193 161/180/194 37/181/195 39/182/196
f 160/177/191 162/179/193 39/182/196 40/178/192
f 50/183/197 163/184/198 164/185/199 46/186/200
f 37/181/195 161/180/194 165/187/201 36/188/202
f 36/188/202 165/187/201 166/189/203 98/190/204
f 42/191/205 167/192/206 168/193/207 44/194/208
f 44/194/208 168/193/207 163/184/198 50/183/197
f 98/190/204 166/189/203 167/192/206 42/191/205
f 48/195/209 169/196/210 170/197/211 52/198/212
f 52/198/212 170/197/211 159/176/190 54/175/189
f 46/186/200 164/185/199 171/199/213 129/200/214
f 129/200/214 171/199/213 169/196/210 48/195/209
f 167/192/215 172/201/216 168/193/217
f 166/189/218 173/202/219 172/201/216 167/192/215
f 165/187/220 173/202/219 166/189/218
f 168/193/217 172/201/216 174/203/221 163/184/222
f 161/180/223 175/204/224 173/202/219 165/187/220
f 163/184/222 174/203/221 164/185/225
f 164/185/225 174/203/221 176/205/226 171/199/227
f 171/199/227 176/205/226 169/196/228
f 169/196/228 176/205/226 177/206/229 170/197/230
f 170/197/230 177/206/229 159/176/231
f 159/176/231 177/206/229 178/207/232 157/171/233
f 178/207/232 179/208/234 158/172/235 157/171/233
f 158/172/235 179/208/234 160/177/236
f 175/204/224 162/179/237 160/177/236 179/208/234
f 175/204/224 161/180/223 162/179/237
f 178/207/232 174/203/221 172/201/216 179/208/234
f 178/207/232 177/206/229 176/205/226 174/203/221
f 175/204/224 179/208/234 172/201/216 173/202/219
f 154/168/178 180/209/238 30/210/239 29/169/181
f 153/167/176 155/170/183 180/209/238 154/168/178
f 187/211/240 181/212/241 31/213/242 32/214/243
f 186/215/244 156/216/245 181/212/241 187/211/240
f 28/166/174 1/217/246 184/218/247 152/165/173
f 152/165/173 184/218/247 183/219/248 142/164/172
f 143/163/171 142/164/172 183/219/248 182/220/249
f 182/220/249 185/221/250 141/162/170 143/163/171
f 183/219/248 33/222/251 34/223/251 182/220/249
f 184/218/247 1/217/246 33/222/251 183/219/248
f 182/220/249 34/223/251 2/224/251 185/221/250
f 155/170/183 186/215/244 187/211/240 180/209/238
f 180/209/238 187/211/240 32/214/243 30/210/239
f 117/135/252 186/215/244 155/170/183 116/134/184
f 186/215/244 117/135/252 118/136/141 156/216/245
f 185/221/250 156/216/245 118/136/141 141/162/170
f 156/216/245 185/221/250 181/212/241
f 188/36/36 61/32/32 6/9/9
f 189/225/253 190/226/254 191/227/255 192/228/256
f 192/228/256 191/227/255 3/6/6 4/5/5
f 193/229/257 5/8/8 3/6/6 191/227/255
f 6/9/9 5/8/8 193/229/257 194/230/258
f 190/226/254 189/225/253 251/231/259 252/232/260
f 196/233/261 195/234/262 197/235/263 198/236/264
f 198/236/264 197/235/263 203/237/265 204/238/266
f 200/239/267 199/240/268 282/241/269 283/242/270
f 204/238/266 203/237/265 199/240/268 200/239/267
f 202/243/271 201/244/272 205/245/273 206/246/274
f 206/246/274 205/245/273 207/247/275 208/248/276
f 208/248/276 207/247/275 209/249/277 210/250/278
f 210/250/278 209/249/277 215/251/279 214/252/280
f 250/253/281 251/231/259 189/225/253 211/254/282
f 6/9/9 194/230/258 214/252/280 215/251/279
f 216/255/283 7/37/37 188/36/36 215/251/279
f 7/37/37 216/255/283 217/256/284 8/38/38
f 8/38/38 217/256/284 294/257/285 26/40/40
f 27/42/42 9/45/45 218/258/286 298/259/287
f 195/234/262 212/260/288 219/261/289 197/235/263
f 203/237/265 197/235/263 219/261/289 220/262/290
f 199/240/268 203/237/265 220/262/290 221/263/291
f 281/264/292 282/241/269 199/240/268 221/263/291
f 205/245/273 201/244/272 222/265/293 223/266/294
f 205/245/273 223/266/294 224/267/295 207/247/275
f 207/247/275 224/267/295 225/268/296 209/249/277
f 216/255/283 215/251/279 209/249/277 225/268/296
f 212/260/288 213/269/297 226/270/298 219/261/289
f 219/261/289 226/270/298 227/271/299 220/262/290
f 220/262/290 227/271/299 228/272/300 221/263/291
f 221/263/291 228/272/300 280/273/301 281/264/292
f 222/265/293 229/274/302 230/275/303 223/266/294
f 223/266/294 230/275/303 231/276/304 224/267/295
f 224/267/295 231/276/304 232/277/305 225/268/296
f 217/256/284 216/255/283 225/268/296 232/277/305
f 289/278/306 280/273/301 228/272/300 288/279/307
f 279/280/308 233/281/309 304/282/310 303/283/311
f 277/284/312 278/285/313 235/286/314 237/287/315
f 24/74/74 277/284/312 237/287/315 10/75/75
f 291/288/316 230/275/303 229/274/302 290/289/317
f 239/290/318 234/291/319 302/292/320 301/293/321
f 240/294/322 236/295/323 238/296/324 241/297/325
f 238/296/324 11/87/87 12/86/86 241/297/325
f 292/298/326 231/276/304 230/275/303 291/288/316
f 242/299/327 239/290/318 301/293/321 300/300/328
f 243/301/329 240/294/322 241/297/325 244/302/330
f 241/297/325 12/86/86 13/93/93 244/302/330
f 293/303/331 232/277/305 231/276/304 292/298/326
f 245/304/332 242/299/327 300/300/328 299/305/333
f 246/306/334 243/301/329 244/302/330 247/307/335
f 244/302/330 13/93/93 14/99/99 247/307/335
f 226/270/298 213/269/297 248/308/336 249/309/337
f 195/234/262 251/231/259 250/253/281 212/260/288
f 252/232/260 251/231/259 195/234/262 196/233/261
f 250/253/281 211/254/282 253/310/338 254/311/339
f 253/310/338 211/254/282 15/105/105 16/104/104
f 250/253/281 254/311/339 213/269/297 212/260/288
f 213/269/297 254/311/339 255/312/340 248/308/336
f 255/312/340 254/311/339 253/310/338 256/313/341
f 256/313/341 253/310/338 16/104/104 17/108/108
f 249/309/342 248/308/343 257/314/344 258/315/342
f 248/308/343 255/312/345 259/316/346 257/314/344
f 255/312/345 256/313/347 260/317/348 259/316/346
f 256/313/347 17/108/116 18/113/116 260/317/348
f 260/317/349 264/318/350 263/319/351 259/316/352
f 19/116/121 264/318/350 260/317/349 18/113/121
f 262/320/353 258/315/353 257/314/354 261/321/355
f 257/314/354 259/316/352 263/319/351 261/321/355
f 264/322/356 268/323/357 267/324/358 263/325/359
f 20/123/129 268/323/357 264/322/356 19/124/129
f 266/326/360 262/327/361 261/328/362 265/329/363
f 261/328/362 263/325/359 267/324/358 265/329/363
f 227/330/364 226/331/365 249/332/366 269/333/367
f 266/326/360 270/334/368 258/335/369 262/327/361
f 271/336/370 249/332/366 258/335/369 270/334/368
f 272/337/371 269/333/367 249/332/366 271/336/370
f 227/330/364 269/333/367 273/338/372 228/339/373
f 189/340/374 192/341/375 274/342/376 275/343/377
f 192/341/375 4/144/148 21/143/148 274/342/376
f 211/344/378 189/340/374 275/343/377 276/345/379
f 15/147/151 211/344/378 276/345/379 22/148/151
f 298/259/287 218/258/286 245/304/332 299/305/333
f 246/306/334 247/307/335 298/259/287 299/305/333
f 274/342/380 21/143/155 23/149/154 275/343/381
f 275/343/381 23/149/154 22/148/157 276/345/382
f 238/296/324 277/284/312 24/74/74 11/87/87
f 238/296/324 236/295/323 278/285/313 277/284/312
f 234/291/319 279/280/308 303/283/311 302/292/320
f 290/289/317 229/274/302 280/273/301 289/278/306
f 281/264/292 280/273/301 229/274/302 222/265/293
f 201/244/272 282/241/269 281/264/292 222/265/293
f 283/242/270 282/241/269 201/244/272 202/243/271
f 233/346/383 284/347/384 305/348/385 304/349/386
f 285/350/387 235/351/388 304/349/386 305/348/385
f 286/352/389 237/353/390 235/351/388 285/350/387
f 10/158/166 237/353/390 286/352/389 25/159/167
f 293/303/331 294/257/285 217/256/284 232/277/305
f 273/338/372 287/354/391 288/355/392 228/339/373
f 273/338/372 269/333/367 272/337/371 287/354/391
f 284/347/384 233/346/383 288/355/392 287/354/391
f 233/281/309 279/280/308 289/278/306 288/279/307
f 279/280/308 234/291/319 290/289/317 289/278/306
f 234/291/319 239/290/318 291/288/316 290/289/317
f 239/290/318 242/299/327 292/298/326 291/288/316
f 242/299/327 245/304/332 293/303/331 292/298/326
f 218/258/286 294/257/285 293/303/331 245/304/332
f 218/258/286 9/45/45 26/40/40 294/257/285
f 295/356/393 284/347/384 287/354/391 272/337/371
f 284/347/384 295/356/393 297/357/394 305/348/385
f 285/350/387 305/348/385 297/357/394 296/358/395
f 278/285/313 303/283/311 304/282/310 235/286/314
f 236/295/323 302/292/320 303/283/311 278/285/313
f 240/294/322 301/293/321 302/292/320 236/295/323
f 243/301/329 300/300/328 301/293/321 240/294/322
f 246/306/334 299/305/333 300/300/328 243/301/329
f 14/99/99 27/42/42 298/259/287 247/307/335
f 286/352/389 285/350/387 296/358/395 306/359/396
f 286/352/389 306/359/396 28/166/174 25/159/167
f 266/326/397 265/329/398 307/360/399
f 265/329/398 267/324/400 308/361/401 307/360/399
f 267/324/400 268/323/402 308/361/401
f 268/323/402 20/123/182 29/169/181 308/361/401
f 309/362/403 270/334/404 266/326/397 307/360/399
f 311/363/405 210/364/406 214/365/407 312/366/408
f 208/367/409 210/364/406 311/363/405 313/368/410
f 214/365/407 194/369/411 314/370/412 312/366/408
f 316/371/413 193/372/414 191/373/415 315/374/416
f 314/370/412 194/369/411 193/372/414 316/371/413
f 204/375/417 200/376/418 318/377/419 317/378/420
f 191/373/415 190/379/421 319/380/422 315/374/416
f 190/379/421 252/381/423 320/382/424 319/380/422
f 196/383/425 198/384/426 322/385/427 321/386/428
f 198/384/426 204/375/417 317/378/420 322/385/427
f 252/381/423 196/383/425 321/386/428 320/382/424
f 202/387/429 206/388/430 324/389/431 323/390/432
f 206/388/430 208/367/409 313/368/410 324/389/431
f 200/376/418 283/391/433 325/392/434 318/377/419
f 283/391/433 202/387/429 323/390/432 325/392/434
f 321/386/435 322/385/436 326/393/437
f 320/382/438 321/386/435 326/393/437 327/394/439
f 319/380/440 320/382/438 327/394/439
f 322/385/436 317/378/441 328/395/442 326/393/437
f 315/374/443 319/380/440 327/394/439 329/396/444
f 317/378/441 318/377/445 328/395/442
f 318/377/445 325/392/446 330/397/447 328/395/442
f 325/392/446 323/390/448 330/397/447
f 323/390/448 324/389/449 331/398/450 330/397/447
f 324/389/449 313/368/451 331/398/450
f 313/368/451 311/363/452 332/399/453 331/398/450
f 332/399/453 311/363/452 312/366/454 333/400/455
f 312/366/454 314/370/456 333/400/455
f 329/396/444 333/400/455 314/370/456 316/371/457
f 329/396/444 316/371/457 315/374/443
f 332/399/453 333/400/455 326/393/437 328/395/442
f 332/399/453 328/395/442 330/397/447 331/398/450
f 329/396/444 327/394/439 326/393/437 333/400/455
f 308/361/401 29/169/181 30/210/239 334/401/458
f 307/360/399 308/361/401 334/401/458 309/362/403
f 341/402/459 32/214/243 31/213/242 335/403/460
f 340/404/461 341/402/459 335/403/460 310/405/462
f 28/166/174 306/359/396 338/406/463 1/217/246
f 306/359/396 296/358/395 337/407/464 338/406/463
f 297/357/394 336/408/465 337/407/464 296/358/395
f 336/408/465 297/357/394 295/356/393 339/409/466
f 337/407/464 336/408/465 34/223/251 33/222/251
f 338/406/463 337/407/464 33/222/251 1/217/246
f 336/408/465 339/409/466 2/224/251 34/223/251
f 309/362/403 334/401/458 341/402/459 340/404/461
f 334/401/458 30/210/239 32/214/243 341/402/459
f 271/336/467 270/334/404 309/362/403 340/404/461
f 340/404/461 310/405/462 272/337/371 271/336/467
f 339/409/466 295/356/393 272/337/371 310/405/462
f 310/405/462 335/403/460 339/409/466
f 188/36/36 6/9/9 215/251/279
f 31/213/242 181/212/241 185/221/250 2/224/251
f 335/403/460 31/213/242 2/224/251 339/409/466
f 352/410/468 353/411/468 349/412/468 347/413/468
f 349/412/468 353/411/468 350/414/468 342/415/468
f 350/414/468 353/411/468 351/416/468 345/417/468
f 351/416/468 353/411/468 352/410/468 348/418/468
f 351/416/468 357/419/468 354/420/468 345/417/468
f 354/420/468 357/419/468 355/421/468 343/422/468
f 355/421/468 357/419/468 356/423/468 346/424/468
f 356/423/468 357/419/468 351/416/468 348/418/468
f 356/423/468 360/425/468 358/426/468 346/424/468
f 358/426/468 360/425/468 359/427/468 344/428/468
f 359/427/468 360/425/468 352/410/468 347/413/468
f 352/410/468 360/425/468 356/423/468 348/418/468
f 371/429/468 366/430/468 368/431/468 372/432/468
f 368/431/468 361/433/468 369/434/468 372/432/468
f 369/434/468 364/435/468 370/436/468 372/432/468
f 370/436/468 367/437/468 371/429/468 372/432/468
f 370/436/468 364/435/468 373/438/468 376/439/468
f 373/438/468 362/440/468 374/441/468 376/439/468
f 374/441/468 365/442/468 375/443/468 376/439/468
f 375/443/468 367/437/468 370/436/468 376/439/468
f 375/443/468 365/442/468 377/444/468 379/445/468
f 377/444/468 363/446/468 378/447/468 379/445/468
f 378/447/468 366/430/468 371/429/468 379/445/468
f 371/429/468 367/437/468 375/443/468 379/445/468
f 407/448/469 399/449/470 398/450/471 406/451/472
f 408/452/473 494/453/474 391/454/475 380/455/476
f 410/456/477 411/457/478 383/458/479 382/459/480
f 412/460/481 384/461/482 400/462/483 493/463/484
f 412/460/481 408/452/473 380/455/476 384/461/482
f 410/456/477 382/459/480 392/464/485 514/465/486
f 383/458/479 411/457/478 414/466/487 385/467/488
f 415/468/489 406/451/489 398/450/490 386/469/490
f 413/470/491 409/471/491 417/472/491 416/473/491
f 418/474/492 419/475/493 411/457/494 410/456/492
f 411/457/494 419/475/493 420/476/495 414/466/496
f 414/466/487 387/477/497 385/467/488
f 386/469/498 388/478/499 421/479/500 415/468/501
f 420/476/495 389/480/502 387/477/502 414/466/496
f 423/481/503 422/482/503 408/452/503 412/460/503
f 406/451/504 415/468/504 421/483/504 407/448/504
f 492/484/505 454/485/506 412/486/507 493/487/508
f 490/488/509 456/489/510 424/490/511 491/491/512
f 488/492/513 458/493/514 426/494/515 489/495/516
f 486/496/517 430/497/518 428/498/519 487/499/520
f 485/500/521 432/501/522 430/497/518 486/496/517
f 460/502/523 434/503/524 496/504/525 495/505/526
f 462/506/527 436/507/528 498/508/529 497/509/530
f 464/510/531 438/511/532 500/512/533 499/513/534
f 466/514/535 440/515/536 502/516/537 501/517/538
f 440/515/536 442/518/539 503/519/540 502/516/537
f 513/520/541 468/521/542 410/522/543 514/523/544
f 591/524/545 444/525/546 512/526/547 592/527/548
f 509/528/549 472/529/550 446/530/551 510/531/552
f 507/532/553 474/533/554 448/534/555 508/535/556
f 505/536/557 476/537/558 450/538/559 506/539/560
f 491/491/512 424/490/511 454/485/506 492/484/505
f 489/495/516 426/494/515 456/489/510 490/488/509
f 487/499/520 428/498/519 458/493/514 488/492/513
f 408/540/561 460/502/523 495/505/526 494/541/562
f 434/503/524 462/506/527 497/509/530 496/504/525
f 436/507/528 464/510/531 499/513/534 498/508/529
f 438/511/532 466/514/535 501/517/538 500/512/533
f 512/526/547 444/525/546 468/521/542 513/520/541
f 510/531/552 446/530/551 470/542/563 511/543/564
f 508/535/556 448/534/555 472/529/550 509/528/549
f 506/539/560 450/538/559 474/533/554 507/532/553
f 504/544/565 452/545/566 476/537/558 505/536/557
f 388/478/499 393/546/567 531/547/568 421/479/500
f 421/548/569 478/549/570 455/550/571 407/551/572
f 478/549/570 479/552/573 425/553/574 455/550/571
f 479/552/573 480/554/575 457/555/576 425/553/574
f 480/554/575 481/556/577 427/557/578 457/555/576
f 481/556/577 482/558/579 459/559/580 427/557/578
f 482/558/579 483/560/581 429/561/582 459/559/580
f 483/560/581 484/562/583 431/563/584 429/561/582
f 431/563/584 433/564/585 485/500/521 486/496/517
f 429/561/582 431/563/584 486/496/517 487/499/520
f 459/559/580 429/561/582 487/499/520 488/492/513
f 427/557/578 459/559/580 488/492/513 489/495/516
f 457/555/576 427/557/578 489/495/516 490/488/509
f 425/553/574 457/555/576 490/488/509 491/491/512
f 455/550/571 425/553/574 491/491/512 492/484/505
f 407/551/572 455/550/571 492/484/505 493/487/508
f 494/453/474 409/471/586 381/565/587 391/454/475
f 495/505/526 461/566/588 409/567/589 494/541/562
f 496/504/525 435/568/590 461/566/588 495/505/526
f 497/509/530 463/569/591 435/568/590 496/504/525
f 498/508/529 437/570/592 463/569/591 497/509/530
f 499/513/534 465/571/593 437/570/592 498/508/529
f 500/512/533 439/572/594 465/571/593 499/513/534
f 501/517/538 467/573/595 439/572/594 500/512/533
f 502/516/537 441/574/596 467/573/595 501/517/538
f 503/519/540 443/575/597 441/574/596 502/516/537
f 477/576/598 453/577/599 504/544/565 505/536/557
f 451/578/600 477/576/598 505/536/557 506/539/560
f 475/579/601 451/578/600 506/539/560 507/532/553
f 449/580/602 475/579/601 507/532/553 508/535/556
f 473/581/603 449/580/602 508/535/556 509/528/549
f 447/582/604 473/581/603 509/528/549 510/531/552
f 471/583/605 447/582/604 510/531/552 511/543/564
f 445/584/606 593/585/607 592/527/548 512/526/547
f 469/586/608 445/584/606 512/526/547 513/520/541
f 413/587/609 469/586/608 513/520/541 514/523/544
f 421/548/569 531/588/610 530/589/611 478/549/570
f 478/549/570 530/589/611 529/590/612 479/552/573
f 479/552/573 529/590/612 528/591/613 480/554/575
f 480/554/575 528/591/613 527/592/614 481/556/577
f 481/556/577 527/592/614 526/593/615 482/558/579
f 482/558/579 526/593/615 525/594/616 483/560/581
f 483/560/581 525/594/616 524/595/617 484/562/583
f 423/596/618 412/486/507 454/485/506 515/597/619
f 454/485/506 424/490/511 516/598/620 515/597/619
f 424/490/511 456/489/510 517/599/621 516/598/620
f 456/489/510 426/494/515 518/600/622 517/599/621
f 426/494/515 458/493/514 519/601/623 518/600/622
f 458/493/514 428/498/519 520/602/624 519/601/623
f 428/498/519 430/497/518 521/603/625 520/602/624
f 430/497/518 432/501/522 522/604/626 521/603/625
f 525/594/616 520/605/627 521/606/628 524/595/617
f 526/593/615 519/607/629 520/605/627 525/594/616
f 527/592/614 518/608/630 519/607/629 526/593/615
f 528/591/613 517/609/631 518/608/630 527/592/614
f 529/590/612 516/610/632 517/609/631 528/591/613
f 530/589/611 515/611/633 516/610/632 529/590/612
f 531/588/610 423/612/634 515/611/633 530/589/611
f 393/546/567 390/613/635 423/614/636 531/547/568
f 431/563/584 484/562/583 523/615/637 433/564/585
f 419/616/638 402/617/639 403/618/640 420/619/641
f 420/619/641 403/618/640 389/620/642
f 416/621/643 417/622/644 395/623/645 394/624/646
f 396/625/647 422/626/648 423/614/636 390/613/635
f 381/565/587 409/471/586 413/470/649 404/627/650
f 413/470/649 514/465/486 392/464/485 404/627/650
f 422/628/651 532/629/652 460/502/523 408/540/561
f 532/629/652 533/630/653 434/503/524 460/502/523
f 533/630/653 534/631/654 462/506/527 434/503/524
f 534/631/654 535/632/655 436/507/528 462/506/527
f 535/632/655 536/633/656 464/510/531 436/507/528
f 536/633/656 537/634/657 438/511/532 464/510/531
f 537/634/657 538/635/658 466/514/535 438/511/532
f 538/635/658 539/636/659 440/515/536 466/514/535
f 539/636/659 540/637/660 442/518/539 440/515/536
f 396/625/647 397/638/661 559/639/662 422/626/648
f 558/640/663 532/629/652 422/628/651 559/641/664
f 557/642/665 533/630/653 532/629/652 558/640/663
f 556/643/666 534/631/654 533/630/653 557/642/665
f 555/644/667 535/632/655 534/631/654 556/643/666
f 554/645/668 536/633/656 535/632/655 555/644/667
f 553/646/669 537/634/657 536/633/656 554/645/668
f 552/647/670 538/635/658 537/634/657 553/646/669
f 551/648/671 539/636/659 538/635/658 552/647/670
f 550/649/672 540/637/660 539/636/659 551/648/671
f 461/566/588 541/650/673 417/651/674 409/567/589
f 461/566/588 435/568/590 542/652/675 541/650/673
f 435/568/590 463/569/591 543/653/676 542/652/675
f 463/569/591 437/570/592 544/654/677 543/653/676
f 437/570/592 465/571/593 545/655/678 544/654/677
f 465/571/593 439/572/594 546/656/679 545/655/678
f 546/656/679 439/572/594 467/573/595 547/657/680
f 547/657/680 467/573/595 441/574/596 548/658/681
f 443/575/597 549/659/682 548/658/681 441/574/596
f 548/660/683 549/661/684 550/649/672 551/648/671
f 547/662/685 548/660/683 551/648/671 552/647/670
f 546/663/686 547/662/685 552/647/670 553/646/669
f 545/664/687 546/663/686 553/646/669 554/645/668
f 544/665/688 545/664/687 554/645/668 555/644/667
f 543/666/689 544/665/688 555/644/667 556/643/666
f 542/667/690 543/666/689 556/643/666 557/642/665
f 541/668/691 542/667/690 557/642/665 558/640/663
f 417/669/692 541/668/691 558/640/663 559/641/664
f 397/638/661 395/623/645 417/622/644 559/639/662
f 416/670/693 560/671/694 469/586/608 413/587/609
f 560/671/694 561/672/695 445/584/606 469/586/608
f 561/672/695 594/673/696 593/585/607 445/584/606
f 562/674/697 563/675/698 447/582/604 471/583/605
f 563/675/698 564/676/699 473/581/603 447/582/604
f 564/676/699 565/677/700 449/580/602 473/581/603
f 565/677/700 566/678/701 475/579/601 449/580/602
f 566/678/701 567/679/702 451/578/600 475/579/601
f 567/679/702 568/680/703 477/576/598 451/578/600
f 568/680/703 569/681/704 453/577/599 477/576/598
f 410/522/543 468/521/542 570/682/705 418/683/706
f 468/521/542 444/525/546 571/684/707 570/682/705
f 444/525/546 591/524/545 596/685/708 571/684/707
f 470/542/563 446/530/551 573/686/709 572/687/710
f 446/530/551 472/529/550 574/688/711 573/686/709
f 472/529/550 448/534/555 575/689/712 574/688/711
f 448/534/555 474/533/554 576/690/713 575/689/712
f 474/533/554 450/538/559 577/691/714 576/690/713
f 450/538/559 476/537/558 578/692/715 577/691/714
f 476/537/558 452/545/566 579/693/716 578/692/715
f 416/670/693 590/694/717 589/695/718 560/671/694
f 560/671/694 589/695/718 588/696/719 561/672/695
f 561/672/695 588/696/719 595/697/720 594/673/696
f 562/674/697 587/698/721 586/699/722 563/675/698
f 563/675/698 586/699/722 585/700/723 564/676/699
f 564/676/699 585/700/723 584/701/724 565/677/700
f 565/677/700 584/701/724 583/702/725 566/678/701
f 566/678/701 583/702/725 582/703/726 567/679/702
f 567/679/702 582/703/726 581/704/727 568/680/703
f 568/680/703 581/704/727 580/705/728 569/681/704
f 581/704/727 578/706/729 579/707/730 580/705/728
f 582/703/726 577/708/731 578/706/729 581/704/727
f 583/702/725 576/709/732 577/708/731 582/703/726
f 584/701/724 575/710/733 576/709/732 583/702/725
f 585/700/723 574/711/734 575/710/733 584/701/724
f 586/699/722 573/712/735 574/711/734 585/700/723
f 587/698/721 572/713/736 573/712/735 586/699/722
f 588/696/719 571/714/737 596/715/738 595/697/720
f 589/695/718 570/716/739 571/714/737 588/696/719
f 590/694/717 418/717/740 570/716/739 589/695/718
f 511/543/564 470/542/563 591/524/545 592/527/548
f 593/585/607 471/583/605 511/543/564 592/527/548
f 594/673/696 562/674/697 471/583/605 593/585/607
f 595/697/720 587/698/721 562/674/697 594/673/696
f 596/715/738 572/713/736 587/698/721 595/697/720
f 591/524/545 470/542/563 572/687/710 596/685/708
f 453/577/599 569/681/704 580/718/741 504/544/565
f 452/545/566 504/544/565 580/718/741 579/719/742
f 550/720/743 503/519/540 442/518/539 540/637/660
f 443/575/597 503/519/540 550/720/743 549/721/744
f 524/595/617 597/722/745 523/615/637 484/562/583
f 521/606/628 522/723/746 597/722/745 524/595/617
f 597/724/747 485/500/521 433/564/585 523/615/637
f 597/724/747 522/604/626 432/501/522 485/500/521
f 399/449/470 407/448/469 493/463/484 400/462/483
f 402/617/639 419/616/638 418/725/748 401/726/749
f 405/727/750 590/728/751 416/621/643 394/624/646
f 401/726/749 418/725/748 590/728/751 405/727/750
f 599/729/752 598/730/753 398/450/471 399/449/470
f 600/731/754 380/455/476 391/454/475 686/732/755
f 602/733/756 382/459/480 383/458/479 603/734/757
f 604/735/758 685/736/759 400/462/483 384/461/482
f 604/735/758 384/461/482 380/455/476 600/731/754
f 602/733/756 706/737/760 392/464/485 382/459/480
f 383/458/479 385/467/488 606/738/761 603/734/757
f 607/739/762 386/469/490 398/450/490 598/730/762
f 605/740/763 608/741/763 609/742/763 601/743/763
f 610/744/764 602/733/764 603/734/765 611/745/766
f 603/734/765 606/738/767 612/746/768 611/745/766
f 606/738/761 385/467/488 387/477/497
f 386/469/498 607/739/769 613/747/770 388/478/499
f 612/746/768 606/738/767 387/477/771 389/480/771
f 615/748/772 604/735/772 600/731/772 614/749/772
f 598/730/773 599/729/773 613/750/773 607/739/773
f 684/751/774 685/752/775 604/753/776 646/754/777
f 682/755/778 683/756/779 616/757/780 648/758/781
f 680/759/782 681/760/783 618/761/784 650/762/785
f 678/763/786 679/764/787 620/765/788 622/766/789
f 677/767/790 678/763/786 622/766/789 624/768/791
f 652/769/792 687/770/793 688/771/794 626/772/795
f 654/773/796 689/774/797 690/775/798 628/776/799
f 656/777/800 691/778/801 692/779/802 630/780/803
f 658/781/804 693/782/805 694/783/806 632/784/807
f 632/784/807 694/783/806 695/785/808 634/786/809
f 705/787/810 706/788/811 602/789/812 660/790/813
f 783/791/814 784/792/815 704/793/816 636/794/817
f 701/795/818 702/796/819 638/797/820 664/798/821
f 699/799/822 700/800/823 640/801/824 666/802/825
f 697/803/826 698/804/827 642/805/828 668/806/829
f 683/756/779 684/751/774 646/754/777 616/757/780
f 681/760/783 682/755/778 648/758/781 618/761/784
f 679/764/787 680/759/782 650/762/785 620/765/788
f 600/807/830 686/808/831 687/770/793 652/769/792
f 626/772/795 688/771/794 689/774/797 654/773/796
f 628/776/799 690/775/798 691/778/801 656/777/800
f 630/780/803 692/779/802 693/782/805 658/781/804
f 704/793/816 705/787/810 660/790/813 636/794/817
f 702/796/819 703/809/832 662/810/833 638/797/820
f 700/800/823 701/795/818 664/798/821 640/801/824
f 698/804/827 699/799/822 666/802/825 642/805/828
f 696/811/834 697/803/826 668/806/829 644/812/835
f 388/478/499 613/747/770 723/813/836 393/546/567
f 613/814/837 599/815/838 647/816/839 670/817/840
f 670/817/840 647/816/839 617/818/841 671/819/842
f 671/819/842 617/818/841 649/820/843 672/821/844
f 672/821/844 649/820/843 619/822/845 673/823/846
f 673/823/846 619/822/845 651/824/847 674/825/848
f 674/825/848 651/824/847 621/826/849 675/827/850
f 675/827/850 621/826/849 623/828/851 676/829/852
f 623/828/851 678/763/786 677/767/790 625/830/853
f 621/826/849 679/764/787 678/763/786 623/828/851
f 651/824/847 680/759/782 679/764/787 621/826/849
f 619/822/845 681/760/783 680/759/782 651/824/847
f 649/820/843 682/755/778 681/760/783 619/822/845
f 617/818/841 683/756/779 682/755/778 649/820/843
f 647/816/839 684/751/774 683/756/779 617/818/841
f 599/815/838 685/752/775 684/751/774 647/816/839
f 686/732/755 391/454/475 381/565/587 601/743/854
f 687/770/793 686/808/831 601/831/855 653/832/856
f 688/771/794 687/770/793 653/832/856 627/833/857
f 689/774/797 688/771/794 627/833/857 655/834/858
f 690/775/798 689/774/797 655/834/858 629/835/859
f 691/778/801 690/775/798 629/835/859 657/836/860
f 692/779/802 691/778/801 657/836/860 631/837/861
f 693/782/805 692/779/802 631/837/861 659/838/862
f 694/783/806 693/782/805 659/838/862 633/839/863
f 695/785/808 694/783/806 633/839/863 635/840/864
f 669/841/865 697/803/826 696/811/834 645/842/866
f 643/843/867 698/804/827 697/803/826 669/841/865
f 667/844/868 699/799/822 698/804/827 643/843/867
f 641/845/869 700/800/823 699/799/822 667/844/868
f 665/846/870 701/795/818 700/800/823 641/845/869
f 639/847/871 702/796/819 701/795/818 665/846/870
f 663/848/872 703/809/832 702/796/819 639/847/871
f 637/849/873 704/793/816 784/792/815 785/850/874
f 661/851/875 705/787/810 704/793/816 637/849/873
f 605/852/876 706/788/811 705/787/810 661/851/875
f 613/814/837 670/817/840 722/853/877 723/854/878
f 670/817/840 671/819/842 721/855/879 722/853/877
f 671/819/842 672/821/844 720/856/880 721/855/879
f 672/821/844 673/823/846 719/857/881 720/856/880
f 673/823/846 674/825/848 718/858/882 719/857/881
f 674/825/848 675/827/850 717/859/883 718/858/882
f 675/827/850 676/829/852 716/860/884 717/859/883
f 615/861/885 707/862/886 646/754/777 604/753/776
f 646/754/777 707/862/886 708/863/887 616/757/780
f 616/757/780 708/863/887 709/864/888 648/758/781
f 648/758/781 709/864/888 710/865/889 618/761/784
f 618/761/784 710/865/889 711/866/890 650/762/785
f 650/762/785 711/866/890 712/867/891 620/765/788
f 620/765/788 712/867/891 713/868/892 622/766/789
f 622/766/789 713/868/892 714/869/893 624/768/791
f 717/859/883 716/860/884 713/870/894 712/871/895
f 718/858/882 717/859/883 712/871/895 711/872/896
f 719/857/881 718/858/882 711/872/896 710/873/897
f 720/856/880 719/857/881 710/873/897 709/874/898
f 721/855/879 720/856/880 709/874/898 708/875/899
f 722/853/877 721/855/879 708/875/899 707/876/900
f 723/854/878 722/853/877 707/876/900 615/877/901
f 393/546/567 723/813/836 615/878/902 390/613/635
f 623/828/851 625/830/853 715/879/903 676/829/852
f 611/880/904 612/881/905 403/618/640 402/617/639
f 612/881/905 389/620/642 403/618/640
f 608/882/906 394/624/646 395/623/645 609/883/907
f 396/625/647 390/613/635 615/878/902 614/884/908
f 381/565/587 404/627/650 605/740/909 601/743/854
f 605/740/909 404/627/650 392/464/485 706/737/760
f 614/885/910 600/807/830 652/769/792 724/886/911
f 724/886/911 652/769/792 626/772/795 725/887/912
f 725/887/912 626/772/795 654/773/796 726/888/913
f 726/888/913 654/773/796 628/776/799 727/889/914
f 727/889/914 628/776/799 656/777/800 728/890/915
f 728/890/915 656/777/800 630/780/803 729/891/916
f 729/891/916 630/780/803 658/781/804 730/892/917
f 730/892/917 658/781/804 632/784/807 731/893/918
f 731/893/918 632/784/807 634/786/809 732/894/919
f 396/625/647 614/884/908 751/895/920 397/638/661
f 750/896/921 751/897/922 614/885/910 724/886/911
f 749/898/923 750/896/921 724/886/911 725/887/912
f 748/899/924 749/898/923 725/887/912 726/888/913
f 747/900/925 748/899/924 726/888/913 727/889/914
f 746/901/926 747/900/925 727/889/914 728/890/915
f 745/902/927 746/901/926 728/890/915 729/891/916
f 744/903/928 745/902/927 729/891/916 730/892/917
f 743/904/929 744/903/928 730/892/917 731/893/918
f 742/905/930 743/904/929 731/893/918 732/894/919
f 653/832/856 601/831/855 609/906/931 733/907/932
f 653/832/856 733/907/932 734/908/933 627/833/857
f 627/833/857 734/908/933 735/909/934 655/834/858
f 655/834/858 735/909/934 736/910/935 629/835/859
f 629/835/859 736/910/935 737/911/936 657/836/860
f 657/836/860 737/911/936 738/912/937 631/837/861
f 738/912/937 739/913/938 659/838/862 631/837/861
f 739/913/938 740/914/939 633/839/863 659/838/862
f 635/840/864 633/839/863 740/914/939 741/915/940
f 740/916/941 743/904/929 742/905/930 741/917/942
f 739/918/943 744/903/928 743/904/929 740/916/941
f 738/919/944 745/902/927 744/903/928 739/918/943
f 737/920/945 746/901/926 745/902/927 738/919/944
f 736/921/946 747/900/925 746/901/926 737/920/945
f 735/922/947 748/899/924 747/900/925 736/921/946
f 734/923/948 749/898/923 748/899/924 735/922/947
f 733/924/949 750/896/921 749/898/923 734/923/948
f 609/925/950 751/897/922 750/896/921 733/924/949
f 397/638/661 751/895/920 609/883/907 395/623/645
f 608/926/951 605/852/876 661/851/875 752/927/952
f 752/927/952 661/851/875 637/849/873 753/928/953
f 753/928/953 637/849/873 785/850/874 786/929/954
f 754/930/955 663/848/872 639/847/871 755/931/956
f 755/931/956 639/847/871 665/846/870 756/932/957
f 756/932/957 665/846/870 641/845/869 757/933/958
f 757/933/958 641/845/869 667/844/868 758/934/959
f 758/934/959 667/844/868 643/843/867 759/935/960
f 759/935/960 643/843/867 669/841/865 760/936/961
f 760/936/961 669/841/865 645/842/866 761/937/962
f 602/789/812 610/938/963 762/939/964 660/790/813
f 660/790/813 762/939/964 763/940/965 636/794/817
f 636/794/817 763/940/965 788/941/966 783/791/814
f 662/810/833 764/942/967 765/943/968 638/797/820
f 638/797/820 765/943/968 766/944/969 664/798/821
f 664/798/821 766/944/969 767/945/970 640/801/824
f 640/801/824 767/945/970 768/946/971 666/802/825
f 666/802/825 768/946/971 769/947/972 642/805/828
f 642/805/828 769/947/972 770/948/973 668/806/829
f 668/806/829 770/948/973 771/949/974 644/812/835
f 608/926/951 752/927/952 781/950/975 782/951/976
f 752/927/952 753/928/953 780/952/977 781/950/975
f 753/928/953 786/929/954 787/953/978 780/952/977
f 754/930/955 755/931/956 778/954/979 779/955/980
f 755/931/956 756/932/957 777/956/981 778/954/979
f 756/932/957 757/933/958 776/957/982 777/956/981
f 757/933/958 758/934/959 775/958/983 776/957/982
f 758/934/959 759/935/960 774/959/984 775/958/983
f 759/935/960 760/936/961 773/960/985 774/959/984
f 760/936/961 761/937/962 772/961/986 773/960/985
f 773/960/985 772/961/986 771/962/987 770/963/988
f 774/959/984 773/960/985 770/963/988 769/964/989
f 775/958/983 774/959/984 769/964/989 768/965/990
f 776/957/982 775/958/983 768/965/990 767/966/991
f 777/956/981 776/957/982 767/966/991 766/967/992
f 778/954/979 777/956/981 766/967/992 765/968/993
f 779/955/980 778/954/979 765/968/993 764/969/994
f 780/952/977 787/953/978 788/970/995 763/971/996
f 781/950/975 780/952/977 763/971/996 762/972/997
f 782/951/976 781/950/975 762/972/997 610/973/998
f 703/809/832 784/792/815 783/791/814 662/810/833
f 785/850/874 784/792/815 703/809/832 663/848/872
f 786/929/954 785/850/874 663/848/872 754/930/955
f 787/953/978 786/929/954 754/930/955 779/955/980
f 788/970/995 787/953/978 779/955/980 764/969/994
f 783/791/814 788/941/966 764/942/967 662/810/833
f 645/842/866 696/811/834 772/974/999 761/937/962
f 644/812/835 771/975/1000 772/974/999 696/811/834
f 742/976/1001 732/894/919 634/786/809 695/785/808
f 635/840/864 741/977/1002 742/976/1001 695/785/808
f 716/860/884 676/829/852 715/879/903 789/978/1003
f 713/870/894 716/860/884 789/978/1003 714/979/1004
f 789/980/1005 715/879/903 625/830/853 677/767/790
f 789/980/1005 677/767/790 624/768/791 714/869/893
f 399/449/470 400/462/483 685/736/759 599/729/752
f 402/617/639 401/726/749 610/981/1006 611/880/904
f 405/727/750 394/624/646 608/882/906 782/982/1007
f 401/726/749 405/727/750 782/982/1007 610/981/1006
f 1114/983/1008 1115/984/1009 793/985/1010 791/986/1011
f 1115/984/1012 1116/987/1013 795/988/1014 793/985/1015
f 1116/987/1013 1117/989/1016 797/990/1017 795/988/1014
f 1117/989/1016 1118/991/1018 799/992/1019 797/990/1017
f 1118/991/1020 1119/993/1021 801/994/1022 799/992/1023
f 1119/993/1021 1120/995/1024 803/996/1025 801/994/1022
f 1120/995/1024 1121/997/1026 805/998/1027 803/996/1025
f 1121/997/1028 1122/999/1029 807/1000/1030 805/998/1031
f 1122/999/1029 1123/1001/1032 809/1002/1033 807/1000/1030
f 1123/1001/1032 1124/1003/1034 811/1004/1035 809/1002/1033
f 1124/1003/1036 1125/1005/1037 813/1006/1038 811/1004/1039
f 1125/1005/1037 1126/1007/1040 815/1008/1041 813/1006/1038
f 1126/1007/1040 1127/1009/1042 817/1010/1043 815/1008/1041
f 1127/1009/1044 1128/1011/1045 819/1012/1046 817/1010/1047
f 1128/1011/1045 1129/1013/1048 821/1014/1049 819/1012/1046
f 1129/1013/1048 1130/1015/1050 823/1016/1051 821/1014/1049
f 1130/1015/1052 1131/1017/1053 825/1018/1054 823/1016/1055
f 1131/1017/1053 1132/1019/1056 827/1020/1057 825/1018/1054
f 1132/1019/1056 1133/1021/1058 829/1022/1059 827/1020/1057
f 1133/1021/1060 1134/1023/1061 831/1024/1062 829/1022/1063
f 1134/1023/1061 1135/1025/1064 833/1026/1065 831/1024/1062
f 1135/1025/1064 1136/1027/1066 835/1028/1067 833/1026/1065
f 1136/1027/1068 1137/1029/1069 837/1030/1070 835/1028/1071
f 1137/1029/1069 1138/1031/1072 839/1032/1073 837/1030/1070
f 1138/1031/1072 1139/1033/1074 841/1034/1075 839/1032/1073
f 1139/1033/1076 1140/1035/1077 843/1036/1078 841/1034/1079
f 1140/1035/1077 1141/1037/1080 845/1038/1081 843/1036/1078
f 1141/1037/1080 1142/1039/1082 847/1040/1083 845/1038/1081
f 1142/1039/1084 1143/1041/1085 849/1042/1086 847/1040/1087
f 1143/1041/1085 1144/1043/1088 851/1044/1089 849/1042/1086
f 1046/1045/1090 1047/1046/1091 864/1047/1092 863/1048/1093
f 1047/1046/1094 1048/1049/1095 865/1050/1096 864/1047/1097
f 1048/1049/1095 1049/1051/1098 866/1052/1099 865/1050/1096
f 1049/1051/1098 1050/1053/1100 867/1054/1101 866/1052/1099
f 1050/1053/1102 1051/1055/1103 868/1056/1104 867/1054/1105
f 1051/1055/1103 1052/1057/1106 869/1058/1107 868/1056/1104
f 1052/1057/1106 1053/1059/1108 870/1060/1109 869/1058/1107
f 1053/1059/1110 1054/1061/1111 871/1062/1112 870/1060/1113
f 1054/1061/1111 1055/1063/1114 872/1064/1115 871/1062/1112
f 1055/1063/1114 1056/1065/1116 873/1066/1117 872/1064/1115
f 1056/1065/1118 1057/1067/1119 874/1068/1120 873/1066/1121
f 1057/1067/1119 1058/1069/1122 875/1070/1123 874/1068/1120
f 1058/1069/1122 1059/1071/1124 876/1072/1125 875/1070/1123
f 1059/1071/1126 1060/1073/1127 877/1074/1128 876/1072/1129
f 1060/1073/1127 1061/1075/1130 878/1076/1131 877/1074/1128
f 1061/1075/1130 1062/1077/1132 879/1078/1133 878/1076/1131
f 1062/1077/1134 1063/1079/1135 880/1080/1136 879/1078/1137
f 1063/1079/1135 1064/1081/1138 881/1082/1099 880/1080/1136
f 1064/1081/1138 1065/1083/1139 882/1084/1140 881/1082/1099
f 1065/1083/1141 1066/1085/1142 883/1086/1143 882/1084/1144
f 1066/1085/1142 1067/1087/1145 884/1088/1146 883/1086/1143
f 1067/1087/1145 1068/1089/1147 885/1090/1148 884/1088/1146
f 1068/1089/1149 1069/1091/1150 886/1092/1151 885/1090/1152
f 1069/1091/1150 1070/1093/1153 887/1094/1154 886/1092/1151
f 1070/1093/1153 1071/1095/1155 888/1096/1156 887/1094/1154
f 1071/1095/1157 1072/1097/1158 889/1098/1159 888/1096/1160
f 1072/1097/1158 1073/1099/1161 890/1100/1162 889/1098/1159
f 1073/1099/1161 1074/1101/1163 891/1102/1164 890/1100/1162
f 1074/1101/1165 1075/1103/1166 892/1104/1167 891/1102/1168
f 1075/1103/1166 1076/1105/1169 893/1106/1170 892/1104/1167
f 1076/1107/1171 1077/1108/1172 894/1109/1173 893/1110/1174
f 894/1109/1173 896/1111/1175 895/1112/1176 893/1110/1174
f 896/1111/1175 898/1113/1177 897/1114/1178 895/1112/1176
f 898/1113/1177 900/1115/1179 899/1116/1180 897/1114/1178
f 900/1115/1179 902/1117/1181 901/1118/1182 899/1116/1180
f 1077/1108/1172 1078/1119/1183 931/1120/1184 894/1109/1173
f 894/1109/1173 931/1120/1184 930/1121/1185 896/1111/1175
f 896/1111/1175 930/1121/1185 929/1122/1186 898/1113/1177
f 898/1113/1177 929/1122/1186 928/1123/1187 900/1115/1179
f 900/1115/1179 928/1123/1187 927/1124/1188 902/1117/1181
f 902/1117/1181 927/1124/1188 903/1125/1189
f 895/1112/1176 897/1114/1178 906/1126/1190 904/1127/1191
f 897/1114/1178 899/1116/1180 907/1128/1192 906/1126/1190
f 899/1116/1180 901/1118/1182 908/1129/1193 907/1128/1192
f 904/1127/1191 909/1130/1194 910/1131/1195 905/1132/1196
f 906/1126/1190 911/1133/1197 909/1130/1194 904/1127/1191
f 907/1128/1192 912/1134/1198 911/1133/1197 906/1126/1190
f 908/1129/1193 913/1135/1199 912/1134/1198 907/1128/1192
f 1144/1043/1088 1145/1136/1200 853/1137/1201 851/1044/1089
f 1145/1136/1200 1146/1138/1202 854/1139/1203 853/1137/1201
f 1146/1138/1202 855/1140/1204 854/1139/1203
f 855/1140/1204 914/1141/1205 856/1142/1206
f 910/1143/1207 915/1144/1208 916/1145/1209 914/1141/1205
f 914/1141/1205 916/1145/1209 857/1146/1210 856/1142/1206
f 915/1144/1208 917/1147/1211 918/1148/1212 916/1145/1209
f 916/1145/1209 918/1148/1212 858/1149/1213 857/1146/1210
f 917/1147/1211 1080/1150/1214 860/1151/1215 918/1148/1212
f 918/1148/1212 860/1151/1215 858/1149/1213
f 909/1130/1194 919/1152/1216 915/1153/1217 910/1131/1195
f 909/1130/1194 911/1133/1197 920/1154/1218 919/1152/1216
f 911/1133/1197 912/1134/1198 921/1155/1219 920/1154/1218
f 912/1134/1198 913/1135/1199 922/1156/1220 921/1155/1219
f 915/1153/1217 919/1152/1216 923/1157/1221 917/1158/1222
f 919/1152/1216 920/1154/1218 924/1159/1223 923/1157/1221
f 920/1154/1218 921/1155/1219 925/1160/1224 924/1159/1223
f 921/1155/1219 922/1156/1220 926/1161/1225 925/1160/1224
f 935/1162/1226 930/1121/1185 931/1120/1184 936/1163/1227
f 934/1164/1228 929/1122/1186 930/1121/1185 935/1162/1226
f 933/1165/1229 928/1123/1187 929/1122/1186 934/1164/1228
f 932/1166/1230 927/1124/1188 928/1123/1187 933/1165/1229
f 903/1125/1189 901/1118/1182 902/1117/1181
f 903/1125/1189 908/1129/1193 901/1118/1182
f 903/1125/1189 913/1135/1199 908/1129/1193
f 903/1125/1189 922/1156/1220 913/1135/1199
f 903/1125/1189 926/1161/1225 922/1156/1220
f 903/1125/1189 927/1124/1188 932/1166/1230
f 936/1163/1227 931/1120/1184 1078/1119/1183 1079/1167/1231
f 903/1125/1189 932/1168/1232 926/1161/1225
f 926/1161/1225 932/1168/1232 933/1169/1233 925/1160/1224
f 925/1160/1224 933/1169/1233 934/1170/1234 924/1159/1223
f 924/1159/1223 934/1170/1234 935/1171/1235 923/1157/1221
f 923/1157/1221 935/1171/1235 936/1172/1236 917/1158/1222
f 1079/1173/1237 1080/1174/1238 917/1158/1222 936/1172/1236
f 893/1110/1174 895/1112/1176 904/1127/1191 905/1132/1196
f 937/1175/1239 1081/1176/1240 1082/1177/1241 938/1178/1242
f 938/1178/1243 1082/1177/1244 1083/1179/1245 939/1180/1246
f 939/1180/1246 1083/1179/1245 1084/1181/1247 940/1182/1248
f 940/1182/1248 1084/1181/1247 1085/1183/1249 941/1184/1250
f 941/1184/1251 1085/1183/1252 1086/1185/1253 942/1186/1254
f 942/1186/1254 1086/1185/1253 1087/1187/1255 943/1188/1256
f 943/1188/1256 1087/1187/1255 1088/1189/1257 944/1190/1258
f 944/1190/1259 1088/1189/1260 1089/1191/1261 945/1192/1262
f 945/1192/1262 1089/1191/1261 1090/1193/1263 946/1194/1264
f 946/1194/1264 1090/1193/1263 1091/1195/1265 947/1196/1266
f 947/1196/1267 1091/1195/1268 1092/1197/1269 948/1198/1270
f 948/1198/1270 1092/1197/1269 1093/1199/1271 949/1200/1272
f 949/1200/1272 1093/1199/1271 1094/1201/1273 950/1202/1274
f 950/1202/1275 1094/1201/1276 1095/1203/1277 951/1204/1278
f 951/1204/1278 1095/1203/1277 1096/1205/1279 952/1206/1280
f 952/1206/1280 1096/1205/1279 1097/1207/1281 953/1208/1282
f 953/1208/1283 1097/1207/1284 1098/1209/1285 954/1210/1286
f 954/1210/1286 1098/1209/1285 1099/1211/1287 955/1212/1248
f 955/1212/1248 1099/1211/1287 1100/1213/1288 956/1214/1289
f 956/1214/1290 1100/1213/1291 1101/1215/1292 957/1216/1293
f 957/1216/1293 1101/1215/1292 1102/1217/1294 958/1218/1295
f 958/1218/1295 1102/1217/1294 1103/1219/1296 959/1220/1297
f 959/1220/1298 1103/1219/1299 1104/1221/1300 960/1222/1301
f 960/1222/1301 1104/1221/1300 1105/1223/1302 961/1224/1303
f 961/1224/1303 1105/1223/1302 1106/1225/1304 962/1226/1305
f 962/1226/1306 1106/1225/1307 1107/1227/1308 963/1228/1309
f 963/1228/1309 1107/1227/1308 1108/1229/1310 964/1230/1311
f 964/1230/1311 1108/1229/1310 1109/1231/1312 965/1232/1313
f 965/1232/1314 1109/1231/1315 1110/1233/1316 966/1234/1317
f 966/1234/1317 1110/1233/1316 1111/1235/1318 967/1236/1319
f 792/1237/1320 790/1238/1321 1011/1239/1322 1012/1240/1323
f 794/1241/1324 792/1237/1325 1012/1240/1326 1013/1242/1327
f 796/1243/1328 794/1241/1324 1013/1242/1327 1014/1244/1329
f 798/1245/1330 796/1243/1328 1014/1244/1329 1015/1246/1331
f 800/1247/1332 798/1245/1333 1015/1246/1334 1016/1248/1335
f 802/1249/1336 800/1247/1332 1016/1248/1335 1017/1250/1337
f 804/1251/1338 802/1249/1336 1017/1250/1337 1018/1252/1339
f 806/1253/1340 804/1251/1341 1018/1252/1342 1019/1254/1343
f 808/1255/1344 806/1253/1340 1019/1254/1343 1020/1256/1345
f 810/1257/1346 808/1255/1344 1020/1256/1345 1021/1258/1347
f 812/1259/1348 810/1257/1349 1021/1258/1350 1022/1260/1351
f 814/1261/1352 812/1259/1348 1022/1260/1351 1023/1262/1353
f 816/1263/1354 814/1261/1352 1023/1262/1353 1024/1264/1355
f 818/1265/1356 816/1263/1357 1024/1264/1358 1025/1266/1359
f 820/1267/1360 818/1265/1356 1025/1266/1359 1026/1268/1361
f 822/1269/1362 820/1267/1360 1026/1268/1361 1027/1270/1363
f 824/1271/1364 822/1269/1365 1027/1270/1366 1028/1272/1367
f 826/1273/1352 824/1271/1364 1028/1272/1367 1029/1274/1368
f 828/1275/1369 826/1273/1352 1029/1274/1368 1030/1276/1370
f 830/1277/1371 828/1275/1372 1030/1276/1373 1031/1278/1374
f 832/1279/1375 830/1277/1371 1031/1278/1374 1032/1280/1376
f 834/1281/1377 832/1279/1375 1032/1280/1376 1033/1282/1378
f 836/1283/1379 834/1281/1380 1033/1282/1381 1034/1284/1382
f 838/1285/1383 836/1283/1379 1034/1284/1382 1035/1286/1384
f 840/1287/1385 838/1285/1383 1035/1286/1384 1036/1288/1386
f 842/1289/1387 840/1287/1388 1036/1288/1389 1037/1290/1390
f 844/1291/1391 842/1289/1387 1037/1290/1390 1038/1292/1392
f 846/1293/1393 844/1291/1391 1038/1292/1392 1039/1294/1394
f 848/1295/1395 846/1293/1396 1039/1294/1397 1040/1296/1398
f 850/1297/1399 848/1295/1395 1040/1296/1398 1041/1298/1400
f 850/1299/1401 1041/1300/1402 1042/1301/1403 852/1302/1404
f 968/1303/1405 967/1304/1406 969/1305/1407 970/1306/1408
f 970/1306/1408 969/1305/1407 971/1307/1409 972/1308/1410
f 972/1308/1410 971/1307/1409 973/1309/1411 974/1310/1412
f 974/1310/1412 973/1309/1411 975/1311/1413 976/1312/1414
f 852/1302/1404 1042/1301/1403 1043/1313/1415 861/1314/1416
f 968/1303/1405 970/1306/1408 1004/1315/1417 1005/1316/1418
f 970/1306/1408 972/1308/1410 1003/1317/1419 1004/1315/1417
f 972/1308/1410 974/1310/1412 1002/1318/1420 1003/1317/1419
f 974/1310/1412 976/1312/1414 1001/1319/1421 1002/1318/1420
f 976/1312/1414 977/1320/1422 1001/1319/1421
f 969/1305/1407 978/1321/1423 980/1322/1424 971/1307/1409
f 971/1307/1409 980/1322/1424 981/1323/1425 973/1309/1411
f 973/1309/1411 981/1323/1425 982/1324/1426 975/1311/1413
f 978/1321/1423 979/1325/1427 984/1326/1428 983/1327/1429
f 980/1322/1424 978/1321/1423 983/1327/1429 985/1328/1430
f 981/1323/1425 980/1322/1424 985/1328/1430 986/1329/1431
f 982/1324/1426 981/1323/1425 986/1329/1431 987/1330/1432
f 967/1236/1319 1111/1235/1318 1112/1331/1433 979/1332/1434
f 979/1332/1434 1112/1331/1433 1113/1333/1435 984/1334/1436
f 984/1334/1436 1113/1333/1435 855/1335/1437 988/1336/1438
f 855/1335/1437 856/1337/1439 988/1336/1438
f 984/1334/1436 988/1336/1438 990/1338/1440 989/1339/1441
f 988/1336/1438 856/1337/1439 857/1340/1442 990/1338/1440
f 989/1339/1441 990/1338/1440 992/1341/1443 991/1342/1444
f 990/1338/1440 857/1340/1442 858/1343/1445 992/1341/1443
f 1045/1344/1446 860/1345/1447 859/1346/1448
f 992/1341/1443 858/1343/1445 860/1345/1447
f 983/1327/1429 984/1326/1428 989/1347/1449 993/1348/1450
f 983/1327/1429 993/1348/1450 994/1349/1451 985/1328/1430
f 985/1328/1430 994/1349/1451 995/1350/1452 986/1329/1431
f 986/1329/1431 995/1350/1452 996/1351/1453 987/1330/1432
f 989/1347/1449 991/1352/1454 997/1353/1455 993/1348/1450
f 993/1348/1450 997/1353/1455 998/1354/1456 994/1349/1451
f 994/1349/1451 998/1354/1456 999/1355/1457 995/1350/1452
f 995/1350/1452 999/1355/1457 1000/1356/1458 996/1351/1453
f 1009/1357/1459 1010/1358/1460 1005/1316/1418 1004/1315/1417
f 1008/1359/1461 1009/1357/1459 1004/1315/1417 1003/1317/1419
f 1007/1360/1462 1008/1359/1461 1003/1317/1419 1002/1318/1420
f 1006/1361/1463 1007/1360/1462 1002/1318/1420 1001/1319/1421
f 977/1320/1422 976/1312/1414 975/1311/1413
f 977/1320/1422 975/1311/1413 982/1324/1426
f 977/1320/1422 982/1324/1426 987/1330/1432
f 977/1320/1422 987/1330/1432 996/1351/1453
f 977/1320/1422 996/1351/1453 1000/1356/1458
f 977/1320/1422 1006/1361/1463 1001/1319/1421
f 1043/1313/1415 1044/1362/1464 862/1363/1465 861/1314/1416
f 977/1320/1422 1000/1356/1458 1006/1364/1466
f 1000/1356/1458 999/1355/1457 1007/1365/1467 1006/1364/1466
f 999/1355/1457 998/1354/1456 1008/1366/1468 1007/1365/1467
f 998/1354/1456 997/1353/1455 1009/1367/1469 1008/1366/1468
f 997/1353/1455 991/1352/1454 1010/1368/1470 1009/1367/1469
f 859/1369/1471 862/1370/1471 1044/1371/1472 1045/1372/1473
f 967/1304/1406 979/1325/1427 978/1321/1423 969/1305/1407
f 1012/1240/1323 1011/1239/1322 937/1175/1239 938/1178/1242
f 1013/1242/1327 1012/1240/1326 938/1178/1243 939/1180/1246
f 1014/1244/1329 1013/1242/1327 939/1180/1246 940/1182/1248
f 1015/1246/1331 1014/1244/1329 940/1182/1248 941/1184/1250
f 1016/1248/1335 1015/1246/1334 941/1184/1251 942/1186/1254
f 1017/1250/1337 1016/1248/1335 942/1186/1254 943/1188/1256
f 1018/1252/1339 1017/1250/1337 943/1188/1256 944/1190/1258
f 1019/1254/1343 1018/1252/1342 944/1190/1259 945/1192/1262
f 1020/1256/1345 1019/1254/1343 945/1192/1262 946/1194/1264
f 1021/1258/1347 1020/1256/1345 946/1194/1264 947/1196/1266
f 1022/1260/1351 1021/1258/1350 947/1196/1267 948/1198/1270
f 1023/1262/1353 1022/1260/1351 948/1198/1270 949/1200/1272
f 1024/1264/1355 1023/1262/1353 949/1200/1272 950/1202/1274
f 1025/1266/1359 1024/1264/1358 950/1202/1275 951/1204/1278
f 1026/1268/1361 1025/1266/1359 951/1204/1278 952/1206/1280
f 1027/1270/1363 1026/1268/1361 952/1206/1280 953/1208/1282
f 1028/1272/1367 1027/1270/1366 953/1208/1283 954/1210/1286
f 1029/1274/1368 1028/1272/1367 954/1210/1286 955/1212/1248
f 1030/1276/1370 1029/1274/1368 955/1212/1248 956/1214/1289
f 1031/1278/1374 1030/1276/1373 956/1214/1290 957/1216/1293
f 1032/1280/1376 1031/1278/1374 957/1216/1293 958/1218/1295
f 1033/1282/1378 1032/1280/1376 958/1218/1295 959/1220/1297
f 1034/1284/1382 1033/1282/1381 959/1220/1298 960/1222/1301
f 1035/1286/1384 1034/1284/1382 960/1222/1301 961/1224/1303
f 1036/1288/1386 1035/1286/1384 961/1224/1303 962/1226/1305
f 1037/1290/1390 1036/1288/1389 962/1226/1306 963/1228/1309
f 1038/1292/1392 1037/1290/1390 963/1228/1309 964/1230/1311
f 1039/1294/1394 1038/1292/1392 964/1230/1311 965/1232/1313
f 1040/1296/1398 1039/1294/1397 965/1232/1314 966/1234/1317
f 1041/1298/1400 1040/1296/1398 966/1234/1317 967/1236/1319
f 1042/1301/1403 1041/1300/1402 967/1304/1406 968/1303/1405
f 1043/1313/1415 1042/1301/1403 968/1303/1405 1005/1316/1418
f 1010/1358/1460 1044/1362/1464 1043/1313/1415 1005/1316/1418
f 1045/1372/1473 1044/1371/1472 1010/1368/1470 991/1352/1454
f 991/1342/1444 992/1341/1443 860/1345/1447 1045/1344/1446
f 792/1237/1320 1047/1046/1091 1046/1045/1090 790/1238/1321
f 794/1241/1324 1048/1049/1095 1047/1046/1094 792/1237/1325
f 796/1243/1328 1049/1051/1098 1048/1049/1095 794/1241/1324
f 798/1245/1330 1050/1053/1100 1049/1051/1098 796/1243/1328
f 800/1247/1332 1051/1055/1103 1050/1053/1102 798/1245/1333
f 802/1249/1336 1052/1057/1106 1051/1055/1103 800/1247/1332
f 804/1251/1338 1053/1059/1108 1052/1057/1106 802/1249/1336
f 806/1253/1340 1054/1061/1111 1053/1059/1110 804/1251/1341
f 808/1255/1344 1055/1063/1114 1054/1061/1111 806/1253/1340
f 810/1257/1346 1056/1065/1116 1055/1063/1114 808/1255/1344
f 812/1259/1348 1057/1067/1119 1056/1065/1118 810/1257/1349
f 814/1261/1352 1058/1069/1122 1057/1067/1119 812/1259/1348
f 816/1263/1354 1059/1071/1124 1058/1069/1122 814/1261/1352
f 818/1265/1356 1060/1073/1127 1059/1071/1126 816/1263/1357
f 820/1267/1360 1061/1075/1130 1060/1073/1127 818/1265/1356
f 822/1269/1362 1062/1077/1132 1061/1075/1130 820/1267/1360
f 824/1271/1364 1063/1079/1135 1062/1077/1134 822/1269/1365
f 826/1273/1352 1064/1081/1138 1063/1079/1135 824/1271/1364
f 828/1275/1369 1065/1083/1139 1064/1081/1138 826/1273/1352
f 830/1277/1371 1066/1085/1142 1065/1083/1141 828/1275/1372
f 832/1279/1375 1067/1087/1145 1066/1085/1142 830/1277/1371
f 834/1281/1377 1068/1089/1147 1067/1087/1145 832/1279/1375
f 836/1283/1379 1069/1091/1150 1068/1089/1149 834/1281/1380
f 838/1285/1383 1070/1093/1153 1069/1091/1150 836/1283/1379
f 840/1287/1385 1071/1095/1155 1070/1093/1153 838/1285/1383
f 842/1289/1387 1072/1097/1158 1071/1095/1157 840/1287/1388
f 844/1291/1391 1073/1099/1161 1072/1097/1158 842/1289/1387
f 846/1293/1393 1074/1101/1163 1073/1099/1161 844/1291/1391
f 848/1295/1395 1075/1103/1166 1074/1101/1165 846/1293/1396
f 850/1297/1399 1076/1105/1169 1075/1103/1166 848/1295/1395
f 850/1299/1401 852/1302/1404 1077/1108/1172 1076/1107/1171
f 852/1302/1404 861/1314/1416 1078/1119/1183 1077/1108/1172
f 1079/1167/1231 1078/1119/1183 861/1314/1416 862/1363/1465
f 859/1369/1471 1080/1174/1238 1079/1173/1237 862/1370/1471
f 860/1151/1215 1080/1150/1214 859/1373/1474
f 1082/1177/1241 1081/1176/1240 791/1374/1475 793/1375/1476
f 1083/1179/1245 1082/1177/1244 793/1375/1477 795/1376/1478
f 1084/1181/1247 1083/1179/1245 795/1376/1478 797/1377/1479
f 1085/1183/1249 1084/1181/1247 797/1377/1479 799/1378/1480
f 1086/1185/1253 1085/1183/1252 799/1378/1481 801/1379/1482
f 1087/1187/1255 1086/1185/1253 801/1379/1482 803/1380/1483
f 1088/1189/1257 1087/1187/1255 803/1380/1483 805/1381/1484
f 1089/1191/1261 1088/1189/1260 805/1381/1485 807/1382/1486
f 1090/1193/1263 1089/1191/1261 807/1382/1486 809/1383/1487
f 1091/1195/1265 1090/1193/1263 809/1383/1487 811/1384/1488
f 1092/1197/1269 1091/1195/1268 811/1384/1489 813/1385/1490
f 1093/1199/1271 1092/1197/1269 813/1385/1490 815/1386/1491
f 1094/1201/1273 1093/1199/1271 815/1386/1491 817/1387/1492
f 1095/1203/1277 1094/1201/1276 817/1387/1493 819/1388/1494
f 1096/1205/1279 1095/1203/1277 819/1388/1494 821/1389/1495
f 1097/1207/1281 1096/1205/1279 821/1389/1495 823/1390/1496
f 1098/1209/1285 1097/1207/1284 823/1390/1497 825/1391/1498
f 1099/1211/1287 1098/1209/1285 825/1391/1498 827/1392/1499
f 1100/1213/1288 1099/1211/1287 827/1392/1499 829/1393/1500
f 1101/1215/1292 1100/1213/1291 829/1393/1501 831/1394/1502
f 1102/1217/1294 1101/1215/1292 831/1394/1502 833/1395/1503
f 1103/1219/1296 1102/1217/1294 833/1395/1503 835/1396/1504
f 1104/1221/1300 1103/1219/1299 835/1396/1505 837/1397/1506
f 1105/1223/1302 1104/1221/1300 837/1397/1506 839/1398/1507
f 1106/1225/1304 1105/1223/1302 839/1398/1507 841/1399/1508
f 1107/1227/1308 1106/1225/1307 841/1399/1509 843/1400/1510
f 1108/1229/1310 1107/1227/1308 843/1400/1510 845/1401/1511
f 1109/1231/1312 1108/1229/1310 845/1401/1511 847/1402/1512
f 1110/1233/1316 1109/1231/1315 847/1402/1513 849/1403/1514
f 1111/1235/1318 1110/1233/1316 849/1403/1514 851/1404/1515
f 1112/1331/1433 1111/1235/1318 851/1404/1515 853/1405/1516
f 1113/1333/1435 1112/1331/1433 853/1405/1516 854/1406/1517
f 855/1335/1437 1113/1333/1435 854/1406/1517
f 863/1048/1093 864/1047/1092 1115/984/1009 1114/983/1008
f 864/1047/1097 865/1050/1096 1116/987/1013 1115/984/1012
f 865/1050/1096 866/1052/1099 1117/989/1016 1116/987/1013
f 866/1052/1099 867/1054/1101 1118/991/1018 1117/989/1016
f 867/1054/1105 868/1056/1104 1119/993/1021 1118/991/1020
f 868/1056/1104 869/1058/1107 1120/995/1024 1119/993/1021
f 869/1058/1107 870/1060/1109 1121/997/1026 1120/995/1024
f 870/1060/1113 871/1062/1112 1122/999/1029 1121/997/1028
f 871/1062/1112 872/1064/1115 1123/1001/1032 1122/999/1029
f 872/1064/1115 873/1066/1117 1124/1003/1034 1123/1001/1032
f 873/1066/1121 874/1068/1120 1125/1005/1037 1124/1003/1036
f 874/1068/1120 875/1070/1123 1126/1007/1040 1125/1005/1037
f 875/1070/1123 876/1072/1125 1127/1009/1042 1126/1007/1040
f 876/1072/1129 877/1074/1128 1128/1011/1045 1127/1009/1044
f 877/1074/1128 878/1076/1131 1129/1013/1048 1128/1011/1045
f 878/1076/1131 879/1078/1133 1130/1015/1050 1129/1013/1048
f 879/1078/1137 880/1080/1136 1131/1017/1053 1130/1015/1052
f 880/1080/1136 881/1082/1099 1132/1019/1056 1131/1017/1053
f 881/1082/1099 882/1084/1140 1133/1021/1058 1132/1019/1056
f 882/1084/1144 883/1086/1143 1134/1023/1061 1133/1021/1060
f 883/1086/1143 884/1088/1146 1135/1025/1064 1134/1023/1061
f 884/1088/1146 885/1090/1148 1136/1027/1066 1135/1025/1064
f 885/1090/1152 886/1092/1151 1137/1029/1069 1136/1027/1068
f 886/1092/1151 887/1094/1154 1138/1031/1072 1137/1029/1069
f 887/1094/1154 888/1096/1156 1139/1033/1074 1138/1031/1072
f 888/1096/1160 889/1098/1159 1140/1035/1077 1139/1033/1076
f 889/1098/1159 890/1100/1162 1141/1037/1080 1140/1035/1077
f 890/1100/1162 891/1102/1164 1142/1039/1082 1141/1037/1080
f 891/1102/1168 892/1104/1167 1143/1041/1085 1142/1039/1084
f 892/1104/1167 893/1106/1170 1144/1043/1088 1143/1041/1085
f 893/1106/1170 905/1407/1518 1145/1136/1200 1144/1043/1088
f 905/1407/1518 910/1143/1207 1146/1138/1202 1145/1136/1200
f 910/1143/1207 914/1141/1205 855/1140/1204 1146/1138/1202
f 863/1048/1093 1114/983/1008 1148/1408/1519 1147/1409/1520
f 1046/1045/1090 863/1048/1093 1147/1409/1520 1149/1410/1521
f 1081/1176/1240 937/1175/1239 1150/1411/1522 1151/1412/1523
f 937/1175/1239 1011/1239/1322 1152/1413/1524 1150/1411/1522
f 1011/1239/1322 790/1238/1321 1153/1414/1525 1152/1413/1524
f 790/1238/1321 1046/1045/1090 1149/1410/1521 1153/1414/1525
f 791/1374/1475 1081/1176/1240 1151/1412/1526 1154/1415/1527
f 1114/983/1008 791/986/1011 1154/1416/1528 1148/1408/1519
f 1152/1417/1529 1153/1418/1530 1154/1419/1530 1151/1420/1529
f 1153/1418/1530 1149/1421/1531 1148/1422/1532 1154/1419/1530
f 1152/1417/1533 1151/1420/1533 1155/1423/1533 1150/1424/1533
f 1148/1422/1532 1149/1421/1531 1147/1425/1534
f 1159/1426/1535 1156/1427/1536 1157/1428/1537 1158/1429/1538
f 1158/1429/1538 1157/1428/1537 1160/1430/1539 1161/1431/1540
f 1161/1431/1540 1160/1430/1539 1162/1432/1541 1163/1433/1542
f 1163/1434/1543 1162/1435/1544 1166/1436/1545 1167/1437/1546
f 1165/1438/1547 1164/1439/1548 1156/1440/1549 1159/1441/1550
f 1167/1437/1546 1166/1436/1545 1164/1439/1548 1165/1438/1547
f 1157/1428/1537 1156/1427/1536 1168/1442/1551 1169/1443/1552
f 1160/1430/1539 1157/1428/1537 1169/1443/1552 1170/1444/1553
f 1162/1432/1541 1160/1430/1539 1170/1444/1553 1171/1445/1554
f 1166/1436/1545 1162/1435/1544 1171/1446/1555 1172/1447/1556
f 1156/1440/1549 1164/1439/1548 1173/1448/1557 1168/1449/1558
f 1164/1439/1548 1166/1436/1545 1172/1447/1556 1173/1448/1557
f 1159/1426/1535 1158/1429/1538 1174/1450/1559 1175/1451/1560
f 1158/1429/1538 1161/1431/1540 1176/1452/1561 1174/1450/1559
f 1161/1431/1540 1163/1433/1542 1177/1453/1562 1176/1452/1561
f 1163/1434/1543 1167/1437/1546 1178/1454/1563 1177/1455/1564
f 1165/1438/1547 1159/1441/1550 1175/1456/1565 1179/1457/1566
f 1167/1437/1546 1165/1438/1547 1179/1457/1566 1178/1454/1563
f 1181/1458/1567 1180/1459/1568 1182/1460/1569 1183/1461/1570
f 1183/1461/1570 1182/1460/1569 1246/1462/1571 1247/1463/1572
f 1186/1464/1573 1187/1465/1574 1184/1466/1575 1185/1467/1576
f 1189/1468/1577 1186/1464/1573 1185/1467/1576 1188/1469/1578
f 1187/1470/1579 1190/1471/1580 1191/1472/1581 1184/1473/1582
f 1310/1474/1583 1305/1475/1584 1195/1476/1585 1196/1477/1586
f 1309/1478/1587 1310/1474/1583 1196/1477/1586 1197/1479/1588
f 1305/1480/1589 1306/1481/1590 1198/1482/1591 1195/1483/1592
f 1308/1484/1593 1309/1478/1587 1197/1479/1588 1199/1485/1594
f 1307/1486/1595 1308/1487/1596 1199/1488/1597 1200/1489/1598
f 1306/1481/1590 1307/1486/1595 1200/1489/1598 1198/1482/1591
f 1196/1477/1586 1195/1476/1585 1201/1490/1599 1202/1491/1600
f 1197/1479/1588 1196/1477/1586 1202/1491/1600 1203/1492/1601
f 1195/1483/1592 1198/1482/1591 1204/1493/1602 1201/1494/1603
f 1199/1485/1594 1197/1479/1588 1203/1492/1601 1205/1495/1604
f 1200/1489/1598 1199/1488/1597 1205/1496/1605 1206/1497/1606
f 1198/1482/1591 1200/1489/1598 1206/1497/1606 1204/1493/1602
f 1180/1459/1568 1207/1498/1607 1208/1499/1608 1182/1460/1569
f 1182/1460/1569 1208/1499/1608 1248/1500/1609 1246/1462/1571
f 1212/1501/1610 1210/1502/1611 1211/1503/1612 1188/1469/1578
f 1211/1503/1612 1210/1502/1611 1213/1504/1613 1214/1505/1614
f 1212/1501/1610 1188/1469/1578 1215/1506/1615
f 1214/1505/1614 1213/1504/1613 1216/1507/1616 1217/1508/1617
f 1215/1506/1615 1188/1469/1578 1192/1509/1618 1218/1510/1619
f 1218/1511/1620 1192/1512/1621 1217/1513/1622 1216/1514/1623
f 1210/1502/1611 1212/1501/1610 1219/1515/1624 1220/1516/1625
f 1213/1504/1613 1210/1502/1611 1220/1516/1625 1221/1517/1626
f 1212/1501/1610 1215/1506/1615 1222/1518/1627 1219/1515/1624
f 1216/1507/1616 1213/1504/1613 1221/1517/1626 1223/1519/1628
f 1215/1506/1615 1218/1510/1619 1224/1520/1629 1222/1518/1627
f 1218/1511/1620 1216/1514/1623 1223/1521/1630 1224/1522/1631
f 1228/1523/1632 1225/1524/1633 1226/1525/1634 1227/1526/1635
f 1227/1526/1635 1226/1525/1634 1229/1527/1636 1230/1528/1637
f 1225/1524/1633 1228/1523/1632 1231/1529/1638 1232/1530/1639
f 1232/1531/1640 1231/1532/1641 1233/1533/1642 1234/1534/1643
f 1234/1534/1643 1233/1533/1642 1235/1535/1644 1236/1536/1645
f 1236/1537/1646 1235/1538/1647 1230/1528/1637 1229/1527/1636
f 1226/1525/1634 1225/1524/1633 1237/1539/1648 1238/1540/1649
f 1229/1527/1636 1226/1525/1634 1238/1540/1649 1239/1541/1650
f 1225/1524/1633 1232/1530/1639 1240/1542/1651 1237/1539/1648
f 1232/1531/1640 1234/1534/1643 1241/1543/1652 1240/1544/1653
f 1234/1534/1643 1236/1536/1645 1242/1545/1654 1241/1543/1652
f 1236/1537/1646 1229/1527/1636 1239/1541/1650 1242/1546/1655
f 1239/1541/1650 1238/1540/1649 1243/1547/1656 1244/1548/1657
f 1240/1544/1653 1241/1543/1652 1244/1549/1658 1243/1550/1659
f 1228/1523/1632 1227/1526/1635 1245/1551/1660 1214/1505/1614
f 1247/1463/1572 1246/1462/1571 1249/1552/1661 1250/1553/1662
f 1246/1462/1571 1248/1500/1609 1251/1554/1663 1249/1552/1661
f 1250/1553/1662 1249/1552/1661 1252/1555/1664 1253/1556/1665
f 1249/1552/1661 1251/1554/1663 1254/1557/1666 1252/1555/1664
f 1253/1556/1665 1252/1555/1664 1255/1558/1667 1256/1559/1668
f 1252/1555/1664 1254/1557/1666 1257/1560/1669 1255/1558/1667
f 1258/1561/1670 1245/1551/1660 1227/1526/1635 1230/1528/1637
f 1259/1562/1671 1258/1561/1670 1230/1528/1637 1235/1538/1647
f 1207/1498/1607 1261/1563/1672 1262/1564/1673 1208/1499/1608
f 1263/1565/1674 1248/1500/1609 1208/1499/1608 1262/1564/1673
f 1248/1500/1609 1263/1565/1674 1264/1566/1675 1251/1554/1663
f 1251/1554/1663 1264/1566/1675 1265/1567/1676 1254/1557/1666
f 1254/1557/1666 1265/1567/1676 1266/1568/1677 1257/1560/1669
f 1260/1569/1678 1209/1570/1679 1267/1571/1680 1268/1572/1681
f 1261/1563/1672 1260/1569/1678 1268/1572/1681 1269/1573/1682
f 1262/1564/1673 1261/1563/1672 1269/1573/1682 1270/1574/1683
f 1263/1565/1674 1262/1564/1673 1270/1574/1683
f 1264/1566/1675 1263/1565/1674 1270/1574/1683 1269/1573/1682
f 1265/1567/1676 1264/1566/1675 1269/1573/1682 1268/1572/1681
f 1266/1568/1677 1265/1567/1676 1268/1572/1681 1267/1571/1680
f 1228/1523/1632 1214/1505/1614 1217/1508/1617 1231/1529/1638
f 1259/1575/1684 1235/1535/1644 1233/1533/1642 1273/1576/1685
f 1272/1577/1686 1181/1578/1687 1183/1579/1688 1274/1580/1689
f 1183/1579/1688 1247/1581/1690 1275/1582/1691 1274/1580/1689
f 1275/1582/1691 1247/1581/1690 1250/1583/1692 1276/1584/1693
f 1276/1584/1693 1250/1583/1692 1253/1585/1694 1277/1586/1695
f 1277/1586/1695 1253/1585/1694 1256/1587/1696 1278/1588/1697
f 1233/1533/1642 1231/1532/1641 1217/1513/1622 1273/1576/1685
f 1239/1541/1650 1244/1548/1657 1242/1546/1655
f 1242/1545/1654 1244/1549/1658 1241/1543/1652
f 1237/1539/1648 1240/1542/1651 1243/1547/1656
f 1238/1540/1649 1237/1539/1648 1243/1547/1656
f 1220/1516/1625 1219/1515/1624 1279/1589/1698 1280/1590/1699
f 1221/1517/1626 1220/1516/1625 1280/1590/1699 1281/1591/1700
f 1219/1515/1624 1222/1518/1627 1282/1592/1701 1279/1589/1698
f 1223/1519/1628 1221/1517/1626 1281/1591/1700 1283/1593/1702
f 1222/1518/1627 1224/1520/1629 1284/1594/1703 1282/1592/1701
f 1224/1522/1631 1223/1521/1630 1283/1595/1704 1284/1596/1705
f 1280/1590/1699 1279/1589/1698 1285/1597/1706 1286/1598/1707
f 1286/1599/1708 1285/1600/1708 1284/1596/1705 1283/1595/1704
f 1283/1593/1702 1281/1591/1700 1286/1598/1707
f 1280/1590/1699 1286/1598/1707 1281/1591/1700
f 1285/1597/1706 1279/1589/1698 1282/1592/1701
f 1282/1592/1701 1284/1594/1703 1285/1597/1706
f 1174/1450/1559 1176/1452/1561 1288/1601/1709 1287/1602/1710
f 1287/1603/1711 1288/1604/1712 1178/1454/1563 1179/1457/1566
f 1174/1450/1559 1287/1602/1710 1175/1451/1560
f 1287/1603/1711 1179/1457/1566 1175/1456/1565
f 1288/1601/1709 1176/1452/1561 1177/1453/1562
f 1178/1454/1563 1288/1604/1712 1177/1455/1564
f 1274/1580/1689 1275/1582/1691 1289/1605/1713 1272/1577/1686
f 1272/1577/1686 1289/1605/1713 1290/1606/1714 1271/1607/1715
f 1275/1582/1691 1276/1584/1693 1277/1586/1695 1289/1605/1713
f 1289/1605/1713 1277/1586/1695 1278/1588/1697 1290/1606/1714
f 1256/1559/1668 1255/1558/1667 1297/1608/1716 1298/1609/1717
f 1255/1558/1667 1257/1560/1669 1302/1610/1718 1297/1608/1716
f 1257/1560/1669 1266/1568/1677 1301/1611/1719 1302/1610/1718
f 1266/1568/1677 1267/1571/1680 1189/1468/1577 1301/1611/1719
f 1271/1607/1715 1290/1606/1714 1300/1612/1720 1194/1613/1721
f 1290/1606/1714 1278/1588/1697 1299/1614/1722 1300/1612/1720
f 1261/1563/1672 1207/1498/1607 1292/1615/1723 1260/1569/1678
f 1260/1569/1678 1292/1615/1723 1291/1616/1724 1209/1570/1679
f 1209/1570/1679 1291/1616/1724 1187/1465/1574 1186/1464/1573
f 1209/1570/1679 1186/1464/1573 1189/1468/1577 1267/1571/1680
f 1207/1498/1607 1180/1459/1568 1296/1617/1725 1292/1615/1723
f 1295/1618/1726 1296/1617/1725 1180/1459/1568 1181/1458/1567
f 1181/1578/1687 1272/1577/1686 1294/1619/1727 1295/1620/1728
f 1293/1621/1729 1294/1619/1727 1272/1577/1686 1271/1607/1715
f 1194/1613/1721 1190/1471/1580 1293/1621/1729 1271/1607/1715
f 1294/1619/1727 1293/1621/1729 1173/1448/1557 1172/1447/1556
f 1295/1620/1728 1294/1619/1727 1172/1447/1556 1171/1446/1555
f 1170/1444/1553 1169/1443/1552 1292/1615/1723 1296/1617/1725
f 1169/1443/1552 1168/1442/1551 1291/1616/1724 1292/1615/1723
f 1296/1617/1725 1295/1618/1726 1171/1445/1554 1170/1444/1553
f 1293/1621/1729 1190/1471/1580 1187/1470/1579 1291/1622/1730
f 1293/1621/1729 1291/1622/1730 1168/1449/1558 1173/1448/1557
f 1204/1493/1602 1206/1497/1606 1303/1623/1731 1304/1624/1732
f 1304/1625/1733 1303/1626/1734 1203/1492/1601 1202/1491/1600
f 1202/1491/1600 1201/1490/1599 1304/1625/1733
f 1204/1493/1602 1304/1624/1732 1201/1494/1603
f 1206/1497/1606 1205/1496/1605 1303/1623/1731
f 1203/1492/1601 1303/1626/1734 1205/1495/1604
f 1217/1513/1622 1192/1512/1621 1194/1613/1721 1300/1612/1720
f 1188/1469/1578 1211/1503/1612 1301/1611/1719 1189/1468/1577
f 1301/1611/1719 1211/1503/1612 1214/1505/1614 1302/1610/1718
f 1302/1610/1718 1214/1505/1614 1245/1551/1660 1297/1608/1716
f 1256/1587/1696 1298/1627/1735 1299/1614/1722 1278/1588/1697
f 1217/1513/1622 1300/1612/1720 1299/1614/1722 1273/1576/1685
f 1273/1576/1685 1299/1614/1722 1298/1627/1735 1259/1575/1684
f 1258/1561/1670 1259/1562/1671 1298/1609/1717 1297/1608/1716
f 1258/1561/1670 1297/1608/1716 1245/1551/1660
f 1194/1613/1721 1193/1628/1736 1191/1472/1581 1190/1471/1580
f 1192/1512/1621 1193/1628/1736 1194/1613/1721
f 1184/1473/1582 1191/1472/1581 1306/1481/1590 1305/1480/1589
f 1191/1472/1581 1193/1628/1736 1307/1486/1595 1306/1481/1590
f 1193/1628/1736 1192/1512/1621 1308/1487/1596 1307/1486/1595
f 1192/1509/1737 1188/1469/1578 1309/1478/1587 1308/1484/1593
f 1188/1469/1578 1185/1467/1576 1310/1474/1583 1309/1478/1587
f 1185/1467/1576 1184/1466/1575 1305/1475/1584 1310/1474/1583
f 1314/1629/1738 1313/1630/1739 1312/1631/1740 1311/1632/1741
f 1313/1630/1739 1316/1633/1742 1315/1634/1743 1312/1631/1740
f 1316/1633/1742 1318/1635/1744 1317/1636/1745 1315/1634/1743
f 1318/1637/1746 1322/1638/1747 1321/1639/1748 1317/1640/1749
f 1320/1641/1750 1314/1642/1751 1311/1643/1752 1319/1644/1753
f 1322/1638/1747 1320/1641/1750 1319/1644/1753 1321/1639/1748
f 1312/1631/1740 1324/1645/1754 1323/1646/1755 1311/1632/1741
f 1315/1634/1743 1325/1647/1756 1324/1645/1754 1312/1631/1740
f 1317/1636/1745 1326/1648/1757 1325/1647/1756 1315/1634/1743
f 1321/1639/1748 1327/1649/1758 1326/1650/1759 1317/1640/1749
f 1311/1643/1752 1323/1651/1760 1328/1652/1761 1319/1644/1753
f 1319/1644/1753 1328/1652/1761 1327/1649/1758 1321/1639/1748
f 1314/1629/1738 1330/1653/1762 1329/1654/1763 1313/1630/1739
f 1313/1630/1739 1329/1654/1763 1331/1655/1764 1316/1633/1742
f 1316/1633/1742 1331/1655/1764 1332/1656/1765 1318/1635/1744
f 1318/1637/1746 1332/1657/1766 1333/1658/1767 1322/1638/1747
f 1320/1641/1750 1334/1659/1768 1330/1660/1769 1314/1642/1751
f 1322/1638/1747 1333/1658/1767 1334/1659/1768 1320/1641/1750
f 1336/1661/1770 1338/1662/1771 1337/1663/1772 1335/1664/1773
f 1338/1662/1771 1402/1665/1774 1401/1666/1775 1337/1663/1772
f 1341/1667/1776 1340/1668/1777 1339/1669/1778 1342/1670/1779
f 1344/1671/1780 1343/1672/1781 1340/1668/1777 1341/1667/1776
f 1342/1673/1782 1339/1674/1783 1346/1675/1784 1345/1676/1785
f 1465/1677/1786 1351/1678/1787 1350/1679/1788 1460/1680/1789
f 1464/1681/1790 1352/1682/1791 1351/1678/1787 1465/1677/1786
f 1460/1683/1792 1350/1684/1793 1353/1685/1794 1461/1686/1795
f 1463/1687/1796 1354/1688/1797 1352/1682/1791 1464/1681/1790
f 1462/1689/1798 1355/1690/1799 1354/1691/1800 1463/1692/1801
f 1461/1686/1795 1353/1685/1794 1355/1690/1799 1462/1689/1798
f 1351/1678/1787 1357/1693/1802 1356/1694/1803 1350/1679/1788
f 1352/1682/1791 1358/1695/1804 1357/1693/1802 1351/1678/1787
f 1350/1684/1793 1356/1696/1805 1359/1697/1806 1353/1685/1794
f 1354/1688/1797 1360/1698/1807 1358/1695/1804 1352/1682/1791
f 1355/1690/1799 1361/1699/1808 1360/1700/1809 1354/1691/1800
f 1353/1685/1794 1359/1697/1806 1361/1699/1808 1355/1690/1799
f 1335/1664/1773 1337/1663/1772 1363/1701/1810 1362/1702/1811
f 1337/1663/1772 1401/1666/1775 1403/1703/1812 1363/1701/1810
f 1367/1704/1813 1343/1672/1781 1366/1705/1814 1365/1706/1815
f 1366/1705/1814 1369/1707/1816 1368/1708/1817 1365/1706/1815
f 1367/1704/1813 1370/1709/1818 1343/1672/1781
f 1369/1707/1816 1372/1710/1819 1371/1711/1820 1368/1708/1817
f 1370/1709/1818 1373/1712/1821 1347/1713/1822 1343/1672/1781
f 1373/1714/1823 1371/1715/1824 1372/1716/1825 1347/1717/1826
f 1365/1706/1815 1375/1718/1827 1374/1719/1828 1367/1704/1813
f 1368/1708/1817 1376/1720/1829 1375/1718/1827 1365/1706/1815
f 1367/1704/1813 1374/1719/1828 1377/1721/1830 1370/1709/1818
f 1371/1711/1820 1378/1722/1831 1376/1720/1829 1368/1708/1817
f 1370/1709/1818 1377/1721/1830 1379/1723/1832 1373/1712/1821
f 1373/1714/1823 1379/1724/1833 1378/1725/1834 1371/1715/1824
f 1383/1726/1835 1382/1727/1836 1381/1728/1837 1380/1729/1838
f 1382/1727/1836 1385/1730/1839 1384/1731/1840 1381/1728/1837
f 1380/1729/1838 1387/1732/1841 1386/1733/1842 1383/1726/1835
f 1387/1734/1843 1389/1735/1844 1388/1736/1845 1386/1737/1846
f 1389/1735/1844 1391/1738/1847 1390/1739/1848 1388/1736/1845
f 1391/1740/1849 1384/1731/1840 1385/1730/1839 1390/1741/1850
f 1381/1728/1837 1393/1742/1851 1392/1743/1852 1380/1729/1838
f 1384/1731/1840 1394/1744/1853 1393/1742/1851 1381/1728/1837
f 1380/1729/1838 1392/1743/1852 1395/1745/1854 1387/1732/1841
f 1387/1734/1843 1395/1746/1855 1396/1747/1856 1389/1735/1844
f 1389/1735/1844 1396/1747/1856 1397/1748/1857 1391/1738/1847
f 1391/1740/1849 1397/1749/1858 1394/1744/1853 1384/1731/1840
f 1394/1744/1853 1399/1750/1859 1398/1751/1860 1393/1742/1851
f 1395/1746/1855 1398/1752/1861 1399/1753/1862 1396/1747/1856
f 1383/1726/1835 1369/1707/1816 1400/1754/1863 1382/1727/1836
f 1402/1665/1774 1405/1755/1864 1404/1756/1865 1401/1666/1775
f 1401/1666/1775 1404/1756/1865 1406/1757/1866 1403/1703/1812
f 1405/1755/1864 1408/1758/1867 1407/1759/1868 1404/1756/1865
f 1404/1756/1865 1407/1759/1868 1409/1760/1869 1406/1757/1866
f 1408/1758/1867 1411/1761/1870 1410/1762/1871 1407/1759/1868
f 1407/1759/1868 1410/1762/1871 1412/1763/1872 1409/1760/1869
f 1413/1764/1873 1385/1730/1839 1382/1727/1836 1400/1754/1863
f 1414/1765/1874 1390/1741/1850 1385/1730/1839 1413/1764/1873
f 1362/1702/1811 1363/1701/1810 1417/1766/1875 1416/1767/1876
f 1418/1768/1877 1417/1766/1875 1363/1701/1810 1403/1703/1812
f 1403/1703/1812 1406/1757/1866 1419/1769/1878 1418/1768/1877
f 1406/1757/1866 1409/1760/1869 1420/1770/1879 1419/1769/1878
f 1409/1760/1869 1412/1763/1872 1421/1771/1880 1420/1770/1879
f 1415/1772/1881 1423/1773/1882 1422/1774/1883 1364/1775/1884
f 1416/1767/1876 1424/1776/1885 1423/1773/1882 1415/1772/1881
f 1417/1766/1875 1425/1777/1886 1424/1776/1885 1416/1767/1876
f 1418/1768/1877 1425/1777/1886 1417/1766/1875
f 1419/1769/1878 1424/1776/1885 1425/1777/1886 1418/1768/1877
f 1420/1770/1879 1423/1773/1882 1424/1776/1885 1419/1769/1878
f 1421/1771/1880 1422/1774/1883 1423/1773/1882 1420/1770/1879
f 1383/1726/1835 1386/1733/1842 1372/1710/1819 1369/1707/1816
f 1414/1778/1887 1428/1779/1888 1388/1736/1845 1390/1739/1848
f 1427/1780/1889 1429/1781/1890 1338/1782/1891 1336/1783/1892
f 1338/1782/1891 1429/1781/1890 1430/1784/1893 1402/1785/1894
f 1430/1784/1893 1431/1786/1895 1405/1787/1896 1402/1785/1894
f 1431/1786/1895 1432/1788/1897 1408/1789/1898 1405/1787/1896
f 1432/1788/1897 1433/1790/1899 1411/1791/1900 1408/1789/1898
f 1388/1736/1845 1428/1779/1888 1372/1716/1825 1386/1737/1846
f 1394/1744/1853 1397/1749/1858 1399/1750/1859
f 1397/1748/1857 1396/1747/1856 1399/1753/1862
f 1392/1743/1852 1398/1751/1860 1395/1745/1854
f 1393/1742/1851 1398/1751/1860 1392/1743/1852
f 1375/1718/1827 1435/1792/1901 1434/1793/1902 1374/1719/1828
f 1376/1720/1829 1436/1794/1903 1435/1792/1901 1375/1718/1827
f 1374/1719/1828 1434/1793/1902 1437/1795/1904 1377/1721/1830
f 1378/1722/1831 1438/1796/1905 1436/1794/1903 1376/1720/1829
f 1377/1721/1830 1437/1795/1904 1439/1797/1906 1379/1723/1832
f 1379/1724/1833 1439/1798/1907 1438/1799/1908 1378/1725/1834
f 1435/1792/1901 1441/1800/1909 1440/1801/1910 1434/1793/1902
f 1441/1802/1911 1438/1799/1908 1439/1798/1907 1440/1803/1911
f 1438/1796/1905 1441/1800/1909 1436/1794/1903
f 1435/1792/1901 1436/1794/1903 1441/1800/1909
f 1440/1801/1910 1437/1795/1904 1434/1793/1902
f 1437/1795/1904 1440/1801/1910 1439/1797/1906
f 1329/1654/1763 1442/1804/1912 1443/1805/1913 1331/1655/1764
f 1442/1806/1914 1334/1659/1768 1333/1658/1767 1443/1807/1915
f 1329/1654/1763 1330/1653/1762 1442/1804/1912
f 1442/1806/1914 1330/1660/1769 1334/1659/1768
f 1443/1805/1913 1332/1656/1765 1331/1655/1764
f 1333/1658/1767 1332/1657/1766 1443/1807/1915
f 1429/1781/1890 1427/1780/1889 1444/1808/1916 1430/1784/1893
f 1427/1780/1889 1426/1809/1917 1445/1810/1918 1444/1808/1916
f 1430/1784/1893 1444/1808/1916 1432/1788/1897 1431/1786/1895
f 1444/1808/1916 1445/1810/1918 1433/1790/1899 1432/1788/1897
f 1411/1761/1870 1453/1811/1919 1452/1812/1920 1410/1762/1871
f 1410/1762/1871 1452/1812/1920 1457/1813/1921 1412/1763/1872
f 1412/1763/1872 1457/1813/1921 1456/1814/1922 1421/1771/1880
f 1421/1771/1880 1456/1814/1922 1344/1671/1780 1422/1774/1883
f 1426/1809/1917 1349/1815/1923 1455/1816/1924 1445/1810/1918
f 1445/1810/1918 1455/1816/1924 1454/1817/1925 1433/1790/1899
f 1416/1767/1876 1415/1772/1881 1447/1818/1926 1362/1702/1811
f 1415/1772/1881 1364/1775/1884 1446/1819/1927 1447/1818/1926
f 1364/1775/1884 1341/1667/1776 1342/1670/1779 1446/1819/1927
f 1364/1775/1884 1422/1774/1883 1344/1671/1780 1341/1667/1776
f 1362/1702/1811 1447/1818/1926 1451/1820/1928 1335/1664/1773
f 1450/1821/1929 1336/1661/1770 1335/1664/1773 1451/1820/1928
f 1336/1783/1892 1450/1822/1930 1449/1823/1931 1427/1780/1889
f 1448/1824/1932 1426/1809/1917 1427/1780/1889 1449/1823/1931
f 1349/1815/1923 1426/1809/1917 1448/1824/1932 1345/1676/1785
f 1449/1823/1931 1327/1649/1758 1328/1652/1761 1448/1824/1932
f 1450/1822/1930 1326/1650/1759 1327/1649/1758 1449/1823/1931
f 1325/1647/1756 1451/1820/1928 1447/1818/1926 1324/1645/1754
f 1324/1645/1754 1447/1818/1926 1446/1819/1927 1323/1646/1755
f 1451/1820/1928 1325/1647/1756 1326/1648/1757 1450/1821/1929
f 1448/1824/1932 1446/1825/1933 1342/1673/1782 1345/1676/1785
f 1448/1824/1932 1328/1652/1761 1323/1651/1760 1446/1825/1933
f 1359/1697/1806 1459/1826/1934 1458/1827/1935 1361/1699/1808
f 1459/1828/1936 1357/1693/1802 1358/1695/1804 1458/1829/1937
f 1357/1693/1802 1459/1828/1936 1356/1694/1803
f 1359/1697/1806 1356/1696/1805 1459/1826/1934
f 1361/1699/1808 1458/1827/1935 1360/1700/1809
f 1358/1695/1804 1360/1698/1807 1458/1829/1937
f 1372/1716/1825 1455/1816/1924 1349/1815/1923 1347/1717/1826
f 1343/1672/1781 1344/1671/1780 1456/1814/1922 1366/1705/1814
f 1456/1814/1922 1457/1813/1921 1369/1707/1816 1366/1705/1814
f 1457/1813/1921 1452/1812/1920 1400/1754/1863 1369/1707/1816
f 1411/1791/1900 1433/1790/1899 1454/1817/1925 1453/1830/1938
f 1372/1716/1825 1428/1779/1888 1454/1817/1925 1455/1816/1924
f 1428/1779/1888 1414/1778/1887 1453/1830/1938 1454/1817/1925
f 1413/1764/1873 1452/1812/1920 1453/1811/1919 1414/1765/1874
f 1413/1764/1873 1400/1754/1863 1452/1812/1920
f 1349/1815/1923 1345/1676/1785 1346/1675/1784 1348/1831/1939
f 1347/1717/1826 1349/1815/1923 1348/1831/1939
f 1339/1674/1783 1460/1683/1792 1461/1686/1795 1346/1675/1784
f 1346/1675/1784 1461/1686/1795 1462/1689/1798 1348/1831/1939
f 1348/1831/1939 1462/1689/1798 1463/1692/1801 1347/1717/1826
f 1347/1713/1940 1463/1687/1796 1464/1681/1790 1343/1672/1781
f 1343/1672/1781 1464/1681/1790 1465/1677/1786 1340/1668/1777
f 1340/1668/1777 1465/1677/1786 1460/1680/1789 1339/1669/1778
f 1467/1832/1941 1469/1833/1942 1468/1834/1943 1466/1835/1944
f 1469/1833/1942 1482/1836/1945 1481/1837/1946 1468/1834/1943
f 1471/1838/1947 1470/1839/1948 1467/1832/1941 1466/1835/1944
f 1468/1834/1943 1473/1840/1949 1472/1841/1950 1466/1835/1944
f 1474/1842/1951 1471/1838/1947 1466/1835/1944 1472/1841/1950
f 1473/1840/1949 1476/1843/1952 1475/1844/1953 1472/1841/1950
f 1477/1845/1954 1474/1842/1951 1472/1841/1950 1475/1844/1955
f 1476/1843/1952 1479/1846/1956 1478/1847/1957 1475/1844/1953
f 1480/1848/1958 1477/1845/1954 1475/1844/1955 1478/1847/1959
f 1478/1847/1959 1479/1846/1960 1514/1849/1961 1517/1850/1962
f 1481/1837/1946 1483/1851/1963 1473/1840/1949 1468/1834/1943
f 1483/1851/1963 1484/1852/1964 1476/1843/1952 1473/1840/1949
f 1484/1852/1964 1485/1853/1965 1479/1846/1956 1476/1843/1952
f 1482/1836/1945 1487/1854/1966 1486/1855/1967 1481/1837/1946
f 1486/1855/1967 1488/1856/1968 1483/1851/1963 1481/1837/1946
f 1488/1856/1968 1489/1857/1969 1484/1852/1964 1483/1851/1963
f 1489/1857/1969 1490/1858/1970 1485/1853/1965 1484/1852/1964
f 1485/1853/1971 1490/1858/1972 1516/1859/1973 1515/1860/1974
f 1488/1856/1968 1486/1855/1967 1491/1861/1975 1493/1862/1976
f 1489/1857/1977 1488/1856/1968 1493/1862/1976 1494/1863/1978
f 1490/1858/1972 1489/1857/1977 1494/1863/1978 1495/1864/1979
f 1492/1865/1980 1491/1861/1975 1486/1855/1967 1487/1854/1966
f 1490/1858/1972 1495/1864/1979 1516/1859/1973
f 1501/1866/1981 1502/1867/1982 1487/1854/1966 1482/1836/1945
f 1500/1868/1983 1503/1869/1984 1502/1867/1982 1501/1866/1981
f 1498/1870/1985 1504/1871/1986 1503/1869/1984 1500/1868/1983
f 1499/1872/1987 1505/1873/1988 1504/1871/1986 1498/1870/1985
f 1496/1874/1989 1506/1875/1990 1505/1873/1988 1499/1872/1987
f 1496/1874/1989 1497/1876/1991 1507/1877/1992 1506/1875/1990
f 1497/1878/1993 1469/1833/1942 1467/1832/1941 1507/1879/1994
f 1502/1867/1982 1508/1880/1995 1492/1865/1980 1487/1854/1966
f 1504/1871/1986 1510/1881/1996 1509/1882/1997 1503/1869/1984
f 1505/1873/1988 1511/1883/1998 1510/1881/1996 1504/1871/1986
f 1506/1875/1990 1512/1884/1999 1511/1883/1998 1505/1873/1988
f 1467/1832/1941 1470/1839/1948 1513/1885/2000 1507/1879/1994
f 1485/1853/1971 1515/1860/1974 1514/1849/1961 1479/1846/1960
f 1478/1847/1959 1517/1850/1962 1480/1848/1958
f 1515/1886/251 1521/1887/251 1520/1888/251 1514/1889/251
f 1474/1890/251 1527/1891/251 1518/1892/251 1471/1893/251
f 1477/1894/251 1525/1895/251 1527/1891/251 1474/1890/251
f 1480/1896/251 1522/1897/251 1525/1895/251 1477/1894/251
f 1517/1898/251 1520/1888/251 1522/1897/251 1480/1896/251
f 1514/1889/251 1520/1888/251 1517/1898/251
f 1516/1899/251 1521/1887/251 1515/1886/251
f 1495/1900/251 1523/1901/251 1521/1887/251 1516/1899/251
f 1521/1887/251 1523/1901/251 1522/1897/251 1520/1888/251
f 1495/1900/251 1494/1902/251 1524/1903/251 1523/1901/251
f 1524/1903/251 1525/1895/251 1522/1897/251 1523/1901/251
f 1494/1902/251 1493/1904/251 1526/1905/251 1524/1903/251
f 1524/1903/251 1526/1905/251 1527/1891/251 1525/1895/251
f 1493/1904/251 1491/1906/251 1519/1907/251 1526/1905/251
f 1526/1905/251 1519/1907/251 1518/1892/251 1527/1891/251
f 1503/1869/1984 1509/1882/1997 1508/1880/1995 1502/1867/1982
f 1492/1908/251 1528/1909/251 1519/1907/251 1491/1906/251
f 1528/1909/251 1529/1910/251 1518/1892/251 1519/1907/251
f 1529/1910/251 1470/1911/251 1471/1893/251 1518/1892/251
f 1470/1911/251 1529/1910/251 1530/1912/251 1513/1913/251
f 1529/1910/251 1528/1909/251 1531/1914/251 1530/1912/251
f 1528/1909/251 1492/1908/251 1508/1915/251 1531/1914/251
f 1509/1916/251 1532/1917/251 1531/1914/251 1508/1915/251
f 1510/1918/251 1532/1917/251 1509/1916/251
f 1511/1919/251 1533/1920/251 1532/1917/251 1510/1918/251
f 1512/1921/251 1533/1920/251 1511/1919/251
f 1513/1913/251 1530/1912/251 1533/1920/251 1512/1921/251
f 1532/1917/251 1533/1920/251 1530/1912/251 1531/1914/251
f 1507/1877/1992 1513/1922/2001 1512/1884/1999 1506/1875/1990
f 1534/1923/2002 1535/1924/2003 1538/1925/2004 1539/1926/2005
f 1535/1924/2003 1534/1923/2002 1536/1927/2006 1537/1928/2007
f 1537/1928/2007 1536/1927/2006 1549/1929/2008 1550/1930/2009
f 1540/1931/2010 1534/1923/2002 1539/1926/2005 1542/1932/2011
f 1536/1927/2006 1534/1923/2002 1540/1931/2010 1541/1933/2012
f 1543/1934/2013 1540/1931/2010 1542/1932/2011 1545/1935/2014
f 1541/1933/2012 1540/1931/2010 1543/1934/2015 1544/1936/2016
f 1546/1937/2017 1543/1934/2013 1545/1935/2014 1548/1938/2018
f 1544/1936/2016 1543/1934/2015 1546/1937/2019 1547/1939/2020
f 1546/1937/2017 1548/1938/2018 1585/1940/2021
f 1549/1929/2008 1536/1927/2006 1541/1933/2012 1551/1941/2022
f 1551/1941/2022 1541/1933/2012 1544/1936/2016 1552/1942/2023
f 1552/1942/2023 1544/1936/2016 1547/1939/2020 1553/1943/2024
f 1553/1943/2025 1547/1939/2026 1582/1944/2027 1583/1945/2028
f 1550/1930/2009 1549/1929/2008 1554/1946/2029 1555/1947/2030
f 1554/1946/2029 1549/1929/2008 1551/1941/2022 1556/1948/2031
f 1556/1948/2031 1551/1941/2022 1552/1942/2023 1557/1949/2032
f 1557/1949/2032 1552/1942/2023 1553/1943/2024 1558/1950/2033
f 1555/1947/2030 1554/1946/2029 1559/1951/2034 1560/1952/2035
f 1558/1950/2036 1584/1953/2037 1563/1954/2038
f 1556/1948/2031 1561/1955/2039 1559/1951/2034 1554/1946/2029
f 1557/1949/2040 1562/1956/2041 1561/1955/2039 1556/1948/2031
f 1558/1950/2036 1563/1954/2038 1562/1956/2041 1557/1949/2040
f 1569/1957/2042 1550/1930/2009 1555/1947/2030 1570/1958/2043
f 1568/1959/2044 1569/1957/2042 1570/1958/2043 1571/1960/2045
f 1566/1961/2046 1568/1959/2044 1571/1960/2045 1572/1962/2047
f 1567/1963/2048 1566/1961/2046 1572/1962/2047 1573/1964/2049
f 1564/1965/2050 1567/1963/2048 1573/1964/2049 1574/1966/2051
f 1564/1965/2050 1574/1966/2051 1575/1967/2052 1565/1968/2053
f 1565/1969/2054 1575/1970/2055 1535/1924/2003 1537/1928/2007
f 1570/1958/2043 1555/1947/2030 1560/1952/2035 1576/1971/2056
f 1571/1960/2045 1570/1958/2043 1576/1971/2056 1577/1972/2057
f 1572/1962/2047 1571/1960/2045 1577/1972/2057 1578/1973/2058
f 1573/1964/2049 1572/1962/2047 1578/1973/2058 1579/1974/2059
f 1574/1966/2051 1573/1964/2049 1579/1974/2059 1580/1975/2060
f 1575/1967/2052 1574/1966/2051 1580/1975/2060 1581/1976/2061
f 1538/1925/2004 1535/1924/2003 1575/1970/2055 1581/1977/2062
f 1546/1937/2017 1585/1940/2021 1582/1944/2027 1547/1939/2026
f 1553/1943/2025 1583/1945/2028 1584/1953/2037 1558/1950/2036
f 1583/1978/251 1582/1979/251 1588/1980/251 1589/1981/251
f 1542/1982/251 1539/1983/251 1586/1984/251 1595/1985/251
f 1545/1986/251 1542/1982/251 1595/1985/251 1593/1987/251
f 1548/1988/251 1545/1986/251 1593/1987/251 1590/1989/251
f 1585/1990/251 1548/1988/251 1590/1989/251 1588/1980/251
f 1582/1979/251 1585/1990/251 1588/1980/251
f 1584/1991/251 1583/1978/251 1589/1981/251
f 1563/1992/251 1584/1991/251 1589/1981/251 1591/1993/251
f 1589/1981/251 1588/1980/251 1590/1989/251 1591/1993/251
f 1563/1992/251 1591/1993/251 1592/1994/251 1562/1995/251
f 1592/1994/251 1591/1993/251 1590/1989/251 1593/1987/251
f 1562/1995/251 1592/1994/251 1594/1996/251 1561/1997/251
f 1592/1994/251 1593/1987/251 1595/1985/251 1594/1996/251
f 1561/1997/251 1594/1996/251 1587/1998/251 1559/1999/251
f 1594/1996/251 1595/1985/251 1586/1984/251 1587/1998/251
f 1560/2000/251 1559/1999/251 1587/1998/251 1596/2001/251
f 1596/2001/251 1587/1998/251 1586/1984/251 1597/2002/251
f 1597/2002/251 1586/1984/251 1539/1983/251 1538/2003/251
f 1538/2003/251 1581/2004/251 1598/2005/251 1597/2002/251
f 1597/2002/251 1598/2005/251 1599/2006/251 1596/2001/251
f 1596/2001/251 1599/2006/251 1576/2007/251 1560/2000/251
f 1577/2008/251 1576/2007/251 1599/2006/251 1600/2009/251
f 1578/2010/251 1577/2008/251 1600/2009/251
f 1579/2011/251 1578/2010/251 1600/2009/251 1601/2012/251
f 1580/2013/251 1579/2011/251 1601/2012/251
f 1581/2004/251 1580/2013/251 1601/2012/251 1598/2005/251
f 1600/2009/251 1599/2006/251 1598/2005/251 1601/2012/251
f 1482/2014/2063 1469/2015/2063 1602/2016/2063 1603/2017/2063
f 1469/2015/2063 1497/2018/2063 1604/2019/2063 1602/2016/2063
f 1497/2018/2063 1496/2020/2063 1605/2021/2063 1604/2019/2063
f 1499/2022/2063 1498/2023/2063 1606/2024/2063 1607/2025/2063
f 1496/2020/2063 1499/2022/2063 1607/2025/2063 1605/2021/2063
f 1498/2023/2063 1500/2026/2063 1608/2027/2063 1606/2024/2063
f 1500/2026/2063 1501/2028/2063 1609/2029/2063 1608/2027/2063
f 1501/2028/2063 1482/2014/2063 1603/2017/2063 1609/2029/2063
f 1537/2030/2063 1550/2031/2063 1611/2032/2063 1610/2033/2063
f 1565/2034/2063 1537/2030/2063 1610/2033/2063 1612/2035/2063
f 1564/2036/2063 1565/2034/2063 1612/2035/2063 1613/2037/2063
f 1566/2038/2063 1567/2039/2063 1615/2040/2063 1614/2041/2063
f 1567/2039/2063 1564/2036/2063 1613/2037/2063 1615/2040/2063
f 1568/2042/2063 1566/2038/2063 1614/2041/2063 1616/2043/2063
f 1569/2044/2063 1568/2042/2063 1616/2043/2063 1617/2045/2063
f 1550/2031/2063 1569/2044/2063 1617/2045/2063 1611/2032/2063
f 1603/2017/2064 1602/2016/2065 1618/2046/2066 1619/2047/2067
f 1602/2016/2065 1604/2019/2068 1620/2048/2069 1618/2046/2066
f 1604/2019/2068 1605/2021/2070 1621/2049/2071 1620/2048/2069
f 1607/2025/2072 1606/2024/2073 1622/2050/2074 1623/2051/2075
f 1605/2021/2070 1607/2025/2072 1623/2051/2075 1621/2049/2071
f 1606/2024/2073 1608/2027/2076 1624/2052/2077 1622/2050/2074
f 1608/2027/2076 1609/2029/2078 1625/2053/2079 1624/2052/2077
f 1609/2029/2078 1603/2017/2064 1619/2047/2067 1625/2053/2079
f 1610/2033/2080 1611/2032/2081 1627/2054/2082 1626/2055/2083
f 1612/2035/2084 1610/2033/2080 1626/2055/2083 1628/2056/2085
f 1613/2037/2086 1612/2035/2084 1628/2056/2085 1629/2057/2087
f 1614/2041/2088 1615/2040/2089 1631/2058/2090 1630/2059/2091
f 1615/2040/2089 1613/2037/2086 1629/2057/2087 1631/2058/2090
f 1616/2043/2092 1614/2041/2088 1630/2059/2091 1632/2060/2093
f 1617/2045/2094 1616/2043/2092 1632/2060/2093 1633/2061/2095
f 1611/2032/2081 1617/2045/2094 1633/2061/2095 1627/2054/2082
f 1629/2057/2063 1628/2056/2063 1633/2061/2063 1632/2060/2063
f 1620/2048/2063 1621/2049/2063 1624/2052/2063 1625/2053/2063
f 1630/2059/2063 1631/2058/2063 1629/2057/2063 1632/2060/2063
f 1623/2051/2063 1622/2050/2063 1624/2052/2063 1621/2049/2063
f 1626/2055/2063 1627/2054/2063 1633/2061/2063 1628/2056/2063
f 1619/2047/2063 1618/2046/2063 1620/2048/2063 1625/2053/2063
